y,fold,logistic_regression_prob,logistic_regression_pred,random_forest_prob,random_forest_pred,xgboost_prob,xgboost_pred,lightgbm_prob,lightgbm_pred,catboost_prob,catboost_pred,tabpfn_thinking_mode_prob,tabpfn_thinking_mode_pred,tabpfn_prob,tabpfn_pred
0,1,0.06155236645767766,0,0.0,0,0.0006403950974345207,0,6.927890065915618e-05,0,5.394560254256479e-06,0,0.00012021228758385405,0,0.0010719059500843287,0
0,4,0.0008870511224234641,0,0.02,0,7.413807179545984e-05,0,0.00012744244909165453,0,4.242569631702257e-06,0,0.0002997320843860507,0,0.014541111886501312,0
0,1,6.668967364185877e-10,0,0.0,0,2.3651269657420926e-05,0,2.522076219588187e-05,0,2.709619320441835e-07,0,1.7344318621326238e-05,0,2.6355957743362524e-05,0
0,4,0.844045092284945,0,0.05,0,0.008338107727468014,0,0.0003671907629856448,0,0.01541209588738639,0,0.04875731095671654,0,0.029591534286737442,0
0,1,0.6713491720265898,0,0.05,0,0.22255469858646393,1,0.010035780029092252,0,0.07813770937540648,0,0.015323868952691555,0,0.103077732026577,0
0,3,1.1341456815686561e-05,0,0.01,0,2.8193366233608685e-05,0,4.351714069444962e-05,0,5.311568005423453e-05,0,0.0005473269266076386,0,0.04026995599269867,0
0,2,0.00028116215535959206,0,0.0,0,7.172984624048695e-05,0,2.2558681002851244e-05,0,1.4716537893296985e-06,0,0.00019653557683341205,0,0.0001492477604188025,0
0,4,6.704944386434981e-06,0,0.0,0,3.844704770017415e-05,0,3.872190891267075e-05,0,4.7162739682612137e-07,0,3.426774492254481e-05,0,0.0002563812886364758,0
0,3,9.207867114980969e-07,0,0.0,0,6.62439051666297e-05,0,2.0064108486128836e-05,0,8.888973894577461e-07,0,9.870493158814497e-06,0,1.5705980331404135e-05,0
0,2,0.005278844504008814,0,0.03,0,0.006062525324523449,0,0.0007308294125992679,0,0.030248503497318634,0,0.006654554046690464,0,0.019700169563293457,0
0,1,0.0029076549860227573,0,0.0,0,0.00016762620361987501,0,0.0005406855879530141,0,0.0018135827658379558,0,0.0004091278533451259,0,0.0115100909024477,0
0,1,0.9809254635620972,1,0.08,0,0.017746735364198685,0,0.005114274753756612,0,0.06456388726197203,0,0.3824814558029175,1,0.13861818611621857,0
0,3,5.68228722249502e-06,0,0.0,0,8.946306479629129e-05,0,2.395004817394184e-05,0,2.205525169149698e-06,0,1.639278889342677e-05,0,2.901140396716073e-05,0
0,3,8.56646611442292e-07,0,0.0,0,8.358289960597176e-06,0,2.4269092351616555e-05,0,3.0818424393214386e-07,0,1.1422023817431182e-05,0,1.709445314190816e-05,0
0,2,0.03263877843087723,0,0.02,0,2.5257169909309596e-05,0,2.1973881727317245e-05,0,0.0024077637062558206,0,0.003100484376773238,0,0.0024472514633089304,0
0,1,0.00026681281663706077,0,0.03,0,0.003786788322031498,0,0.0013860110907860752,0,0.016190047193439985,0,0.020378077402710915,0,0.046205416321754456,0
0,2,0.05594726174676811,0,0.01,0,0.00019342995074111968,0,0.0009984034282561549,0,0.0015202882701816423,0,0.0020564133301377296,0,0.008191128261387348,0
0,1,3.4802713170229804e-07,0,0.0,0,2.6741316105471924e-05,0,2.4978321492162722e-05,0,2.9671587781472796e-07,0,5.926327139604837e-05,0,8.034900383790955e-05,0
0,3,0.00011873947998600221,0,0.0,0,9.206857066601515e-05,0,1.9932882701028094e-05,0,1.0023068427456456e-06,0,5.7126533647533506e-05,0,0.00016997478087432683,0
0,2,0.012390823342769518,0,0.0,0,2.187741301895585e-05,0,5.3194531005408094e-05,0,5.300955796185109e-07,0,0.0018997278530150652,0,0.0007164943381212652,0
0,3,3.754541685474719e-05,0,0.03,0,0.00017970641783904284,0,0.0006511425042456773,0,0.0004516761866047479,0,0.00012925360351800919,0,0.0032028539571911097,0
0,4,0.0004038865343679715,0,0.01,0,0.00016185230924747884,0,0.00011299489968687941,0,0.0003446743737309204,0,0.0020912843756377697,0,0.0016993229510262609,0
0,1,6.278062042650807e-07,0,0.0,0,6.427478365367278e-05,0,2.5294185190697465e-05,0,5.98453954814138e-08,0,5.082354164187564e-06,0,1.469177550461609e-05,0
0,2,3.1943895875756444e-07,0,0.01,0,9.869541099760681e-05,0,2.009032720014051e-05,0,1.0904630150944084e-05,0,0.0013683140277862549,0,0.00031957883038558066,0
0,5,0.00016879486319205505,0,0.01,0,5.63751518711797e-06,0,1.7421596423364057e-05,0,5.847681311744247e-07,0,0.00012228501145727932,0,9.28200752241537e-05,0
0,2,0.14591923950809488,0,0.02,0,0.0005194298573769629,0,0.0005565827447841449,0,0.0012898187541251287,0,0.013261677697300911,0,0.018926894292235374,0
0,1,7.834630177182784e-06,0,0.0,0,1.5478262866963632e-05,0,2.066036592297783e-05,0,9.388153776778134e-08,0,7.208643637568457e-06,0,3.0094195608398877e-05,0
0,2,2.4151633162879447e-06,0,0.0,0,1.2829284969484434e-05,0,4.700112993466769e-05,0,1.0635597888259998e-07,0,9.747762305778451e-06,0,1.6949834389379248e-05,0
0,1,0.03866126594058577,0,0.0,0,2.438232331769541e-05,0,0.00011013211075331766,0,0.00012194848041333709,0,0.0009660576470196247,0,0.001919129048474133,0
0,4,0.40574298412381604,0,0.06,0,0.00036701845237985253,0,7.550035591408792e-05,0,0.0007580794685298377,0,0.014625389128923416,0,0.045462850481271744,0
0,1,0.00043745028361980845,0,0.0,0,3.1913441489450634e-05,0,1.746579939210105e-05,0,0.0010803235754268128,0,0.00014123076107352972,0,0.001082654925994575,0
0,5,0.00010623694902609826,0,0.01,0,2.7897725885850377e-05,0,2.3908068465593023e-05,0,9.84646278302439e-05,0,0.0037082554772496223,0,0.0074956053867936134,0
0,3,1.333546094838337e-08,0,0.0,0,7.539689249824733e-05,0,2.4143826394629183e-05,0,1.6332682156921205e-07,0,9.883720485959202e-05,0,2.6362673452240415e-05,0
0,1,0.02368480455442022,0,0.02,0,0.0006107707158662379,0,8.142320853669e-05,0,0.0035004990805493612,0,0.0018726642010733485,0,0.004657871555536985,0
0,5,0.00033029275633644843,0,0.04,0,0.0005504862638190389,0,0.00013776134295917004,0,0.005964725434245304,0,0.01930503360927105,0,0.039195213466882706,0
0,3,0.014295061218782427,0,0.02,0,0.0003866199404001236,0,0.0002638827468191788,0,0.00027028608827979386,0,0.026221128180623055,0,0.232880637049675,1
0,5,0.03008245811719579,0,0.02,0,0.0008059749961830676,0,0.0001586570326802294,0,0.0011482622082502406,0,0.0025183793623000383,0,0.005839770194143057,0
0,4,0.7037820840641711,0,0.06,0,0.0032469620928168297,0,0.008331141087166401,0,0.011812544044988464,0,0.028485380113124847,0,0.043547116219997406,0
0,4,2.510021924490541e-07,0,0.0,0,1.5405661542899907e-05,0,2.0670922481888742e-05,0,1.7229348783272913e-08,0,7.373326297965832e-06,0,1.4336323147290386e-05,0
0,1,0.008520482438969787,0,0.01,0,1.2137211342633236e-05,0,3.4418284291238515e-05,0,0.0015559752116512987,0,0.00046405618195421994,0,0.001270553795620799,0
0,4,3.880238327702869e-09,0,0.0,0,3.160447022310109e-06,0,2.0579030621089635e-05,0,4.484625025938164e-07,0,1.156176131189568e-05,0,3.388353798072785e-05,0
0,1,0.0023650033679986195,0,0.02,0,4.272778460290283e-05,0,3.7914268208594335e-05,0,2.447386876193928e-07,0,2.3511136532761157e-05,0,4.8544668970862404e-05,0
0,2,0.9900304118972076,1,0.02,0,0.0003675359475892037,0,0.00011278721906301509,0,0.00012495655189489788,0,0.015048878267407417,0,0.04678627476096153,0
0,1,0.004752089194907244,0,0.0,0,4.726118277176283e-06,0,3.060165717738288e-05,0,1.9144911233062918e-05,0,0.000725454417988658,0,0.0014297106536105275,0
0,1,3.139425317583997e-05,0,0.0,0,3.655128239188343e-05,0,7.254238397235928e-05,0,6.541415546165533e-06,0,1.8389360775472596e-05,0,0.0003273964684922248,0
0,4,0.7374321686550945,0,0.09,0,0.005804018117487431,0,0.0031134197944271765,0,0.29727137141358195,1,0.05047290399670601,0,0.39459550380706787,1
0,1,0.0005545662665883299,0,0.0,0,5.405805040936684e-06,0,2.4118024855909657e-05,0,6.264798525840469e-07,0,5.877800504094921e-06,0,5.1287879614392295e-05,0
0,2,1.8887643258189495e-06,0,0.0,0,7.980689588293899e-06,0,2.085658558778173e-05,0,8.765665950521121e-08,0,7.018126325419871e-06,0,1.3393288099905476e-05,0
0,3,7.802779844295695e-08,0,0.0,0,0.00022416467254515737,0,2.4128079331259616e-05,0,4.3784569562465835e-05,0,0.0008231784449890256,0,0.0012369552860036492,0
0,1,0.010488724596241991,0,0.0,0,0.00041450688149780035,0,4.4703672798074904e-05,0,1.611486919756791e-05,0,5.736390812671743e-05,0,0.00034082462661899626,0
0,5,0.00022966626760170756,0,0.02,0,7.983355317264795e-05,0,6.340077903800923e-05,0,8.876058973281863e-05,0,0.0013740696012973785,0,0.0019622521940618753,0
0,4,0.00024006898426572957,0,0.0,0,1.00752286016359e-05,0,3.731191056763646e-05,0,3.467683249891013e-06,0,3.137751264148392e-05,0,3.426550028962083e-05,0
0,3,0.13626007013124808,0,0.02,0,0.00011643525795079768,0,2.9851094717513857e-05,0,0.0003090654852180065,0,0.0010698289843276143,0,0.0017858712235465646,0
0,3,1.1275756708035597e-05,0,0.01,0,2.072061033686623e-05,0,3.854579521531736e-05,0,1.3580133940429692e-06,0,0.0007956610643304884,0,0.00025132065638899803,0
0,4,0.020508408168905496,0,0.01,0,9.275159754906781e-06,0,2.20851719919006e-05,0,4.729643073620063e-05,0,0.00020772845891769975,0,0.00021207286044955254,0
0,2,1.2764305392037371e-05,0,0.0,0,3.228881541872397e-05,0,2.4467900375130753e-05,0,1.0529372403185287e-07,0,6.98503799867467e-06,0,1.3892782590119168e-05,0
0,4,2.8760947033314124e-05,0,0.0,0,3.5575073979998706e-06,0,3.943669059010728e-05,0,3.043258868131957e-07,0,1.4219805052562151e-05,0,2.974772905872669e-05,0
0,4,0.0018795346056127286,0,0.01,0,0.0001085991898435168,0,5.27746475468263e-05,0,8.661834137415242e-05,0,0.004117651842534542,0,0.028962954878807068,0
0,4,0.034708062250998074,0,0.03,0,0.033244188874959946,0,0.0007721668009685003,0,0.0004895169127056455,0,0.0026671322993934155,0,0.06152603030204773,0
0,5,0.0010318792268045266,0,0.01,0,0.0013004173524677753,0,2.93011839075071e-05,0,7.345122543942188e-05,0,0.0009288694709539413,0,0.0006616193568333983,0
0,1,0.8618949517211368,0,0.01,0,0.006097325589507818,0,0.003325574195565448,0,0.0045331118840031695,0,0.01806975156068802,0,0.015259526669979095,0
0,3,0.5953323635454507,0,0.07,0,0.019006578251719475,0,0.013906909309080553,0,0.06198316137419903,0,0.12585850059986115,0,0.195831760764122,1
0,4,0.0032505252704538305,0,0.03,0,3.348305472172797e-05,0,0.0009622424894593221,0,1.0112660327840209e-06,0,0.011231173761188984,0,0.0031058781314641237,0
0,5,0.005798194750516229,0,0.0,0,2.6554711439530365e-05,0,2.3511098480501368e-05,0,0.00010510104161016374,0,6.158679025247693e-05,0,0.0004340223385952413,0
0,1,0.00021039588884835453,0,0.0,0,1.7019066945067607e-05,0,3.744268602624509e-05,0,4.198537141502174e-05,0,0.0004529202706180513,0,0.0011641980381682515,0
0,2,0.0031386064453828148,0,0.0,0,1.007182800094597e-05,0,2.665348676720257e-05,0,2.7007213929125087e-05,0,7.785876368870959e-05,0,0.0001317595160799101,0
0,1,0.00015643843042828135,0,0.0,0,7.515293418691726e-06,0,3.547663914077394e-05,0,1.3691372236743642e-06,0,2.6019195502158254e-05,0,0.00010663899593055248,0
0,5,0.2741322017968543,0,0.04,0,7.843823368602898e-06,0,0.0004883713054953937,0,7.118841489385572e-05,0,0.012126334011554718,0,0.05700760334730148,0
0,3,3.4314212380293674e-09,0,0.0,0,4.977599019184709e-06,0,5.50198551782994e-05,0,6.622830480726267e-06,0,0.00014558965631294996,0,0.00017705222126096487,0
0,2,6.2389253290451666e-09,0,0.0,0,8.735916708246805e-06,0,3.853144717783982e-05,0,1.411473763409811e-07,0,7.018247288215207e-06,0,1.3559261788032018e-05,0
0,4,0.25503749487498245,0,0.05,0,9.074508852791041e-05,0,0.0005167645876592454,0,0.001048842453975108,0,0.002819591434672475,0,0.04349593073129654,0
0,2,0.007572527717775414,0,0.0,0,0.0002068590692942962,0,1.7625543532502767e-05,0,0.00022295849099217591,0,0.0008074058569036424,0,0.0018693228485062718,0
0,5,0.00014868420097693166,0,0.01,0,4.102058301214129e-05,0,4.1028096159340406e-05,0,1.2346143680840082e-07,0,5.855389463249594e-05,0,1.9681696358020417e-05,0
0,4,0.7504316899546574,0,0.02,0,0.007590459194034338,0,0.0014681372739898744,0,0.0044142225174552355,0,0.0665028914809227,0,0.073076531291008,0
0,5,0.00036632289965780966,0,0.03,0,0.0001038906630128622,0,0.0004016299800664852,0,0.011413432574207816,0,0.0014791050925850868,0,0.023295698687434196,0
0,4,8.584821188813254e-05,0,0.0,0,2.7606063213170273e-06,0,2.068078477934097e-05,0,6.435891927723315e-09,0,6.43149587631342e-06,0,1.5843979781493545e-05,0
0,5,5.8790349897271894e-05,0,0.0,0,9.055698683368973e-06,0,1.210525799105306e-05,0,5.027812201863298e-05,0,0.00012026867625536397,0,0.00014898725203238428,0
0,3,0.0002650371485474449,0,0.0,0,2.7263187803328037e-05,0,0.0001863863524767655,0,0.0009438251293345493,0,0.0029338221065700054,0,0.008802558295428753,0
0,5,0.011646797164280276,0,0.01,0,1.2222362784086727e-05,0,2.286441886672612e-05,0,1.5436837631943915e-05,0,0.0033518527634441853,0,0.010298607870936394,0
0,2,0.11218746027797939,0,0.01,0,0.00012815877562388778,0,4.131404534349488e-05,0,9.426388841695235e-05,0,0.01083481777459383,0,0.009311715140938759,0
0,4,0.010856918653700419,0,0.03,0,0.010813546366989613,0,0.008454638857163592,0,0.0023245178948165498,0,0.033917125314474106,0,0.06113550812005997,0
0,1,0.022824363673797973,0,0.0,0,2.811676313285716e-05,0,6.432034768421702e-05,0,0.00049534878602909,0,0.006009983830153942,0,0.006349661387503147,0
0,1,1.5585538534187462e-06,0,0.0,0,0.00011596213153097779,0,8.165734363756887e-05,0,1.293169703820178e-05,0,3.6105069739278406e-05,0,5.3322597523219883e-05,0
0,4,0.027996313834325333,0,0.03,0,0.012292805127799511,0,0.01412698243865936,0,0.004760887918386262,0,0.024009807035326958,0,0.0160637479275465,0
0,1,3.9580997458666794e-07,0,0.0,0,1.5058788449096028e-05,0,2.964787229312169e-05,0,1.8220344731986882e-07,0,7.918351002444979e-06,0,2.5424789782846346e-05,0
0,3,6.751637900128585e-07,0,0.02,0,4.944004467688501e-05,0,4.506257050931902e-05,0,0.0003241621129407045,0,0.00014782632933929563,0,0.009528878144919872,0
0,5,0.006498005701295443,0,0.0,0,8.084517503448296e-06,0,2.4932060720216975e-05,0,7.317002329194577e-06,0,0.0008126456523314118,0,0.0012171246344223619,0
0,3,0.8778201953425367,0,0.06,0,0.002003324683755636,0,0.006094856500314253,0,0.01770955461936997,0,0.06047394871711731,0,0.08627323806285858,0
0,5,0.8527035774829231,0,0.01,0,0.0007266415632329881,0,0.00038900570377158923,0,1.938855391320782e-05,0,0.02417997270822525,0,0.09867560863494873,0
0,5,0.007762495033626704,0,0.02,0,2.688540735107381e-05,0,4.2907334188231464e-05,0,0.0002905444508351105,0,0.00021687785920221359,0,0.0019417735747992992,0
0,5,4.90545675803757e-05,0,0.0,0,3.370410195202567e-05,0,3.3770554569211886e-05,0,3.3659026563374454e-06,0,3.0464105293503962e-05,0,0.00023852444428484887,0
0,1,0.871738374365675,0,0.01,0,5.8368856116430834e-05,0,7.888519957875947e-05,0,0.00025746469243710993,0,0.00764019088819623,0,0.023410458117723465,0
0,5,1.0240362940609204e-05,0,0.0,0,1.9091219201072818e-06,0,3.4258529142825615e-05,0,2.1916888019277158e-07,0,1.1276142686256208e-05,0,1.906525358208455e-05,0
0,4,0.001452257512652826,0,0.0,0,2.5826315322774462e-05,0,2.0578704344269888e-05,0,1.288925780089589e-07,0,7.581786485388875e-05,0,0.00013712745567318052,0
0,5,0.5021854450525572,0,0.03,0,0.00011361542419763282,0,3.4514988088465535e-05,0,0.005857935949074244,0,0.05980896204710007,0,0.024078309535980225,0
0,1,0.16865261822311226,0,0.16,1,0.012004612013697624,0,0.00138024508947607,0,0.003247540305043294,0,0.017225271090865135,0,0.11102549731731415,0
0,4,0.0002631203771770944,0,0.0,0,1.2803178833564743e-05,0,2.064657121770676e-05,0,1.3176412414479278e-07,0,9.749434866535012e-06,0,1.72683758137282e-05,0
0,3,4.768256781578656e-05,0,0.01,0,2.704079270188231e-05,0,3.884612895180435e-05,0,3.185987046932663e-05,0,0.000607261317782104,0,0.00021036651742178947,0
0,5,0.12252095957089859,0,0.02,0,0.0001559005759190768,0,0.00011912167412605083,0,0.0034303599869679735,0,0.02338169887661934,0,0.031889528036117554,0
0,2,0.06684636765369839,0,0.05,0,0.08806546032428741,0,0.00256261398853368,0,0.0017680487922231622,0,0.04181436076760292,0,0.03303014859557152,0
0,5,7.114898091651237e-05,0,0.02,0,0.0009381808340549469,0,8.611869419676923e-05,0,4.357527381063315e-06,0,0.007695337291806936,0,0.052171461284160614,0
0,1,0.0034415641609525133,0,0.01,0,3.808701512753032e-05,0,3.418691152893234e-05,0,7.084149418672776e-05,0,0.0004581280518323183,0,0.001435670768842101,0
0,4,0.05310598977436096,0,0.02,0,1.2850224266003352e-05,0,3.518895670944343e-05,0,2.112644454242077e-06,0,0.0010042511858046055,0,0.0006494154222309589,0
0,2,6.589529622217225e-07,0,0.0,0,5.2783081628149375e-05,0,2.947036252848211e-05,0,2.6967327098461016e-07,0,1.0764207218016963e-05,0,1.5523519323323853e-05,0
0,3,0.00048339649754680446,0,0.01,0,1.03288002719637e-05,0,1.5776259012647206e-05,0,1.8012865310831543e-05,0,2.0309891624492593e-05,0,5.529282134375535e-05,0
0,3,0.011435530380619955,0,0.05,0,0.00011741663911379874,0,0.007914285237963658,0,0.0015234272470115399,0,0.0013033454306423664,0,0.02067865990102291,0
0,2,7.67896675450577e-06,0,0.0,0,6.309542368398979e-05,0,8.539377475340138e-05,0,4.9729068671755146e-08,0,1.897823494800832e-05,0,4.237054963596165e-05,0
0,2,8.534025495221299e-06,0,0.0,0,3.883595854858868e-05,0,3.235319877066921e-05,0,1.7720166425672727e-06,0,1.4323019968287554e-05,0,2.218866575276479e-05,0
0,2,0.027540710404103625,0,0.01,0,2.9932854886283167e-05,0,1.953008955487658e-05,0,4.56409493797669e-06,0,0.000233070706599392,0,0.0006139707984402776,0
0,3,4.9192234868595234e-05,0,0.0,0,3.5899898648494855e-05,0,2.0248757710390657e-05,0,1.9934645825282844e-06,0,1.5938348951749504e-05,0,0.00030527394847013056,0
0,4,0.0044086649557753795,0,0.02,0,3.489749360596761e-05,0,0.00010718711901455857,0,0.0002310634820454774,0,0.0005536379758268595,0,0.0007926777470856905,0
0,3,0.0023047790627397286,0,0.04,0,0.0035428351256996393,0,0.04135793398849064,0,0.019214251295650967,0,0.017134834080934525,0,0.042319584637880325,0
0,1,0.2770563178732709,0,0.06,0,0.06665922701358795,0,0.005459256211812649,0,0.022691350103979827,0,0.014777296222746372,0,0.026474783197045326,0
0,1,0.00453878004152927,0,0.01,0,4.8968846385832876e-05,0,3.691618153734603e-05,0,0.00011569714209575002,0,0.0011274763382971287,0,0.0029259719885885715,0
0,5,0.000610073127798228,0,0.04,0,0.0005274118157103658,0,0.016412673676394436,0,5.035650533398212e-06,0,0.02217705175280571,0,0.007651833817362785,0
0,4,0.8023817865874339,0,0.12,0,0.009225591085851192,0,0.011430690887209752,0,0.2091123927856014,1,0.03561856597661972,0,0.05459563806653023,0
0,4,0.6431021575697274,0,0.18,1,0.18194982409477234,0,0.017827658950002403,0,0.3135987609092655,1,0.04477405175566673,0,0.04034478962421417,0
0,2,0.053573286391132895,0,0.04,0,0.0002425237762508914,0,0.0004870769973779985,0,0.005344405694043331,0,0.00047021929640322924,0,0.003944815136492252,0
0,3,0.030124391427484114,0,0.0,0,7.172820187406614e-05,0,2.686482207432783e-05,0,5.9326942086734545e-05,0,0.00015383954450953752,0,0.0003037815331481397,0
0,5,5.761633096311509e-08,0,0.01,0,4.711811925517395e-05,0,4.199950216561553e-05,0,6.318969291129375e-07,0,2.4978584406198934e-05,0,0.002789479913190007,0
0,3,1.545177255536e-07,0,0.0,0,1.002358112600632e-05,0,2.0122300447049362e-05,0,1.5939497854923845e-06,0,1.394849914504448e-05,0,1.3962851880933158e-05,0
0,2,5.3081783018032915e-06,0,0.01,0,4.614468343788758e-05,0,2.436992066944566e-05,0,7.478343962481002e-07,0,2.0387022232171148e-05,0,7.588492007926106e-05,0
0,3,0.0765234486853058,0,0.03,0,0.0004946122062392533,0,8.537404933975435e-05,0,0.00035462006608431347,0,0.001637249835766852,0,0.033456698060035706,0
0,4,0.13042592289824412,0,0.03,0,7.00772216077894e-05,0,6.119256480702177e-05,0,0.0010227725990046602,0,0.008900648914277554,0,0.04824073985219002,0
0,4,0.5884122395308409,0,0.0,0,0.0002532036742195487,0,4.3172256797402664e-05,0,4.0760632686705404e-05,0,0.0006060871528461576,0,0.00032691567321307957,0
0,3,0.0005066582564942996,0,0.01,0,1.2731270544463769e-05,0,3.188931102579614e-05,0,7.809684949275426e-05,0,0.0016535359900444746,0,0.00836927630007267,0
0,3,0.0010720118923268674,0,0.0,0,6.835289241280407e-05,0,2.156734367354998e-05,0,0.0002766697355422015,0,0.0003072543768212199,0,0.00024381755793001503,0
0,1,6.212090381108868e-05,0,0.01,0,2.2006355720805004e-05,0,1.266939858651351e-05,0,1.9663881489214634e-05,0,0.0004991779569536448,0,0.0010003066854551435,0
0,1,0.007503705387292033,0,0.05,0,0.0008984481683000922,0,0.0024711948437544777,0,0.0038220463434018126,0,0.0007988999132066965,0,0.004277137108147144,0
0,5,6.796991908524114e-05,0,0.04,0,0.002451922046020627,0,0.0020861734201952763,0,2.392626162407573e-06,0,0.0013646155130118132,0,0.0015468258643522859,0
0,1,0.020851478888984837,0,0.0,0,0.00012891538790427148,0,1.8149582069528883e-05,0,6.424708758529933e-06,0,0.0019611704628914595,0,0.0018450170755386353,0
0,3,0.25872263544142626,0,0.05,0,8.824095857562497e-05,0,1.886675150467705e-05,0,0.00030681516234151983,0,0.02257334254682064,0,0.0207886453717947,0
0,3,0.00010820560888463672,0,0.0,0,4.5831249735783786e-05,0,2.2265224678511084e-05,0,0.0002022566172243271,0,0.00028993168962188065,0,0.00015336550131905824,0
0,1,0.03614719531855353,0,0.01,0,0.00011539042316144332,0,5.975839545137024e-05,0,0.0008923821641528601,0,0.0007218257524073124,0,0.007877688854932785,0
0,4,3.069657290362709e-07,0,0.0,0,2.4217257305281237e-05,0,2.60942183632611e-05,0,1.0875487977424947e-06,0,1.580917160026729e-05,0,0.000492732971906662,0
0,3,2.0429347001402866e-07,0,0.0,0,9.47415355767589e-06,0,2.0253874037807544e-05,0,1.2285777071026536e-07,0,2.5625748094171286e-05,0,1.8974231352331117e-05,0
0,2,0.0008283266574858646,0,0.02,0,3.4453728403605055e-06,0,1.5572268279400356e-05,0,0.00029058280369267746,0,0.0002194053231505677,0,0.0009694106411188841,0
0,5,3.4004828988095795e-05,0,0.0,0,1.5357196616605506e-06,0,1.942041376125761e-05,0,1.5686824080756073e-07,0,7.814292985131033e-06,0,1.4002319403516594e-05,0
0,3,0.000146235009624091,0,0.02,0,6.209033017512411e-06,0,2.4176784797697257e-05,0,1.0669720052960183e-05,0,0.0002174575492972508,0,0.005236910190433264,0
0,1,0.20449124267495988,0,0.01,0,0.00044657840044237673,0,0.00011388817821106578,0,0.012536599752901141,0,0.03033754974603653,0,0.00869311485439539,0
0,3,0.5364033400543743,0,0.05,0,0.02253156341612339,0,0.002447190150864099,0,0.006897601230924419,0,0.023204533383250237,0,0.05854981020092964,0
0,4,0.0012786121107093954,0,0.05,0,0.02668777108192444,0,0.018418735337777995,0,0.002202367549269099,0,0.0005005880957469344,0,0.012354607693850994,0
0,4,0.022651424052904396,0,0.01,0,0.0010769376531243324,0,0.0001234751007733058,0,0.00016673354596138015,0,0.002567189745604992,0,0.01258440688252449,0
0,5,1.0662316981339964e-06,0,0.0,0,1.153517314378405e-05,0,8.670542593069998e-05,0,6.40432685183655e-07,0,1.5490753867197782e-05,0,8.578651613788679e-05,0
0,5,0.0025988673986612736,0,0.01,0,0.0023051933385431767,0,0.00012221172181046768,0,2.4055064224012108e-05,0,0.000402504694648087,0,0.004360884893685579,0
0,4,0.6153270949327377,0,0.0,0,8.334895937878173e-06,0,4.8663979332756354e-05,0,8.942159010197201e-06,0,0.0026337127201259136,0,0.001223837025463581,0
0,3,0.009470179004650506,0,0.02,0,0.00010006218508351594,0,0.0002471664335584184,0,0.0010691088870171041,0,0.000873113633133471,0,0.014320068061351776,0
0,5,5.653513634100857e-08,0,0.0,0,2.3250475351233035e-05,0,2.3920800559293354e-05,0,1.2602882045184555e-07,0,5.5120649449236225e-06,0,1.2981662621314172e-05,0
0,2,0.05228387620233336,0,0.01,0,4.639473627321422e-05,0,3.3479124457547684e-05,0,1.1431578867824635e-05,0,0.0033899499103426933,0,0.002465797122567892,0
0,2,3.813262416520974e-06,0,0.01,0,2.316089876330807e-06,0,7.725483280554034e-05,0,0.00011301163744996225,0,7.467361865565181e-05,0,0.00036255153827369213,0
0,1,0.002039465192954025,0,0.0,0,0.0018674585735425353,0,4.249701060736206e-05,0,0.0014746579374219973,0,0.004506617318838835,0,0.006733236368745565,0
0,5,0.00010371083941966966,0,0.01,0,3.661655500764027e-05,0,2.8387671831471454e-05,0,3.4195584196201805e-06,0,2.9828315746271983e-05,0,0.0001863723882706836,0
0,3,8.821613287582625e-06,0,0.0,0,3.6608839764085133e-06,0,2.4457932453102463e-05,0,2.5201342829554806e-06,0,1.3436452718451619e-05,0,1.6333215171471238e-05,0
0,2,0.08656002818999854,0,0.0,0,0.00016230791516136378,0,5.0055725719740786e-05,0,4.938185897371824e-05,0,0.0011556260287761688,0,0.0014158497797325253,0
0,5,2.5123529532026673e-05,0,0.01,0,0.00015207129763439298,0,6.629654048394296e-05,0,1.8150712677489453e-06,0,8.557713590562344e-05,0,0.0019529127748683095,0
0,4,2.970795498057808e-06,0,0.02,0,0.0004534311592578888,0,4.124732231566367e-05,0,3.951503991742027e-06,0,0.0005514829535968602,0,0.005194047465920448,0
0,3,2.270534466837403e-06,0,0.0,0,5.779989805887453e-06,0,2.0226466603699572e-05,0,7.767205881818e-08,0,1.248918579221936e-05,0,1.907059777295217e-05,0
0,2,1.9903720916922305e-05,0,0.03,0,0.00013944153033662587,0,9.359860059297071e-05,0,2.1090556920001645e-05,0,0.001424581976607442,0,0.003053077729418874,0
0,2,6.0650262166651985e-06,0,0.0,0,2.8466722142184153e-05,0,2.4768210760272757e-05,0,3.691327616245035e-08,0,8.92243224370759e-06,0,1.424345828127116e-05,0
0,5,0.7066242391415994,0,0.03,0,0.000937957433052361,0,0.0010531405588952013,0,0.02085037338216426,0,0.06541755050420761,0,0.11652308702468872,0
0,4,0.0009869274063062582,0,0.0,0,8.116383469314314e-06,0,2.09723506449519e-05,0,2.871931800476542e-07,0,9.279593359678984e-05,0,0.0007321042940020561,0
0,4,0.00029961879817574157,0,0.0,0,0.0012440989958122373,0,0.00014401366960394555,0,0.0002193468129267492,0,0.00019214571511838585,0,0.0014823511010035872,0
0,1,4.056383599681707e-06,0,0.0,0,0.00020693444821517915,0,4.112212262495463e-05,0,2.8950157547256493e-06,0,2.4209546609199606e-05,0,6.074303746572696e-05,0
0,1,1.0530093878736791e-05,0,0.0,0,7.472941069863737e-05,0,2.9673642559206078e-05,0,1.5791611040120425e-06,0,1.5367349988082424e-05,0,0.00012819086259696633,0
0,5,0.0016906232001556133,0,0.04,0,0.0005973114748485386,0,0.0002514809914318979,0,2.8413629222371195e-05,0,0.0025383462198078632,0,0.0021685739047825336,0
0,1,0.014481931887435332,0,0.01,0,8.829733815218788e-06,0,2.8688475132675036e-05,0,2.5342180379628273e-07,0,2.8877842851215973e-05,0,0.00016476506425533444,0
0,5,0.03779304236926108,0,0.01,0,0.005148102529346943,0,0.00019463496593471167,0,8.850025578687403e-07,0,0.0026963911950588226,0,0.00474553182721138,0
0,5,7.710032255299873e-07,0,0.0,0,1.890947601168591e-06,0,2.3387198969100976e-05,0,8.268297557753003e-08,0,1.061917828337755e-05,0,2.0203815438435413e-05,0
0,1,3.226599157804654e-05,0,0.0,0,8.381149200431537e-06,0,5.4159515260447144e-05,0,3.323523503664239e-07,0,1.0190140528720804e-05,0,0.00014182373706717044,0
0,1,0.5354599986608986,0,0.05,0,0.048682212829589844,0,0.006280588728178126,0,0.20142459326912626,1,0.011478315107524395,0,0.03211156651377678,0
0,1,7.833217249097327e-05,0,0.01,0,1.1435718988650478e-05,0,9.307785045691495e-05,0,0.0006529559514467999,0,8.136580436257645e-05,0,0.0014128414914011955,0
0,2,0.00010887867319771244,0,0.0,0,4.3865015868505e-06,0,3.1166259938311245e-05,0,7.521595683342607e-06,0,3.432667290326208e-05,0,0.0001315525296377018,0
0,5,0.00034674142794919975,0,0.02,0,3.626062243711203e-05,0,3.808970706974106e-05,0,8.1938995627371e-05,0,0.0047485860995948315,0,0.03083738684654236,0
0,4,0.0003852000435458275,0,0.0,0,9.666864571045153e-06,0,1.9752608687255052e-05,0,1.576146424898701e-05,0,5.9972899180138484e-05,0,0.00026524081476964056,0
0,1,0.020925247298252,0,0.0,0,2.7140074962517247e-05,0,2.033976244595652e-05,0,4.162747701298823e-06,0,0.0005824437830597162,0,0.0009019948774948716,0
0,5,8.45345147961928e-05,0,0.01,0,6.760778342140839e-05,0,2.3538017566121833e-05,0,1.2104465682533037e-05,0,0.0006902013556100428,0,0.0016166039276868105,0
0,3,0.0038262657521487722,0,0.03,0,0.002090292517095804,0,0.0013505008147844813,0,0.001660405130558195,0,0.0018040944123640656,0,0.01648835651576519,0
0,2,0.2730848968731395,0,0.0,0,0.0006547069060616195,0,4.650353759347647e-05,0,2.4476991014318948e-05,0,0.0016257513780146837,0,0.0007432683487422764,0
0,5,0.33462403552381764,0,0.0,0,7.342757271544542e-06,0,1.5390311713419698e-05,0,0.00017674914734045974,0,0.0006068885559216142,0,0.0026018365751951933,0
0,1,0.0002024194482061744,0,0.0,0,1.9278115360066295e-05,0,2.0512193158682072e-05,0,3.553562565140123e-05,0,9.321125617134385e-06,0,9.768392919795588e-05,0
0,2,0.29155911675717616,0,0.01,0,0.00018256163457408547,0,4.135182891477749e-05,0,0.00014449365418035226,0,0.00547747453674674,0,0.01830773800611496,0
0,1,0.1356376146450477,0,0.02,0,4.2168725485680625e-05,0,0.0002687738193712701,0,0.0006907412378656985,0,0.02273182012140751,0,0.032271504402160645,0
0,1,4.158206338816359e-05,0,0.0,0,0.00012541282922029495,0,8.349973516474155e-05,0,1.5016240616480257e-05,0,6.808891339460388e-05,0,0.00018950077355839312,0
0,5,9.02050951959103e-05,0,0.0,0,8.485201760777272e-06,0,3.7521380201405944e-05,0,3.949398026171471e-06,0,3.0342875106725842e-05,0,5.181365122552961e-05,0
0,5,2.836903816941942e-06,0,0.0,0,3.891392407240346e-05,0,2.8757107899295082e-05,0,1.1839711762970936e-05,0,0.0011804053792729974,0,0.002084537874907255,0
0,1,1.6315559259967115e-05,0,0.0,0,3.510345777613111e-06,0,2.084613934479135e-05,0,2.1808019535970021e-07,0,6.34802745480556e-06,0,3.228037166991271e-05,0
0,3,3.631116139037877e-06,0,0.0,0,4.655610609916039e-05,0,3.0175484740605035e-05,0,2.3303088865767665e-06,0,4.353974509285763e-05,0,8.346558024641126e-05,0
0,1,3.099728876735314e-06,0,0.0,0,2.897789954658947e-06,0,2.0805108665327928e-05,0,4.2034361107357957e-07,0,4.885942871624138e-06,0,3.0048409826122224e-05,0
0,5,2.831739842356921e-05,0,0.01,0,0.0002748013357631862,0,6.735441355542364e-05,0,0.0017557891452040855,0,0.002172463107854128,0,0.007554125506430864,0
0,5,6.456718135675232e-06,0,0.01,0,1.8082868336932734e-05,0,2.7716683493023457e-05,0,2.4669965593498633e-07,0,2.0661726011894643e-05,0,0.001194105832837522,0
0,2,0.8034536246218262,0,0.04,0,0.00038175235386006534,0,0.000548538759568811,0,0.0041350392743822705,0,0.017150944098830223,0,0.07071503251791,0
0,2,0.0008281591642249405,0,0.0,0,1.861853161244653e-05,0,3.6643569064134764e-05,0,1.5410424126318477e-07,0,0.00021733416360802948,0,0.0001633339561522007,0
0,1,4.5873589002120927e-08,0,0.0,0,5.584886366705177e-06,0,2.0583214744127956e-05,0,4.538169802231237e-08,0,4.735313268611208e-06,0,2.8658310839091428e-05,0
0,3,0.00013102633621144374,0,0.01,0,0.0006592595600523055,0,0.0007277778577128413,0,0.0008833919523674771,0,0.0002984877210110426,0,0.00865461677312851,0
0,1,0.44898442310035364,0,0.12,1,0.00045755752944387496,0,0.003587556851410808,0,0.09163622003298322,0,0.003148671006783843,0,0.06960957497358322,0
0,3,0.0010110804855910335,0,0.01,0,0.00010321573790861294,0,2.1091569253841854e-05,0,6.991524213188489e-06,0,0.00011463191913207993,0,9.26190332393162e-05,0
0,5,3.955772196471058e-05,0,0.0,0,2.8943347842869116e-06,0,1.9981482338839826e-05,0,2.3707179453453236e-07,0,1.0038289474323392e-05,0,3.745152571354993e-05,0
0,5,6.601231143772291e-08,0,0.03,0,0.00019491941202431917,0,9.583782749353498e-05,0,9.24219937697133e-06,0,0.00010316769476048648,0,0.0004258510598447174,0
0,5,7.951061371878404e-07,0,0.01,0,3.099730020039715e-05,0,0.00014174475568747908,0,0.0003454866959745221,0,7.830312824808061e-05,0,0.0010943572269752622,0
0,5,4.056553779588204e-05,0,0.0,0,5.957757821306586e-06,0,1.9589224274489942e-05,0,5.350192314984944e-07,0,1.8580612959340215e-05,0,4.5648070226889104e-05,0
0,5,3.1353190247889755e-07,0,0.0,0,3.7144705856917426e-05,0,2.880039728368823e-05,0,2.540097706152648e-07,0,1.7558275430928916e-05,0,2.4327200662810355e-05,0
0,1,7.993854519134843e-05,0,0.0,0,0.00031251448672264814,0,3.872166436146864e-05,0,7.313818263391149e-07,0,2.480873627064284e-05,0,0.0002227617660537362,0
0,5,0.01515880804452564,0,0.0,0,3.5647852200781927e-05,0,0.00025217522763871917,0,3.847932096399983e-06,0,0.0028901975601911545,0,0.007391534745693207,0
0,1,0.0727670258464957,0,0.0,0,2.585265519883251e-06,0,1.5299687311892388e-05,0,1.0560622478924135e-05,0,0.00033165738568641245,0,0.000324180000461638,0
0,2,1.0630749928343272e-06,0,0.0,0,4.3086188270535786e-06,0,4.732520445061226e-05,0,5.845156228352066e-07,0,0.00047035125317052007,0,0.001741346437484026,0
0,1,0.05593936375288553,0,0.02,0,0.00016056372260209173,0,7.363286806921944e-05,0,3.836188458395868e-05,0,0.00861989613622427,0,0.012928219512104988,0
0,5,0.1579321737675468,0,0.03,0,0.00043971886043436825,0,0.002985881891029467,0,0.00011761148125418559,0,0.0007738691056147218,0,0.009548482485115528,0
0,1,5.530781811082763e-05,0,0.0,0,1.8979320657308563e-06,0,1.804717939492734e-05,0,3.1325063333031306e-05,0,0.00013644300634041429,0,0.00034790183417499065,0
0,2,0.0016788720104106447,0,0.01,0,0.0005425685667432845,0,6.321275154870054e-05,0,0.00012874734197059325,0,0.0005693745333701372,0,0.002200894756242633,0
0,3,0.0001277116019186627,0,0.04,0,4.6650991862406954e-05,0,3.212037162803771e-05,0,4.787977912989305e-05,0,0.0005872268811799586,0,0.0005097484681755304,0
0,4,0.0009101370700567414,0,0.01,0,9.149991456069984e-06,0,3.453040926262516e-05,0,2.6853458754219e-06,0,3.355547960381955e-05,0,4.5414264604914933e-05,0
0,4,0.007574691993826565,0,0.0,0,3.6740730138262734e-05,0,2.8792374047471427e-05,0,1.0609432832574882e-05,0,4.8130019422387704e-05,0,0.002118200995028019,0
0,3,0.9957546223774606,1,0.28,1,0.9854370951652527,1,0.4270179957954104,1,0.7406290902814201,1,0.32116204500198364,1,0.47914794087409973,1
0,4,0.0003079527411192339,0,0.01,0,0.0002563200250733644,0,2.8716944841036435e-05,0,5.001865262801076e-06,0,6.835802923887968e-05,0,0.00024603214114904404,0
0,3,0.001020478427284655,0,0.0,0,1.6451387637061998e-05,0,7.109465951929524e-05,0,6.382324176422663e-05,0,0.0011628412175923586,0,0.0030298987403512,0
0,4,0.7021610753380516,0,0.0,0,0.0002971553476527333,0,0.0013520916195412405,0,0.0011173937359576056,0,0.009419049136340618,0,0.022435961291193962,0
0,5,1.9600961818833287e-05,0,0.02,0,8.549515769118443e-05,0,3.712819886123804e-05,0,6.531747903942557e-07,0,0.000442195450887084,0,0.000819593551568687,0
0,2,0.0027273494054969247,0,0.0,0,2.2588097635889426e-05,0,3.2268784442602235e-05,0,0.00031244186387796536,0,0.00024098707945086062,0,0.00037744041765108705,0
0,4,0.8919455343326667,0,0.01,0,0.00010381510219303891,0,5.286963986391666e-05,0,0.00018219877860225665,0,0.0020506102591753006,0,0.0023169044870883226,0
0,5,0.011849142375253476,0,0.01,0,2.0022554963361472e-05,0,0.0001548825851998721,0,4.3524258855169637e-07,0,0.00043126061791554093,0,0.0008058183011598885,0
0,3,0.00011331582341789516,0,0.02,0,6.806351302657276e-05,0,0.00014549143959433696,0,1.515783355041081e-06,0,0.0006051480886526406,0,0.00043232098687440157,0
0,3,7.475133728445829e-05,0,0.0,0,3.5540795124688884e-06,0,3.477424719783899e-05,0,2.854271368662851e-05,0,0.00047366018407046795,0,0.0005680392496287823,0
0,1,0.00017052201110279562,0,0.01,0,9.410678103449754e-06,0,1.5230826924469546e-05,0,9.666703425317251e-05,0,6.528776430059224e-05,0,0.00037791658542118967,0
0,5,0.02354828497125734,0,0.0,0,2.457994742144365e-05,0,5.715394431943659e-05,0,7.21891986448102e-05,0,0.000102103607787285,0,7.909434498287737e-05,0
0,1,0.013542494637921246,0,0.01,0,0.00018074832041747868,0,2.961949858360379e-05,0,3.4368117437345044e-06,0,0.0003915135166607797,0,0.0016721936408430338,0
0,3,4.186424326326515e-06,0,0.0,0,9.091251558857039e-05,0,8.721573217644972e-05,0,3.932849961671464e-05,0,0.0002567546325735748,0,0.00027887203032150865,0
0,3,2.8865609660580573e-05,0,0.0,0,3.764868597500026e-05,0,2.004270521569158e-05,0,1.8940279080106665e-06,0,1.5319827070925385e-05,0,5.366552431951277e-05,0
0,1,1.5998290160183863e-05,0,0.01,0,6.241847131605027e-06,0,2.1828080059086837e-05,0,1.0553220492560793e-05,0,9.985555152525194e-06,0,6.559939356520772e-05,0
0,5,5.690351573962474e-07,0,0.0,0,7.592576821480179e-06,0,2.3907521266271568e-05,0,7.59919099038275e-07,0,9.12897758098552e-06,0,2.6961075491271913e-05,0
0,5,2.4747811357519788e-06,0,0.01,0,0.00030929726199246943,0,2.72261056352083e-05,0,5.402157061523935e-08,0,1.0637092600518372e-05,0,2.2740330678061582e-05,0
0,3,2.835575119080116e-08,0,0.0,0,0.0003099667956121266,0,5.2778290899228495e-05,0,8.54119236310559e-06,0,3.2510532037122175e-05,0,4.4973356125410646e-05,0
0,5,0.1722081638431459,0,0.03,0,0.0026233228854835033,0,0.0062762636091404644,0,0.0011978671919455975,0,0.004915635101497173,0,0.02415185421705246,0
0,2,0.029708471561061506,0,0.0,0,5.097978646517731e-05,0,2.857972250531294e-05,0,1.2398877505586695e-06,0,0.0006134011200629175,0,0.0010836311848834157,0
0,5,7.696245287370673e-06,0,0.01,0,1.6405452697654255e-05,0,1.7884157892631106e-05,0,0.0006426890426039399,0,4.935258039040491e-05,0,0.00023090426111593843,0
0,4,9.205835518133212e-09,0,0.0,0,4.166203780187061e-06,0,3.3945733340518744e-05,0,8.763038499438624e-08,0,5.6161029533541296e-06,0,1.59979572345037e-05,0
0,3,4.040579300903929e-09,0,0.0,0,4.1332048567710444e-05,0,2.014948199944916e-05,0,4.325536411139793e-07,0,1.4958158317313064e-05,0,1.480393075325992e-05,0
0,3,0.7312781894941134,0,0.05,0,0.0017470879247412086,0,0.001235465984500587,0,0.002497732739143727,0,0.0036908744368702173,0,0.021031003445386887,0
0,4,0.04869795907102433,0,0.0,0,2.3704311388428323e-05,0,6.190613434527907e-05,0,5.924361058283958e-06,0,0.00011535966041265056,0,0.010444439947605133,0
0,5,0.02756627958825962,0,0.0,0,1.497980974818347e-05,0,1.9603246413724164e-05,0,6.981593244705167e-05,0,0.001051041530445218,0,0.005231743212789297,0
0,5,7.226493480096715e-06,0,0.0,0,3.5394671158428537e-06,0,2.5721590990837716e-05,0,3.940483653409141e-06,0,2.781269358820282e-05,0,3.69855115422979e-05,0
0,2,0.8652119198364202,0,0.01,0,3.674013350973837e-05,0,0.00016475165090864492,0,0.00195954413309386,0,0.000807484844699502,0,0.0005350337014533579,0
0,2,0.0001594946542649764,0,0.0,0,9.807929018279538e-06,0,3.640884008433387e-05,0,2.3817545278059208e-07,0,2.0478733858908527e-05,0,0.00015299416554626077,0
0,3,0.01886381995913448,0,0.05,0,0.0008331175777129829,0,5.907736208613689e-05,0,0.0005582381749563458,0,0.0032823849469423294,0,0.02519303560256958,0
0,5,0.0025915092386394516,0,0.0,0,7.860821824579034e-06,0,1.820918749499468e-05,0,4.1519055607342887e-07,0,4.4529926526593044e-05,0,3.4525161026977e-05,0
0,1,0.0006343790078713717,0,0.0,0,1.2666297152463812e-05,0,2.5792323631699896e-05,0,8.758384167800598e-06,0,8.584339957451448e-05,0,0.00016042665811255574,0
0,4,1.8097014708700976e-05,0,0.02,0,0.0004578781663440168,0,9.165970709809955e-05,0,5.51618176934921e-06,0,0.0023264014162123203,0,0.01170913316309452,0
0,3,0.005740904555168102,0,0.02,0,1.0470811503182631e-05,0,1.6351618693814855e-05,0,4.427544224205792e-06,0,4.2871291952906176e-05,0,8.082834392553195e-05,0
0,3,0.01701429610144413,0,0.01,0,8.859035006025806e-05,0,5.032791885316778e-05,0,2.0664388481024592e-05,0,0.000299639068543911,0,0.0010606360156089067,0
0,1,4.574756420183477e-06,0,0.0,0,2.5905794245772995e-05,0,2.9073328584764498e-05,0,2.638718270182796e-07,0,6.260197551455349e-06,0,1.55115394591121e-05,0
0,2,0.00037913921129078783,0,0.0,0,2.7328007490723394e-05,0,3.271630662859717e-05,0,1.5779053609268714e-06,0,2.3357679310720414e-05,0,0.00015261529188137501,0
0,3,2.159262569533975e-06,0,0.0,0,9.3516046035802e-06,0,1.999767632653741e-05,0,1.1246765895120338e-06,0,1.4711054973304272e-05,0,1.5588988389936276e-05,0
0,5,0.16126748368220004,0,0.0,0,1.3358493561099749e-05,0,2.1434645997120768e-05,0,1.19242776457203e-05,0,0.00038096040952950716,0,0.001820508623495698,0
0,2,0.9824971128441592,1,0.06,0,0.00012504086771514267,0,0.00039100810068906156,0,0.010587711774223739,0,0.04894473776221275,0,0.03225608170032501,0
0,3,3.93595758418754e-05,0,0.0,0,0.0001757534482749179,0,0.00018022533066304586,0,5.544573675036691e-05,0,0.0008482857374474406,0,0.0010302814189344645,0
0,2,2.811744993974079e-05,0,0.0,0,2.3330034309765324e-05,0,2.058219217711386e-05,0,1.2003316047990383e-07,0,1.0350096999900416e-05,0,1.3538339771912433e-05,0
0,2,1.0599468232241998e-06,0,0.0,0,2.6492145934753353e-06,0,2.103247215334356e-05,0,4.161072503305122e-09,0,7.2678085416555405e-06,0,1.7809230484999716e-05,0
0,2,6.563246018681313e-06,0,0.0,0,9.707949175208341e-06,0,2.1004814742163557e-05,0,2.1860397323427715e-08,0,6.940752427908592e-06,0,1.3262394531921018e-05,0
0,2,0.10463407063063432,0,0.02,0,0.0008293622522614896,0,8.703354901675127e-05,0,0.0022606377720095477,0,0.018960019573569298,0,0.0053002238273620605,0
0,3,0.00010530261799504857,0,0.0,0,2.9564054784714244e-05,0,2.640511132552289e-05,0,2.869486741280867e-05,0,4.802837429451756e-05,0,0.00015893462114036083,0
0,2,0.010420482998489224,0,0.03,0,0.0002647573419380933,0,8.727481560563429e-05,0,0.002775723680606305,0,0.0005948109901510179,0,0.004814164713025093,0
0,1,0.02584703110123334,0,0.02,0,0.0023216300178319216,0,0.003681430603160698,0,0.00949797785780521,0,0.008677858859300613,0,0.006836479529738426,0
0,2,0.0010018404381722365,0,0.02,0,7.755370461381972e-05,0,0.0006102555235389023,0,0.0042040905856212075,0,0.00019887741655111313,0,0.0025860611349344254,0
0,5,0.03001325646874945,0,0.0,0,3.5774268326349556e-05,0,0.00014223657722534986,0,0.00036290805425079884,0,0.00276222825050354,0,0.027147753164172173,0
0,1,0.09348993027832775,0,0.02,0,0.00041387122473679483,0,3.269604649877076e-05,0,0.0016895862028141354,0,0.0009689410799182951,0,0.0010045288363471627,0
0,2,0.0034895053426288675,0,0.01,0,1.3722175026487093e-05,0,4.274412017519901e-05,0,3.0282421732955663e-06,0,0.00022165224072523415,0,0.0004020218038931489,0
0,5,0.46131745703740684,0,0.06,0,0.002941390033811331,0,8.309194379181162e-05,0,0.0181541859345873,0,0.0348997563123703,0,0.016757620498538017,0
0,1,0.0006454866198689497,0,0.01,0,1.4609103345719632e-05,0,1.9553025480995915e-05,0,1.8995913630411618e-05,0,5.272392445476726e-05,0,0.0011357275070622563,0
0,5,0.10442487245928958,0,0.0,0,0.00030123977921903133,0,6.922513115670463e-05,0,4.208568368679676e-06,0,0.0006851032376289368,0,0.0004979631630703807,0
0,4,0.9989775204421031,1,0.07,0,0.00773202208802104,0,0.0020309684839864405,0,0.008695952606548667,0,0.041192684322595596,0,0.07436296343803406,0
0,5,2.5835085273180535e-05,0,0.01,0,1.0194272363150958e-05,0,4.025402775885652e-05,0,8.468830077380474e-06,0,3.548891982063651e-05,0,0.00013603546540252864,0
0,5,0.004432490627518207,0,0.0,0,2.8816637495765463e-05,0,3.0116316939161847e-05,0,8.246240763403197e-05,0,0.002694673603400588,0,0.011727537959814072,0
0,5,0.010416979983398031,0,0.01,0,3.4036405850201845e-05,0,0.0002332393836982043,0,0.0012831037292237923,0,0.0006042594905011356,0,0.0023302200715988874,0
0,1,1.7349376446798446e-07,0,0.0,0,2.1833084247191437e-06,0,3.572338361736421e-05,0,2.1095382899937927e-07,0,9.691970262792893e-06,0,1.8218699551653117e-05,0
0,1,0.43468945722023056,0,0.04,0,0.0038156246300786734,0,0.002788246594792708,0,0.000385280857941187,0,0.0023498807568103075,0,0.0034530367702245712,0
0,4,0.01953230673081814,0,0.0,0,4.668590463552391e-06,0,1.662027714305547e-05,0,2.8388841398424045e-05,0,0.0008445745334029198,0,0.00035957901854999363,0
0,3,6.257275114115518e-06,0,0.04,0,0.0002271505509270355,0,6.624756630784847e-05,0,2.8586206946200123e-05,0,0.000265464186668396,0,0.0008404373656958342,0
0,2,4.237764654780518e-05,0,0.01,0,1.503521252743667e-05,0,2.4366114377031372e-05,0,5.3189299406551125e-08,0,1.0586129974399228e-05,0,5.5955631978577e-05,0
0,3,0.2849278226890952,0,0.01,0,0.0022103481460362673,0,0.00024123106950318135,0,0.0001414986609331882,0,0.00020777784811798483,0,0.005942037794739008,0
0,3,0.8800959277709314,0,0.03,0,0.0014137545367702842,0,0.00012421905688506243,0,5.569038099082916e-05,0,0.03024917095899582,0,0.0215663630515337,0
0,2,0.000868136945115273,0,0.03,0,0.00021033003577031195,0,0.0012726386609085503,0,0.004636496732594757,0,4.598286250256933e-05,0,0.0008227893267758191,0
0,2,3.832615150668101e-05,0,0.0,0,4.038240876980126e-05,0,3.3942656505136164e-05,0,8.64591360256784e-06,0,0.00021673350420314819,0,0.0016868477687239647,0
0,4,0.00033730861622001385,0,0.0,0,2.41644520428963e-05,0,2.2301401870425066e-05,0,0.00010134382029962537,0,0.0003408823104109615,0,0.0001758415310177952,0
0,5,2.8858027583886305e-07,0,0.0,0,1.2001370123471133e-05,0,5.7285495101776726e-05,0,7.135928099373599e-07,0,8.932745004130993e-06,0,2.2762806111131795e-05,0
0,3,0.0001441281238689508,0,0.0,0,1.9846271243295632e-05,0,2.293776674318021e-05,0,2.8766794243077246e-07,0,0.0027577243745326996,0,0.00012389372568577528,0
0,5,0.17213508057996824,0,0.04,0,0.002585252048447728,0,0.0026601513252088697,0,0.0002565125413889478,0,0.002363958628848195,0,0.005520948674529791,0
0,3,8.446213613926711e-06,0,0.0,0,1.2152185263403226e-05,0,1.8972851886272367e-05,0,7.472394930274454e-07,0,3.722902329172939e-05,0,2.407688953098841e-05,0
0,5,0.0005703048056377124,0,0.02,0,4.366498251329176e-05,0,2.7711141377527235e-05,0,9.588140354179335e-07,0,8.711792906979099e-05,0,9.426512406207621e-05,0
0,5,5.001391991336601e-05,0,0.04,0,0.004963267594575882,0,0.001238099274420542,0,0.003983180415403746,0,0.006846473552286625,0,0.010455841198563576,0
0,4,0.0002615602473224611,0,0.01,0,8.067053568083793e-05,0,3.2536712937275406e-05,0,1.76912502195915e-05,0,0.0001025478559313342,0,9.925798804033548e-05,0
0,1,0.41323264254960984,0,0.0,0,5.370825601858087e-05,0,0.00022016179284504065,0,0.0003471615301678487,0,0.009908021427690983,0,0.022998565807938576,0
0,5,0.5483830036938617,0,0.03,0,0.0028614411130547523,0,0.006160112611263621,0,0.0017699343449055628,0,0.01586981676518917,0,0.18696674704551697,1
0,1,0.003438867508047973,0,0.01,0,0.00012039496505167335,0,0.00030273623521694077,0,1.2344157798809842e-05,0,0.0006945024360902607,0,0.004851148463785648,0
0,2,8.641539364682913e-05,0,0.0,0,1.34581932798028e-05,0,7.121520558043985e-05,0,2.0740363198933478e-07,0,9.59805583988782e-06,0,2.397735988779459e-05,0
0,2,0.0018996090303245396,0,0.01,0,0.00018634281877893955,0,4.7000114748124255e-05,0,7.65784878424022e-07,0,1.9275596059742384e-05,0,4.214335058350116e-05,0
0,2,2.3994163814916356e-06,0,0.0,0,0.0001343362091574818,0,0.00011840038807703141,0,9.962021341845094e-07,0,2.3202721422421746e-05,0,0.00011518795508891344,0
0,1,0.0019235419028392398,0,0.1,0,0.003403721610084176,0,0.0029523841053627716,0,0.26036293508716846,1,0.035206131637096405,0,0.053849171847105026,0
0,3,0.0003550690436866074,0,0.0,0,0.0006749468739144504,0,2.02424842513354e-05,0,3.1147756048998836e-05,0,0.00020489736925810575,0,0.0010566581040620804,0
0,4,0.002259692531765756,0,0.01,0,7.698055014770944e-06,0,2.0205244219325027e-05,0,8.555988001774859e-06,0,0.0001508568529970944,0,0.0011443508556112647,0
0,4,0.0009957933538732916,0,0.0,0,4.067203917657025e-05,0,4.699213634406891e-05,0,0.0003165662628871016,0,0.00016548130952287465,0,0.0005147182382643223,0
0,2,0.00018828096600878683,0,0.0,0,3.612639193306677e-05,0,1.618139823263412e-05,0,4.500524821891377e-06,0,9.293160837842152e-05,0,0.00010101473890244961,0
0,3,3.083430940059235e-07,0,0.02,0,3.552608541212976e-05,0,9.082519976975071e-05,0,2.120895722950267e-05,0,0.00013136053166817874,0,9.892041271086782e-05,0
0,1,1.0560421276868926e-06,0,0.0,0,1.0845584256458096e-05,0,4.054842780197994e-05,0,6.983035232735512e-08,0,1.5604895452270284e-05,0,3.558923344826326e-05,0
0,4,1.3463280072516518e-07,0,0.0,0,3.151864802930504e-05,0,0.0005500312148019107,0,5.8312481957863606e-05,0,7.923890370875597e-05,0,0.0011170306243002415,0
0,5,0.006270481836241998,0,0.0,0,6.521409522974864e-05,0,8.218471911850499e-05,0,0.00012883920344512734,0,0.00034001623862423003,0,0.0028337500989437103,0
0,4,0.0650285728161972,0,0.06,0,0.0005522770225070417,0,0.0003345161265536411,0,0.0022316269404630672,0,0.0028114207088947296,0,0.023709546774625778,0
0,4,0.0013111466241046079,0,0.0,0,1.7838008716353215e-05,0,2.0362828918230197e-05,0,2.7080797196860562e-05,0,0.00018648871628101915,0,0.0002100997226079926,0
0,2,0.004856465421385358,0,0.02,0,0.0012524822959676385,0,0.00010847466860633048,0,3.0887047507053065e-05,0,0.00010259026021230966,0,0.0002305669622728601,0
0,2,2.079366476167112e-07,0,0.0,0,1.3801261957269162e-05,0,2.1183985286909597e-05,0,2.310370800644595e-08,0,2.3484799385187216e-05,0,0.00011230207019252703,0
0,2,0.0005955441226012176,0,0.0,0,2.177874557673931e-05,0,2.454263490045129e-05,0,9.174225665640825e-08,0,8.976400749816094e-06,0,2.652218972798437e-05,0
0,2,3.131298910770523e-05,0,0.03,0,0.0005564197199419141,0,0.0005406947335068242,0,0.0029855032892835707,0,0.00017619295977056026,0,0.0075605083256959915,0
0,3,1.7840431076974533e-05,0,0.0,0,5.3379222663352266e-05,0,3.249531966178866e-05,0,5.3961360676242255e-06,0,7.297001866390929e-05,0,4.363157495390624e-05,0
0,5,1.5493926413044554e-06,0,0.01,0,2.569630669313483e-05,0,3.4700675969731067e-05,0,1.4608256577882552e-07,0,1.0533122804190498e-05,0,2.2691212507197633e-05,0
0,5,5.545273778972116e-07,0,0.0,0,1.9888655515387654e-05,0,3.453361184585007e-05,0,6.260623363380894e-08,0,6.210504125192529e-06,0,1.7010235751513392e-05,0
0,1,0.0002838050257298242,0,0.06,0,0.00033281423384323716,0,0.0002207827929520358,0,0.0058826183489599695,0,0.000304784975014627,0,0.002221108879894018,0
0,4,0.024689176269583793,0,0.0,0,3.79672710550949e-05,0,1.604672616445476e-05,0,0.0007805737161866504,0,0.0005810672882944345,0,0.0005454681231640279,0
0,2,0.004881415274426769,0,0.01,0,8.168951171683148e-05,0,1.637754153601325e-05,0,1.0927568624780148e-05,0,8.497914677718654e-05,0,0.0008848010911606252,0
0,2,0.0047995457711831205,0,0.0,0,0.00011446853022789583,0,2.0856999867142205e-05,0,8.171752019944761e-07,0,2.4667460820637643e-05,0,6.0354148445185274e-05,0
0,5,7.851004271031703e-06,0,0.02,0,3.863048186758533e-05,0,0.00017891110598912492,0,1.449385494415117e-05,0,1.7231614037882537e-05,0,0.00011633146641543135,0
0,2,0.005247283442396025,0,0.0,0,0.0008269227691926062,0,0.00024992732068517546,0,0.003579081255753341,0,0.0313679464161396,0,0.008045688271522522,0
0,5,1.7479280100084027e-07,0,0.0,0,1.6800850062281825e-05,0,1.950451077451214e-05,0,1.2510900807603676e-07,0,3.834829112747684e-05,0,0.000444020057329908,0
0,5,1.9633674290143284e-06,0,0.01,0,1.1228242328797933e-05,0,1.5539637711660237e-05,0,3.0760755908130367e-06,0,0.000179443130036816,0,0.0004537445493042469,0
0,1,2.754318539917245e-10,0,0.0,0,1.0330199074815027e-05,0,2.4253131454286614e-05,0,6.623095434621984e-05,0,5.194715049583465e-05,0,0.000826267700176686,0
0,2,0.004714651293328709,0,0.0,0,1.502553732279921e-05,0,2.2454938668025305e-05,0,7.591965921063086e-07,0,0.00011280807666480541,0,0.00020758609753102064,0
0,2,0.0007854007640354457,0,0.01,0,0.001006578910164535,0,0.0016507362094676011,0,0.005462600153446124,0,0.0004127489519305527,0,0.005439253523945808,0
0,2,2.9046137446749748e-05,0,0.0,0,3.6073356568522286e-06,0,2.219944130435951e-05,0,4.2213287636353456e-07,0,7.70014139561681e-06,0,2.1711070075980388e-05,0
0,2,4.329008434692654e-06,0,0.0,0,0.0002984249731525779,0,4.037113724358288e-05,0,6.237782767529394e-06,0,2.162877717637457e-05,0,6.784047582186759e-05,0
0,4,0.0010404039229418506,0,0.01,0,9.689100261311978e-05,0,0.00014266570274138024,0,5.490255617359599e-06,0,0.0005065218429081142,0,0.0003938803856726736,0
0,1,0.8909030433013926,0,0.09,0,0.023044150322675705,0,0.012150842176043914,0,0.31586325889480166,1,0.07297814637422562,0,0.1743738055229187,1
0,1,0.06254341678505572,0,0.0,0,0.0002971935900859535,0,0.0007319154033635487,0,0.0003451536605839106,0,0.03502510488033295,0,0.017863942310214043,0
0,5,9.87264753876379e-06,0,0.03,0,3.152817953377962e-05,0,2.753841101922602e-05,0,1.1452764483695364e-05,0,0.00022652075858786702,0,0.00428684800863266,0
0,3,0.004993992515774007,0,0.01,0,0.0002486019511707127,0,0.0003323569882261786,0,1.8496652965925965e-05,0,0.00010991899762302637,0,0.003092900151386857,0
0,1,0.0009835957746738803,0,0.0,0,0.00014326874224934727,0,5.606429443712333e-05,0,0.003402071230115438,0,0.0038574649952352047,0,0.017148861661553383,0
0,1,6.446298376152876e-05,0,0.02,0,0.00037399414577521384,0,0.0008273978721966186,0,0.0016902387306286849,0,0.0007670631748624146,0,0.0037694391794502735,0
0,4,0.001118738988098647,0,0.02,0,7.987291610334069e-06,0,1.846752297984014e-05,0,1.1429402821977474e-05,0,0.00148804672062397,0,0.0014078927924856544,0
0,2,6.407706230085914e-05,0,0.0,0,1.7794462110032327e-05,0,2.4427345405879864e-05,0,5.333409090703275e-05,0,0.00022749058553017676,0,0.0007737274863757193,0
0,5,0.5790108802140094,0,0.1,0,0.0034761372953653336,0,0.0009974721425205402,0,0.39775445940615994,1,0.1189851239323616,0,0.28728747367858887,1
0,5,0.0005913472475856063,0,0.02,0,0.0003737913502845913,0,8.736960854950924e-05,0,1.9014684750959952e-05,0,0.000673840579111129,0,0.0028741878923028708,0
0,3,0.00014432809803374214,0,0.0,0,6.608029252674896e-06,0,1.6891495006398347e-05,0,3.347722547955631e-06,0,4.640320912585594e-05,0,6.242239760467783e-05,0
0,5,6.98992077686288e-07,0,0.0,0,8.448647349723615e-06,0,2.8945565653092418e-05,0,3.845047355442633e-08,0,1.3920856872573495e-05,0,1.9253959180787206e-05,0
0,4,0.00040564402999965536,0,0.0,0,3.8698804019077215e-06,0,1.7873158806302828e-05,0,2.7468084804765174e-06,0,9.294323717767838e-06,0,3.75228191842325e-05,0
0,3,6.07368483531343e-08,0,0.0,0,3.295305941719562e-05,0,2.2934000289021348e-05,0,1.5446016977834933e-06,0,1.258700831385795e-05,0,1.5755680578877218e-05,0
0,1,2.750292655211798e-08,0,0.0,0,3.162960638292134e-05,0,2.0834228888418416e-05,0,1.2629174550301404e-07,0,7.559219739050604e-06,0,2.5272798666264862e-05,0
0,2,0.01443167521631793,0,0.04,0,0.00013430547551251948,0,5.090399059672195e-05,0,0.002474220614432321,0,0.0037107900716364384,0,0.004837092012166977,0
0,3,6.961953721698563e-07,0,0.08,0,0.0004887957475148141,0,0.003892624214999206,0,0.0020771842729873,0,0.00021285016555339098,0,0.000425011821789667,0
0,2,0.12899209359602656,0,0.03,0,0.0003188641567248851,0,0.0005440845462447286,0,0.00023696079501397973,0,0.06419545412063599,0,0.04704681783914566,0
0,3,0.0001907455112031525,0,0.01,0,0.00015822515706531703,0,5.149991601225152e-05,0,0.000171427198648659,0,7.900603668531403e-05,0,0.00040507735684514046,0
0,4,0.01608162899783004,0,0.03,0,0.01254893746227026,0,0.0009247794179295853,0,0.0032914485793359574,0,0.02770746871829033,0,0.0054030586034059525,0
0,1,0.03225523427919233,0,0.0,0,3.040673618670553e-05,0,2.4292402795468445e-05,0,0.0006198543309506243,0,0.00039737977203913033,0,0.0021887149196118116,0
0,2,1.4383575188610394e-05,0,0.0,0,1.2171160051366314e-05,0,2.079836826158063e-05,0,3.3692963896151184e-08,0,7.984319381648675e-06,0,1.3447314813674893e-05,0
0,3,0.0033582267869427043,0,0.05,0,9.548231901135296e-06,0,2.6687370356113e-05,0,0.00014089014639042936,0,0.00045584019972011447,0,0.008694838732481003,0
0,3,0.009381488118708658,0,0.04,0,1.0666987691365648e-05,0,6.516568912089989e-05,0,0.00044869060535020726,0,0.004738552030175924,0,0.008865069597959518,0
0,4,4.4041941327914644e-07,0,0.0,0,3.6176124922349118e-06,0,2.8450462521869668e-05,0,6.208909185912515e-07,0,4.670133057516068e-05,0,0.0008981238934211433,0
0,2,0.018052457782611254,0,0.01,0,4.16297152696643e-05,0,2.1888373321266866e-05,0,4.953736882570991e-06,0,0.0020050425082445145,0,0.0010316225234419107,0
0,2,0.004938691534247737,0,0.01,0,0.0002471039770171046,0,4.090237262938913e-05,0,9.821455268107391e-06,0,5.9002024499932304e-05,0,5.945072916802019e-05,0
0,1,0.0876104669776712,0,0.0,0,0.00034860509913414717,0,0.00010989070153782446,0,6.277700366964896e-06,0,0.0002613764663692564,0,0.003018434625118971,0
0,5,7.5672581985872e-09,0,0.03,0,2.955165291496087e-05,0,1.807441270091903e-05,0,2.6025510410161823e-07,0,6.81871097185649e-05,0,0.00018317934882361442,0
0,5,0.11480968389874947,0,0.04,0,0.00015063748287502676,0,4.485416136307759e-05,0,3.887136678933081e-05,0,0.0031683200504630804,0,0.023844018578529358,0
0,4,0.002917964407930582,0,0.01,0,0.00021748011931777,0,7.965713155698692e-05,0,5.601348217939886e-05,0,0.0009922905592247844,0,0.0010294495150446892,0
0,3,0.0015965247979407246,0,0.0,0,4.788194019056391e-06,0,2.0128663854831303e-05,0,3.88690261654309e-07,0,1.005270314635709e-05,0,1.4196518350217957e-05,0
0,4,2.6814366835378812e-06,0,0.0,0,1.065038850356359e-05,0,2.3371295757054613e-05,0,2.522949028104954e-06,0,0.00031124832457862794,0,0.000134678790345788,0
0,3,2.130643975879044e-05,0,0.0,0,0.00020584501908160746,0,6.957443785199248e-05,0,0.00016811639634313323,0,0.0003004365717060864,0,0.000447032623924315,0
0,1,0.01192566709415605,0,0.03,0,1.8330703824176453e-05,0,1.7112422941914704e-05,0,0.00010240112045206145,0,0.0010041914647445083,0,0.0026943485718220472,0
0,3,3.808226671926905e-05,0,0.0,0,8.021343091968447e-05,0,6.0748069555617764e-05,0,0.0003317502922426236,0,0.0006106888176873326,0,0.0018461018335074186,0
0,5,0.0006371361858785341,0,0.01,0,0.001159265055321157,0,0.00015196077437811534,0,0.000985466015829514,0,0.00018956004350911826,0,0.003642692696303129,0
0,3,1.1812472015769118e-06,0,0.0,0,4.1436749597778544e-05,0,4.582841109993959e-05,0,2.2575006234796686e-05,0,5.2616036555264145e-05,0,0.00019067998800892383,0
0,2,2.8948070039097107e-06,0,0.0,0,7.571592504973523e-06,0,2.0891729887301884e-05,0,3.3968861546381846e-07,0,7.665725206607021e-06,0,2.1576372091658413e-05,0
0,3,0.00047018628719625906,0,0.0,0,4.751991218654439e-05,0,1.6956022009539876e-05,0,3.041222661909008e-05,0,0.00011906954023288563,0,5.9728532505687326e-05,0
0,2,0.00021606737300703215,0,0.0,0,7.0408591454906855e-06,0,2.92146651989178e-05,0,4.254529923650614e-08,0,7.789685696479864e-06,0,1.3512725672626402e-05,0
0,1,1.1002456118704437e-05,0,0.02,0,0.0007075570174492896,0,0.0004124406226278491,0,0.002461763539312501,0,7.900523632997647e-05,0,0.0012347352458164096,0
0,5,0.0031995436247742814,0,0.0,0,1.6952086298260838e-05,0,7.846896334823697e-05,0,1.2327214963831363e-05,0,9.648507693782449e-05,0,0.0009575255680829287,0
0,4,0.007244565275050659,0,0.02,0,0.01584557630121708,0,0.0007504487569539596,0,2.854002481276119e-05,0,0.00028956058667972684,0,0.011529158800840378,0
0,1,7.602119576025921e-08,0,0.0,0,1.0136698165297275e-06,0,2.0839713469145246e-05,0,2.970650401860126e-08,0,4.0133631955541205e-06,0,1.3736740584135987e-05,0
0,1,1.7406833201506195e-05,0,0.0,0,1.1888811059179716e-05,0,2.7736149748976945e-05,0,7.725769519877552e-07,0,1.2794836948160082e-05,0,5.634905755869113e-05,0
0,4,0.00011493607762172212,0,0.0,0,0.00011022244143532589,0,3.4771644955867816e-05,0,5.2664994172674925e-05,0,5.375219916459173e-05,0,5.2808398322667927e-05,0
0,2,0.03198173433766994,0,0.0,0,4.864390120928874e-06,0,2.809870596990943e-05,0,3.7128844613036316e-06,0,0.0006081293104216456,0,0.001966984011232853,0
0,2,0.7799424303793216,0,0.02,0,0.0008245213539339602,0,0.00018247571617709354,0,7.216488622989143e-05,0,0.012614868581295013,0,0.03845098987221718,0
0,4,0.21407257340287714,0,0.0,0,4.0974602597998455e-05,0,2.7928693628794583e-05,0,0.0023452587202995186,0,0.004312988370656967,0,0.001720915548503399,0
0,2,0.9997734079972214,1,0.02,0,0.0001361658505629748,0,0.0008411104875031705,0,0.00014566373042162678,0,0.0073138936422765255,0,0.011357579380273819,0
0,1,0.1796362882654011,0,0.02,0,1.0969294635287952e-05,0,0.00011015498674166467,0,0.0004806420138364074,0,0.005303537473082542,0,0.0276836808770895,0
0,2,7.499351500702474e-06,0,0.0,0,3.380682392162271e-05,0,2.4838215347624273e-05,0,8.250153118928708e-07,0,7.536234079452697e-06,0,1.4994559023762122e-05,0
0,2,0.004181106781520631,0,0.03,0,0.006444645579904318,0,0.0010387788782729812,0,0.004454252255696656,0,0.010453782975673676,0,0.018095655366778374,0
0,4,0.41772654871006126,0,0.0,0,0.00031804380705580115,0,0.00010640458996925573,0,0.011367039469272656,0,0.002101501217111945,0,0.0505082942545414,0
0,2,0.0004424181301704934,0,0.01,0,8.800302566669416e-06,0,2.7555444067839378e-05,0,1.880806003405503e-06,0,1.1776376595662441e-05,0,2.899518221965991e-05,0
0,5,3.602705941158585e-05,0,0.0,0,3.693450344144367e-05,0,2.3882184199066098e-05,0,6.422652356818059e-07,0,5.739065727539128e-06,0,1.376475120196119e-05,0
0,2,8.873938616777825e-06,0,0.01,0,7.952097075758502e-05,0,2.095528259742851e-05,0,2.0578734834641773e-06,0,1.044648979586782e-05,0,6.767069135094061e-05,0
0,3,0.000843388481369222,0,0.0,0,0.0001881241478258744,0,1.7669228738323163e-05,0,5.441725057528459e-07,0,0.007611438166350126,0,0.05324631556868553,0
0,5,5.627584291549165e-06,0,0.02,0,0.0003505906497593969,0,2.425065399392603e-05,0,8.128678373328313e-06,0,0.0002557298284955323,0,0.007601527962833643,0
0,4,0.003677142995827826,0,0.0,0,8.534966764273122e-05,0,5.1033619912282346e-05,0,0.0007109528740162129,0,8.623881149105728e-05,0,0.009861220605671406,0
0,3,0.04409432623340263,0,0.01,0,0.0005422348622232676,0,0.0011383815773755386,0,6.282200885515485e-05,0,0.00016916765889618546,0,0.000151990563608706,0
0,2,0.10285229120046185,0,0.09,0,0.006821738090366125,0,0.0033870231645673076,0,0.013747636918112085,0,0.016919240355491638,0,0.03777912259101868,0
0,3,0.04774075256927556,0,0.05,0,0.00016549900465179235,0,0.0006026810604957536,0,0.010231101435515935,0,0.0030229093972593546,0,0.008139992132782936,0
0,5,6.41473225296225e-09,0,0.0,0,5.676563887391239e-06,0,2.3210985340020385e-05,0,1.6442923254174045e-07,0,5.492193395184586e-06,0,1.3315363503352273e-05,0
0,1,6.806682206128799e-07,0,0.0,0,2.727894752752036e-05,0,2.4968188282889512e-05,0,1.3808360733783403e-06,0,8.43793895910494e-06,0,2.098376353387721e-05,0
0,5,8.40316366296654e-08,0,0.0,0,5.157670602784492e-05,0,1.9678197469693822e-05,0,1.2398930622159424e-06,0,4.946208355249837e-05,0,0.0005536884418688715,0
0,2,0.0024916462350984903,0,0.0,0,5.703515125787817e-05,0,1.6822575767797957e-05,0,3.146933823669436e-06,0,0.0004276915860828012,0,0.0005053050699643791,0
0,5,0.00025658413575647347,0,0.01,0,2.165595105907414e-05,0,5.1655726042161206e-05,0,7.494345870012057e-05,0,0.00020842639787588269,0,0.0008802441880106926,0
0,2,0.3271554446042033,0,0.01,0,0.00018674106104299426,0,7.887664466890883e-05,0,1.8075222323651204e-05,0,5.122366928844713e-05,0,0.00011029044253518805,0
0,2,3.232452895303773e-05,0,0.01,0,4.493604865274392e-05,0,3.955840153826109e-05,0,0.0001336160957438289,0,7.367529178736731e-05,0,0.001399541855789721,0
0,2,0.0008644025147856398,0,0.0,0,2.268649586767424e-05,0,2.3833476122100727e-05,0,2.716537973889599e-07,0,8.548904588678852e-06,0,3.29908580170013e-05,0
0,5,0.00018514628690099598,0,0.0,0,0.00012731649621855468,0,3.388302233331777e-05,0,2.0764246100963744e-07,0,3.269103035563603e-05,0,3.7537276512011886e-05,0
0,5,0.000375449361724649,0,0.0,0,2.5931103664333932e-05,0,1.920661084591628e-05,0,0.00017897658209728738,0,0.0006754838395863771,0,0.000976370763964951,0
0,1,0.0008685620106031833,0,0.0,0,3.427211777307093e-05,0,2.7551366337274956e-05,0,1.276893770344647e-06,0,1.3609901543532033e-05,0,2.9598388209706172e-05,0
0,1,0.0006171339056493864,0,0.05,0,0.002671849448233843,0,0.0027532235199191233,0,0.009574511043220714,0,0.0021992353722453117,0,0.011082601733505726,0
0,5,0.6197584986870486,0,0.01,0,0.0018895278917625546,0,0.0004767112587073734,0,0.07029678863914099,0,0.09542596340179443,0,0.10056766867637634,0
0,3,0.06635818311606034,0,0.0,0,0.0013488746481016278,0,7.843119201179112e-05,0,0.01452478892210243,0,0.0015434317756444216,0,0.004685445223003626,0
0,1,0.00626176959380046,0,0.04,0,0.0002946749154943973,0,4.639467476618023e-05,0,0.0004125268484190101,0,0.005530248396098614,0,0.018101871013641357,0
0,5,2.0146477353876328e-09,0,0.0,0,3.0337827411131002e-05,0,7.426230757949016e-05,0,4.773347520926378e-07,0,6.390416820067912e-05,0,7.065493264235556e-05,0
0,5,0.00012208185963296717,0,0.02,0,1.4531860870192759e-05,0,6.521723762429013e-05,0,0.00037010161411720887,0,0.0009843982988968492,0,0.018091171979904175,0
0,4,0.0012226543480780758,0,0.01,0,4.1238028643419966e-05,0,4.681960545162356e-05,0,2.3817888447381934e-06,0,0.00015998257731553167,0,0.0027654010336846113,0
0,5,0.002286600721097235,0,0.0,0,3.290679887868464e-05,0,6.438312269412531e-05,0,2.1308134812814202e-07,0,0.00011941380944335833,0,0.0004278867272660136,0
0,1,9.95909925235775e-08,0,0.0,0,1.1900404388143215e-05,0,2.5081787018747772e-05,0,2.504435482043744e-06,0,1.4096216546022333e-05,0,3.370726335560903e-05,0
0,5,0.0001519720468954439,0,0.0,0,1.6253074136329815e-05,0,3.249389262978982e-05,0,3.766695549530946e-05,0,7.419793109875172e-05,0,0.0002478047681506723,0
0,5,0.00020305206467211058,0,0.0,0,5.283900463837199e-06,0,1.9170831835822003e-05,0,0.00028077185149729094,0,0.00038528998265974224,0,0.004011054988950491,0
0,4,5.6789502042400214e-05,0,0.01,0,4.6868494791851845e-06,0,2.569967900947929e-05,0,1.527915779795603e-05,0,0.0003168181865476072,0,2.577174200268928e-05,0
0,4,1.5378190364946755e-05,0,0.0,0,6.843240043963306e-06,0,3.6754161286529204e-05,0,3.997774156052862e-05,0,1.4256044778448995e-05,0,0.00020474160555750132,0
0,5,2.670559963148105e-05,0,0.01,0,0.003685167757794261,0,0.00013460422550309133,0,0.007589568890869466,0,0.07695934176445007,0,0.060175951570272446,0
0,1,0.11096665096383894,0,0.02,0,0.013862702064216137,0,0.0018228031267962174,0,0.006178875143349496,0,0.02848815731704235,0,0.10684219002723694,0
0,5,0.005269179152102075,0,0.03,0,0.01934060826897621,0,0.025776061316868437,0,0.008945586549994927,0,0.04260525479912758,0,0.03062630444765091,0
0,4,0.14776116222039218,0,0.03,0,0.00031583229429088533,0,0.00036251348702238793,0,0.05841488388792327,0,0.016342781484127045,0,0.017545372247695923,0
0,5,7.196788622016911e-08,0,0.0,0,1.565078832754807e-06,0,1.9801465366896157e-05,0,3.929791686489916e-08,0,8.12532744021155e-06,0,1.2981662621314172e-05,0
0,5,3.235426378465257e-05,0,0.0,0,1.217744193127146e-05,0,8.53770718166086e-05,0,2.5163079985946027e-07,0,3.678720531752333e-05,0,0.00011271980474703014,0
0,2,0.0011376915395525777,0,0.0,0,0.0006540667382068932,0,7.350007426001618e-05,0,0.0010625281673471776,0,0.0015928623033687472,0,0.005178216844797134,0
0,4,0.013790527845741897,0,0.07,0,0.0009122242336161435,0,0.00021056318456806733,0,0.01391836157614632,0,0.012752559967339039,0,0.019283205270767212,0
0,2,1.7803936341138458e-11,0,0.07,0,0.0007659015245735645,0,0.0010246316511953251,0,0.004953987552747608,0,0.030491512268781662,0,0.04761635512113571,0
0,5,6.797129483186761e-05,0,0.03,0,4.109344445168972e-05,0,2.1372291999503707e-05,0,1.6523792662026695e-05,0,0.00028132551233284175,0,0.0029282080940902233,0
0,3,0.0031074788893427872,0,0.04,0,0.004203694872558117,0,0.0004020759298979422,0,0.010450512958126212,0,0.005717555060982704,0,0.007249713875353336,0
0,2,0.15836758998913847,0,0.01,0,0.004807908553630114,0,0.0005726135752315411,0,0.0016371448949717429,0,0.018649952486157417,0,0.02388824336230755,0
0,3,0.0034271857006103554,0,0.02,0,0.00039501316496171057,0,0.00020448110433255842,0,6.088561584996729e-05,0,0.0008585898322053254,0,0.006101981271058321,0
0,3,0.00038941521093562704,0,0.01,0,8.406992128584534e-05,0,3.0741417904191323e-05,0,0.0008838265187755023,0,0.0002455043140798807,0,0.000998227158561349,0
0,1,0.7454920679818442,0,0.18,1,0.08916274458169937,0,0.029092929598846337,0,0.0731006575471631,0,0.056253548711538315,0,0.09169851988554001,0
0,5,0.0004528636098564521,0,0.0,0,0.00017732295964378864,0,3.855347814492102e-05,0,2.530494266288158e-07,0,0.00017456307250540704,0,0.00012939918087795377,0
0,4,0.024263582735707463,0,0.01,0,0.00010518715134821832,0,4.040944385473483e-05,0,1.986875366964906e-06,0,0.0003540610778145492,0,0.00018521799938753247,0
0,4,0.00040625038547261263,0,0.05,0,6.557960296049714e-05,0,0.001246675591433005,0,0.0004870167536859114,0,0.0009664340177550912,0,0.011796635575592518,0
0,5,0.0004996996426293084,0,0.02,0,0.0030662505887448788,0,0.0003709390240312269,0,0.0036182860160975812,0,0.027827350422739983,0,0.009675574488937855,0
0,1,0.06833367887228506,0,0.08,0,0.0013965028338134289,0,0.006434053393399831,0,0.01041279716385223,0,0.0006020604632794857,0,0.002629196271300316,0
0,1,0.00017369710811918144,0,0.01,0,2.404597216809634e-05,0,2.4362593523298548e-05,0,0.0003029371690398068,0,0.0006342623382806778,0,0.00047164043644443154,0
0,3,0.03775570126346697,0,0.02,0,4.962274033459835e-05,0,6.421289023528043e-05,0,1.7280551632686518e-05,0,0.00010471409768797457,0,0.0001946055272128433,0
0,1,0.0028225534317520024,0,0.01,0,0.00011928286403417587,0,8.54496850188308e-05,0,7.00323219995721e-06,0,0.00012241255899425596,0,0.0013597471406683326,0
0,4,0.005298705136965384,0,0.07,0,0.009894629940390587,0,0.02073530291991127,0,0.13307045530807263,0,0.016205795109272003,0,0.06698746234178543,0
0,5,0.7436572068423111,0,0.03,0,0.004864292684942484,0,0.00019635064317649774,0,0.0009597236878775008,0,0.012129699811339378,0,0.028426170349121094,0
0,1,0.05910395937096381,0,0.08,0,0.16537794470787048,1,0.004477405552513275,0,0.0032506433746275973,0,0.006104623433202505,0,0.005083051044493914,0
0,4,3.242156867000094e-05,0,0.0,0,3.2608477340545505e-06,0,1.6375663073942387e-05,0,2.2260983629928958e-07,0,8.310992416227236e-05,0,3.0794370104558766e-05,0
0,5,0.007910078430354848,0,0.03,0,0.0007866026135161519,0,0.00021658072598231784,0,0.002432098902179581,0,0.004528050310909748,0,0.056453458964824677,0
0,1,0.005786416514494001,0,0.01,0,0.0003417432017158717,0,9.298626717936748e-05,0,0.0003162079210744379,0,0.001420146320015192,0,0.002480492927134037,0
0,3,2.7527377046022103e-06,0,0.02,0,0.000232743623200804,0,7.824442631957844e-05,0,0.00013089297950053468,0,3.139405089314096e-05,0,0.0010970047442242503,0
0,5,0.0015830301339325443,0,0.0,0,0.00012681065709330142,0,9.138242305674061e-05,0,2.4219574664469073e-05,0,0.0008234503911808133,0,0.003139882581308484,0
0,1,0.30740537906590415,0,0.0,0,1.3978893548483029e-05,0,5.9449254623267694e-05,0,0.0014163175078922255,0,0.0005371338920667768,0,0.0021044169552624226,0
0,4,0.0011134906244669846,0,0.01,0,0.002644421998411417,0,9.532464896166755e-05,0,0.0024755565845080616,0,0.015011409297585487,0,0.004036490339785814,0
0,3,0.9401415534771904,0,0.05,0,0.00010770906374091282,0,0.00023964787870551377,0,0.003766344303845526,0,0.011672304011881351,0,0.015524827875196934,0
0,4,0.6423241472240009,0,0.03,0,0.001641019363887608,0,0.00039204949735225194,0,0.02299625455274964,0,0.002213445957750082,0,0.0023744578938931227,0
0,5,3.747455112143315e-10,0,0.0,0,1.2084312402294017e-05,0,2.341763725227969e-05,0,2.0411294403272825e-07,0,4.173972411081195e-05,0,0.0002676111471373588,0
0,2,0.0004385409503673319,0,0.0,0,0.00012794180656783283,0,3.3520880550092915e-05,0,4.981598242391537e-06,0,7.581357203889638e-05,0,0.0006875141989439726,0
0,3,4.638910006916758e-06,0,0.0,0,2.635731470945757e-05,0,0.0009827382109199106,0,1.2099565230295147e-05,0,4.107310815015808e-05,0,0.00037709486787207425,0
0,4,0.0016667710690172377,0,0.0,0,0.00036910601193085313,0,4.563571270385674e-05,0,1.4336755444101178e-05,0,9.381112613482401e-05,0,0.0007771486998535693,0
0,3,0.0016643613519422534,0,0.04,0,0.0002315371239092201,0,3.510636903806827e-05,0,2.1862119074516864e-05,0,3.181960710207932e-05,0,0.0006027031922712922,0
0,4,0.30765063476182225,0,0.04,0,0.012226109392940998,0,0.0011491128762296204,0,0.06158788266751215,0,0.02883845381438732,0,0.027251455932855606,0
0,2,0.0001284051114646085,0,0.01,0,0.00022855527640786022,0,1.7047782438294082e-05,0,2.582883472444251e-07,0,2.0348139514680952e-05,0,0.00024054032110143453,0
0,2,0.0023807517687728054,0,0.01,0,0.0013909650733694434,0,0.000856705625356353,0,0.0006661886390956078,0,0.0013784529874101281,0,0.0034095998853445053,0
0,5,0.00023368207087381596,0,0.0,0,8.904525748221204e-05,0,3.28367345194484e-05,0,8.713780783593368e-06,0,7.01998797012493e-05,0,0.0011291479459032416,0
0,5,0.00034774460834254033,0,0.03,0,4.366197117633419e-06,0,3.525456672706816e-05,0,0.0006123406616807055,0,0.005702485330402851,0,0.021810632199048996,0
0,3,0.002348305265109553,0,0.03,0,1.9383323888177983e-05,0,5.45923601807967e-05,0,0.0001861798591114598,0,0.00011909342720173299,0,0.0007124015246517956,0
0,5,0.0006748563699917531,0,0.03,0,0.00018353993073105812,0,0.00019935144738736005,0,0.00800052859459497,0,0.000835286162327975,0,0.015371590852737427,0
0,2,6.863036316220692e-06,0,0.0,0,0.00020860425138380378,0,2.9192288300895975e-05,0,3.1525350644057347e-06,0,1.877700378827285e-05,0,3.3149743103422225e-05,0
0,3,1.255758472096728e-06,0,0.0,0,5.420101297204383e-05,0,2.7350851807137626e-05,0,2.9945379484700528e-06,0,0.00015273538883775473,0,0.0006221120129339397,0
0,3,1.4841423204209448e-07,0,0.0,0,7.589608230773592e-06,0,2.0123145507430097e-05,0,7.351958252856425e-08,0,1.2577093002619222e-05,0,1.875884845503606e-05,0
0,2,0.012344054498323518,0,0.02,0,0.00016298782429657876,0,0.00021221546779313,0,0.0020261328705924123,0,0.004008627496659756,0,0.015006324276328087,0
0,4,0.10194294440995774,0,0.0,0,5.950934428256005e-05,0,5.326339434599228e-05,0,3.548951939547785e-05,0,0.0012840392300859094,0,0.008625884540379047,0
0,3,0.0009806957270768202,0,0.0,0,0.002463327953591943,0,4.537075541413741e-05,0,1.1510238972930257e-05,0,3.7699883250752464e-05,0,6.851543002994731e-05,0
0,2,0.936127223732303,0,0.03,0,0.00047730555525049567,0,0.00012625575384749295,0,0.0022052339912442443,0,0.01015852764248848,0,0.013235937803983688,0
0,2,0.00066201646653425,0,0.01,0,4.007631105196197e-06,0,1.934997889358117e-05,0,5.377006626304152e-05,0,0.0004527076962403953,0,0.001008127350360155,0
0,3,0.011546152852502285,0,0.01,0,5.451088145491667e-05,0,8.338222210891017e-05,0,6.373816393965148e-05,0,0.0021477467380464077,0,0.008991146460175514,0
0,2,0.08242842889034166,0,0.01,0,4.137992800679058e-05,0,3.800813388828837e-05,0,0.00031554707572181636,0,0.001248402870260179,0,0.00510522723197937,0
0,1,0.0008213538913471378,0,0.03,0,1.5546773283858784e-05,0,1.4264045923169253e-05,0,1.2768789717247898e-05,0,0.0020583427976816893,0,0.004430993925780058,0
0,1,0.006272917340236564,0,0.0,0,3.886860577040352e-05,0,3.151986765845646e-05,0,8.923203457224084e-05,0,0.0002499868569429964,0,0.0008056696387939155,0
0,2,2.1698695396519175e-05,0,0.01,0,9.398767360835336e-06,0,1.674393565051845e-05,0,5.812766969795031e-06,0,0.0005860638339072466,0,0.0009806915186345577,0
0,4,0.0009948139133066885,0,0.01,0,0.00041340672760270536,0,9.143021755109321e-05,0,5.679365958016527e-06,0,0.00022328260820358992,0,0.023034004494547844,0
0,2,0.006082822356802376,0,0.0,0,4.072027877555229e-05,0,0.00011037782899472693,0,3.498127248958254e-05,0,0.000778344867285341,0,0.0026963837444782257,0
0,1,0.19110716373492773,0,0.0,0,8.500146941514686e-05,0,5.0497803156690956e-05,0,0.0006038081316452513,0,0.0024256203323602676,0,0.0017659199656918645,0
0,2,3.1144447636900727e-06,0,0.0,0,9.415810200152919e-05,0,4.3502817256726e-05,0,3.511335154553429e-06,0,1.8525568520999514e-05,0,5.276331285131164e-05,0
0,1,5.5693098628939756e-05,0,0.01,0,0.0006770870531909168,0,7.706601438184764e-05,0,3.936432042283438e-06,0,0.00045406079152598977,0,0.003557102521881461,0
0,5,4.2699889041836324e-05,0,0.02,0,0.00021949686924926937,0,0.00020684300051259703,0,1.0495100090572891e-05,0,0.0008928923634812236,0,0.001716752303764224,0
0,2,0.08512616144774265,0,0.01,0,1.7835474864114076e-05,0,0.00020152541609070346,0,5.157446280893617e-06,0,0.0010095901088789105,0,0.002145900158211589,0
0,5,1.4104794856524046e-05,0,0.0,0,0.0008121777209453285,0,5.155658779499987e-05,0,5.505176965373381e-07,0,0.00011752180580515414,0,0.000305092689814046,0
0,1,0.0038351953778014984,0,0.03,0,0.0011827225098386407,0,0.0001864604742636734,0,0.00016729269762241484,0,0.008132074028253555,0,0.012683047913014889,0
0,1,0.0010453627160377263,0,0.0,0,1.142183282354381e-05,0,8.875756133549885e-05,0,1.4339906283509318e-05,0,2.228908851975575e-05,0,0.0003308718150947243,0
0,5,3.759814335302866e-07,0,0.01,0,5.360555951483548e-05,0,4.7463982115921516e-05,0,9.439831014182595e-07,0,4.657363024307415e-05,0,0.00020285988284740597,0
0,1,2.5425532946180124e-08,0,0.02,0,0.00040562558569945395,0,7.081482701133572e-05,0,5.3426284196813696e-06,0,3.105964424321428e-05,0,6.886610935907811e-05,0
0,1,0.0004797166664416652,0,0.0,0,1.2275677363504656e-05,0,2.3819801593870816e-05,0,5.8852643940871096e-05,0,1.230847010447178e-05,0,0.00012825519661419094,0
0,5,0.0005126100596650302,0,0.0,0,0.0007343520410358906,0,0.00018000559373025475,0,0.0011795713579139154,0,0.00031715165823698044,0,0.005868205800652504,0
0,1,0.23991365235190498,0,0.1,0,0.0013200213434174657,0,0.0002491644695121087,0,0.013494206899437427,0,0.0022516909521073103,0,0.010635167360305786,0
0,4,0.002970117979273668,0,0.01,0,4.580414497468155e-06,0,0.0001885523328716969,0,4.0143567747546986e-05,0,0.045456938445568085,0,0.00501551479101181,0
0,1,0.005391780240152227,0,0.0,0,6.431028305087239e-05,0,3.676715303454139e-05,0,0.00013056502748411437,0,0.0009456200641579926,0,0.0003438426647335291,0
0,2,0.8741183776379039,0,0.02,0,5.01587892358657e-05,0,0.0001409630362981982,0,0.00018817646805718347,0,0.0024444125592708588,0,0.011910172179341316,0
0,4,0.000259943091771242,0,0.0,0,1.5123060620680917e-05,0,1.701843206960322e-05,0,8.416941647241298e-06,0,0.00012091146345483139,0,0.00047971453750506043,0
0,1,1.249879939326308e-06,0,0.0,0,3.106744043179788e-05,0,1.799939847138381e-05,0,1.3142284827182177e-05,0,1.2153221177868545e-05,0,0.00010074149031424895,0
0,5,0.0008565661061675661,0,0.01,0,0.0003249958681408316,0,0.0001519931380279583,0,5.2348438304163886e-05,0,0.004017121624201536,0,0.0047521586529910564,0
0,1,0.00039030683107412406,0,0.04,0,5.935394437983632e-05,0,0.00010893390090529382,0,0.0014997721120623105,0,0.0019333268282935023,0,0.028510313481092453,0
0,1,5.802734399927042e-08,0,0.0,0,1.4690275747852866e-05,0,3.4207001582688726e-05,0,3.3999233990948674e-06,0,0.0010406249202787876,0,0.0030736038461327553,0
0,2,0.0005008630375512689,0,0.02,0,9.209117706632242e-06,0,5.4353598081904605e-05,0,4.1083091200492217e-07,0,2.65473427134566e-05,0,0.0001772687683114782,0
0,5,2.1176381516233752e-07,0,0.0,0,5.007900654163677e-06,0,1.983923541198053e-05,0,4.828688381250074e-08,0,5.302986210153904e-06,0,1.2981662621314172e-05,0
0,3,0.0007511581290105186,0,0.0,0,3.995057340944186e-05,0,3.8271262432660435e-05,0,4.2979042396354295e-06,0,0.0001532214373582974,0,0.000357525801518932,0
0,3,0.0017953300274505459,0,0.0,0,5.4797860684629995e-06,0,2.7325498138760496e-05,0,1.0955363255412548e-06,0,0.00030485898605547845,0,0.00022339449787978083,0
0,4,9.531280217206262e-05,0,0.01,0,9.363020217278972e-05,0,4.798466613437136e-05,0,2.308288578687449e-06,0,5.718145985156298e-05,0,7.074845052557066e-05,0
0,1,0.0007852669301445225,0,0.01,0,4.448210893315263e-05,0,5.218427266088469e-05,0,0.00010934560896861077,0,0.0011058837408199906,0,0.0022348558995872736,0
0,2,0.0014593941755665922,0,0.02,0,2.080165359075181e-06,0,3.924447512079223e-05,0,0.002545455705872584,0,0.0011259320890530944,0,0.0040348670445382595,0
0,5,0.2297711779604379,0,0.03,0,0.0005635792040266097,0,5.8280256802128625e-05,0,5.693934485535839e-05,0,0.012188528664410114,0,0.11792977154254913,0
0,1,0.01787975269049817,0,0.0,0,1.6197804143303074e-05,0,1.9810850853684325e-05,0,7.126725411587939e-05,0,0.00034885280183516443,0,0.0009442353621125221,0
0,4,0.43333167731181643,0,0.03,0,0.1529296189546585,0,0.023780658064387845,0,0.084727635730959,0,0.050319451838731766,0,0.059985172003507614,0
0,1,0.0708197573073735,0,0.02,0,0.002328830072656274,0,0.09676537266834616,1,0.034420451015046,0,0.0034993120934814215,0,0.00464958930388093,0
0,3,0.0006511735144405077,0,0.01,0,0.00032713302061893046,0,0.00044521406609482594,0,0.000870487850249432,0,0.0022209007292985916,0,0.026020647957921028,0
0,5,0.01236827486889447,0,0.0,0,0.00014208743232302368,0,4.212662072068925e-05,0,1.4866069692633568e-05,0,0.0002372223825659603,0,0.0007374222623184323,0
0,2,0.00014256297822944273,0,0.0,0,0.00015691231237724423,0,2.9156914664544605e-05,0,0.00454687225374284,0,0.0004222095594741404,0,0.004653332754969597,0
0,3,0.001105445763498876,0,0.0,0,1.9612365576904267e-05,0,2.4356650938589338e-05,0,2.347659817146802e-05,0,0.00015436038665939122,0,0.00026700732996687293,0
0,4,0.004606085363405681,0,0.04,0,0.0018398662796244025,0,0.001341548522887059,0,0.0002070295280483558,0,0.014998369850218296,0,0.036421358585357666,0
0,4,0.015741424175596187,0,0.01,0,0.0006779393879696727,0,0.0009339485857128005,0,0.012576297429494579,0,0.0016449243994429708,0,0.0029250262305140495,0
0,4,0.598449018983161,0,0.04,0,0.0002322032378287986,0,9.364925139184584e-05,0,0.00069705331741103,0,0.00626008678227663,0,0.01785980351269245,0
0,1,0.10941866905274668,0,0.11,1,0.40985798835754395,1,0.08774960747237286,1,0.3581246967020114,1,0.0305976290255785,0,0.03504534810781479,0
0,4,0.0870000066796588,0,0.03,0,0.0003225065884180367,0,0.0009587465283386289,0,0.0024427543407236642,0,0.009445780888199806,0,0.07087288051843643,0
0,1,0.0106844384375397,0,0.04,0,0.0032085487619042397,0,0.0025876983501530674,0,0.023362085705293665,0,0.0004651780764106661,0,0.010522767901420593,0
0,5,0.0021314993009905435,0,0.1,0,0.05383661016821861,0,0.03566258660084373,0,0.10479777743767042,0,0.028701603412628174,0,0.06919663399457932,0
0,3,0.9984233111823159,1,0.1,0,0.4809795320034027,1,0.10800313016260189,1,0.474796440187847,1,0.28440845012664795,1,0.36602407693862915,1
0,5,0.00022590133266162216,0,0.01,0,0.0003473994438536465,0,7.94633741973615e-05,0,4.341853634195423e-06,0,4.554512270260602e-05,0,0.0005003167316317558,0
0,4,0.04238854346627502,0,0.05,0,0.0022852697875350714,0,0.00021313166686140705,0,0.009367707608751892,0,0.005069323815405369,0,0.003330299397930503,0
0,2,3.385089059449429e-06,0,0.0,0,1.3391311767918523e-05,0,2.536023597471883e-05,0,3.684442676332377e-07,0,1.1661900316539686e-05,0,1.690823773969896e-05,0
0,1,0.9015937376014405,1,0.1,0,0.013297183439135551,0,0.0016527087451280538,0,0.11693799049680113,0,0.1362180858850479,0,0.33780789375305176,1
0,5,0.006396438996087261,0,0.07,0,0.09040169417858124,0,0.18712298671061495,1,0.03825563268093734,0,0.003928180783987045,0,0.08550063520669937,0
0,5,0.0005535139890067986,0,0.0,0,2.874708479794208e-05,0,1.964551507469535e-05,0,1.9434846192768993e-07,0,0.00030312989838421345,0,0.00040380519931204617,0
0,3,0.007259645527560377,0,0.0,0,3.747496157302521e-05,0,9.317043821779846e-05,0,0.0005441342928196064,0,0.0026595054659992456,0,0.000806331227067858,0
0,5,0.0010644789903438603,0,0.01,0,3.509182351990603e-05,0,2.1340886536048493e-05,0,7.394819629385623e-07,0,0.0006923182518221438,0,0.0004892289289273322,0
0,4,5.211365168203284e-06,0,0.0,0,9.979753485822584e-06,0,2.068078477934097e-05,0,5.136373268288559e-07,0,5.355202119972091e-06,0,1.7236867279279977e-05,0
0,3,0.016316553363988115,0,0.05,0,0.13341037929058075,0,0.007163723553910863,0,0.01642113524121302,0,0.018581757321953773,0,0.0325094498693943,0
0,1,0.985882386020649,1,0.0,0,0.004559867549687624,0,3.3601836867906996e-05,0,0.0002546928057269334,0,0.10128297656774521,0,0.013539488427340984,0
0,4,0.9592237142537183,0,0.15,1,0.04467913880944252,0,0.09400247495814318,1,0.6829190508292415,1,0.3806884288787842,1,0.5294870138168335,1
0,2,0.01119139499983611,0,0.05,0,0.00035972241312265396,0,7.463941922899668e-05,0,3.968230576223126e-05,0,0.004958375357091427,0,0.014626987278461456,0
0,3,0.018755339641050632,0,0.05,0,0.0053765191696584225,0,0.00021380527942361537,0,0.0032436033017738124,0,0.03741234540939331,0,0.02502778172492981,0
0,3,6.431857768858916e-06,0,0.01,0,7.039926276775077e-05,0,0.00010882952987021048,0,0.0006238668390342462,0,0.0001201260820380412,0,0.003697870532050729,0
0,5,2.5359215348233175e-07,0,0.06,0,0.001630426850169897,0,4.158149355136971e-05,0,1.0352367410129898e-05,0,2.0324008801253513e-05,0,0.0007556953351013362,0
0,4,0.00012143377664800261,0,0.0,0,1.7184178432216868e-05,0,1.9122314593197048e-05,0,0.00018226431373663532,0,0.0002533970109652728,0,0.00016472212155349553,0
0,1,0.0003869698459273922,0,0.0,0,9.878218406811357e-06,0,2.2409071881935847e-05,0,3.69592232672477e-05,0,3.519867459544912e-05,0,0.00010367957293055952,0
0,5,0.0016226566011246454,0,0.01,0,0.0004033711738884449,0,3.646716566955577e-05,0,0.0007220141928914732,0,0.006723605562001467,0,0.0017176182009279728,0
0,1,0.020850505281282804,0,0.03,0,0.00018647860269993544,0,6.359417751400296e-05,0,0.0001229162514737312,0,0.000374036404537037,0,0.00027932444936595857,0
0,1,2.3259051120182918e-07,0,0.0,0,1.49819798025419e-05,0,2.119424392010566e-05,0,1.5098269994751852e-07,0,6.319206931948429e-06,0,2.2315365640679374e-05,0
0,4,0.1985465504324587,0,0.05,0,0.0009072708780877292,0,0.0006644976114968944,0,0.03352869405823696,0,0.011051584966480732,0,0.03892534598708153,0
0,1,3.4064332285750523e-06,0,0.0,0,4.789514150616014e-06,0,2.0686519988223742e-05,0,1.7632483641237224e-08,0,6.520072929561138e-06,0,2.3728160158498213e-05,0
0,5,0.00013305864957707667,0,0.0,0,2.3421007426804863e-05,0,3.425950947807536e-05,0,5.996126220216124e-05,0,0.00013663311256095767,0,0.0005667570512741804,0
0,2,1.6915769659679221e-06,0,0.0,0,6.965969078009948e-06,0,2.436283447040106e-05,0,2.7507808297835977e-07,0,1.2824271834688261e-05,0,0.0005124525632709265,0
0,3,0.04882349458091413,0,0.0,0,9.946687896444928e-06,0,2.666627702785215e-05,0,3.304319611585929e-05,0,5.1185306801926345e-05,0,0.00018134404672309756,0
0,5,0.001549137325163492,0,0.06,0,0.01771687902510166,0,0.004159546180572423,0,0.1269620349308705,0,0.01343010738492012,0,0.14798930287361145,0
0,1,4.2762029824168575e-07,0,0.0,0,3.4072156267939135e-05,0,4.8544162005630267e-05,0,3.2904842991324387e-06,0,0.0005313436267897487,0,0.00019418442388996482,0
0,2,0.3834974331096449,0,0.01,0,6.615577876800671e-05,0,6.602797655512966e-05,0,0.0009187843682786843,0,0.0006117470329627395,0,0.0029176652897149324,0
0,3,0.5102264277496256,0,0.01,0,0.00044368894305080175,0,0.0011464835210713358,0,0.02886592064401623,0,0.02085413783788681,0,0.008305211551487446,0
0,1,3.927843078076887e-06,0,0.01,0,0.00022362287563737482,0,4.095714651169638e-05,0,1.4736846711879854e-06,0,0.00021385164291132241,0,0.00010855033178813756,0
0,2,8.175613213273254e-06,0,0.0,0,1.328995313087944e-05,0,2.338143919399459e-05,0,1.598293625104126e-06,0,1.9872002667398192e-05,0,5.8972189435735345e-05,0
0,4,1.2746776231886444e-08,0,0.01,0,4.108334451302653e-06,0,2.1300620950677354e-05,0,3.835441936940769e-08,0,5.1124984565831255e-06,0,1.387859447277151e-05,0
0,4,0.002559688239022379,0,0.0,0,6.230849248822778e-05,0,0.00020255415954851676,0,8.296229529837936e-05,0,0.0008059346000663936,0,0.0016546708066016436,0
0,5,0.002498102961508833,0,0.02,0,0.00027913611847907305,0,7.252803968446846e-05,0,0.03842969765894321,0,0.0006438888376578689,0,0.002201352035626769,0
0,2,0.007038326265333708,0,0.02,0,6.0370730352588e-05,0,5.985896745558441e-05,0,4.644828913444302e-06,0,0.000837966741528362,0,0.0018914180109277368,0
0,4,2.210618316499486e-06,0,0.0,0,2.7402800697018392e-05,0,2.6954486557311666e-05,0,3.703733651376126e-07,0,1.0090891919389833e-05,0,5.104645242681727e-05,0
0,4,7.953293110603228e-06,0,0.0,0,3.591196218621917e-06,0,2.132836923867351e-05,0,7.089121501711317e-08,0,5.349635102902539e-06,0,1.4186884982336778e-05,0
0,4,0.20738706054747563,0,0.0,0,6.885309267090634e-05,0,4.447048471739943e-05,0,0.0009160124340911348,0,0.007322318851947784,0,0.01080237329006195,0
0,1,0.005700850982185832,0,0.02,0,0.0011801072396337986,0,0.0001417861000917058,0,0.008872159220261928,0,0.0019708271138370037,0,0.004538225010037422,0
0,2,0.006812122980439628,0,0.01,0,0.0016007121885195374,0,0.002277415400095408,0,0.07417855410642207,0,0.011020987294614315,0,0.0080029908567667,0
0,2,0.0002605409873140442,0,0.0,0,0.00011415111657697707,0,4.790767775533614e-05,0,1.5589302845513833e-06,0,4.2060371924890205e-05,0,8.216076093958691e-05,0
0,1,0.00034682878412045886,0,0.0,0,0.00011089950567111373,0,2.915752956113906e-05,0,4.879101730892939e-06,0,0.00014039367670193315,0,0.00029567343881353736,0
0,5,0.001756871089180459,0,0.01,0,1.6946363757597283e-05,0,2.4637188980177432e-05,0,8.365816768552193e-05,0,0.0007303711608983576,0,0.004406362771987915,0
0,1,0.0008005638574745378,0,0.01,0,3.159120024065487e-05,0,2.7195093538872008e-05,0,1.941385685942495e-06,0,0.00012846794561482966,0,0.00010504511737963185,0
0,5,0.0035405051633944644,0,0.01,0,1.060561953636352e-05,0,2.2457583328792308e-05,0,3.676504764382797e-05,0,0.0003521648177411407,0,0.000870675256010145,0
0,5,0.18010496619775446,0,0.01,0,8.612941746832803e-05,0,5.230116435025251e-05,0,0.00046647406439260413,0,0.00146787753328681,0,0.004995077848434448,0
0,4,0.12356539684777017,0,0.0,0,9.749096534505952e-06,0,2.361603702033097e-05,0,1.0093935389263021e-05,0,0.00022273151262197644,0,0.0003923680051229894,0
0,3,0.003032080668590823,0,0.02,0,0.0012911624507978559,0,0.0007253343459826433,0,0.0016309546857351605,0,0.0038522188551723957,0,0.005549213849008083,0
0,1,0.0010171947766528576,0,0.01,0,0.00011057626397814602,0,3.169094905976872e-05,0,0.0031530583956240355,0,0.001203022664412856,0,0.0006815472734160721,0
0,3,0.9805805186466549,1,0.01,0,0.0015365969156846404,0,0.00031260188598997656,0,0.008673299571410118,0,0.013464495539665222,0,0.019221508875489235,0
0,5,6.346952166723626e-06,0,0.0,0,8.797966438578442e-05,0,2.1511940764006252e-05,0,5.5959260455583905e-08,0,1.0072220902657136e-05,0,1.3488580407283735e-05,0
0,3,1.899210590976307e-07,0,0.0,0,1.4096660379436798e-05,0,2.1363965225583216e-05,0,1.5850019256852596e-06,0,1.0156816642847843e-05,0,1.852827517723199e-05,0
0,3,1.891207420410529e-07,0,0.0,0,9.205339301843196e-05,0,2.4844226845813287e-05,0,5.735599200971438e-07,0,3.096383443335071e-05,0,3.657610795926303e-05,0
0,1,2.077701739043941e-08,0,0.0,0,2.7573544230108382e-06,0,2.0999562048173292e-05,0,8.119798471349675e-08,0,5.846902240591589e-06,0,1.516756401542807e-05,0
0,1,6.860205820991772e-07,0,0.0,0,3.026327931365813e-06,0,2.8808054538662326e-05,0,1.8846698633752695e-06,0,1.0236519301543012e-05,0,3.839264900307171e-05,0
0,5,0.00013356738089425983,0,0.0,0,2.4015744202188216e-05,0,2.5523878689410644e-05,0,2.3668698148968446e-07,0,3.598294279072434e-05,0,2.429098094580695e-05,0
0,1,0.1596552262959643,0,0.03,0,0.0010247085010632873,0,4.872380016749691e-05,0,8.620362449199353e-05,0,0.0004879329935647547,0,0.0006291933823376894,0
0,2,0.001457614653373914,0,0.0,0,6.700254016323015e-05,0,2.0399034129849723e-05,0,1.953437977437051e-06,0,6.354566721711308e-05,0,0.00018276611808687449,0
0,1,0.00045293455936747784,0,0.03,0,0.0003882692544721067,0,0.00020732197178063876,0,3.918968134078014e-06,0,2.652972034411505e-05,0,8.837482164381072e-05,0
0,5,1.0586727918949665e-06,0,0.0,0,0.00017641630256548524,0,0.0001491361219843898,0,1.4081298588475981e-06,0,3.8678284909110516e-05,0,0.00014084516442380846,0
0,5,1.5784048036494973e-08,0,0.0,0,1.3787961506750435e-05,0,2.1583166432966543e-05,0,4.4818223399357455e-07,0,1.5284260371117853e-05,0,3.350363840581849e-05,0
0,1,7.160334275574914e-05,0,0.0,0,1.1795650607382413e-05,0,2.1049760959943686e-05,0,1.5026441499376093e-08,0,4.297342911740998e-06,0,1.777384568413254e-05,0
0,4,0.0005757546417552786,0,0.01,0,5.496197263710201e-05,0,3.676307982832792e-05,0,2.3791525632614288e-05,0,0.00011783419904531911,0,0.0006734407506883144,0
0,4,0.0006135583065867857,0,0.0,0,6.117511657066643e-05,0,2.9930746081368733e-05,0,5.033585540986469e-07,0,5.1704781071748585e-05,0,4.721101504401304e-05,0
0,4,0.95265857627088,0,0.01,0,0.008789421990513802,0,0.00034792455162327657,0,0.031039668025338817,0,0.0060090189799666405,0,0.014328595250844955,0
0,1,3.478951405786821e-06,0,0.0,0,0.00030710824648849666,0,2.5546440763369774e-05,0,1.795487078302336e-06,0,8.465961582260206e-05,0,0.00010995915363309905,0
0,4,0.0008416692967965271,0,0.0,0,4.2656538425944746e-05,0,4.052324407374316e-05,0,4.019405106608118e-06,0,2.3711576432106085e-05,0,0.0001295398105867207,0
0,1,0.02107398314777485,0,0.0,0,9.000274440040812e-05,0,2.0905310182027874e-05,0,2.524829538503222e-06,0,8.92167299753055e-05,0,0.0001478487392887473,0
0,3,0.8047458653044368,0,0.02,0,0.0005111821228638291,0,0.0003769650123531374,0,0.0008656247461174454,0,0.006563133094459772,0,0.010339636355638504,0
0,3,5.7090087379859096e-05,0,0.0,0,6.11326777288923e-06,0,2.351432136408473e-05,0,2.44454212056925e-07,0,2.264125578221865e-05,0,2.7680032872012816e-05,0
0,4,0.078019527368864,0,0.0,0,5.1177063141949475e-05,0,2.5507384444671523e-05,0,2.091965217363161e-05,0,0.0006860917201265693,0,0.0036742286756634712,0
0,5,0.003996811121953034,0,0.0,0,0.00037865861668251455,0,0.00014962741534724127,0,5.662252000911451e-05,0,0.00010575482883723453,0,0.0028108027763664722,0
0,3,1.7912876242529524e-07,0,0.0,0,1.2934073311043903e-05,0,2.483522234992796e-05,0,5.791433240244566e-07,0,4.102975799469277e-05,0,4.775111301569268e-05,0
0,4,5.08020430137355e-08,0,0.0,0,7.165458100644173e-06,0,3.0141456021326144e-05,0,1.2826181582843597e-07,0,7.66467292123707e-06,0,1.5864065062487498e-05,0
0,4,0.012191604489891263,0,0.0,0,1.3935927199781872e-05,0,3.4757517143076896e-05,0,2.008404946358567e-05,0,0.00028373440727591515,0,0.00024693409795872867,0
0,1,0.4834849219742349,0,0.01,0,3.6172361888020532e-06,0,2.3717799334002607e-05,0,1.1181798810218135e-05,0,0.000937140139285475,0,0.0019456398440524936,0
0,4,2.0490570012767566e-05,0,0.01,0,1.3468670658767223e-05,0,2.7356943072331088e-05,0,3.402283366219973e-07,0,1.0375158126407769e-05,0,1.4803846170252655e-05,0
0,4,4.202785386232636e-05,0,0.01,0,9.694599430076778e-05,0,0.00010238584424256726,0,0.00017639115640481428,0,0.0009914158144965768,0,0.0010094945318996906,0
0,1,0.001551773833421555,0,0.01,0,2.672087066457607e-05,0,7.4286030242485e-05,0,1.1076852862879935e-06,0,0.0012695582117885351,0,0.0006699008517898619,0
0,1,0.8460894035455394,0,0.0,0,2.5643455956014805e-05,0,2.0177289524618113e-05,0,9.913903097502516e-06,0,0.0012391614727675915,0,0.0016466629458591342,0
0,2,0.0008409694484645693,0,0.0,0,5.363829586713109e-06,0,2.0073020911306014e-05,0,1.4212342362970075e-05,0,0.00011248038208577782,0,0.00018746274872682989,0
0,5,0.0005147202183825331,0,0.01,0,6.261978705879301e-05,0,2.078455492236317e-05,0,2.47232850778665e-06,0,0.00011666443606372923,0,5.59562977286987e-05,0
0,1,2.8929461536229025e-05,0,0.0,0,2.212144863733556e-05,0,5.6976372061221816e-05,0,7.349176432815476e-08,0,1.2843996955780312e-05,0,1.948281715158373e-05,0
0,5,0.034436759846674506,0,0.0,0,0.0002586827613413334,0,3.126998939471842e-05,0,1.241493867695567e-06,0,3.397280306671746e-05,0,0.0002355900505790487,0
0,2,0.0008776182224265087,0,0.02,0,6.896263948874548e-05,0,7.91390541214661e-05,0,0.005519545454941671,0,0.0002481640549376607,0,0.0012027038028463721,0
0,3,0.0015289487060426946,0,0.0,0,2.1750225641881116e-05,0,4.962869217415972e-05,0,4.778817018033214e-06,0,0.00026974748470820487,0,0.00031982699874788523,0
0,5,3.3923852131806225e-05,0,0.01,0,6.623942317673936e-05,0,2.552728343505767e-05,0,6.2855815586743685e-06,0,0.000726948375813663,0,0.0028906059451401234,0
0,1,4.602262065704657e-06,0,0.0,0,0.00028059512260369956,0,6.995246861613236e-05,0,2.8228423907677415e-05,0,0.0006579006440006196,0,0.00014228558575268835,0
0,1,0.00028320979647576433,0,0.01,0,3.204683889634907e-05,0,2.7397142576663856e-05,0,1.4118464932477774e-06,0,1.7447566278860904e-05,0,6.254750769585371e-05,0
0,4,0.1370592996654654,0,0.01,0,2.9210272259660996e-05,0,2.2769575003240522e-05,0,2.1029998859036513e-05,0,0.0003541253099683672,0,0.00038625262095592916,0
0,3,0.5277321933045712,0,0.04,0,0.03183947131037712,0,0.0006185979212421159,0,0.07937890790435079,0,0.009771500714123249,0,0.007167117204517126,0
0,1,0.0002595584919512906,0,0.0,0,5.31627083546482e-05,0,5.996781009295996e-05,0,1.9838198011722002e-06,0,3.338955866638571e-05,0,0.00021202191419433802,0
0,2,0.009254778924452006,0,0.0,0,5.378330115490826e-06,0,1.9578427352801253e-05,0,3.883513864043569e-05,0,0.0006248654681257904,0,0.0017992994980886579,0
0,2,2.788355086207403e-06,0,0.01,0,0.00010327529889764264,0,2.1169114248765572e-05,0,3.653931099479217e-07,0,1.525819880043855e-05,0,2.1676733013009652e-05,0
0,2,0.06166447577466439,0,0.0,0,6.290365126915276e-05,0,6.642128147656153e-05,0,1.2568169349365054e-05,0,0.00044523124233819544,0,0.0007330503431148827,0
0,2,0.0008010352094705863,0,0.0,0,3.527346279952326e-06,0,5.211274670061915e-05,0,0.00011884563481237968,0,0.0002697222516871989,0,0.0013661516131833196,0
0,2,0.00019958938648202167,0,0.0,0,6.39755626252736e-06,0,3.342722042504967e-05,0,6.309990896028118e-07,0,3.164023291901685e-05,0,6.740400567650795e-05,0
0,3,0.06746412623548988,0,0.02,0,0.0003800975391641259,0,0.00045876284474568685,0,0.023055965797729942,0,0.021458739414811134,0,0.03257782757282257,0
0,1,0.0005074919024887256,0,0.01,0,1.8513730537961237e-05,0,2.0697057787162058e-05,0,5.2768415580713145e-06,0,3.9252889109775424e-05,0,7.450905104633421e-05,0
0,5,4.570120686746343e-06,0,0.01,0,4.021823042421602e-05,0,2.671883316786074e-05,0,3.597413788328217e-07,0,1.3913666407461278e-05,0,4.8681329644750804e-05,0
0,5,0.0016406260573585637,0,0.0,0,3.9478298276662827e-05,0,3.2242086117063087e-05,0,1.2195670966228008e-05,0,9.9430515547283e-05,0,0.0002217669680248946,0
0,1,0.004383693931896021,0,0.01,0,0.0002226660872111097,0,1.9588153193116327e-05,0,2.780839009957872e-05,0,0.00035762396873906255,0,0.00031088682590052485,0
0,4,5.2309780827231665e-05,0,0.01,0,3.2029261092247907e-06,0,2.3609474402626775e-05,0,1.154957218496402e-06,0,7.16318390914239e-06,0,2.4130600650096312e-05,0
0,5,8.25870958336215e-07,0,0.0,0,1.741333653626498e-05,0,2.1505466353378046e-05,0,4.1035004157026996e-08,0,8.604442882642616e-06,0,1.2981662621314172e-05,0
0,3,0.018869330949877625,0,0.07,0,0.002799969632178545,0,0.004965391355384161,0,0.0046148117931699645,0,0.008189195767045021,0,0.045467618852853775,0
0,4,1.9173101987756667e-05,0,0.0,0,5.3354393457993865e-05,0,2.47352708768107e-05,0,1.3142162180860573e-07,0,1.692263685981743e-05,0,2.2105927200755104e-05,0
0,4,0.7785418793363582,0,0.04,0,0.001245952444151044,0,0.001245123811375964,0,0.00934170333025465,0,0.00875146221369505,0,0.01553075760602951,0
0,5,0.00795563910133592,0,0.01,0,0.0009277915232814848,0,2.1580071082546235e-05,0,6.313089507421766e-06,0,0.0001616364170331508,0,0.0007270175847224891,0
0,5,0.0003725763973174286,0,0.0,0,2.8605809347936884e-05,0,2.8467951586487183e-05,0,3.279394568181162e-07,0,1.117469491873635e-05,0,1.9080271158600226e-05,0
0,1,0.044172584260907616,0,0.0,0,4.19777788920328e-05,0,2.6849917184327747e-05,0,3.00040502350118e-06,0,0.0015917869750410318,0,0.0026778990868479013,0
0,1,1.9904842019739628e-08,0,0.0,0,1.4698499398946296e-05,0,2.1049760959943686e-05,0,2.0468634449124353e-08,0,4.932189312967239e-06,0,1.3975053661852144e-05,0
0,2,2.1397765128197615e-05,0,0.0,0,3.606101017794572e-06,0,2.116190586498613e-05,0,1.79040516806604e-08,0,6.713856237183791e-06,0,1.326614528807113e-05,0
0,3,0.0016462001075454907,0,0.0,0,2.504757503629662e-05,0,2.1193197635672966e-05,0,6.234033092979864e-06,0,0.00013749820936936885,0,0.00014654779806733131,0
0,5,8.574320560710109e-06,0,0.01,0,7.050682324916124e-05,0,2.3860200126743274e-05,0,7.174395143094718e-05,0,0.0005816256161779165,0,0.0010840416653081775,0
0,3,0.0005666018225038159,0,0.0,0,2.7234033041168004e-05,0,0.00012181185537739523,0,2.2929875203678563e-05,0,0.0004786001518368721,0,0.00107024353928864,0
0,5,4.757045950373758e-05,0,0.0,0,1.655538994782546e-06,0,2.1371492417262106e-05,0,8.557561933516509e-07,0,6.511064384540077e-06,0,1.3176242646295577e-05,0
0,2,5.559337386051962e-05,0,0.02,0,0.0001777729339664802,0,2.524935514926145e-05,0,1.2984519229915968e-05,0,0.0004819825408048928,0,0.0015732700703665614,0
0,3,0.7272687079496242,0,0.04,0,4.110379086341709e-05,0,7.086213294979283e-05,0,0.0006844404629664583,0,0.0005075823864899576,0,0.003115794388577342,0
0,3,6.218027823444044e-05,0,0.0,0,1.054464610206196e-05,0,2.114555318502674e-05,0,2.1877330109079057e-06,0,0.0004612996708601713,0,3.573425055947155e-05,0
0,5,1.2477945708601347e-05,0,0.0,0,3.970797479269095e-06,0,2.1405732527896515e-05,0,4.410351628958094e-08,0,5.235471235209843e-06,0,1.3635409231937956e-05,0
0,3,4.709702800947072e-06,0,0.01,0,6.675753866147716e-06,0,2.1205455491219315e-05,0,1.246779656916362e-07,0,1.3979164577904157e-05,0,2.382215461693704e-05,0
0,4,2.0288007875950416e-07,0,0.0,0,1.624190372240264e-05,0,4.474397717399832e-05,0,2.046161461637637e-06,0,0.00037175812758505344,0,7.973060564836487e-05,0
0,2,0.13211689451731465,0,0.01,0,5.534697629627772e-05,0,2.708684828435384e-05,0,1.7463655343004698e-05,0,0.0008082280983217061,0,0.001364006195217371,0
0,3,4.733060251267949e-05,0,0.0,0,1.7685208149487153e-05,0,2.097120090021423e-05,0,7.288018446136431e-07,0,0.00026881229132413864,0,7.472893776139244e-05,0
0,3,1.269494159036661e-07,0,0.01,0,2.251316800538916e-06,0,2.1400713843226776e-05,0,2.985061624913694e-08,0,1.210564914799761e-05,0,1.3912993381381966e-05,0
0,5,0.00023974639084005036,0,0.01,0,1.5561414329567924e-05,0,4.742114128830304e-05,0,1.5913984551958458e-06,0,0.00012614409206435084,0,0.0008058141684159636,0
0,5,0.6479060153640804,0,0.02,0,0.0009430948412045836,0,8.289325149831898e-05,0,0.0003280533491583091,0,0.006379108875989914,0,0.003767757909372449,0
0,3,0.017301948584851713,0,0.0,0,0.00011831893789349124,0,4.675409704764052e-05,0,2.6846544240563894e-05,0,0.000170568804605864,0,0.00037793756928294897,0
0,3,1.3821782751607983e-06,0,0.0,0,2.3886418603069615e-06,0,2.1153950563573637e-05,0,3.9471295429111674e-07,0,1.9856046492350288e-05,0,2.4976721761049703e-05,0
0,2,0.0006857590750151313,0,0.0,0,4.895276561001083e-06,0,2.3730684161600563e-05,0,2.0703407371349762e-05,0,0.00014735052536707371,0,0.00043837272096425295,0
0,1,0.05916646172392706,0,0.06,0,0.0005480173276737332,0,5.368256394256026e-05,0,0.00027139797244854003,0,0.006269617937505245,0,0.05396386981010437,0
0,2,0.002252741388139847,0,0.01,0,1.5787198208272457e-05,0,8.964296663258598e-05,0,2.227636990436491e-05,0,0.0005608240026049316,0,0.0009997044689953327,0
0,4,0.0001446591287203245,0,0.01,0,2.6452887595951324e-06,0,2.132181056091998e-05,0,9.794747612109155e-09,0,6.309871423582081e-06,0,1.7453718101023696e-05,0
0,2,8.094483240934614e-06,0,0.0,0,8.252189218183048e-06,0,2.3388102524414624e-05,0,7.992405581174017e-06,0,3.600621857913211e-05,0,3.680309600895271e-05,0
0,2,0.0018564008211661464,0,0.0,0,1.3793629477731884e-05,0,2.0077604483127752e-05,0,1.9693528447838886e-07,0,2.7504536774358712e-05,0,5.7112974900519475e-05,0
0,3,0.1322032252148588,0,0.01,0,0.0004049224662594497,0,5.6564369683856236e-05,0,0.0005693880405941837,0,0.012177256867289543,0,0.022008350118994713,0
0,3,1.6297384166303258e-06,0,0.0,0,8.116747630992904e-05,0,2.8108736246443053e-05,0,7.101872199397012e-06,0,2.502836287021637e-05,0,3.056377317989245e-05,0
0,2,0.0021732171698693645,0,0.01,0,0.00011750793782994151,0,6.956953689987029e-05,0,0.005272235323965328,0,0.0018633180297911167,0,0.0022621925454586744,0
0,3,2.0474482825401545e-07,0,0.0,0,1.6290176745314966e-06,0,2.3913668355578407e-05,0,4.3950227937397945e-08,0,2.159590439987369e-05,0,2.7100672014057636e-05,0
0,2,1.1514455720480968e-05,0,0.0,0,8.285185322165489e-05,0,2.6809241476153465e-05,0,1.0233530031380233e-06,0,7.783628825563937e-05,0,0.00017299670435022563,0
0,1,4.896335982085717e-06,0,0.0,0,2.9294551495695487e-06,0,2.07918167177787e-05,0,6.871365655577858e-07,0,7.047286089800764e-06,0,1.6320567738148384e-05,0
0,2,0.003065484692149732,0,0.04,0,0.0002803520765155554,0,9.822469476493772e-05,0,3.122708878262943e-06,0,0.0013820620952174067,0,0.01379663310945034,0
0,3,0.0009554254426217922,0,0.0,0,1.3835868230671622e-05,0,2.270845421195948e-05,0,1.644546911013003e-07,0,2.0620682334993035e-05,0,4.605566937243566e-05,0
0,5,0.0033676426499293414,0,0.01,0,4.332153366704006e-06,0,9.310628417350921e-05,0,7.462039613664408e-06,0,3.678709617815912e-05,0,9.509521623840556e-05,0
0,3,0.010190470049227667,0,0.03,0,0.00019227461598347872,0,8.328671068226125e-05,0,0.00029332591939061815,0,0.003295747097581625,0,0.005311939399689436,0
0,1,0.2670235261900043,0,0.01,0,0.0001272183289984241,0,4.8492662295659e-05,0,4.036032456385413e-05,0,0.002555068349465728,0,0.003938262350857258,0
0,2,9.674206711084149e-08,0,0.01,0,3.506145003484562e-05,0,2.117797534498003e-05,0,9.513718079942538e-07,0,1.2473808055801783e-05,0,2.060961560346186e-05,0
0,5,0.0004813702049092589,0,0.02,0,7.392381667159498e-05,0,2.0311221033257994e-05,0,7.168614892893405e-06,0,1.775651253410615e-05,0,7.800204184604809e-05,0
0,4,0.0006524883434668166,0,0.01,0,1.2246070582477842e-05,0,2.3738879667851926e-05,0,6.13844373885413e-05,0,0.00012002350558759645,0,0.00041625538142398,0
0,4,0.7449923616458595,0,0.01,0,6.532762927236035e-05,0,2.6806534464972548e-05,0,0.00028064155608384763,0,0.002871053060516715,0,0.0020751438569277525,0
0,4,2.5461982193395127e-06,0,0.0,0,1.3294680684339255e-05,0,2.0708404931417765e-05,0,9.386760708000128e-07,0,8.479410462314263e-05,0,7.878716132836416e-05,0
0,2,0.082898593859802,0,0.01,0,0.0028595891781151295,0,0.00012634320211576247,0,0.0035035607932538864,0,0.01531346794217825,0,0.005795993842184544,0
0,2,3.7532436231203635e-07,0,0.0,0,3.3865692330437014e-06,0,2.117289256201943e-05,0,2.9252761236130452e-08,0,7.68876270740293e-06,0,1.4095669939706568e-05,0
0,5,1.1838525006649289e-05,0,0.01,0,2.6566463930066675e-05,0,0.00013393206534411886,0,1.3828024210956964e-07,0,9.332780791737605e-06,0,1.9727438484551385e-05,0
0,1,1.3856224624703257e-07,0,0.0,0,7.64410197007237e-06,0,2.1050121368835514e-05,0,4.934132196188982e-08,0,4.918999366054777e-06,0,1.2981662621314172e-05,0
0,4,5.6441444859900454e-05,0,0.01,0,3.360057235113345e-05,0,3.6063442146313055e-05,0,1.1827292060472183e-06,0,1.018030980048934e-05,0,0.00027910605422221124,0
0,5,0.0005277762116097641,0,0.0,0,6.292801117524505e-05,0,3.190747837420349e-05,0,2.0625444060405836e-06,0,2.0905285055050626e-05,0,2.3068758309818804e-05,0
0,2,3.057372540371664e-05,0,0.0,0,4.392484333948232e-05,0,2.116190586498613e-05,0,1.555380080883122e-07,0,9.140830115939025e-06,0,1.6264817531919107e-05,0
0,1,9.02946996098564e-10,0,0.0,0,1.1345026905473787e-05,0,3.184869291479221e-05,0,2.349590899063681e-07,0,2.182426760555245e-05,0,3.6617413570638746e-05,0
0,2,0.0004073378366506533,0,0.01,0,1.8080731024383567e-05,0,2.0332521226789805e-05,0,8.199780476238212e-06,0,6.054511322872713e-05,0,8.680802420713007e-05,0
0,5,0.004671424889037299,0,0.01,0,2.218845565948868e-06,0,2.3184823206497225e-05,0,5.207288742245295e-06,0,0.00012089480878785253,0,0.00024673828738741577,0
0,4,0.027955783710938445,0,0.01,0,1.3200912690081168e-05,0,3.6662206781650677e-05,0,0.0002787830626486698,0,0.000798398454207927,0,0.0008155313553288579,0
0,4,1.7999126864985945e-06,0,0.01,0,0.0002512857026886195,0,6.334158282087953e-05,0,6.353124095869161e-05,0,0.0010412177070975304,0,0.002892062533646822,0
0,3,0.003059963470199094,0,0.05,0,0.002012265846133232,0,7.955048574566618e-05,0,0.001267050547041515,0,0.022437721490859985,0,0.05663499981164932,0
0,5,0.05211384162053009,0,0.0,0,9.472148121858481e-06,0,2.9557649462520437e-05,0,5.377458440633385e-07,0,5.033129855291918e-05,0,0.00023466201673727483,0
0,5,0.00491226290452283,0,0.0,0,2.105236671923194e-05,0,2.3684409826576767e-05,0,1.4713567654371446e-07,0,6.14448799751699e-05,0,3.7124904338270426e-05,0
0,5,0.00011309521977621537,0,0.0,0,5.754026278737001e-05,0,2.142697873071298e-05,0,1.6965117986998065e-08,0,1.1189517863385845e-05,0,1.9472179701551795e-05,0
0,2,0.00010589996295044754,0,0.0,0,2.061838586087106e-06,0,5.2433877934397176e-05,0,6.657349736898417e-05,0,1.9146991689922288e-05,0,8.858122600940987e-05,0
0,3,0.16983120265838178,0,0.0,0,3.0823590350337327e-05,0,2.395027582440737e-05,0,2.7241301927255842e-06,0,0.00034570865682326257,0,0.00038006342947483063,0
0,3,9.238769545832393e-05,0,0.01,0,0.0015617648605257273,0,4.8854491785265604e-05,0,4.0795209669933405e-05,0,0.00010905463568633422,0,0.0004751644446514547,0
0,4,4.368734103208327e-05,0,0.01,0,1.4395429388969205e-05,0,2.532603337483098e-05,0,3.488952039376042e-07,0,2.0035329725942574e-05,0,8.508483733749017e-05,0
0,2,0.006981805665649403,0,0.01,0,0.0003293828049208969,0,3.753927185081261e-05,0,4.922508363412706e-05,0,0.0014876114437356591,0,0.005482882261276245,0
0,3,0.07517356549987297,0,0.04,0,0.0018278559437021613,0,0.0005946747766102813,0,0.0002018207941746315,0,0.003340911353006959,0,0.0034674324560910463,0
0,1,0.008839756553258813,0,0.01,0,0.00010556607594480738,0,6.650710658168794e-05,0,0.0003531247842846509,0,0.0029370589181780815,0,0.016081778332591057,0
0,3,0.0004557636554576918,0,0.0,0,1.6400914319092408e-05,0,2.098445968244861e-05,0,8.038152080547035e-06,0,8.813034219201654e-05,0,0.00011385389370843768,0
0,5,0.03355787232690215,0,0.03,0,0.000223931172513403,0,6.4574422256827e-05,0,2.107227463695536e-05,0,0.0003093269478995353,0,0.0008688694215379655,0
0,4,0.011014319358363178,0,0.0,0,4.29164492743439e-06,0,2.8093497188002567e-05,0,4.581020865667755e-05,0,0.00027838192181661725,0,0.0006290653254836798,0
0,2,0.0011472350522203285,0,0.0,0,4.207866368233226e-05,0,2.829252570689234e-05,0,1.3180007406431992e-06,0,6.569980905624107e-05,0,9.726818097988144e-05,0
0,4,2.967356449802335e-07,0,0.0,0,3.171644493704662e-05,0,2.1324817746172587e-05,0,1.204096503559286e-07,0,1.641687958908733e-05,0,3.397750333533622e-05,0
0,5,5.302739806015384e-05,0,0.01,0,1.3528078852687031e-05,0,2.666115482609106e-05,0,1.2978740248833629e-05,0,0.00015138904564082623,0,0.0002846632560249418,0
0,4,0.009741851955312178,0,0.03,0,9.557045268593356e-05,0,4.8561015985690336e-05,0,8.11012973213121e-06,0,0.00011028935114154592,0,0.0002876017242670059,0
0,5,9.615653062134911e-05,0,0.0,0,1.2370527656457853e-05,0,4.146887625191529e-05,0,5.521362387526499e-05,0,0.00016044384392444044,0,5.710255936719477e-05,0
0,5,0.0001042986128686375,0,0.0,0,1.6926644093473442e-05,0,2.1433031110577256e-05,0,6.554065373273213e-05,0,0.00013731577200815082,0,0.0001595604990143329,0
0,5,4.216209095632771e-05,0,0.0,0,8.126157626975328e-05,0,3.7517823969756086e-05,0,2.0171445803821497e-07,0,1.1654082300083246e-05,0,1.650461126700975e-05,0
0,1,0.05350976111689449,0,0.0,0,5.1538649131543934e-05,0,9.397131552905632e-05,0,2.0559870209855442e-06,0,9.338391828350723e-05,0,0.0002924194559454918,0
0,5,0.05710048644823417,0,0.0,0,1.8094133338308893e-05,0,2.150242482255531e-05,0,2.7983281055321416e-08,0,1.7380607459926978e-05,0,0.00010818570444826037,0
0,5,0.0016557452472074961,0,0.04,0,0.0006136806914582849,0,2.8284404371857558e-05,0,0.00015383931232757148,0,0.003070669248700142,0,0.0028078104369342327,0
0,5,1.928815572922982e-05,0,0.0,0,5.070446150057251e-06,0,2.1503976274601235e-05,0,2.778790918297555e-08,0,5.8376813285576645e-06,0,1.2981662621314172e-05,0
0,1,0.00034206947439210537,0,0.0,0,2.4501807274646126e-05,0,3.420331691518271e-05,0,3.9325620247401293e-07,0,6.164840669953264e-06,0,1.7389469576301053e-05,0
0,5,9.457928979923335e-05,0,0.0,0,8.40505072119413e-06,0,2.0320291187344584e-05,0,2.2322708641980258e-05,0,0.000155168236233294,0,0.001174369128420949,0
0,1,0.006443707228664712,0,0.07,0,0.01340109296143055,0,0.0018300326894360149,0,0.016544120882406407,0,0.00768479285761714,0,0.0023217599373310804,0
0,4,9.205690185861378e-07,0,0.0,0,2.186281381000299e-05,0,2.534439989983359e-05,0,3.9818048094738655e-06,0,1.7815140381571837e-05,0,0.00015661869838368148,0
0,5,0.0002043035656496375,0,0.03,0,4.757359783980064e-05,0,0.00013028576732151698,0,6.701975802441293e-06,0,6.638139166170731e-05,0,7.567057764390483e-05,0
0,2,1.3269969362412848e-06,0,0.02,0,0.0007781574968248606,0,0.0001868287775022736,0,2.7832362540566948e-06,0,6.249749276321381e-05,0,3.654508327599615e-05,0
0,2,1.2787932246417258e-07,0,0.0,0,9.260197111871094e-05,0,2.8988762099374748e-05,0,6.756070955392341e-07,0,5.303790021571331e-05,0,5.6344048061873764e-05,0
0,2,0.11290742438506696,0,0.02,0,2.2671443730359897e-05,0,0.0004159515535007803,0,0.00456110565941696,0,0.019510706886649132,0,0.023638378828763962,0
0,1,1.763802059059955e-05,0,0.0,0,4.79560640087584e-06,0,3.4399214876954473e-05,0,7.638986522512989e-07,0,8.33686954138102e-06,0,2.2155163605930284e-05,0
0,1,0.006988117956883216,0,0.0,0,1.5421977877849713e-05,0,3.172558939225493e-05,0,2.3340012895069188e-05,0,0.00011416450433898717,0,0.00012130677350796759,0
0,3,0.0003455021673601268,0,0.01,0,0.0004986069398000836,0,7.12912397456365e-05,0,0.0002694097236121376,0,0.0020159550476819277,0,0.004377925302833319,0
0,3,1.7279669052944037e-05,0,0.0,0,0.00015693879686295986,0,3.101494911923949e-05,0,2.8293443224169072e-05,0,0.000457716581877321,0,0.00013220708933658898,0
0,3,7.3814105591439635e-06,0,0.0,0,1.254329072253313e-05,0,5.652048917467586e-05,0,2.4709491672860363e-06,0,1.665465606492944e-05,0,7.21420583431609e-05,0
0,3,0.061496736811616465,0,0.0,0,0.000540862325578928,0,8.289197433094465e-05,0,3.143462444582566e-05,0,9.665522520663217e-05,0,0.00017436061170883477,0
0,1,0.00012701846395066858,0,0.0,0,9.916747512761503e-05,0,5.5152520945864933e-05,0,2.2966146539742356e-06,0,3.0629202228737995e-05,0,5.814621545141563e-05,0
0,4,0.00011004526744837757,0,0.01,0,0.00021043031301815063,0,5.787985494667928e-05,0,5.132339773638909e-07,0,6.144015060272068e-05,0,0.0009147845557890832,0
0,3,4.328873019390965e-05,0,0.0,0,1.0786799066409003e-05,0,6.187636412149129e-05,0,1.8295382576955867e-05,0,0.00019473650900181383,0,0.0003232918679714203,0
0,2,0.10865850330550328,0,0.01,0,7.528912101406604e-05,0,3.9535530721459984e-05,0,2.667459507092804e-06,0,0.00010851361003005877,0,6.106304499553517e-05,0
0,5,0.0009497409989032188,0,0.01,0,7.662823009013664e-06,0,4.198279843531476e-05,0,0.0002962373404963206,0,0.00015332302427850664,0,0.0008029980817809701,0
0,3,8.926418983365209e-11,0,0.0,0,1.2369217074592598e-05,0,2.9461623887864613e-05,0,1.2391973244696684e-07,0,1.2424674423527904e-05,0,1.3571571798820514e-05,0
0,5,0.80115100884754,0,0.04,0,0.00018612315761856735,0,7.773230830031595e-05,0,9.34067920286806e-05,0,0.013750629499554634,0,0.006932309363037348,0
0,1,0.2261653359605562,0,0.04,0,7.111881859600544e-05,0,0.00013805400525671903,0,0.0021151464129359906,0,0.0008654699195176363,0,0.002824464812874794,0
0,2,0.0017012956486194362,0,0.0,0,5.020195385441184e-05,0,8.11754194509817e-05,0,4.204327932114598e-06,0,1.6077266991487704e-05,0,4.4557145884027705e-05,0
0,4,8.731040744227682e-05,0,0.02,0,1.8320290109841153e-05,0,2.078282085450648e-05,0,2.3262464247014556e-06,0,9.135899745160714e-05,0,3.643303716671653e-05,0
0,1,0.00037373402756908186,0,0.01,0,0.0006372732459567487,0,6.917306952489005e-05,0,0.006470238448071753,0,0.0011041719699278474,0,0.0015713849570602179,0
0,1,9.947834859736184e-06,0,0.0,0,4.11081555284909e-06,0,2.0740098445605114e-05,0,0.0003812625953031625,0,5.174724356038496e-05,0,6.317811494227499e-05,0
0,1,0.98740536896996,1,0.04,0,0.00035904147080145776,0,0.0015948586080537976,0,0.14276581738690672,1,0.01281260047107935,0,0.07231907546520233,0
0,1,0.09249880176468335,0,0.0,0,3.334412394906394e-05,0,4.259158827356353e-05,0,0.0002929118631619997,0,0.00020380897331051528,0,0.00018721084052231163,0
0,4,0.1339692481445862,0,0.02,0,3.1186889827949926e-05,0,4.245951182157182e-05,0,0.0027474019923864005,0,0.0038423785008490086,0,0.001356776338070631,0
0,4,0.5639647252479516,0,0.05,0,0.0005274196155369282,0,4.427449115547845e-05,0,0.00019095153137852475,0,0.0006605725502595305,0,0.0036420465912669897,0
0,2,0.7091424060429972,0,0.04,0,0.0013479219051077962,0,0.008451690904798545,0,0.00659780262650684,0,0.05357581004500389,0,0.02956603467464447,0
0,3,0.00157475855934025,0,0.04,0,0.003727007657289505,0,0.03710422064172927,0,0.0011486932045524172,0,0.004377853125333786,0,0.008256154134869576,0
0,3,0.018722230263886516,0,0.02,0,9.673341264715418e-05,0,4.729345773127881e-05,0,4.846921310373313e-05,0,0.001954765524715185,0,0.0028707783203572035,0
0,1,5.561276068614695e-06,0,0.0,0,5.281104222376598e-06,0,2.4762479224658326e-05,0,1.978454724043142e-05,0,9.009807399706915e-05,0,8.779996278462932e-05,0
0,5,0.01987360096746423,0,0.01,0,5.0609814934432507e-05,0,6.671842940327306e-05,0,6.09423571839671e-07,0,0.00022428204829338938,0,0.000507684366311878,0
0,4,0.01341479383433837,0,0.0,0,5.242655788606498e-06,0,2.418858584351333e-05,0,3.2199648833242606e-06,0,8.379200880881399e-05,0,9.620413766242564e-05,0
0,4,0.00040020720013477873,0,0.05,0,0.00211535906419158,0,0.004173469500964502,0,0.08311426652989154,0,0.01535263191908598,0,0.04437193274497986,0
0,4,4.968523312490775e-06,0,0.0,0,2.20735546463402e-06,0,4.1585098872544886e-05,0,1.8395450765798702e-07,0,3.645922333816998e-05,0,5.590862929238938e-05,0
0,3,3.8091389687450406e-07,0,0.0,0,4.336789424996823e-05,0,0.00012597489399443655,0,0.0003255157239175478,0,0.0002604530309326947,0,0.0005202129250392318,0
0,2,0.001102164149428311,0,0.02,0,1.6270645573968068e-05,0,3.1855504508363565e-05,0,0.00011173878736336401,0,0.0006454834365285933,0,0.0015038184355944395,0
0,1,0.006952400732496803,0,0.01,0,0.00911200512200594,0,0.00045683014002339823,0,0.006521535678076912,0,0.002007700502872467,0,0.0009101624600589275,0
0,2,2.4908346306837707e-06,0,0.0,0,3.3803512451413553e-06,0,2.1112247185737157e-05,0,1.5780598830898233e-07,0,9.19689227885101e-06,0,1.6527907064300962e-05,0
0,3,2.5831946602626217e-09,0,0.01,0,1.2527630133263301e-05,0,2.144788646591449e-05,0,5.083315396284448e-07,0,9.137982488027774e-06,0,1.4164050298859365e-05,0
0,2,0.03635041449967789,0,0.01,0,7.675249798921868e-05,0,2.2140465232508156e-05,0,0.0002605185518782805,0,0.001909424550831318,0,0.002583801280707121,0
0,5,2.056091927628989e-06,0,0.0,0,7.390036444121506e-06,0,4.00242477419426e-05,0,5.39163141843022e-08,0,8.232613254222088e-06,0,1.355550284642959e-05,0
0,5,4.3552739459433434e-06,0,0.01,0,1.2548566701298114e-05,0,2.680589479719915e-05,0,0.00019352945021980727,0,1.1565140994207468e-05,0,4.16249931731727e-05,0
0,3,0.2877738232459604,0,0.02,0,0.04333537444472313,0,0.00030225749242634715,0,9.153388109592335e-05,0,0.0034617874771356583,0,0.0012015524553135037,0
0,1,0.0002814476773610036,0,0.01,0,2.130734719685279e-05,0,4.871138488336071e-05,0,7.555334269607853e-07,0,4.2272873542970046e-05,0,0.00013620188110508025,0
0,4,0.5526454035001819,0,0.0,0,0.0013713560765609145,0,0.0001338923905098963,0,0.01142439660734621,0,0.004480580799281597,0,0.005623835138976574,0
0,5,0.14572496284459896,0,0.05,0,0.0007743347086943686,0,0.0006852465914758254,0,0.004101757399171604,0,0.007008640095591545,0,0.08686864376068115,0
0,5,1.265638472635288e-06,0,0.0,0,2.157066046493128e-05,0,2.117041764761816e-05,0,2.1122324297507546e-06,0,1.7391388610121794e-05,0,3.853565431199968e-05,0
0,1,2.3959917764585636e-06,0,0.0,0,6.637258047703654e-05,0,3.3999486567347154e-05,0,5.117814111912919e-08,0,9.937739378074184e-06,0,3.410962381167337e-05,0
0,3,0.0007931160600219662,0,0.01,0,1.4499619283014908e-05,0,2.4688290788274107e-05,0,5.844730516369068e-06,0,0.00010360775922890753,0,0.0001544295228086412,0
0,4,1.9491698877345234e-05,0,0.0,0,4.0943668864201754e-05,0,2.395214929275288e-05,0,6.553361775736403e-06,0,1.8524697225075215e-05,0,6.109265814302489e-05,0
0,1,0.0003827567626527866,0,0.0,0,1.294316734856693e-05,0,3.300351972061676e-05,0,1.4923685797004198e-05,0,0.0001864000951172784,0,0.0005569591885432601,0
0,5,0.012787342462385658,0,0.0,0,1.5567276932415552e-05,0,7.853954736777884e-05,0,2.2844669829281766e-05,0,0.0008596928091719747,0,0.0001691744546405971,0
0,2,2.7953356818180863e-06,0,0.02,0,0.00045091996435076,0,2.111225329308183e-05,0,7.647301879065023e-06,0,4.4497213821159676e-05,0,0.00010677946556825191,0
0,1,0.17203799142638743,0,0.01,0,2.238041088276077e-05,0,3.566876425297912e-05,0,0.00030513757890370186,0,0.0005639129667542875,0,0.001541992649435997,0
0,3,0.897502595283536,0,0.02,0,6.043420944479294e-05,0,0.00011094455479601764,0,0.0012991149959606881,0,0.012631149962544441,0,0.004183576907962561,0
0,1,1.609160187618339e-05,0,0.0,0,7.012549031060189e-05,0,4.3928903629235115e-05,0,2.5265573180536264e-07,0,1.5310997696360573e-05,0,3.683337490656413e-05,0
0,4,3.626600625202109e-07,0,0.02,0,0.0004901813226751983,0,9.283537781100187e-05,0,0.00483557720763187,0,0.0015219906345009804,0,0.0013681966811418533,0
0,2,0.013211270187482612,0,0.0,0,1.4897891560394783e-05,0,0.00010991233779065175,0,0.0004974783836152231,0,0.0017214587423950434,0,0.00214470480568707,0
0,2,0.04121604514174184,0,0.0,0,0.00013463206414598972,0,5.050334592265836e-05,0,0.00289000884692697,0,0.002009025076404214,0,0.0018068468198180199,0
0,2,0.01932968162485016,0,0.04,0,0.00014417350757867098,0,0.0001016593814277375,0,0.0028886884405676643,0,0.0013242238201200962,0,0.0024995659478008747,0
0,1,0.0009946587482852203,0,0.0,0,3.773697471842752e-06,0,2.078210769450047e-05,0,2.0949471065159539e-07,0,8.392920790356584e-06,0,3.0383083867491223e-05,0
0,5,0.8733988997966662,0,0.01,0,0.002956866519525647,0,7.590506004705775e-05,0,2.6120213970137046e-05,0,0.001847299630753696,0,0.003690877929329872,0
0,4,6.504520043538812e-05,0,0.01,0,5.6092991144396365e-05,0,3.9862287891877796e-05,0,9.121362686172605e-06,0,0.0004529271973297,0,0.0003102580667473376,0
0,5,9.794524719426675e-06,0,0.01,0,3.4181337014160817e-06,0,2.1115767018188682e-05,0,2.3438622485867473e-06,0,2.699796823435463e-05,0,2.161579868698027e-05,0
0,1,1.3711904497198436e-06,0,0.0,0,7.028482400528446e-07,0,2.0310611430327633e-05,0,1.3813145355012666e-06,0,4.602767603500979e-06,0,1.4743771316716447e-05,0
0,2,0.00017061302767809255,0,0.0,0,5.669795427820645e-05,0,2.115864264619007e-05,0,6.784404791315855e-08,0,9.076993592316285e-06,0,1.8109611119143665e-05,0
0,1,0.008910364607019917,0,0.01,0,0.0010970869334414601,0,4.619069171084028e-05,0,0.0015409899772592228,0,0.0025347042828798294,0,0.005572178401052952,0
0,5,0.027341843795245024,0,0.0,0,0.00016265186422970146,0,2.141919034491847e-05,0,1.047618291876604e-06,0,0.00012281590898055583,0,0.00012120851170038804,0
0,5,0.0004631816753876855,0,0.0,0,2.014690289797727e-05,0,3.667021901531568e-05,0,1.8085559613094463e-07,0,1.5999765309970826e-05,0,9.200072236126289e-05,0
0,1,1.300964954642702e-05,0,0.0,0,1.8280794392921962e-05,0,3.751987107952929e-05,0,6.016644323267363e-08,0,3.1441773899132386e-05,0,3.455572004895657e-05,0
0,2,8.468185663747409e-05,0,0.0,0,0.0004335818812251091,0,2.2270232796364974e-05,0,4.743879337969204e-05,0,0.0005687700468115509,0,0.0015338060911744833,0
0,4,0.008576996862167004,0,0.0,0,4.075298784300685e-05,0,0.00014948880379527858,0,0.001009442298571991,0,0.0004081956867594272,0,0.001119330059736967,0
0,4,0.006550454817543168,0,0.02,0,0.0013034323928877711,0,0.00010579241233955136,0,0.0013383054438693425,0,0.006352339405566454,0,0.010717523284256458,0
0,5,0.9730927582044476,0,0.05,0,0.016015322878956795,0,0.010076242966567213,0,0.04644865495230084,0,0.04005087539553642,0,0.1612737625837326,0
0,3,7.67627857137998e-12,0,0.0,0,1.839607830333989e-05,0,2.2403056113207145e-05,0,2.280596313039027e-07,0,2.052051422651857e-05,0,1.6379244698327966e-05,0
0,3,0.006755481779289544,0,0.02,0,0.0004359348095022142,0,3.082896973593632e-05,0,3.0350453983896058e-05,0,0.001537690288387239,0,0.0034059069585055113,0
0,5,0.004383502804099129,0,0.0,0,1.2975337995158043e-05,0,2.1412983927953572e-05,0,1.6260385044651897e-06,0,2.2778940547141246e-05,0,3.0068746127653867e-05,0
0,1,0.00039648256313960464,0,0.0,0,1.303002136410214e-05,0,5.7130038198203725e-05,0,9.659652073384606e-06,0,0.00015203079965431243,0,0.0004166848084423691,0
0,2,0.0003176505716355866,0,0.0,0,9.156216401606798e-05,0,1.904922451958558e-05,0,2.7912786002760126e-07,0,4.691608774010092e-05,0,4.339161387179047e-05,0
0,4,9.668410400631142e-06,0,0.01,0,8.133004484989215e-06,0,2.132836923867351e-05,0,5.211971397755791e-07,0,6.998243406997062e-06,0,1.4301363989943638e-05,0
0,2,0.11392991797491403,0,0.02,0,6.199478229973465e-05,0,2.5174692505112072e-05,0,0.00030262402115071896,0,0.0036882006097584963,0,0.003321270924061537,0
0,5,0.00017240086908773729,0,0.0,0,5.179540312383324e-05,0,3.870446548113942e-05,0,6.160170129184576e-07,0,2.0657436834881082e-05,0,3.124635259155184e-05,0
0,1,1.0838912937025019e-13,0,0.03,0,0.00011700789764290676,0,3.299294214397987e-05,0,6.25215168599528e-07,0,3.281299723312259e-05,0,5.74034420424141e-05,0
0,2,0.04488643966914615,0,0.0,0,2.0403091184562072e-05,0,4.182933362292745e-05,0,2.497130681403979e-07,0,8.030868775676936e-05,0,5.189178045839071e-05,0
0,4,0.9073652672870878,0,0.01,0,0.001821706653572619,0,0.0001581678329443356,0,0.0015200767663470875,0,0.012577070854604244,0,0.03952246904373169,0
0,3,1.774438201326832e-05,0,0.01,0,8.07660399004817e-06,0,6.704367817050128e-05,0,0.00013687415422573756,0,0.0006774092325940728,0,0.00020306897931732237,0
0,5,0.385503247446389,0,0.0,0,3.931192622985691e-06,0,2.1303115555327875e-05,0,7.368881604052986e-07,0,0.00010968979768222198,0,0.00012473775132093579,0
0,5,0.11807721504193626,0,0.01,0,4.0026381611824036e-05,0,6.689910637641058e-05,0,0.0003078453375079494,0,0.0024323633406311274,0,0.002395238960161805,0
0,3,7.108521467754004e-05,0,0.0,0,2.761597716016695e-05,0,2.1010750617690275e-05,0,1.5854599039822395e-07,0,1.701091787253972e-05,0,1.706422699498944e-05,0
0,1,4.25874635605007e-06,0,0.0,0,0.00010064113303087652,0,2.905882951848096e-05,0,1.2343413553644564e-07,0,1.5320949387387373e-05,0,1.9838258594973013e-05,0
0,3,2.4701643406103363e-06,0,0.0,0,4.748327683046227e-06,0,2.4939883070192036e-05,0,1.799477357211373e-06,0,0.00018066952179651707,0,8.677697042003274e-05,0
0,4,0.34487136469088925,0,0.0,0,2.768363629002124e-05,0,2.6717189253558414e-05,0,0.00014631569489531788,0,0.00014875468332320452,0,0.00018060980073641986,0
0,2,0.00043426485439916504,0,0.0,0,2.6689191145123914e-05,0,2.003885685574665e-05,0,3.55003898036347e-05,0,0.0001336219720542431,0,4.158427327638492e-05,0
0,3,0.0002778699598727226,0,0.0,0,2.278512874909211e-05,0,3.444646386891761e-05,0,0.0001515117633662928,0,0.0011991148348897696,0,0.0009696048218756914,0
0,1,0.0006698378811583353,0,0.01,0,1.1768966032832395e-05,0,7.816570037380982e-05,0,0.0001537857637723734,0,0.0005413206527009606,0,0.0005539032281376421,0
0,2,2.369526676177142e-08,0,0.0,0,0.000305018707877025,0,1.9104080118414157e-05,0,1.2631105035657245e-05,0,1.1814862773462664e-05,0,1.6314643289661035e-05,0
0,5,0.9754648088060913,0,0.0,0,0.0005616414709948003,0,3.3304129658225927e-05,0,0.00023373740173125905,0,0.0034859045408666134,0,0.0034605199471116066,0
0,1,6.1464607775167145e-06,0,0.01,0,6.522939656861126e-06,0,7.003106541563468e-05,0,1.8938021176464205e-06,0,0.0002589822397567332,0,0.0001601458207005635,0
0,2,1.7175901725297905e-06,0,0.0,0,1.434040314052254e-05,0,2.566952228937696e-05,0,4.824706617656442e-08,0,7.623981673532398e-06,0,1.3647862033394631e-05,0
0,1,8.01012991199115e-05,0,0.0,0,3.488000629658927e-06,0,2.0832449921050245e-05,0,5.114278850940465e-07,0,7.028429536148906e-06,0,2.2261436242843047e-05,0
0,4,6.237660015945254e-05,0,0.02,0,1.990691089304164e-05,0,2.027868355779446e-05,0,3.235735814873555e-05,0,0.00016458614845760167,0,0.0005139851127751172,0
0,5,0.10804336726043631,0,0.01,0,5.793702803202905e-05,0,8.065668176155609e-05,0,0.0004268204392467607,0,0.0048691160045564175,0,0.0016438914462924004,0
0,4,0.00010194152845875095,0,0.0,0,5.865650382474996e-05,0,5.676466003186667e-05,0,4.86163384462553e-05,0,0.0011883582919836044,0,0.015452457591891289,0
0,2,0.07589371816894765,0,0.0,0,1.7512358681415208e-05,0,2.4239234902527205e-05,0,2.161713708691378e-06,0,9.343377314507961e-05,0,9.614017471903935e-05,0
0,1,3.724290227918066e-05,0,0.0,0,9.530309398542158e-06,0,2.1044316946650258e-05,0,0.0003992453956504721,0,3.986665251431987e-05,0,5.3144744015298784e-05,0
0,1,0.003371516230129338,0,0.03,0,7.132597238523886e-05,0,3.0042633575801308e-05,0,4.721883115615153e-05,0,0.0023598582483828068,0,0.0067270840518176556,0
0,1,0.00552623253531515,0,0.0,0,7.960925358929671e-06,0,2.426109550743897e-05,0,5.7540357048516615e-05,0,0.00031216302886605263,0,0.0004863970971200615,0
0,5,3.9210662265664874e-05,0,0.0,0,1.3716988860323909e-06,0,2.025731827665951e-05,0,7.741257376318198e-05,0,9.839242557063699e-05,0,0.00029510215972550213,0
0,5,0.8778806498499604,0,0.0,0,9.168623364530504e-05,0,6.299338432199624e-05,0,0.003139542491912857,0,0.0015031180810183287,0,0.0030058883130550385,0
0,5,0.025809772561074473,0,0.0,0,9.274001058656722e-06,0,2.13112186826483e-05,0,8.363518736021355e-05,0,0.00010572697647148743,0,0.0001108601936721243,0
0,2,1.3841377867968314e-07,0,0.0,0,7.020959310466424e-05,0,2.1107216119272184e-05,0,2.256951419987974e-07,0,8.57061331771547e-06,0,1.3579452570411377e-05,0
0,1,0.00587277229798664,0,0.0,0,4.162987897871062e-05,0,2.0459338598297087e-05,0,6.653291400750018e-06,0,0.0001365161151625216,0,0.00012122596672270447,0
0,5,4.162550371711837e-06,0,0.0,0,0.00042174573172815144,0,4.425571887864155e-05,0,1.0561421508061021e-06,0,5.241441976977512e-05,0,0.0002652778057381511,0
0,2,0.00010761399071989252,0,0.02,0,6.639576167799532e-05,0,0.0003135343500680785,0,0.0005901951326343285,0,0.002863694913685322,0,0.010775566101074219,0
0,4,0.001508173537268537,0,0.0,0,4.4456071918830276e-05,0,2.1330466467031475e-05,0,1.2687857292681277e-07,0,7.024534625088563e-06,0,4.4191205233801156e-05,0
0,3,0.7176327877598455,0,0.03,0,0.002813850063830614,0,0.0001321194134887017,0,0.01315007179035758,0,0.022351007908582687,0,0.010872664861381054,0
0,2,8.795706081071758e-05,0,0.01,0,6.919167935848236e-05,0,0.0003725102581136024,0,0.008176438833040001,0,0.00019615325436461717,0,0.0007780067971907556,0
0,1,1.3685759314365916e-05,0,0.0,0,2.2174283458298305e-06,0,2.1042444888732688e-05,0,3.1951678339485846e-08,0,3.7069730751682073e-06,0,1.3621514881378971e-05,0
0,2,1.1556830468693573e-05,0,0.0,0,0.0001623946154722944,0,6.392046857516913e-05,0,7.521245369845171e-07,0,0.00014278893650043756,0,0.0001506742846686393,0
0,5,5.241163398181232e-06,0,0.0,0,4.067308327648789e-05,0,2.151275161036505e-05,0,2.5773864316315077e-08,0,1.4622841263189912e-05,0,1.3640970792039298e-05,0
0,1,6.983121806187203e-07,0,0.0,0,4.964055278833257e-06,0,2.535565900834935e-05,0,5.651106026616695e-06,0,1.629423968552146e-05,0,1.901098403322976e-05,0
0,4,5.881814293756858e-05,0,0.0,0,6.828435289207846e-06,0,2.5333912024873147e-05,0,2.5687106574452862e-08,0,8.478192285110708e-06,0,1.3873393072572071e-05,0
0,4,0.3847491137933104,0,0.03,0,0.000566783593967557,0,0.00022255279181079905,0,0.006943526158913348,0,0.024513017386198044,0,0.07841318100690842,0
0,2,0.0004362575295467542,0,0.01,0,7.747222298348788e-06,0,2.372410466504549e-05,0,8.182443575774375e-06,0,3.702686808537692e-05,0,0.00011403085954952985,0
0,4,4.5465021220734885e-05,0,0.0,0,8.561592949263286e-06,0,2.1329953349827862e-05,0,2.0383313791782313e-08,0,5.301883447828004e-06,0,1.4379713320522569e-05,0
0,2,0.0012959243951831609,0,0.01,0,0.00013871837290935218,0,5.563846502253037e-05,0,0.000499966862344137,0,0.00021169442334212363,0,0.0016267229802906513,0
0,4,0.003176250679467553,0,0.01,0,0.0005248019006103277,0,0.0002417258397396858,0,0.00042005843420619325,0,0.0023028310388326645,0,0.0111539950594306,0
0,4,0.003487701087377166,0,0.01,0,0.0002557163534220308,0,6.264008515206194e-05,0,0.00033952716659080794,0,0.0019816223066300154,0,0.0013036651071161032,0
0,1,2.4614442943921356e-07,0,0.0,0,8.483696547045838e-06,0,2.1049239848070195e-05,0,1.0774564409728646e-08,0,5.10504196427064e-06,0,1.4616467524319887e-05,0
0,4,0.0007956558587343276,0,0.01,0,1.3471393685904332e-05,0,7.820422780519041e-05,0,0.0030092185456877195,0,0.000635699718259275,0,0.0003587082610465586,0
0,3,0.00107399039937358,0,0.03,0,1.1093326065747533e-05,0,2.106207338226586e-05,0,1.5154184547500555e-05,0,0.00035611839848570526,0,0.00028453944833017886,0
0,2,0.0015677800006196358,0,0.06,0,0.003097443375736475,0,0.00013111644975414454,0,0.0014643904572265698,0,0.03847498074173927,0,0.07522258162498474,0
0,3,0.0013961104241014693,0,0.0,0,1.661341593717225e-05,0,2.1375592311439267e-05,0,2.3080919845742735e-07,0,2.7238034817855805e-05,0,3.38499630743172e-05,0
0,4,1.2119201251897394e-05,0,0.0,0,2.0926881916238926e-05,0,2.4916784280343638e-05,0,1.0068350529816259e-07,0,5.457928637042642e-06,0,1.4029273188498337e-05,0
0,1,3.4496037102179935e-08,0,0.0,0,4.308170173317194e-05,0,2.0608921836522155e-05,0,2.5319819641828042e-08,0,5.499941380548989e-06,0,1.3425243196252268e-05,0
0,5,5.302497233159042e-06,0,0.0,0,3.7106594845681684e-06,0,2.152039888882144e-05,0,4.240292999452493e-08,0,6.147826752567198e-06,0,1.3757950000581332e-05,0
0,3,9.44924213826053e-07,0,0.0,0,1.3018183153690188e-06,0,2.1374099247678617e-05,0,4.054786235269093e-08,0,1.2829122169932816e-05,0,1.525114021205809e-05,0
0,4,0.0004134875422961683,0,0.01,0,4.7474536586378235e-06,0,2.001125492393809e-05,0,1.1425540210143717e-06,0,1.2207850886625238e-05,0,4.1427716496400535e-05,0
0,4,0.06531226693081424,0,0.04,0,0.005041430238634348,0,0.0013749946372423663,0,0.004128124114919776,0,0.007643589749932289,0,0.012967764399945736,0
0,4,0.013780752418629593,0,0.01,0,0.00034526767558418214,0,2.5349429261425322e-05,0,2.5151508402146136e-06,0,6.357662641676143e-05,0,0.0001775821583578363,0
0,1,1.6092381500852379e-06,0,0.0,0,3.1971168937161565e-05,0,3.948134332187242e-05,0,3.8126347855507507e-07,0,2.401103665761184e-05,0,1.6840622265590355e-05,0
0,5,0.18534148331421924,0,0.03,0,0.00014954736980143934,0,2.5240609382201352e-05,0,6.655437072744034e-05,0,0.0012453454546630383,0,0.0007608022424392402,0
0,2,2.881287081500549e-05,0,0.0,0,4.353843905846588e-06,0,2.6362674566035062e-05,0,1.5477630867164232e-06,0,0.00044969108421355486,0,0.0012670332798734307,0
0,1,0.16427227899738142,0,0.0,0,2.7304380637360737e-05,0,3.1074553138481004e-05,0,6.003362495518702e-05,0,0.0017712501576170325,0,0.0014719909522682428,0
0,4,4.284211701081183e-06,0,0.0,0,1.020541003526887e-05,0,9.075495429611975e-05,0,1.9375065089368157e-05,0,0.0003610200947150588,0,0.003211615141481161,0
0,1,0.055017248163330076,0,0.0,0,8.141336002154276e-05,0,0.00014280755322761227,0,0.003763913199878727,0,0.0027680709026753902,0,0.0020606317557394505,0
0,5,7.564725425521717e-06,0,0.0,0,9.160119952866808e-05,0,3.206062739722492e-05,0,5.1779439317867146e-05,0,9.390636114403605e-05,0,0.00030088642961345613,0
0,2,0.00022847594457844724,0,0.01,0,3.9622750591661315e-06,0,3.3114777615610055e-05,0,0.0005027722302045657,0,0.000435972266132012,0,0.0016746118199080229,0
0,5,8.342801619180236e-06,0,0.0,0,4.4567539589479566e-05,0,3.287612551334083e-05,0,1.0982418059951455e-07,0,0.00019014453573618084,0,0.00035036850022152066,0
0,5,0.2740410945777498,0,0.0,0,5.545426574826706e-06,0,4.104484647964644e-05,0,4.5696418201884246e-05,0,0.0001769246009644121,0,0.0007343023899011314,0
0,1,0.7552227445604959,0,0.0,0,0.0006050140946172178,0,7.814179320248293e-05,0,0.0037227652109573903,0,0.00303656910546124,0,0.002857038052752614,0
0,4,0.0018194571266494665,0,0.0,0,5.7492987252771854e-05,0,3.3569694900176636e-05,0,3.821723019702237e-06,0,0.0001834838039940223,0,0.00026423073722980917,0
0,1,0.0003548360182193214,0,0.01,0,0.0021057091653347015,0,0.00044087242245402963,0,0.00010057973805314974,0,0.0006360096740536392,0,0.0006295312196016312,0
0,2,0.00010208333609343109,0,0.03,0,8.460408571409062e-05,0,2.4108325569444905e-05,0,7.07816064635394e-08,0,4.168257146375254e-05,0,4.403032289701514e-05,0
0,3,1.0253917194476526e-07,0,0.0,0,1.4716945770487655e-05,0,4.089686114602987e-05,0,1.566215285471617e-06,0,7.52253326936625e-05,0,8.71013617143035e-05,0
0,5,4.281434626751461e-05,0,0.0,0,9.521498213871382e-06,0,2.557669600525649e-05,0,4.6626546698729895e-06,0,5.29292447026819e-05,0,7.848332461435348e-05,0
0,1,0.013133354864506754,0,0.02,0,0.0005328625557012856,0,0.00044401282684197225,0,0.00011175983516312018,0,0.0025026442017406225,0,0.002140261232852936,0
0,4,0.30705222824754164,0,0.02,0,0.00031596029293723404,0,0.00015502887304309575,0,0.003323139352651625,0,0.001851118286140263,0,0.018664712086319923,0
0,5,0.0003518016338422236,0,0.0,0,2.1593564270006027e-06,0,2.1259003055279605e-05,0,1.592042474347721e-06,0,2.743294317042455e-05,0,2.1430621927720495e-05,0
0,2,0.863318582856511,0,0.03,0,0.0009836475364863873,0,0.0024858743250677335,0,0.002851987996031702,0,0.04826894775032997,0,0.03783179819583893,0
0,3,0.028354829573989097,0,0.0,0,0.00012995596625842154,0,3.2804064897059914e-05,0,6.317866692461145e-05,0,4.2568211938487366e-05,0,0.0007836786098778248,0
0,1,1.4627711239053456e-09,0,0.01,0,0.00012038474960718304,0,0.0001241630422008913,0,1.8656828854014478e-05,0,0.00011534805526025593,0,0.000281504966551438,0
0,1,0.0004228430470613918,0,0.0,0,8.659753075335175e-05,0,6.876705505645565e-05,0,2.8473995256901537e-05,0,0.0004428068932611495,0,0.0006361840642057359,0
0,4,0.8915747031158765,0,0.1,0,0.0003329437458887696,0,0.00035275173045528274,0,0.005380762227127117,0,0.04005720093846321,0,0.04409267008304596,0
0,2,1.48329636513959e-06,0,0.0,0,3.857595947920345e-05,0,2.4458540149450777e-05,0,3.462733263864749e-07,0,1.5573255950585008e-05,0,5.5896751291584224e-05,0
0,3,0.003250041577650941,0,0.02,0,0.0001324071199633181,0,2.845849127967366e-05,0,7.318570065475759e-05,0,0.006730749737471342,0,0.005263975355774164,0
0,4,0.014681438756885158,0,0.01,0,5.3616244258591905e-05,0,0.0001186283058092078,0,0.0010458961408730803,0,0.02154066599905491,0,0.008673204109072685,0
0,4,0.0018318722364293405,0,0.01,0,2.3627937480341643e-05,0,2.2999839925804433e-05,0,0.00010582608853764484,0,0.0009935429552569985,0,0.0010329117067158222,0
0,2,7.369725933634305e-05,0,0.01,0,0.00010230073530692607,0,4.236172238510223e-05,0,2.626693517785038e-06,0,4.5344448153628036e-05,0,0.00010060091153718531,0
0,2,0.08260337459225638,0,0.05,0,0.001821946119889617,0,0.00010822180701435976,0,0.0003307583101262713,0,0.0008511187043040991,0,0.001632744912058115,0
0,1,0.00026939240137755264,0,0.03,0,8.088298636721447e-05,0,3.424555607645604e-05,0,4.671793842553757e-06,0,8.380999497603625e-05,0,0.0004791889223270118,0
0,1,0.007402073114069139,0,0.01,0,0.0004688558401539922,0,0.00010543374992714484,0,0.00010402014312971406,0,0.00031614405452273786,0,0.000530183722730726,0
0,5,0.0001105536328003747,0,0.0,0,2.2623173208558e-05,0,4.716904349666532e-05,0,2.7159225464182425e-05,0,0.0033888493198901415,0,0.0037587396800518036,0
0,3,0.001542233526502217,0,0.0,0,4.468081897357479e-05,0,7.271861279672588e-05,0,0.00046328246678408683,0,0.0189073383808136,0,0.01802833378314972,0
0,2,0.012830143099260036,0,0.0,0,2.9031263693468645e-05,0,4.244543371538689e-05,0,0.00696938110776506,0,0.0011439754161983728,0,0.0021193362772464752,0
0,5,0.010292603871473047,0,0.0,0,0.00016936972679104656,0,3.418737222323281e-05,0,5.047654672749343e-06,0,0.00019141240045428276,0,0.0004502089286688715,0
0,3,0.0001750082962354525,0,0.0,0,5.493529897648841e-05,0,2.4685820776755814e-05,0,0.00017650835638739816,0,0.00037920629256404936,0,0.00020048016449436545,0
0,2,0.0012022690214110092,0,0.0,0,0.0002167679776903242,0,0.0001551520419297427,0,8.350897863787569e-06,0,8.260356116807088e-05,0,0.0014270013198256493,0
0,2,0.0006148130378978461,0,0.02,0,0.0028635754715651274,0,0.000102713043600735,0,0.0008286714241094763,0,0.0005058179958723485,0,0.005331571213901043,0
0,1,0.004199017852568399,0,0.0,0,0.00012152716226410121,0,5.198518870889905e-05,0,7.992716592722081e-05,0,0.004394947085529566,0,0.003813371993601322,0
0,4,0.000248091312504046,0,0.0,0,2.487632264092099e-05,0,1.5812178790270455e-05,0,4.269481457178958e-06,0,0.000533216749317944,0,0.0003524770145304501,0
0,3,2.111577636304624e-08,0,0.01,0,6.018851127009839e-05,0,2.6004022736418986e-05,0,3.6352871990151792e-06,0,1.4890511010889895e-05,0,1.6740552382543683e-05,0
0,1,0.04551153356884858,0,0.04,0,0.0013375034322962165,0,8.016617571286573e-05,0,0.00012197541124879028,0,0.0016684787115082145,0,0.009927147999405861,0
0,4,1.6523516378410947e-06,0,0.01,0,3.0068236810620874e-05,0,4.2298664641427934e-05,0,7.354580250495862e-07,0,3.938546433346346e-05,0,0.00026630578213371336,0
0,2,1.1758559679714063e-06,0,0.0,0,5.0801780162146315e-05,0,2.4702955092565933e-05,0,7.239506191737526e-07,0,8.208641702367458e-06,0,1.4900670066708699e-05,0
0,1,0.6337649308347474,0,0.04,0,0.005171481054276228,0,0.004353418194590598,0,0.07164744734561981,0,0.04207191616296768,0,0.10937816649675369,0
0,4,0.006199425738177219,0,0.01,0,7.752043893560767e-05,0,2.9796803822695475e-05,0,9.111603935349956e-07,0,0.0002471308980602771,0,0.001187789486721158,0
0,4,0.004393132187401395,0,0.02,0,0.00047290691873058677,0,0.0002756575961399533,0,0.0021059303268515838,0,0.009252529591321945,0,0.006671092472970486,0
0,3,0.0012148973232441863,0,0.01,0,0.000674721784889698,0,5.805251561550737e-05,0,0.002198074922705522,0,0.014927418902516365,0,0.008962174877524376,0
0,1,0.6506009010564394,0,0.04,0,0.0018024095334112644,0,0.00306996526906429,0,0.0005081842250292338,0,0.016856560483574867,0,0.0434863418340683,0
0,3,0.39207605662081757,0,0.02,0,0.0011833597673103213,0,0.000781356416795904,0,0.0003322449450576689,0,0.020528366789221764,0,0.0957787036895752,0
0,3,0.9439946286005126,1,0.09,0,0.28236380219459534,0,0.11030865488317737,1,0.07680632313100386,0,0.13610810041427612,0,0.19572825729846954,1
0,2,1.8790999602274182e-05,0,0.03,0,0.0005236848373897374,0,0.00010361810753756571,0,1.0206141003050776e-05,0,0.0002968082553707063,0,0.0001656054228078574,0
0,4,0.0008552851793444897,0,0.04,0,0.00030120962765067816,0,0.00010920525976245632,0,6.783943830836058e-05,0,0.00015755696222186089,0,0.003836160758510232,0
0,5,0.00136987501328846,0,0.0,0,2.6015295588877052e-05,0,3.119568998759712e-05,0,7.299993489493906e-06,0,0.00041754008270800114,0,0.009100725874304771,0
0,3,0.0005509150442162165,0,0.0,0,0.00019810881349258125,0,0.00020823890870986096,0,0.0002979877533807749,0,0.001622880226932466,0,0.02441263385117054,0
0,3,0.001002191693915866,0,0.0,0,0.00010299402492819354,0,4.498728273091824e-05,0,1.2843789999511431e-05,0,0.0003939037851523608,0,0.0005559762939810753,0
0,2,0.2894690661255401,0,0.02,0,0.00010230531916022301,0,5.9570003213096524e-05,0,0.0004813238495816829,0,0.0037811726797372103,0,0.004259694367647171,0
0,1,0.00011049216436897766,0,0.0,0,1.9568369680200703e-05,0,3.511510865324194e-05,0,4.634993250301812e-07,0,2.4489228962920606e-05,0,7.564664701931179e-05,0
0,3,0.02160910023910398,0,0.02,0,3.7193229218246415e-05,0,0.0005028443438497045,0,0.0005376719804848681,0,0.012494594790041447,0,0.028610700741410255,0
0,1,0.425361878146859,0,0.01,0,0.0005533302901312709,0,0.0005274472953721043,0,0.016100565241332913,0,0.006639070808887482,0,0.014033735729753971,0
0,2,0.9979656010964301,1,0.09,0,0.1484803557395935,0,0.05137157554207026,0,0.0015711010017066666,0,0.2275402992963791,1,0.20290541648864746,1
0,3,1.915002078276705e-05,0,0.0,0,9.639863492338918e-06,0,2.363066092350613e-05,0,3.0424528672687186e-06,0,4.7057794290594757e-05,0,0.0002742308424785733,0
0,1,0.029807246761231962,0,0.06,0,0.0007711565122008324,0,9.160827172625691e-05,0,0.03477074185127962,0,0.011574970558285713,0,0.03170035779476166,0
0,3,4.953026240800585e-05,0,0.0,0,0.0001229222398251295,0,0.0001037608792705405,0,6.723827813165492e-05,0,3.0200364562915638e-05,0,2.559031781856902e-05,0
0,5,2.954394561367492e-06,0,0.0,0,5.1886461733374745e-05,0,2.816320156917324e-05,0,1.6953358664058626e-06,0,2.0872046661679633e-05,0,0.0003009371575899422,0
0,3,0.002601399407266998,0,0.02,0,0.0006634569726884365,0,0.0003834596320336273,0,0.000209592670278151,0,0.0020396190229803324,0,0.006416840944439173,0
0,1,0.0782055198630109,0,0.04,0,0.0010485746897757053,0,0.0011285264372896272,0,0.0007594465387924659,0,0.1309593766927719,0,0.22770026326179504,1
0,4,0.0006484164419112578,0,0.01,0,0.00016294447414111346,0,5.421995794818211e-05,0,9.19724321329786e-05,0,0.00011254962009843439,0,0.002627466805279255,0
0,5,0.48205245511836525,0,0.06,0,0.00104621727950871,0,8.31502786645169e-05,0,0.01714479334924085,0,0.04500441253185272,0,0.025767892599105835,0
0,2,0.0026441475569687167,0,0.03,0,0.00040418392745777965,0,8.250464250748258e-05,0,4.871018902943267e-06,0,0.00010875361476792023,0,0.0001310960651608184,0
0,3,0.006509353892633653,0,0.08,0,0.0070531778037548065,0,0.007888423987022502,0,0.10451843052607133,0,0.014732345007359982,0,0.07203001528978348,0
0,1,0.4157197432637226,0,0.13,1,0.7467921376228333,1,0.651002698146799,1,0.9712623329161668,1,0.025910649448633194,0,0.027502253651618958,0
0,4,0.0200392664463376,0,0.0,0,1.725829679344315e-05,0,1.850894155083973e-05,0,0.0001325884190970693,0,0.000192417879588902,0,0.00016884235083125532,0
0,2,6.712946021109536e-05,0,0.0,0,0.0001274153619306162,0,0.00016166762992042276,0,1.0518725387361335e-05,0,4.694438393926248e-05,0,5.0288872444070876e-05,0
0,3,3.3360087573080745e-07,0,0.02,0,1.522964066680288e-05,0,0.00010665415588909985,0,5.56891871467853e-06,0,0.0006913239485584199,0,0.001422097790054977,0
0,5,0.009639884191379362,0,0.15,1,0.0006149385590106249,0,0.018630698500126452,0,0.10038609075378413,0,0.049114733934402466,0,0.03127032518386841,0
0,2,2.083270853325461e-06,0,0.0,0,2.761512178039993e-06,0,2.5517058094692664e-05,0,2.0287718574637593e-07,0,1.345030432275962e-05,0,2.378261342528276e-05,0
0,4,0.004495560122582928,0,0.0,0,5.5977783631533384e-05,0,3.4041556358261525e-05,0,0.0002042773866653399,0,0.00030983585747890174,0,0.0002338486083317548,0
0,5,2.536312167118529e-06,0,0.01,0,7.193163764895871e-05,0,8.458429399993016e-05,0,0.004038735157547447,0,0.016408301889896393,0,0.005202332977205515,0
0,5,0.5042571982457819,0,0.05,0,0.006724801380187273,0,0.0011221363541070019,0,0.0013932873463092695,0,0.01848466508090496,0,0.020446766167879105,0
0,3,1.5379965328975253e-05,0,0.08,0,0.0006630445132032037,0,0.0009255726425791653,0,0.0008786247019699163,0,0.0018838084070011973,0,0.007112863473594189,0
0,1,0.5424192529697445,0,0.04,0,0.00031404817127622664,0,0.000825942329821977,0,0.00026665817647195084,0,0.032182760536670685,0,0.08959086239337921,0
0,3,0.016479178161969015,0,0.05,0,0.017866266891360283,0,0.00021187692476085603,0,0.10500756367678012,0,0.012540146708488464,0,0.041872791945934296,0
0,5,0.017409059568809067,0,0.02,0,5.419215085566975e-06,0,7.238509618117597e-05,0,0.00016529904910948538,0,0.00017770245904102921,0,0.0005470113828778267,0
0,2,0.011578795276281043,0,0.06,0,0.00404590368270874,0,0.001094444161865972,0,0.10183055744804623,0,0.01326697412878275,0,0.12298303842544556,0
0,5,0.010752418935210502,0,0.03,0,0.00012236277689225972,0,2.2834086365028754e-05,0,0.0006129288122745778,0,0.004905435722321272,0,0.013866402208805084,0
0,3,4.914556901995393e-06,0,0.01,0,2.9646384064108133e-05,0,2.17762485177217e-05,0,2.404182510803686e-05,0,0.002091230358928442,0,0.00027943929308094084,0
0,2,0.0017028731729630524,0,0.0,0,9.234524441126268e-06,0,3.67934755410211e-05,0,5.7811239834933346e-05,0,0.0009254378965124488,0,0.0007565070409327745,0
0,2,0.0008285756374588655,0,0.0,0,1.3028122339164838e-05,0,2.092637495184272e-05,0,2.3120437423765359e-07,0,0.00016529913409613073,0,0.00042447546729817986,0
0,5,0.0003260075386617267,0,0.05,0,0.0003068378136958927,0,4.1815747494673206e-05,0,0.0002567888639049464,0,0.00044563604751601815,0,0.006838694680482149,0
0,3,1.1906929376901008e-06,0,0.0,0,0.00016705674352124333,0,5.44105405086513e-05,0,5.259597604651786e-06,0,3.877538983942941e-05,0,2.9632026780745946e-05,0
0,3,0.0004325238779886681,0,0.04,0,7.561728125438094e-06,0,0.000122345402030444,0,0.000351985722150165,0,0.0020903213880956173,0,0.0031662157271057367,0
0,4,0.08676891013492383,0,0.02,0,0.00013449578545987606,0,6.44816997634788e-05,0,0.00018762247831488016,0,0.0005783637752756476,0,0.0010664839064702392,0
0,3,0.0633288164056849,0,0.0,0,0.0003902737225871533,0,7.24561709717879e-05,0,0.00017803839069839702,0,0.002387701068073511,0,0.0237381961196661,0
0,2,0.0019887980557486604,0,0.0,0,8.037399675231427e-05,0,4.1312926021096535e-05,0,1.2000259578707395e-06,0,7.11992834112607e-05,0,7.614842616021633e-05,0
0,3,0.00549593894082701,0,0.0,0,5.376836998038925e-05,0,2.025142976665597e-05,0,5.78368194268829e-07,0,7.252457726281136e-05,0,4.1896080801961944e-05,0
0,2,0.01858998662341067,0,0.02,0,0.0009813369251787663,0,7.571860295234046e-05,0,6.139710175650606e-05,0,0.002770849969238043,0,0.022035010159015656,0
0,2,0.185270629657368,0,0.0,0,0.0010838158195838332,0,9.508731964852315e-05,0,0.011627526401904719,0,0.01162794791162014,0,0.002626080298796296,0
0,2,0.00015908991839374214,0,0.01,0,2.7731437512557022e-05,0,0.00030537427154278405,0,0.00048270231076198185,0,0.05376032367348671,0,0.012462621554732323,0
0,2,0.002310907798339147,0,0.01,0,3.019584710273193e-06,0,3.7477775927083836e-05,0,0.0001285242902597256,0,0.00041362817864865065,0,0.0006734600174240768,0
0,5,0.02144588871119065,0,0.01,0,5.289640830596909e-05,0,0.00019531896979911524,0,0.0003036920883395841,0,0.0004131512832827866,0,0.0037060067988932133,0
0,2,0.9841402257007501,1,0.12,1,0.11590847373008728,0,0.01784328794723244,0,0.009005350355202803,0,0.09815629571676254,0,0.3281330466270447,1
0,2,0.08893470447470916,0,0.0,0,0.00020438215869944543,0,1.949597187902044e-05,0,0.0008717243677507212,0,0.003651352832093835,0,0.004313070792704821,0
0,5,0.0008967204286218005,0,0.01,0,1.7280413885600865e-05,0,2.0053195706039224e-05,0,3.094482115370885e-07,0,7.611946057295427e-05,0,0.00010578746150713414,0
0,1,0.11042361707361113,0,0.04,0,0.000791201600804925,0,6.609732735985982e-05,0,0.028594022755862418,0,0.005495756398886442,0,0.012875327840447426,0
0,4,0.1375030363086329,0,0.02,0,0.00043774358346126974,0,0.00013542360775453403,0,0.000510574139120047,0,0.02567330375313759,0,0.027743244543671608,0
0,2,0.6536596369326328,0,0.07,0,0.004409750923514366,0,0.004830578799050388,0,0.20815406081532406,1,0.03288554772734642,0,0.0517483614385128,0
0,4,0.2703731017529468,0,0.03,0,0.002291250741109252,0,0.00012574665761867223,0,0.003793880841517492,0,0.02201986312866211,0,0.012260901741683483,0
0,4,0.0029490532669293502,0,0.0,0,1.03482425402035e-05,0,6.0461783287610814e-05,0,3.5141449464328645e-05,0,0.0038613886572420597,0,0.0022966121323406696,0
0,1,0.16444368056585937,0,0.03,0,0.07380560785531998,0,0.0042578931718645985,0,0.13533367227725882,1,0.015944618731737137,0,0.02763371728360653,0
0,3,3.252295101963197e-06,0,0.0,0,5.933039938099682e-05,0,6.063874039541302e-05,0,4.885930631741883e-05,0,3.487486901576631e-05,0,0.00041457658517174423,0
0,2,3.700269472233684e-05,0,0.0,0,0.0001906029792735353,0,3.0257263369667402e-05,0,1.497704784663339e-06,0,2.6682337193051353e-05,0,3.145654045511037e-05,0
0,3,0.00038933739745876785,0,0.01,0,0.00022933892614673823,0,0.00011518340611115605,0,2.865782940275926e-05,0,0.0003078491718042642,0,0.0025384370237588882,0
0,2,0.34056362382659816,0,0.02,0,0.0003829473571386188,0,0.00016110358826292067,0,6.87652459203274e-05,0,0.0040978542529046535,0,0.011641415767371655,0
0,1,0.024128586684171678,0,0.0,0,2.2200343664735556e-05,0,2.0105720406403766e-05,0,1.5135429342095889e-05,0,0.003452145028859377,0,0.004781857132911682,0
0,3,0.05290466809075172,0,0.01,0,1.996143146243412e-05,0,0.00010548707279022407,0,0.0017252538882921399,0,0.005210920237004757,0,0.01203389372676611,0
0,3,2.6575874468012734e-05,0,0.03,0,0.00047363777412101626,0,0.0006888761565687295,0,3.7234424232798565e-05,0,0.0063112471252679825,0,0.0047399564646184444,0
0,4,0.285591966738712,0,0.09,0,0.031319547444581985,0,0.000865563098047422,0,0.04625429832444101,0,0.015742767602205276,0,0.039941731840372086,0
0,5,0.11295077471057804,0,0.0,0,7.286379968718393e-06,0,2.9728402247758815e-05,0,0.00030286209285591034,0,7.735683902865276e-05,0,0.00045811524614691734,0
0,1,0.670422190549559,0,0.01,0,0.0005864682607352734,0,0.0002806492250106491,0,0.001881117098231144,0,0.023326899856328964,0,0.04215003177523613,0
0,2,0.0035134262112528425,0,0.01,0,0.00026203313609585166,0,0.00011442755196309752,0,0.0006969202313454844,0,0.010320121422410011,0,0.016671963036060333,0
0,1,0.002158759475522878,0,0.03,0,0.0005613013636320829,0,0.00023597816986775134,0,0.0009676165754117461,0,0.011363334022462368,0,0.013901724480092525,0
0,1,0.13920698816477697,0,0.12,1,0.0005941058625467122,0,0.000702234667085097,0,0.15467193487021402,1,0.00784687977284193,0,0.029912013560533524,0
0,5,0.07403208641581786,0,0.0,0,2.0139677872066386e-05,0,4.835871933773443e-05,0,4.007674625456001e-06,0,0.00018534525588620454,0,0.00024269895220641047,0
0,4,0.0846145238972103,0,0.0,0,9.990628313971683e-06,0,3.1831103329201987e-05,0,3.7248720354364734e-05,0,0.00016346026677638292,0,0.00017394388851244003,0
0,2,0.4118945862367649,0,0.24,1,0.6408141255378723,1,0.5678965011163586,1,0.6492593814601898,1,0.3310675323009491,1,0.19492314755916595,1
0,4,0.007239310424252239,0,0.04,0,0.003959803842008114,0,0.0008843016714525944,0,1.4144000490386395e-05,0,0.0004827142402064055,0,0.00038028991548344493,0
0,4,0.1835892884050605,0,0.18,1,0.00516760628670454,0,0.001953468064521077,0,0.06663078408374203,0,0.02062985859811306,0,0.18406817317008972,1
0,1,0.8643993176608524,0,0.04,0,0.0014566621975973248,0,0.0002551564969896142,0,0.04195841459241468,0,0.02117200754582882,0,0.0621657520532608,0
0,2,0.00011797946009424988,0,0.0,0,6.710528850817354e-06,0,3.1514786268433395e-05,0,4.236575402755152e-05,0,5.8985198847949505e-05,0,0.00028639374068006873,0
0,1,0.0005853199858587287,0,0.0,0,8.594372047809884e-06,0,2.1655586640298248e-05,0,1.970806077963861e-05,0,8.809190330794081e-05,0,8.913680358091369e-05,0
0,2,0.00019145958102310563,0,0.0,0,0.0017928461311385036,0,4.18657770115161e-05,0,3.116500405404611e-05,0,0.0012494804104790092,0,0.009468555450439453,0
0,2,9.428641065552014e-05,0,0.02,0,9.249578397430014e-06,0,0.0003966421479318126,0,0.00025424607897249973,0,0.00014876398199703544,0,0.0016181383980438113,0
0,1,0.1453235911959041,0,0.03,0,0.0001103770628105849,0,0.0002654544894316171,0,0.0014339989971045213,0,0.004817731212824583,0,0.010641242377460003,0
0,1,1.9836872947827377e-06,0,0.0,0,8.118273399304599e-06,0,5.073117146621705e-05,0,2.875524092780456e-07,0,1.530472763988655e-05,0,1.5954468835843727e-05,0
0,2,5.367699841246457e-06,0,0.01,0,0.003314140485599637,0,0.00010496745676387833,0,9.040206599520056e-05,0,0.0002150905638700351,0,0.00012058170250384137,0
0,1,4.525811252041161e-05,0,0.0,0,1.2810750376957003e-05,0,1.9262742811198865e-05,0,1.2273028605248686e-05,0,1.7475027561886236e-05,0,0.00017744838260114193,0
0,5,0.0048058125509977435,0,0.0,0,2.160362055292353e-05,0,1.678373810923189e-05,0,0.00011633818545880898,0,0.0001329765800619498,0,0.00010487225517863408,0
0,4,0.00017480104904224177,0,0.01,0,5.465026697493158e-05,0,2.42116801615791e-05,0,1.8699554562055963e-05,0,0.0002520016278140247,0,0.00013086757098790258,0
0,3,0.9771483957843822,1,0.04,0,0.7487337589263916,1,0.026658625118268008,0,0.5509623315391254,1,0.04719260707497597,0,0.07556259632110596,0
0,4,0.0032774278757929484,0,0.0,0,9.883601887850091e-05,0,2.8237208737738087e-05,0,0.00030027949955743766,0,0.000442077754996717,0,0.005640057381242514,0
0,4,0.00042445594576317764,0,0.0,0,3.840362842311151e-05,0,1.6368501042926177e-05,0,9.943119592087145e-06,0,0.00031131613650359213,0,0.00025198422372341156,0
0,4,0.9303408600787834,0,0.11,0,0.010285528376698494,0,0.002300502308596327,0,0.005104754900510164,0,0.04202215000987053,0,0.13374647498130798,0
0,5,0.0005996961138419173,0,0.02,0,0.00047213738434948027,0,0.0071427469611179215,0,0.0008872532853325786,0,0.008557348512113094,0,0.014314132742583752,0
0,5,0.0003117232181554536,0,0.02,0,0.00021463216398842633,0,6.30052560089371e-05,0,0.014015773146192366,0,0.013585316017270088,0,0.0032163667492568493,0
0,3,0.6242057962018006,0,0.02,0,0.0004616828518919647,0,0.00012516347343832277,0,0.0061627053283843155,0,0.01339307427406311,0,0.017752816900610924,0
0,1,0.00018676157093532904,0,0.01,0,0.009375200606882572,0,6.219805368781448e-05,0,1.4070940911622988e-05,0,0.00025371514493599534,0,0.0006844821036793292,0
0,4,0.0012791134083507923,0,0.0,0,0.006918588187545538,0,0.0005075019345944929,0,0.0011063336101657056,0,0.032844413071870804,0,0.021500052884221077,0
0,3,0.0048294495234539984,0,0.01,0,0.00016492589202243835,0,2.4215263567845593e-05,0,3.243637019528324e-05,0,3.2786232623038813e-05,0,0.0008139332639984787,0
0,4,2.1620271483991914e-08,0,0.0,0,3.0832190986984642e-06,0,2.067106183335157e-05,0,1.8415510023532524e-08,0,1.882879587356001e-05,0,1.9914448785129935e-05,0
0,3,0.8761109734725882,0,0.05,0,0.05847112461924553,0,0.011836406840439292,0,0.1632530946143798,1,0.04718763008713722,0,0.1372232437133789,0
0,1,5.8331057100690805e-06,0,0.0,0,3.0761835660086945e-05,0,2.9096931215118214e-05,0,2.5681132307606343e-06,0,1.236646858160384e-05,0,3.7837406125618145e-05,0
0,1,0.18012717695167305,0,0.0,0,0.001142491470091045,0,0.0006067983467603738,0,0.0019098335529820537,0,0.000655916694086045,0,0.004876351915299892,0
0,5,6.385133575598494e-05,0,0.01,0,8.509449253324419e-05,0,4.7263965229837875e-05,0,6.193460644728439e-06,0,0.0002948319888673723,0,0.0045547704212367535,0
0,4,0.048267785630258436,0,0.02,0,0.0006781106349080801,0,0.0016110916368794626,0,0.04873503600342009,0,0.007628988474607468,0,0.015114128589630127,0
0,1,0.025964823308052387,0,0.0,0,9.693683750811033e-06,0,3.9834158957065255e-05,0,0.00035730911195708124,0,0.0017052022740244865,0,0.0013407508376985788,0
0,3,0.19525271287200607,0,0.01,0,7.833712152205408e-05,0,1.7659187875508446e-05,0,5.4178481613119105e-05,0,0.0010950590949505568,0,0.0012292577885091305,0
0,3,1.659310774782729e-05,0,0.0,0,7.784934496157803e-06,0,2.7019748299063372e-05,0,2.9882121249189104e-06,0,2.5851561076706275e-05,0,3.684024704853073e-05,0
0,4,0.0005226096829375867,0,0.0,0,4.49634826509282e-05,0,3.5328722993163654e-05,0,2.8777757024065944e-06,0,9.129581303568557e-05,0,0.000147691709571518,0
0,4,0.002038775284716331,0,0.02,0,0.0001330084487562999,0,0.0005565462257226948,0,0.0016516347792872926,0,0.00230222987011075,0,0.0013981000520288944,0
0,1,0.00036896684641003286,0,0.01,0,3.334952998557128e-05,0,3.4283726080340055e-05,0,2.3609273405666988e-07,0,2.1051939256722108e-05,0,4.196129521005787e-05,0
0,2,0.05783384702795446,0,0.05,0,0.0002219407761003822,0,0.000163158750230763,0,0.00011816770928550351,0,0.008524764329195023,0,0.01736791431903839,0
0,3,0.0017510941712178243,0,0.02,0,7.71849590819329e-05,0,0.00012374061520595056,0,0.00018320741234220808,0,0.0011740719201043248,0,0.0037423225585371256,0
0,4,0.0016570391041251088,0,0.01,0,1.7685764760244638e-05,0,3.6212113454731895e-05,0,6.831393528270717e-05,0,0.0005804743268527091,0,0.0002508269972167909,0
0,3,0.000614143546266129,0,0.02,0,0.0002923369756899774,0,0.005004226312734195,0,0.0007834188689227121,0,0.0012628844706341624,0,0.007560899015516043,0
0,4,0.9431598765354224,0,0.07,0,0.002370798494666815,0,0.0052808691783294065,0,0.011725591729284944,0,0.05166683718562126,0,0.14065468311309814,0
0,1,3.7890647672882255e-06,0,0.01,0,7.389775419142097e-06,0,2.109015151570732e-05,0,6.661481884738523e-07,0,2.641275932546705e-05,0,1.9049246475333348e-05,0
0,4,2.442819306864261e-06,0,0.0,0,5.335819423635257e-06,0,1.7640104456487348e-05,0,2.1645743070999613e-07,0,2.0336952729849145e-05,0,1.8988532247021794e-05,0
0,5,0.00018545771748971923,0,0.0,0,0.00011699004971887916,0,4.0118895732184244e-05,0,2.150129670017823e-06,0,1.4399049177882262e-05,0,2.677007250895258e-05,0
0,5,3.1381874387262658e-06,0,0.0,0,1.449236151529476e-05,0,1.9823723994451094e-05,0,1.7219410612394568e-06,0,0.00010335754632251337,0,0.0006714005139656365,0
0,2,0.0017993012487659318,0,0.0,0,2.6662275558919646e-05,0,4.651020609449802e-05,0,2.206999307629741e-05,0,0.005748888943344355,0,0.006479445844888687,0
0,2,0.4492573017897636,0,0.12,1,0.03472733497619629,0,0.0008401821305383835,0,0.008967570290178199,0,0.02361522801220417,0,0.05616085231304169,0
0,5,0.00021590982638429131,0,0.01,0,0.00013965032121632248,0,5.5807968052019e-05,0,0.002753607304022294,0,0.00044941582018509507,0,0.000497774570249021,0
0,3,0.06830930350315212,0,0.13,1,0.04510914906859398,0,0.10410049449685571,1,0.393733680366739,1,0.03745650872588158,0,0.0914321318268776,0
0,5,0.005716823014383001,0,0.04,0,2.190056511608418e-05,0,3.0408563681632052e-05,0,0.01034237596291165,0,0.005334482528269291,0,0.010912947356700897,0
0,5,0.002228476826217208,0,0.0,0,1.738111677695997e-05,0,3.471670427108562e-05,0,0.00065919265067906,0,0.0032821334898471832,0,0.004936998710036278,0
0,3,0.18379520717642195,0,0.01,0,0.00016404913912992924,0,1.486139132377703e-05,0,0.00024523825878321626,0,0.01568182371556759,0,0.009259305894374847,0
0,1,0.061946113517431144,0,0.03,0,0.02499362826347351,0,5.577788256899184e-05,0,3.65137782722394e-05,0,0.02924204245209694,0,0.2044367641210556,1
0,3,3.490219042405142e-05,0,0.0,0,2.1794578060507774e-05,0,3.928766599754513e-05,0,1.4366762465634139e-06,0,1.7517801097710617e-05,0,1.593235538166482e-05,0
0,2,2.1339470994837306e-06,0,0.0,0,3.6638634810515214e-06,0,2.0844391727618766e-05,0,2.651492260252288e-07,0,1.1229049050598405e-05,0,3.839289638563059e-05,0
0,1,0.005161782785157975,0,0.02,0,4.2814579501282424e-05,0,0.0001412427742075632,0,0.00018386486730178941,0,3.9739439671393484e-05,0,0.00013421199400909245,0
0,3,8.392134613436307e-07,0,0.0,0,2.0791256247321144e-05,0,2.3587725871134344e-05,0,3.885075266598429e-07,0,1.4423629181692377e-05,0,1.6461097402498126e-05,0
0,5,6.374882748377701e-08,0,0.0,0,2.1291493794706184e-06,0,1.9841407857453914e-05,0,2.9171625044818305e-07,0,3.352358908159658e-05,0,8.572288788855076e-05,0
0,5,0.002595331182949147,0,0.04,0,0.0003176335303578526,0,3.628435934427929e-05,0,1.7846088700335872e-05,0,0.000362933031283319,0,0.0033552348613739014,0
0,2,0.7844978667354496,0,0.03,0,0.0020397361367940903,0,0.000695918898031735,0,0.03933351509063146,0,0.016118880361318588,0,0.030214037746191025,0
0,1,0.00033584164914832664,0,0.0,0,6.093274350860156e-05,0,0.0003776553596271893,0,2.2950998813630656e-05,0,0.006240277551114559,0,0.002549956552684307,0
0,5,0.037883091480705455,0,0.03,0,0.00011835166515083984,0,2.4702571233243587e-05,0,0.0008889552069730642,0,0.0008214486297219992,0,0.007250904105603695,0
0,2,0.00016954843800771354,0,0.03,0,0.01209310907870531,0,0.0010773479341537361,0,7.872623655959226e-06,0,0.020531469956040382,0,0.06229444220662117,0
0,2,4.817085451332053e-05,0,0.01,0,9.281999518861994e-05,0,9.672421168508129e-05,0,8.57383281602289e-06,0,0.0002059221442323178,0,0.0010754925897344947,0
0,1,0.15118795953726746,0,0.0,0,1.3211983059591148e-05,0,6.617667130530214e-05,0,3.0642326046456114e-06,0,0.0012544711353257298,0,0.001887453836388886,0
0,2,7.200665142547454e-06,0,0.0,0,3.637664849520661e-05,0,2.0786982431062294e-05,0,8.519471128010886e-07,0,1.3863566891814116e-05,0,2.5739544071257114e-05,0
0,3,0.4090983717739217,0,0.09,0,0.6446695923805237,1,0.4625344487229739,1,0.38710320151796773,1,0.02132979966700077,0,0.2273036539554596,1
0,1,0.7224661956147863,0,0.04,0,0.007062083575874567,0,0.004421309051765933,0,4.101687611975201e-05,0,0.005697442218661308,0,0.007321831304579973,0
0,2,0.021942319787207374,0,0.0,0,9.257796045858413e-05,0,2.4431377318318927e-05,0,2.3731606028882403e-06,0,3.651671067927964e-05,0,0.000115583861770574,0
0,3,0.020890125946448734,0,0.01,0,0.0004606607835739851,0,4.3699953364797544e-05,0,1.1848314367210055e-05,0,0.00186025386210531,0,0.0024989338126033545,0
0,1,0.0016420457560226767,0,0.01,0,0.00011477773659862578,0,0.00015236319904898593,0,6.0661784433224513e-05,0,0.001453594071790576,0,0.0008422976825386286,0
0,5,5.288934485349473e-05,0,0.0,0,2.393677050349652e-06,0,4.787017951704335e-05,0,2.872351677908649e-06,0,1.9648217858048156e-05,0,0.0001424112415406853,0
0,2,0.0003426777690489342,0,0.0,0,1.533261274744291e-05,0,2.7276130761864228e-05,0,5.109104074918893e-05,0,5.095498636364937e-05,0,0.000651425973046571,0
0,2,0.002037342443957958,0,0.04,0,0.0005139129352755845,0,0.007196799063072751,0,0.00301747269788705,0,0.0001740193838486448,0,0.0027918661944568157,0
0,1,0.00147033382775562,0,0.01,0,0.0002738592156674713,0,0.00020900455051440725,0,0.0006426680929322948,0,0.004935203120112419,0,0.0036122992169111967,0
0,3,6.000400114716569e-05,0,0.02,0,0.0003559740725904703,0,6.0924000894782974e-05,0,1.4069228084563647e-05,0,0.0001693445083219558,0,0.002622630214318633,0
0,1,0.004017127391123718,0,0.02,0,0.0011007424909621477,0,5.920556368750185e-05,0,0.008882513044064297,0,0.00537656806409359,0,0.005500768311321735,0
0,3,0.9711678375181814,1,0.06,0,0.015523413196206093,0,0.0030603418390023956,0,0.030762352307892562,0,0.19077777862548828,0,0.19153077900409698,1
0,1,0.015663598486588826,0,0.0,0,0.0010974564356729388,0,0.00029425758408342667,0,5.560555248152333e-05,0,0.004960651509463787,0,0.007113891188055277,0
0,2,0.00010014021590437471,0,0.03,0,3.0035251256776974e-05,0,0.00012076969282613318,0,2.5438972405874812e-05,0,9.874318493530154e-05,0,0.001367140212096274,0
0,4,0.0007211739400081943,0,0.0,0,1.5286446796380915e-05,0,2.0627694685453924e-05,0,2.2780864633898572e-07,0,5.830428926856257e-05,0,0.0005824171239510179,0
0,4,0.7505124777028486,0,0.01,0,0.001754484954290092,0,0.0009812352832295618,0,0.007106385940055109,0,0.02487953007221222,0,0.03531508147716522,0
0,2,0.7035578623608708,0,0.09,0,0.023067831993103027,0,0.0007583035791891714,0,0.12303337349937321,0,0.04659733176231384,0,0.21189144253730774,1
0,5,0.0008357457656249116,0,0.0,0,0.00010939867934212089,0,0.00039538299590736125,0,9.802956711119442e-05,0,0.0036818808875977993,0,0.0019233411876484752,0
0,5,0.00030353547668595336,0,0.04,0,0.0011599770514294505,0,3.309857906202581e-05,0,1.260853074151796e-05,0,0.00027896786923520267,0,0.00011621200974332169,0
0,4,6.75850126651403e-06,0,0.02,0,1.6831800166983157e-05,0,5.412355839981504e-05,0,1.44096997327096e-05,0,6.891913653817028e-05,0,0.003979571163654327,0
0,1,0.005683698777610837,0,0.02,0,7.176131475716829e-05,0,5.886213565004993e-05,0,0.0015991369496424547,0,0.0008066854788921773,0,0.0011160928988829255,0
0,3,0.8010510879948987,0,0.0,0,2.9100225219735876e-05,0,1.4596831657939337e-05,0,0.00028605855992633685,0,0.004168213345110416,0,0.010854693129658699,0
0,5,3.7210572085730115e-06,0,0.02,0,4.441489636519691e-06,0,2.310203629407229e-05,0,8.662155400752418e-06,0,0.00019389776571188122,0,0.0029214457608759403,0
0,3,0.002144178086026237,0,0.02,0,0.00021202438801992685,0,2.5004037587754262e-05,0,0.00010342901926348892,0,0.002744322409853339,0,0.004959373269230127,0
0,5,0.0016218546256473979,0,0.01,0,2.4613132154627237e-06,0,1.4594779399643801e-05,0,0.0001749153957148462,0,0.0001154233978013508,0,0.0007474448066204786,0
0,1,1.4754228949099855e-05,0,0.02,0,0.005831771995872259,0,7.079283986666793e-05,0,2.1951863087326343e-05,0,0.0003717566723935306,0,8.591798541601747e-05,0
0,4,0.004895851908718939,0,0.05,0,0.0005194707191549242,0,0.0011694096047371338,0,0.0006347349876998743,0,0.0013876402517780662,0,0.04156431555747986,0
0,3,0.00023726590781520936,0,0.03,0,0.0007669221377000213,0,0.0006279923727502816,0,0.00013732450773499164,0,0.0008037558291107416,0,0.0011585673782974482,0
0,1,0.03220378503698326,0,0.05,0,0.002910629380494356,0,0.0004471408876256857,0,0.006580518861941469,0,0.06552959233522415,0,0.08106214553117752,0
0,4,0.001932438038557504,0,0.0,0,2.7035041057388298e-05,0,4.206703887272927e-05,0,3.1325882286260594e-06,0,0.00019425159553065896,0,0.0007891354034654796,0
0,5,0.35325353940419607,0,0.0,0,4.353250005806331e-06,0,8.424565535882795e-05,0,0.0013978831359888698,0,0.014392895624041557,0,0.008529117330908775,0
0,2,0.0003012143537829512,0,0.0,0,8.908938070817385e-06,0,2.9913081230470785e-05,0,1.5830975579752422e-06,0,3.51373637386132e-05,0,0.00010220655531156808,0
0,5,3.835469814696933e-05,0,0.01,0,5.936845809628721e-06,0,2.4682397124173195e-05,0,0.00026846859266408226,0,0.0005189445219002664,0,0.0025217768270522356,0
0,5,0.008420895752430858,0,0.0,0,1.6694175428710878e-05,0,2.3948131789400612e-05,0,2.6412033180025835e-07,0,6.085331551730633e-05,0,3.780992847168818e-05,0
0,3,0.0001276807995431653,0,0.01,0,1.5415508869409678e-06,0,9.724750937917691e-05,0,6.862352329419799e-06,0,0.001181720639578998,0,0.005166123155504465,0
0,3,0.04435207294009384,0,0.04,0,0.00046413697418756783,0,0.0001044962642977864,0,4.116709308804227e-05,0,0.0008895285427570343,0,0.0012297750217840075,0
0,5,0.007575517603367164,0,0.01,0,0.00017293576092924923,0,1.9585226425030123e-05,0,2.9059250401142717e-06,0,0.00010023592767538503,0,0.00012368567695375532,0
0,3,0.0015349582406079538,0,0.04,0,0.014377300627529621,0,0.0001522788149285604,0,0.002127236138512155,0,0.017419805750250816,0,0.009825979359447956,0
0,4,0.12387010567704557,0,0.01,0,1.317138594458811e-05,0,2.287728134350146e-05,0,0.00021748083187072024,0,0.005506449844688177,0,0.0020438027568161488,0
0,5,2.321995982376247e-08,0,0.02,0,0.0004921122454106808,0,0.00012352728849110162,0,1.508057101864747e-05,0,0.0005020037060603499,0,0.0005550545756705105,0
0,3,0.00039341697610521673,0,0.01,0,1.0078410014102701e-05,0,7.087268224204183e-05,0,0.0005909010874833212,0,0.010544885881245136,0,0.0023578181862831116,0
0,3,0.0009104167378543891,0,0.01,0,3.264372207922861e-05,0,7.287159470584329e-05,0,0.00010794433734394544,0,0.001602893345989287,0,0.001202716724947095,0
0,4,0.03290257971595114,0,0.09,0,0.0052711982280015945,0,0.0005568058772366809,0,0.003599309331558409,0,0.028426624834537506,0,0.05797160416841507,0
0,2,0.05713304617908916,0,0.02,0,8.68139904923737e-05,0,0.00027845710521130697,0,0.0004118376499350082,0,0.004490958526730537,0,0.016114182770252228,0
0,2,0.0021890241578761353,0,0.01,0,0.00023940319078974426,0,0.0002710978619081858,0,0.00010787507553483002,0,0.00015086453640833497,0,0.0013260829728096724,0
0,5,0.004352234903195451,0,0.03,0,0.0002271689590997994,0,6.717549357043595e-05,0,0.00019747318969740106,0,0.0029741202015429735,0,0.011934395879507065,0
0,5,0.0011301378068621787,0,0.01,0,2.901529114751611e-05,0,2.3455659066443613e-05,0,6.673870576812082e-06,0,0.00016026291996240616,0,0.0010580008383840322,0
0,1,1.4127345313897743e-05,0,0.0,0,1.1934225767618045e-05,0,2.494938446887784e-05,0,1.513930428688419e-07,0,1.2426648027030751e-05,0,2.8152044251328334e-05,0
0,3,0.002123477396677809,0,0.0,0,0.000296334590530023,0,3.548100557198205e-05,0,9.37563611486772e-05,0,0.00032004318200051785,0,0.0006336860824376345,0
0,4,0.00015764153314803888,0,0.0,0,1.3310678696143441e-05,0,6.992515698007581e-05,0,4.955310997976263e-05,0,3.4460150345694274e-05,0,0.00033387867733836174,0
0,2,0.0011337411132188698,0,0.0,0,8.516876732755918e-06,0,3.0335120604576656e-05,0,5.190179012631443e-05,0,0.0003075090062338859,0,0.0006199157796800137,0
0,3,0.0046368706308875934,0,0.04,0,0.00025172645109705627,0,0.00014604054799036606,0,0.0025240559419969734,0,0.00619816267862916,0,0.013300237245857716,0
0,4,0.0003632955639547811,0,0.0,0,1.4944550457585137e-05,0,1.8098167159383715e-05,0,1.1078282973008642e-05,0,0.00042581409798003733,0,0.0008934321813285351,0
0,5,0.00013876037401609629,0,0.05,0,0.004131012596189976,0,0.0030220274857580033,0,0.0002817728419209263,0,0.0008055531070567667,0,0.0009265223634429276,0
0,3,0.025872381695298256,0,0.0,0,4.53441716672387e-05,0,7.589738889464393e-05,0,7.68870739829769e-05,0,0.008886109106242657,0,0.00449497252702713,0
0,2,6.555203044084495e-06,0,0.01,0,0.00010579221998341382,0,3.979738339593509e-05,0,8.069982816333695e-06,0,0.002019509905949235,0,0.004327923059463501,0
0,4,0.0007550170401169123,0,0.03,0,0.0003135234583169222,0,4.315009323611334e-05,0,2.158488403478716e-05,0,0.0001344437332591042,0,0.00035535235656425357,0
0,2,0.0033461953303552663,0,0.0,0,9.095760469790548e-05,0,3.272859649653252e-05,0,1.2387463802351648e-05,0,0.0003373465151526034,0,0.0017963997088372707,0
0,4,0.007836512623280119,0,0.0,0,0.0001241070858668536,0,7.761198993515456e-05,0,6.637623220020578e-07,0,0.00033994787372648716,0,0.002905400237068534,0
0,1,5.02840155721287e-06,0,0.0,0,0.0038328934460878372,0,5.166720942205047e-05,0,4.3404662841877375e-06,0,0.00014018658839631826,0,6.937186844879761e-05,0
0,2,5.240540970470621e-06,0,0.0,0,6.0966336604906246e-05,0,5.6102501124485115e-05,0,9.064823947715462e-07,0,1.373603390675271e-05,0,1.9704857550095767e-05,0
0,1,0.8058507961028355,0,0.03,0,0.007510719355195761,0,0.0049647420733939535,0,0.07308532224883288,0,0.003429885720834136,0,0.03768473491072655,0
0,2,0.05843417660856289,0,0.01,0,0.00011462756083346903,0,4.123576776835834e-05,0,6.892542211005932e-07,0,0.00013638296513818204,0,0.00019633916963357478,0
0,3,0.0013207643188431286,0,0.03,0,0.0012522145407274365,0,7.987838759012953e-05,0,0.0021945083863856487,0,0.004128316417336464,0,0.001712561585009098,0
0,2,0.0005962444628130561,0,0.03,0,4.2841660615522414e-05,0,4.853070262167403e-05,0,0.00016164155745324672,0,0.005692583974450827,0,0.004103489685803652,0
0,2,3.145079568024623e-06,0,0.0,0,0.0002572982048150152,0,8.987234693379228e-05,0,6.413139443281794e-07,0,2.5681802071630955e-05,0,2.7947149646934122e-05,0
0,2,9.174949350433344e-06,0,0.01,0,8.674091805005446e-05,0,2.8869067238125608e-05,0,1.0214183094347423e-06,0,4.347294816398062e-05,0,0.00017714455316308886,0
0,4,0.011390296962105115,0,0.05,0,0.001563877915032208,0,0.00015706501698151468,0,4.038045957536553e-05,0,0.019489960744976997,0,0.004559044260531664,0
0,4,6.224465345085311e-06,0,0.0,0,0.0009805891895666718,0,5.555174131732997e-05,0,2.0319160175306402e-05,0,0.0003254271869082004,0,0.004665642511099577,0
0,4,0.00283614082773046,0,0.0,0,2.776777182589285e-05,0,2.7725810041493378e-05,0,7.27568145137445e-06,0,0.0001230710477102548,0,0.0015974113484844565,0
0,2,0.004757415390563409,0,0.01,0,0.000735617708414793,0,6.104183890896558e-05,0,7.300202911363374e-07,0,0.0007478401530534029,0,0.0011524161091074347,0
0,2,0.04163592544434662,0,0.02,0,0.00388122140429914,0,0.00030620364067159006,0,0.023511884299437884,0,0.015525559894740582,0,0.040828805416822433,0
0,2,0.0011200726326725137,0,0.06,0,0.00010051750723505393,0,0.0003208925026474934,0,0.011583868272024296,0,0.0035342522896826267,0,0.004880355671048164,0
0,4,0.07209278620671487,0,0.0,0,2.3180953576229513e-05,0,1.7373191873360473e-05,0,0.0001651596083650151,0,0.0023170930799096823,0,0.0019784385804086924,0
0,1,6.766565781898265e-05,0,0.0,0,0.0002398789074504748,0,4.152593681072973e-05,0,0.0002543554281456458,0,0.0003482869651634246,0,0.0029700552113354206,0
0,4,1.0187282978524093e-05,0,0.01,0,3.557015588739887e-05,0,5.010584760685688e-05,0,2.0429787750777844e-07,0,2.7107651476399042e-05,0,0.0007436167798005044,0
0,5,6.824801486430846e-05,0,0.01,0,3.392803409951739e-05,0,5.096669135058458e-05,0,6.390828820275319e-07,0,2.7396232326282188e-05,0,1.9052626157645136e-05,0
0,3,0.024524118170395213,0,0.11,0,0.12561878561973572,0,0.018402181096491152,0,0.03519301352887391,0,0.08230116963386536,0,0.22578343749046326,1
0,2,0.9995239005077504,1,0.12,1,0.2732994258403778,1,0.0242078533748195,0,0.1605949118469293,0,0.37627533078193665,1,0.3141416907310486,1
0,5,0.06598931742643015,0,0.01,0,2.024265813815873e-05,0,2.7648832082733855e-05,0,2.76165285349907e-06,0,0.0006862942827865481,0,0.0037479782477021217,0
0,2,0.00044491669436388454,0,0.02,0,4.119255390833132e-05,0,8.299273212465332e-05,0,2.698284425313762e-06,0,0.00013103472883813083,0,0.00015261869702953845,0
0,3,0.0012969771722533576,0,0.13,1,5.2820294513367116e-05,0,0.001096104483698953,0,0.023247675843493902,0,0.018880188465118408,0,0.031700149178504944,0
0,2,0.0005970712416032957,0,0.0,0,2.025331741606351e-05,0,0.0001130797915415953,0,7.16300457918478e-05,0,0.0007260740967467427,0,0.0009779264219105244,0
0,5,0.004911112557147353,0,0.02,0,0.00012075230915797874,0,0.00023885611744973707,0,0.000709886754324372,0,0.042653169482946396,0,0.038411058485507965,0
0,2,0.002324674223365377,0,0.0,0,7.082631054800004e-05,0,7.615174842003914e-05,0,7.181485241737342e-07,0,2.0483324988163076e-05,0,5.057768430560827e-05,0
0,3,0.0007912171045328003,0,0.02,0,0.0008056919905357063,0,0.00121450407210727,0,0.002607747145191209,0,0.0024635042063891888,0,0.04930926486849785,0
0,1,0.0003465902063880781,0,0.0,0,3.998693955509225e-06,0,2.0831120139241126e-05,0,2.7826819589220107e-07,0,7.811055183992721e-06,0,3.192163785570301e-05,0
0,1,0.10719608081054313,0,0.0,0,0.00025497967726550996,0,0.0002021456762438508,0,0.00018198436217601837,0,0.002090619644150138,0,0.004618535749614239,0
0,4,0.00017185398609367782,0,0.01,0,1.1717896995833144e-05,0,2.029798361578986e-05,0,7.266513023071999e-05,0,3.829940760624595e-05,0,0.00012971844989806414,0
0,1,0.16532788049903044,0,0.02,0,0.0003211360308341682,0,0.0004676428658626363,0,0.03593429238405484,0,0.03655998408794403,0,0.02969786338508129,0
0,4,4.2687768552116385e-07,0,0.0,0,9.749323362484574e-05,0,4.21416844475092e-05,0,1.4020969886842463e-07,0,2.2538819393957965e-05,0,1.985775634238962e-05,0
0,1,0.00028504073978524643,0,0.01,0,8.095118573692162e-06,0,2.8009935086813898e-05,0,1.3829609291385851e-05,0,3.109793033218011e-05,0,0.00022678769892081618,0
0,5,0.0014941818045683015,0,0.01,0,0.000460411625681445,0,0.0010582160164011444,0,0.0012922544607779272,0,0.000736863468773663,0,0.004572106059640646,0
0,2,0.0005853887111393637,0,0.0,0,2.1846912204637192e-05,0,7.253390895760045e-05,0,2.7649732768904856e-05,0,0.00041667057666927576,0,0.005181094631552696,0
0,5,0.01139703680362536,0,0.03,0,5.5997483286773786e-05,0,6.994294796956355e-05,0,0.009974843050476747,0,0.0011578950798138976,0,0.002007455099374056,0
0,3,0.013580972472135699,0,0.0,0,7.095449109328911e-05,0,7.070734834779436e-05,0,0.0005411533891330117,0,0.0035977496299892664,0,0.0023294687271118164,0
0,1,0.27920593551217987,0,0.07,0,0.007468037307262421,0,0.0005912715763395155,0,0.10157689978791708,0,0.006147393491119146,0,0.06590844690799713,0
0,1,0.00046431437133267854,0,0.01,0,8.039538079174235e-05,0,0.00016831552505188244,0,0.000560664565737332,0,0.002509360434487462,0,0.0028044565115123987,0
0,2,0.5192674761516675,0,0.0,0,0.0004495368921197951,0,5.940565214569493e-05,0,0.00017488720721432226,0,0.002499540336430073,0,0.00563967926427722,0
0,5,0.019256607281835935,0,0.04,0,0.00018448036280460656,0,7.877624134891968e-05,0,0.002118268951740576,0,0.015141958370804787,0,0.025697797536849976,0
0,4,0.00028270406594204566,0,0.0,0,5.48204334336333e-05,0,2.0659605584616114e-05,0,1.5172500919294028e-07,0,5.3898209444014356e-05,0,0.0001409172109561041,0
0,5,0.00941547797554821,0,0.0,0,7.318637472053524e-06,0,1.9475367907536375e-05,0,2.9651308793920075e-07,0,0.000611104944255203,0,3.726203431142494e-05,0
0,1,0.05867863601295056,0,0.01,0,0.00018577493028715253,0,0.00020729152014414538,0,5.3333366094016775e-05,0,0.00781979225575924,0,0.024837173521518707,0
0,4,0.010443105317593678,0,0.02,0,6.924897024873644e-05,0,7.832248359817233e-05,0,0.00021328054975722693,0,0.0035089405719190836,0,0.0029051648452878,0
0,2,0.006547708104890552,0,0.0,0,2.103109727613628e-05,0,4.586552665879838e-05,0,6.451702605038003e-06,0,0.0012794657377526164,0,0.009342445991933346,0
0,2,0.9685607806144484,1,0.06,0,0.001858870848082006,0,0.0005246631699604934,0,0.0022258009875175686,0,0.017503950744867325,0,0.05971178039908409,0
0,1,0.0011371160157089874,0,0.01,0,0.00047058184281922877,0,6.004178647031075e-05,0,7.76230059584629e-05,0,0.002487768651917577,0,0.004494325257837772,0
0,5,0.003183201485807409,0,0.01,0,6.258462235564366e-05,0,5.8770891612454896e-05,0,2.1931032317571596e-06,0,5.7579698477638885e-05,0,0.00045670437975786626,0
0,4,5.1692982424164724e-05,0,0.0,0,2.1451187421916984e-05,0,2.238413529050058e-05,0,6.082242397074304e-07,0,3.444124013185501e-05,0,9.712056635180488e-05,0
0,1,1.217681879039716e-06,0,0.0,0,2.73029263553326e-06,0,6.398057539767919e-05,0,1.1739271595559515e-08,0,5.048668299423298e-06,0,1.3111143744026776e-05,0
0,2,0.04272807619228245,0,0.03,0,4.7053417802089825e-05,0,4.4629550942313603e-05,0,4.295073279585965e-05,0,0.0038797506131231785,0,0.002491419669240713,0
0,4,0.02425784422746149,0,0.05,0,0.0018816161900758743,0,0.0006081498004605792,0,0.016333779638815556,0,0.003588813589885831,0,0.006560198962688446,0
0,1,0.001422060795784976,0,0.02,0,0.0006477991701103747,0,0.00016459546596632503,0,0.07163545613955463,0,0.004991176072508097,0,0.01776294969022274,0
0,1,0.050010986388609235,0,0.02,0,0.007194196339696646,0,0.0007612495464017436,0,0.006148664069673146,0,0.03428281471133232,0,0.04592043161392212,0
0,5,0.010114905782391386,0,0.03,0,0.019520170986652374,0,0.007043762891041601,0,0.03758162567793535,0,0.051612481474876404,0,0.048532724380493164,0
0,4,1.153512236765064e-05,0,0.0,0,0.0002784689422696829,0,2.9380456424575194e-05,0,4.838367243385294e-07,0,9.349914762424305e-05,0,0.0001425815571565181,0
0,1,2.308642752513415e-05,0,0.0,0,3.037566420971416e-05,0,2.3130494426143718e-05,0,7.825744889350087e-07,0,1.2722297469736077e-05,0,2.086277527268976e-05,0
0,1,0.9993039850366606,1,0.22,1,0.7223242521286011,1,0.4759696954899183,1,0.7332071157724553,1,0.30269119143486023,0,0.17536678910255432,1
0,4,0.0006667116201357677,0,0.02,0,0.00017062286497093737,0,3.0265372737889316e-05,0,5.953418387106595e-05,0,5.993550075800158e-05,0,3.537142765708268e-05,0
0,5,8.396426464632536e-08,0,0.0,0,1.2387102287902962e-05,0,2.3734770570356967e-05,0,1.000705213233659e-06,0,2.5199515221174806e-05,0,0.000133246518089436,0
0,3,0.00014013529089630523,0,0.01,0,1.8158298189518973e-05,0,4.3686381918298055e-05,0,4.6940175472074846e-05,0,0.00033067152253352106,0,0.0004198214737698436,0
0,5,0.006631886034349165,0,0.03,0,6.464526086347178e-05,0,0.00029978681653533074,0,0.004276126699913748,0,0.0001970863959286362,0,0.001021770411171019,0
0,1,0.011190105875636127,0,0.05,0,0.00010456879681441933,0,0.0011832108960070234,0,0.0007408160321549551,0,0.0040472885593771935,0,0.003498937003314495,0
0,4,0.000378078546924495,0,0.02,0,0.0006384943262673914,0,0.0001892924767243174,0,0.0005714474747081788,0,0.0028553628362715244,0,0.0025482734199613333,0
0,4,0.8621280352854187,0,0.0,0,1.6765125110396184e-05,0,2.563455672490468e-05,0,0.00010287019650282411,0,0.003606353886425495,0,0.0080399289727211,0
0,1,0.03862597457441364,0,0.0,0,1.3953556390333688e-06,0,1.4525442551429766e-05,0,3.1894450589054414e-05,0,0.00015646668907720596,0,0.0001451583084417507,0
0,1,0.6048844049248794,0,0.05,0,0.0002400443481747061,0,0.0011929888014837306,0,0.07709028931186075,0,0.007973848842084408,0,0.012054730206727982,0
0,2,0.057699514756689184,0,0.01,0,0.00042648057569749653,0,0.0015568032510013287,0,0.0006373858125113312,0,0.001615926274098456,0,0.0029948619194328785,0
0,1,0.00806645768916317,0,0.01,0,8.161713594745379e-06,0,2.8924411413592287e-05,0,1.1400037551480775e-06,0,8.186715422198176e-05,0,0.0009568159002810717,0
0,4,6.274244095722797e-05,0,0.03,0,7.171520701376721e-05,0,6.127757364438587e-05,0,0.001589413331050886,0,0.012062039226293564,0,0.026660315692424774,0
0,1,0.002589232899966645,0,0.0,0,9.715162741485983e-05,0,3.0235123110522354e-05,0,7.012933032898441e-06,0,0.00017104310973081738,0,0.0011972538195550442,0
0,3,0.29124564532456615,0,0.0,0,0.0010961467633023858,0,0.0017795353455920977,0,0.002593713916167894,0,0.03558981046080589,0,0.05569552630186081,0
0,5,0.6725568482644249,0,0.13,1,0.02698747254908085,0,0.10611805913899607,0,0.170321147817451,0,0.01833956316113472,0,0.02303745225071907,0
0,2,0.8783026848336416,0,0.05,0,0.07707959413528442,0,0.028721170147104777,0,0.045232174874107564,0,0.0796927735209465,0,0.2762235403060913,1
0,1,0.46361811144464526,0,0.0,0,0.00012396030069794506,0,4.177991276530971e-05,0,5.595189054734687e-06,0,0.00037412895471788943,0,0.0010493143927305937,0
0,2,0.013051743629252847,0,0.02,0,0.00016265263548120856,0,9.907442892550134e-05,0,0.0011323797128918191,0,0.004571839701384306,0,0.0019101009238511324,0
0,5,0.015330208221126728,0,0.06,0,0.02826697751879692,0,0.0002729934779345321,0,0.00022542822470043356,0,0.008218417875468731,0,0.02395678497850895,0
0,4,0.2700059395405287,0,0.08,0,0.0006227592239156365,0,0.00024425832774234007,0,0.002668546787876634,0,0.03500809520483017,0,0.028801538050174713,0
0,4,0.00018195837038126664,0,0.01,0,6.1551231738121714e-06,0,1.9948921381927595e-05,0,1.8612177967025835e-05,0,0.0002673322451300919,0,0.0002651736431289464,0
0,1,0.002043830871306277,0,0.01,0,7.472884317394346e-05,0,7.007144957919596e-05,0,0.0005615427589618032,0,0.000864304369315505,0,0.003017937298864126,0
0,2,0.02245622980723385,0,0.05,0,0.0012636984465643764,0,0.008123269220049375,0,0.0011308262877459205,0,0.010980567894876003,0,0.020520493388175964,0
0,2,0.014925995574962587,0,0.05,0,0.0005740560591220856,0,0.00012079143787961439,0,3.040454697082758e-05,0,0.002446117578074336,0,0.0032950621098279953,0
0,1,0.001359630415409036,0,0.0,0,9.517231774225365e-06,0,8.15794017183203e-05,0,1.814337166933856e-05,0,0.0005367679987102747,0,0.00045906397281214595,0
0,5,0.033779408127636024,0,0.02,0,5.151452569407411e-05,0,1.2282473948190002e-05,0,0.0006147329756160107,0,0.0010791521053761244,0,0.007188489660620689,0
0,1,0.0034639832569594506,0,0.0,0,6.30400245427154e-05,0,1.6672603408507377e-05,0,0.0003485671407477668,0,0.0004291241057217121,0,0.0008442292455583811,0
0,2,0.0008252039409965881,0,0.08,0,0.012758119031786919,0,0.001489862211437665,0,0.018751942680446863,0,0.003931600134819746,0,0.034452810883522034,0
0,5,0.31476794312710066,0,0.0,0,0.00021167130034882575,0,3.1692725941521455e-05,0,4.100551791836974e-06,0,0.000932749011553824,0,0.0007042581564746797,0
0,3,0.008501691440975049,0,0.0,0,3.473897959338501e-05,0,2.6933000004383386e-05,0,5.076861814710609e-06,0,4.2214822315145284e-05,0,4.894640005659312e-05,0
0,1,0.10784339657460218,0,0.01,0,0.00022174723562784493,0,9.802703974606026e-05,0,8.575520266367253e-05,0,0.00033879271359182894,0,0.00048590335063636303,0
0,3,1.0855641524894127e-07,0,0.02,0,4.0915798308560625e-05,0,4.190112164876482e-05,0,7.924776444040971e-06,0,3.765120709431358e-05,0,0.00018770017777569592,0
0,1,0.03957975976332899,0,0.02,0,0.00025563567760400474,0,0.001061914918157018,0,0.00014174609966455959,0,0.015864666551351547,0,0.062281593680381775,0
0,5,0.14145167145808268,0,0.04,0,0.00044130696915090084,0,0.000615614793965386,0,0.023036678956270148,0,0.014640551060438156,0,0.025364821776747704,0
0,1,0.027478106973935674,0,0.03,0,0.0009636548347771168,0,0.00039134514708866566,0,0.00022622346327606481,0,0.0034255688078701496,0,0.0012869072379544377,0
0,2,0.09228678400141847,0,0.01,0,0.0008926393929868937,0,3.107806575095067e-05,0,0.00032676176171399956,0,0.0007571100722998381,0,0.0012162094935774803,0
0,2,0.007417086781653322,0,0.05,0,0.00236870301887393,0,0.00041413284656133996,0,0.003586361851123428,0,0.011532596312463284,0,0.02295462042093277,0
0,1,9.127732449364979e-05,0,0.0,0,0.0006950880051590502,0,2.839279173360526e-05,0,1.7107130469393438e-05,0,7.300938159460202e-05,0,0.0001206145461765118,0
0,3,4.3022554081747886e-05,0,0.0,0,1.9254102880950086e-05,0,1.8051058667620062e-05,0,8.00203800964752e-06,0,5.864756531082094e-05,0,0.0002036237419815734,0
0,3,5.5479320187807124e-05,0,0.01,0,0.00011673664994305,0,4.5956445872566155e-05,0,2.166127360577564e-05,0,5.796048208139837e-05,0,0.0006181754870340228,0
0,1,3.419952955940489e-06,0,0.01,0,3.501847822917625e-05,0,2.103731815391004e-05,0,1.1723377509962138e-06,0,1.1128886399092153e-05,0,1.898633490782231e-05,0
0,4,0.026146023137293525,0,0.0,0,2.71194803644903e-05,0,2.6150859949913984e-05,0,1.0090154120320125e-05,0,0.0016573198372498155,0,0.0004488648846745491,0
0,3,4.583710335459712e-06,0,0.03,0,0.0013732158113270998,0,7.885216669681999e-05,0,0.0014886592652779357,0,0.0027396553196012974,0,0.006582233123481274,0
0,5,5.9207367828785514e-05,0,0.0,0,0.0004555814084596932,0,0.00011226154167703648,0,2.0066937084316577e-05,0,0.00056027143727988,0,7.469143019989133e-05,0
0,3,7.331886681929998e-07,0,0.0,0,1.0877975000767037e-05,0,2.3931356725297378e-05,0,4.326316055768865e-06,0,2.633038275234867e-05,0,1.641894232307095e-05,0
0,2,9.173184483763335e-10,0,0.02,0,0.0002112541551468894,0,3.4102944896927384e-05,0,8.758036411650626e-06,0,7.951032603159547e-05,0,0.00013439050235319883,0
0,5,0.021935125938113014,0,0.09,0,0.0007091856678016484,0,0.01029314100150445,0,0.09027538909295435,0,0.030986249446868896,0,0.09892567247152328,0
0,1,1.57714465734221e-08,0,0.0,0,2.0834784663747996e-05,0,2.1010994290077132e-05,0,2.3101611036367242e-07,0,2.452084117976483e-05,0,2.7034366212319583e-05,0
0,1,7.598530668344945e-05,0,0.0,0,3.902955540979747e-06,0,2.118276371884153e-05,0,4.037064170945471e-08,0,6.363293323374819e-06,0,2.5699608158902265e-05,0
0,5,0.005150722713206821,0,0.01,0,4.2790987208718434e-05,0,3.0709617948531904e-05,0,9.608558415098606e-06,0,7.026876846794039e-05,0,0.00018480797007214278,0
0,5,0.0001260287862773458,0,0.0,0,1.6486395907122642e-05,0,3.141009268188928e-05,0,6.695159792602446e-06,0,4.903101216768846e-05,0,3.7171503208810464e-05,0
0,2,0.0004614846185323104,0,0.0,0,1.920244721986819e-05,0,5.0987769004565706e-05,0,9.253465408217286e-05,0,0.0002451365871820599,0,0.0023033719044178724,0
0,3,4.99314528045997e-05,0,0.0,0,7.358011498581618e-05,0,2.4482449490771047e-05,0,7.510679006999386e-07,0,1.862089629867114e-05,0,1.5709618310211226e-05,0
0,2,0.00012958261104243412,0,0.0,0,8.183973477571271e-06,0,4.0852302202152606e-05,0,2.654482616782714e-06,0,8.551256178179756e-05,0,7.193042256403714e-05,0
0,1,0.009413288532025835,0,0.0,0,0.00020335677254479378,0,0.00025814584558904674,0,0.0003935777998401285,0,0.00012256394256837666,0,0.00046643157838843763,0
0,5,0.18223693257269624,0,0.01,0,8.232020263676532e-06,0,1.8706235364911412e-05,0,7.920345953483322e-06,0,0.00046454014955088496,0,0.00045010188478045166,0
0,5,3.846465919919352e-05,0,0.02,0,2.534714622015599e-05,0,1.9846163365234324e-05,0,2.7347696502061433e-07,0,2.4121829483192414e-05,0,3.542291960911825e-05,0
0,1,0.00019662081198281635,0,0.0,0,8.985603926703334e-06,0,2.065785361221852e-05,0,1.7809136198191618e-07,0,2.0669864170486107e-05,0,5.2121082262601703e-05,0
0,1,0.0007761415394913017,0,0.02,0,0.00012379128020256758,0,3.275739163984806e-05,0,9.231589970857076e-05,0,0.0002723643556237221,0,0.00041397474706172943,0
0,3,0.0004313682280420217,0,0.04,0,0.0010072202421724796,0,0.0003549456253322991,0,0.0047436395608938505,0,0.003864055732265115,0,0.010885600931942463,0
0,3,0.01012524072074472,0,0.01,0,0.0003788861504290253,0,0.0002647222100250747,0,0.00046636018784008965,0,0.002193941967561841,0,0.002475147135555744,0
0,2,0.7748002937721925,0,0.02,0,0.010969866998493671,0,0.00280875073273218,0,0.0638853246686669,0,0.11548297852277756,0,0.20566204190254211,1
0,4,1.862945232578437e-06,0,0.0,0,3.8893853343324736e-05,0,1.891088178663243e-05,0,0.00013321005153496185,0,0.0002860303793568164,0,9.241247607860714e-05,0
0,5,0.01120227294449267,0,0.0,0,0.0002951835922431201,0,2.15421168583474e-05,0,5.599803931178576e-06,0,6.141130143078044e-05,0,2.1399064280558378e-05,0
0,4,3.629699618158462e-07,0,0.0,0,3.764991106436355e-06,0,4.075560926220287e-05,0,4.911533937602495e-08,0,0.0001241619320353493,0,0.00010938369814539328,0
0,4,1.6402043478256253e-05,0,0.01,0,4.2709412809927016e-05,0,0.0001951354690857584,0,0.00016728729851907067,0,0.0008902354747988284,0,0.0023279741872102022,0
0,4,0.0008680828327104267,0,0.01,0,0.00017032035975717008,0,2.3825253044845606e-05,0,1.9678023916914043e-05,0,0.00012063652684446424,0,0.00021268680575303733,0
0,4,6.790924013825332e-05,0,0.02,0,2.3930469978949986e-05,0,0.00010595725620026994,0,1.4381158341669034e-05,0,0.00015093864931259304,0,5.5682747188257053e-05,0
0,5,0.000134111271756839,0,0.0,0,1.2148640053055715e-05,0,2.7954582988379337e-05,0,9.025315800121946e-07,0,1.1757392712752335e-05,0,1.8482525774743408e-05,0
0,2,2.3431518872333808e-05,0,0.0,0,1.5148707461776212e-06,0,1.4137513671403036e-05,0,1.931488635714893e-05,0,1.7140793715952896e-05,0,3.778839891310781e-05,0
0,3,9.24301363232592e-05,0,0.0,0,0.0001113965772674419,0,3.820861220230749e-05,0,6.889480243874465e-05,0,8.484586578560993e-05,0,6.694273906759918e-05,0
0,2,8.053286817824816e-05,0,0.0,0,1.8954650613522972e-06,0,2.0972175650346056e-05,0,1.8766260794254632e-07,0,1.4724974789714906e-05,0,2.7308678909321316e-05,0
0,1,0.028659715395426742,0,0.0,0,5.443220629786083e-07,0,3.8265650166259434e-05,0,4.899993167750062e-06,0,0.0006282285321503878,0,0.0006817037356086075,0
0,1,0.0004884480698838388,0,0.01,0,0.00029661160078831017,0,0.00036680925003602677,0,0.0004547064595717108,0,6.956185097806156e-05,0,0.0012447838671505451,0
0,5,0.0001676265127429465,0,0.01,0,1.2216093637107406e-05,0,3.196348102169405e-05,0,1.2994500941416612e-06,0,5.3562944231089205e-05,0,4.116052150493488e-05,0
0,5,0.00046983887037535093,0,0.02,0,8.200944284908473e-05,0,5.671542765708585e-05,0,8.462203788253826e-06,0,0.00022204811102710664,0,8.750858978601173e-05,0
0,4,0.008670866542712914,0,0.02,0,0.00041630613850429654,0,4.992109594405104e-05,0,4.153076991454567e-07,0,0.0003887648053932935,0,0.000809240504167974,0
0,2,0.0002781859871900803,0,0.01,0,0.0002120603749062866,0,0.00010255946573683376,0,9.088531431582856e-06,0,5.6389242672594264e-05,0,5.334986781235784e-05,0
0,2,6.178321899563135e-08,0,0.0,0,4.265144070814131e-06,0,2.117797534498003e-05,0,2.844066879380754e-08,0,6.7283281168784015e-06,0,1.3400413990893867e-05,0
0,5,1.2900277601661046e-09,0,0.0,0,3.431731101954938e-06,0,2.1410389399206324e-05,0,4.064967992078822e-07,0,6.5130820985359605e-06,0,1.8522130631026812e-05,0
0,5,1.214316410266468e-05,0,0.01,0,1.0611081961542368e-05,0,2.1438359936979866e-05,0,8.925384166126595e-07,0,1.8127320799976587e-05,0,2.4457791369059123e-05,0
0,4,0.00012040702582151444,0,0.0,0,2.0496016077231616e-05,0,5.511466291295998e-05,0,1.4651132744340814e-05,0,0.0001535377377877012,0,0.0009548264788463712,0
0,5,8.176435335591912e-07,0,0.01,0,3.85844487027498e-06,0,2.1496502792059166e-05,0,1.8948911237468808e-08,0,4.934351636620704e-06,0,1.2981662621314172e-05,0
0,4,0.8361574551230727,0,0.02,0,0.0003399529086891562,0,3.790475697946205e-05,0,0.0008832565533559207,0,0.0011383334640413523,0,0.006444068625569344,0
0,4,0.0008611150653357203,0,0.0,0,4.228046236676164e-05,0,2.3117795010069633e-05,0,0.00013863011482016105,0,5.3298088459996507e-05,0,0.00027121524908579886,0
0,1,0.00799766147633835,0,0.01,0,0.0004690017376560718,0,0.0002289676339324516,0,0.00040346726580430426,0,0.001013037282973528,0,0.00040229849400930107,0
0,3,9.478921324171712e-05,0,0.0,0,1.8988910596817732e-05,0,2.152369676396747e-05,0,1.2931594210468837e-07,0,1.0862905583053362e-05,0,1.3735691027250141e-05,0
0,2,0.0019544885096232137,0,0.0,0,4.817145600100048e-05,0,5.2707208152729654e-05,0,2.547251213202272e-07,0,6.72152018523775e-05,0,8.282427734229714e-05,0
0,3,1.3460071933966518e-09,0,0.0,0,2.2632793843513355e-06,0,2.1414117201517482e-05,0,6.529556764335858e-08,0,1.785427775757853e-05,0,1.9737046386580914e-05,0
0,1,3.7680179608021e-05,0,0.0,0,3.3594556043681223e-06,0,2.1047593188012545e-05,0,1.9914197791326537e-08,0,4.088989498995943e-06,0,1.3513444173440803e-05,0
0,2,9.885780928409893e-08,0,0.0,0,1.482312200096203e-05,0,2.1169114248765572e-05,0,7.817015297567649e-09,0,7.744653885310981e-06,0,1.4070116776565555e-05,0
0,2,5.8208433448194453e-05,0,0.0,0,0.00022171763703227043,0,2.1007640082305885e-05,0,1.248750174621041e-06,0,2.9232145607238635e-05,0,3.699086664710194e-05,0
0,5,0.007560971729087556,0,0.01,0,0.0001374741259496659,0,8.51469364589763e-05,0,1.8863095520883594e-05,0,0.0006284398259595037,0,0.0008674054406583309,0
0,1,3.2691119542421835e-05,0,0.01,0,4.123413600609638e-05,0,3.793203631956019e-05,0,1.5124287026664565e-05,0,2.7648848117678426e-05,0,6.284734990913421e-05,0
0,3,7.586499762845769e-05,0,0.01,0,0.000923117739148438,0,0.00021528103049335058,0,0.00046994563194584606,0,0.0005141943111084402,0,0.0004899083869531751,0
0,5,0.004979989774061935,0,0.01,0,3.6092972095502773e-06,0,2.2683783894349415e-05,0,1.4246677832768859e-05,0,0.0002923519932664931,0,0.00039259111508727074,0
0,2,0.09767182726391292,0,0.02,0,0.002982973586767912,0,0.009288908288765807,0,0.00030837728315686095,0,0.002785183023661375,0,0.00812828540802002,0
0,4,0.16298854943365415,0,0.02,0,8.58937346492894e-06,0,2.2543475404143346e-05,0,5.9099828126417216e-06,0,0.0002967076434288174,0,0.00034943214268423617,0
0,1,0.23429325191340863,0,0.0,0,2.4348582883249037e-05,0,4.2396124422581605e-05,0,0.00013160416068877496,0,0.001850299071520567,0,0.0013254114892333746,0
0,5,9.067095200757566e-10,0,0.0,0,6.487633527285652e-06,0,2.1519356469816273e-05,0,6.55357450641192e-08,0,5.8474665820540395e-06,0,1.2981662621314172e-05,0
0,5,0.1084948335524635,0,0.02,0,0.008804569020867348,0,0.0007757707586992807,0,0.00017748390839496855,0,0.017042795196175575,0,0.016263270750641823,0
0,3,0.6259010832674661,0,0.0,0,4.4857610191684216e-05,0,3.378845704261181e-05,0,1.4483107519548884e-05,0,0.00027581193717196584,0,0.00046724939602427185,0
0,3,3.3744310543863025e-05,0,0.0,0,4.5874576244386844e-06,0,2.0963920787347112e-05,0,9.213956036555158e-08,0,9.860799764283001e-06,0,1.3159949048713315e-05,0
0,4,0.025231407902214044,0,0.0,0,4.122746759094298e-06,0,2.046123058860739e-05,0,6.732127176868539e-06,0,3.808324981946498e-05,0,2.2383605028153397e-05,0
0,1,0.9815497564910255,1,0.06,0,0.08073651045560837,0,0.033280685423733206,0,0.5045366108904155,1,0.07958175987005234,0,0.05602715536952019,0
0,4,0.0010908972378794127,0,0.05,0,0.00415779510512948,0,6.130464737292638e-05,0,0.0001293935186754404,0,0.005088934674859047,0,0.00013004339416511357,0
0,3,3.777010350092168e-05,0,0.03,0,0.0002398000069661066,0,5.19049200314023e-05,0,4.147785283868008e-05,0,0.0007063946686685085,0,3.209257192793302e-05,0
0,2,1.2838938427005862e-06,0,0.01,0,5.2121831686235964e-05,0,2.1169114248765572e-05,0,2.366821339422639e-08,0,8.240964234573767e-06,0,1.4210984772944357e-05,0
0,2,0.00028382057474227613,0,0.0,0,2.8099313567508943e-05,0,2.117289256201943e-05,0,1.3541602850010836e-07,0,6.845926691312343e-06,0,1.2981662621314172e-05,0
0,3,0.04899733891611503,0,0.0,0,0.00011559008999029174,0,2.9673906173260925e-05,0,6.3104857013629186e-06,0,0.00024236348690465093,0,6.250188016565517e-05,0
0,2,0.026271871645705484,0,0.04,0,0.004936214070767164,0,0.0022108620594688093,0,0.07311845390904456,0,0.011554188095033169,0,0.00840002577751875,0
0,3,0.000871707222372499,0,0.0,0,2.0171817595837638e-05,0,3.625809496272231e-05,0,2.176474499608367e-06,0,4.429561522556469e-05,0,3.524771818774752e-05,0
0,2,0.0036455643797982055,0,0.02,0,0.0009331199689768255,0,4.288346062109569e-05,0,0.00033425547399341016,0,0.008208226412534714,0,0.054219748824834824,0
0,4,6.499462835302038e-07,0,0.0,0,2.4072700398392044e-05,0,2.455203244623385e-05,0,2.5758719552264215e-07,0,6.289062002906576e-05,0,3.2503725378774107e-05,0
0,5,0.016713466502396714,0,0.03,0,3.093816758337198e-06,0,4.12108612226544e-05,0,2.8944822045396647e-05,0,0.00017307144298683852,0,0.00019098338088952005,0
0,1,0.0386550001019208,0,0.02,0,0.00014290567196439952,0,3.478889018325843e-05,0,6.934125898868404e-05,0,0.0005993331433273852,0,0.002283969195559621,0
0,4,2.8447945767778997e-05,0,0.0,0,2.1800544345751405e-05,0,2.132836923867351e-05,0,2.1269218613809913e-08,0,5.277948275761446e-06,0,1.2981662621314172e-05,0
0,4,0.012896825668649371,0,0.0,0,1.1545990673766937e-05,0,2.069196241537419e-05,0,2.513468030020395e-06,0,0.00010860774636967108,0,0.00016527989646419883,0
0,2,0.0020886827771869256,0,0.01,0,0.00012823946599382907,0,0.0003126785573847566,0,0.0021586734920013943,0,0.00015858143160585314,0,0.0004445799859240651,0
0,5,0.18704935411250576,0,0.0,0,7.556942728115246e-05,0,0.00016494033389102152,0,0.0001021776811106306,0,0.001925070770084858,0,0.0009358033421449363,0
0,5,0.0029268048080719478,0,0.01,0,3.8608122849836946e-05,0,2.568082507181489e-05,0,2.7450387066963633e-07,0,9.472786587139126e-06,0,1.479379443480866e-05,0
0,3,0.00010658529377337353,0,0.01,0,0.00012018058623652905,0,3.0123919832361263e-05,0,3.3830603846080505e-05,0,5.4589596402365714e-05,0,0.00013522818335331976,0
0,4,0.00019154841732319587,0,0.0,0,1.3417825357464608e-05,0,2.0055368976600508e-05,0,2.598206561396221e-07,0,1.903539123304654e-05,0,2.663797204149887e-05,0
0,1,0.002226737148466177,0,0.0,0,2.901401330746012e-06,0,2.0133867953660396e-05,0,3.29101087383115e-05,0,0.000329418369801715,0,0.0002831206365954131,0
0,3,0.08872417522492555,0,0.0,0,5.3671035857405514e-05,0,2.6926867006827907e-05,0,8.534171993336223e-06,0,0.0005833475734107196,0,0.0014779989141970873,0
0,2,0.00046181878552992796,0,0.02,0,0.0001746690395521,0,4.272895523986828e-05,0,0.00017119685646664788,0,0.001383911119773984,0,0.0017591430805623531,0
0,3,0.23279679171137152,0,0.0,0,6.0499012761283666e-05,0,3.347999657507992e-05,0,0.0004470394524777451,0,0.0009811257477849722,0,0.001072123646736145,0
0,1,0.8838635117638032,0,0.01,0,0.00026651317602954805,0,0.0008458993038007593,0,0.015517577768888907,0,0.024686092510819435,0,0.01784690096974373,0
0,2,0.13590798140429047,0,0.01,0,8.746028470341116e-06,0,2.8540673885613427e-05,0,0.00013610909221029564,0,0.00025217648362740874,0,0.00015578408783767372,0
0,3,1.572185392515393e-05,0,0.01,0,5.7963774452218786e-05,0,5.7585411803063205e-05,0,5.088568999921164e-06,0,2.8908889362355694e-05,0,4.1589908505557105e-05,0
0,5,4.7156774327944565e-05,0,0.0,0,1.073889166036679e-06,0,2.1503976274601235e-05,0,3.082355180649347e-08,0,4.560712113743648e-06,0,1.2981662621314172e-05,0
0,4,0.008127730185902097,0,0.0,0,8.192727364075836e-06,0,2.411148652537825e-05,0,1.3764141701351188e-05,0,0.0001271777437068522,0,0.00026331120170652866,0
0,3,2.275868928876435e-05,0,0.01,0,2.536088322813157e-05,0,2.0786798600973112e-05,0,4.5186335263261866e-08,0,2.1077326891827397e-05,0,1.8887985788751394e-05,0
0,2,0.008594429828334037,0,0.0,0,2.144361860700883e-05,0,4.36714285437376e-05,0,8.211264113868087e-05,0,0.0004947555717080832,0,0.0008211665553972125,0
0,2,7.015995284405132e-06,0,0.0,0,1.0551485502219293e-05,0,2.1172978486441628e-05,0,1.209452271112358e-08,0,1.2303439689276274e-05,0,2.268077150802128e-05,0
0,4,5.258884716009167e-07,0,0.01,0,0.0006369829643517733,0,5.292384022584688e-05,0,1.7180473770677354e-05,0,0.0005642420146614313,0,0.0007103896932676435,0
0,4,0.037558997889432184,0,0.01,0,0.0009745831484906375,0,0.00014825184697341628,0,0.0036943447879355454,0,0.007708218414336443,0,0.0038398411124944687,0
0,5,5.174759880285989e-05,0,0.01,0,1.0506351827643812e-05,0,2.140078120839912e-05,0,1.9907527943084094e-05,0,4.1765171772567555e-05,0,3.800665945163928e-05,0
0,4,0.010288532969977506,0,0.0,0,0.0005377154448069632,0,5.651395350553339e-05,0,7.350367925303765e-05,0,0.0011975697707384825,0,0.002969894092530012,0
0,1,0.00802969481885342,0,0.0,0,5.0372960686217993e-05,0,2.3985592233378462e-05,0,1.736679962168068e-06,0,0.00011188973439857364,0,0.00016073210281319916,0
0,4,0.003945748293144138,0,0.0,0,6.325018330244347e-05,0,3.953709064329614e-05,0,0.00019955775424382294,0,0.00017827757983468473,0,0.00018600838666316122,0
0,3,0.0007286721213091956,0,0.0,0,3.038290742551908e-05,0,1.9480227996561544e-05,0,9.220723186057236e-07,0,3.574921720428392e-05,0,4.898651968687773e-05,0
0,2,0.16724331054460384,0,0.01,0,0.00010829330130945891,0,5.858076073313045e-05,0,8.982159223887896e-05,0,0.0005201879539526999,0,0.00026244952459819615,0
0,2,0.06656783067324373,0,0.01,0,3.721597749972716e-05,0,3.908868983990789e-05,0,4.161285731048742e-05,0,0.0005805505788885057,0,0.0009064262849278748,0
0,4,1.1629613259064246e-05,0,0.04,0,3.537031034284155e-06,0,3.422562393957811e-05,0,4.773614980057372e-07,0,0.00012188334221718833,0,7.986016862560064e-05,0
0,2,0.009233705040113945,0,0.0,0,5.838219749421114e-06,0,2.262568482599849e-05,0,4.476837886655233e-06,0,6.481084710685536e-05,0,0.00013665089500136673,0
0,2,0.00016815043783443033,0,0.0,0,1.774051270331256e-05,0,2.0679690608797356e-05,0,1.4544814200173525e-06,0,9.626682003727183e-05,0,7.871985144447535e-05,0
0,5,9.951676195655887e-07,0,0.0,0,1.3322629683898413e-06,0,2.160419758318807e-05,0,1.527159361911126e-08,0,8.73680710355984e-06,0,1.2981662621314172e-05,0
0,4,3.890721886962718e-05,0,0.01,0,1.4872269275656436e-05,0,5.740505002416278e-05,0,9.948677638638384e-06,0,3.229484354960732e-05,0,9.708487777970731e-05,0
0,3,0.0045103080580870605,0,0.02,0,0.00019941627397201955,0,1.9634657802623334e-05,0,8.20853625219332e-06,0,9.00207887752913e-05,0,4.620038453140296e-05,0
0,3,0.1348622496515597,0,0.0,0,0.03512036055326462,0,0.00018709263533869808,0,0.0006552065623910019,0,0.000368351029464975,0,0.001176053541712463,0
0,4,0.013099685684350626,0,0.0,0,2.1188019672990777e-05,0,4.4863334655641205e-05,0,0.00016708371133544153,0,9.870748181128874e-05,0,0.00018394789367448539,0
0,2,0.00026053347430113615,0,0.0,0,1.787980363587849e-05,0,2.115105609622232e-05,0,2.702851851863491e-08,0,1.2455093383323401e-05,0,3.026215563295409e-05,0
0,1,0.6652909351431451,0,0.0,0,1.297959443036234e-05,0,5.31516188207763e-05,0,2.769772813598335e-05,0,0.00017447906429879367,0,0.00028905103681609035,0
0,3,8.962631663172232e-05,0,0.03,0,0.0018169872928410769,0,0.001010881206443939,0,2.9639838162268783e-05,0,0.00017278171435464174,0,0.00016663955466356128,0
0,4,0.019985414633144002,0,0.01,0,0.0004519234353210777,0,0.00011513508372830282,0,1.4376522493987669e-05,0,0.00021177317830733955,0,6.253844185266644e-05,0
0,1,0.0008889549558766332,0,0.0,0,0.00010432289855089039,0,7.122552435462164e-05,0,1.0390088389721452e-06,0,0.00016185015556402504,0,0.00016347509517800063,0
0,5,0.01381251229291899,0,0.0,0,1.3571483577834442e-05,0,2.9595158951922507e-05,0,4.736828309991269e-05,0,0.0002798403729684651,0,0.0002734030713327229,0
0,5,7.528622894525457e-06,0,0.01,0,9.182324720313773e-05,0,7.430853696614685e-05,0,2.9918198942463467e-06,0,0.0016321631846949458,0,0.001394897699356079,0
0,4,0.00011355297704619216,0,0.01,0,7.466308943548938e-06,0,2.4776354213220375e-05,0,1.6457573360057483e-07,0,3.828432090813294e-05,0,3.0635463190265e-05,0
0,1,0.12478938776718741,0,0.0,0,3.5031787319894647e-06,0,2.0810166342016152e-05,0,0.00011847158232647709,0,0.0007218447281047702,0,0.002799810143187642,0
0,3,3.7202693303143805e-09,0,0.0,0,1.3375906746659894e-05,0,2.1128003910508285e-05,0,3.791116596091274e-08,0,6.988742825342342e-05,0,2.0739384126500227e-05,0
0,1,0.002742895116227793,0,0.02,0,0.0008288657409138978,0,8.185615082887876e-05,0,3.1483675568902594e-05,0,0.0030631169211119413,0,0.004958857782185078,0
0,1,8.788215243431186e-05,0,0.04,0,0.00026046641869470477,0,0.00015780811933224307,0,2.2892941464124495e-05,0,0.0003333339700475335,0,0.00017088264576159418,0
0,4,3.7477405956773074e-05,0,0.0,0,3.476692654658109e-06,0,2.1310640012990892e-05,0,1.6232030721257457e-08,0,6.725268576701637e-06,0,1.338047059107339e-05,0
0,1,6.058629153075399e-07,0,0.0,0,0.0002799031208269298,0,4.8337174338494163e-05,0,5.772288579968771e-07,0,2.9076991268084385e-05,0,2.3952436094987206e-05,0
0,5,0.7988719270356084,0,0.01,0,0.0004771838430315256,0,0.00018754810751078898,0,0.00256026541579827,0,0.2275822013616562,0,0.022890551015734673,0
0,5,0.007081501115060954,0,0.0,0,2.7733174192690058e-06,0,2.1289483419922337e-05,0,1.7642678689402063e-06,0,2.8999769710935652e-05,0,7.960486982483417e-05,0
0,5,1.4448169314000308e-05,0,0.0,0,5.016255272494163e-06,0,2.152781751029657e-05,0,2.4305996578745013e-08,0,5.402686838351656e-06,0,1.2981662621314172e-05,0
0,4,0.0011133746637733834,0,0.0,0,4.72450074084918e-06,0,2.0335712511827257e-05,0,3.7397813138834824e-05,0,0.00014602774172089994,0,0.00011708652891684324,0
0,4,3.3684075908730987e-07,0,0.0,0,2.7464236609375803e-06,0,2.129976923779286e-05,0,1.6863285988878721e-07,0,6.727751951984828e-06,0,1.3298582416609861e-05,0
0,4,0.0003220479373256771,0,0.0,0,1.1761616406147368e-05,0,2.0388302087626695e-05,0,4.6496405442413155e-06,0,6.435568138840608e-06,0,2.0911189494654536e-05,0
0,2,5.8957906419800855e-06,0,0.01,0,0.00029905643896199763,0,2.1171101035661047e-05,0,1.3365506202676063e-07,0,1.3483252587320749e-05,0,2.7981834136880934e-05,0
0,5,1.676823711186682e-09,0,0.0,0,6.2274111769511364e-06,0,2.1586029183623823e-05,0,2.0068546446892237e-08,0,7.262874532898422e-06,0,1.3013937859795988e-05,0
0,5,0.02031713536891582,0,0.03,0,0.0009532859548926353,0,0.00015640579395074516,0,0.0002447655411379622,0,0.001614209497347474,0,0.0010843512136489153,0
0,5,5.019037814549142e-06,0,0.04,0,2.1149924577912316e-05,0,7.10198215564664e-05,0,0.0008090008223961837,0,0.00040075049037113786,0,0.00025843779440037906,0
0,4,2.2530693789921332e-05,0,0.01,0,2.7327327188686468e-05,0,3.2609187023366756e-05,0,1.0692432805201514e-06,0,0.0002731693093664944,0,0.0002730513224378228,0
0,1,0.4926103589829918,0,0.01,0,0.00021435671078506857,0,0.0002603807100082256,0,7.0209715633051416e-06,0,0.0002876244834624231,0,0.0004491092695388943,0
0,1,1.8341160350625596e-08,0,0.01,0,2.9963444831082597e-05,0,4.4663341466668115e-05,0,1.509586866639486e-07,0,1.8281580196344294e-05,0,2.7190670152776875e-05,0
0,2,0.5483287919464025,0,0.01,0,2.9658969651791267e-05,0,3.418653914881083e-05,0,1.7977829078092655e-05,0,0.0006926964269950986,0,0.00037289969623088837,0
0,3,0.00027527710603497864,0,0.01,0,8.021901885513216e-05,0,3.533704626604495e-05,0,2.7978261169357085e-05,0,0.001078966772183776,0,0.00019477934984024614,0
0,5,1.0271943448296665e-05,0,0.02,0,4.693801383837126e-05,0,7.454444608415544e-05,0,7.604788204300442e-06,0,0.00010650469630490988,0,0.00015136145520955324,0
0,3,0.0002545008228949264,0,0.0,0,2.6968298698193394e-05,0,3.888288789274265e-05,0,5.548044957651969e-07,0,1.4092000128584914e-05,0,1.7372771253576502e-05,0
0,2,3.911875703957838e-06,0,0.01,0,0.00020106953161302954,0,1.8743582073522418e-05,0,6.565215726490206e-06,0,1.8932256352854893e-05,0,2.240723915747367e-05,0
0,3,0.29040895508801123,0,0.0,0,0.0010023587383329868,0,8.93245066737109e-05,0,0.004717656676830822,0,0.013196650892496109,0,0.011698443442583084,0
0,1,1.2678278500620084e-05,0,0.01,0,5.79773768549785e-05,0,2.930662243919421e-05,0,6.676017385709012e-07,0,7.874334187363274e-06,0,1.809079731174279e-05,0
0,3,0.563312234100142,0,0.02,0,0.00018302003445569426,0,4.550399902559459e-05,0,0.00022152320810957628,0,0.01197001338005066,0,0.037387024611234665,0
0,1,0.07042108877239654,0,0.0,0,5.3288033086573705e-05,0,2.0839506922217823e-05,0,4.601443672517067e-05,0,0.00014900513633619994,0,0.00024506408954039216,0
0,5,0.000229383492478183,0,0.0,0,5.196913662075531e-06,0,2.158534676037536e-05,0,1.799500190886773e-07,0,1.1544957487785723e-05,0,1.5451323633897118e-05,0
0,2,2.6373958470176338e-05,0,0.01,0,6.03777589276433e-05,0,3.88092364388702e-05,0,3.153399134162455e-08,0,9.139002031588461e-06,0,1.5742689356557094e-05,0
0,2,0.0030338012598119003,0,0.0,0,1.3512477380572818e-05,0,2.3765286606329957e-05,0,0.00010004174362125885,0,0.00040751611231826246,0,0.0002887696318794042,0
0,4,0.06279006609563187,0,0.01,0,0.00012216433242429048,0,4.6162537842272526e-05,0,3.46550690822544e-05,0,0.0004053580341860652,0,0.0007459433982148767,0
0,4,0.0076536897384880485,0,0.0,0,1.0856429071282037e-05,0,2.0178409328535445e-05,0,1.3995821797243014e-06,0,0.0003806640161201358,0,0.0003388341865502298,0
0,3,1.8354459820427535e-06,0,0.0,0,5.3859970648773015e-05,0,2.5606544860076214e-05,0,4.947414845646011e-06,0,0.00010591262980597094,0,2.8151674996479414e-05,0
0,5,3.3450435974644504e-06,0,0.0,0,2.4125313302647555e-06,0,2.1491840656980627e-05,0,2.279043072959395e-08,0,4.8250808504235465e-06,0,1.2981662621314172e-05,0
0,4,0.06441280276962634,0,0.0,0,1.6465686712763272e-05,0,2.0103034043704623e-05,0,8.64731158650302e-06,0,0.0001553426991449669,0,0.000266334944171831,0
0,1,0.00025679131767832806,0,0.0,0,0.0003717207000590861,0,3.628650130220625e-05,0,2.5519143335741557e-06,0,8.458993397653103e-05,0,4.3908490624744445e-05,0
0,5,0.0028895842547296212,0,0.01,0,2.1313158867997117e-05,0,4.809145180027621e-05,0,1.3158072824819058e-06,0,1.5794881619513035e-05,0,3.7528334360104054e-05,0
0,5,5.109200891647967e-07,0,0.0,0,8.268361852969974e-06,0,2.8158289026445494e-05,0,1.1883438805888753e-07,0,3.994211965618888e-06,0,1.2981662621314172e-05,0
0,3,2.118594976936398e-05,0,0.01,0,7.268141052918509e-05,0,0.0001758980407373266,0,4.8192672813659246e-05,0,0.00231342576444149,0,0.0009187040268443525,0
0,3,2.8843461156475045e-05,0,0.0,0,3.400882633286528e-05,0,2.6599349347554646e-05,0,1.6160132125404884e-07,0,1.7780748748918995e-05,0,2.023636261583306e-05,0
0,3,0.00015915492787633458,0,0.01,0,1.4468719200522173e-05,0,2.082075279467118e-05,0,4.3354944141173806e-07,0,1.5701349184382707e-05,0,2.1243626179057173e-05,0
0,5,4.588332143720054e-08,0,0.0,0,4.336956408224069e-06,0,2.1523607431122685e-05,0,5.479992385070973e-08,0,5.971682639938081e-06,0,1.2981662621314172e-05,0
0,3,1.625376124920197e-05,0,0.0,0,2.05931173695717e-05,0,2.1309391577763415e-05,0,9.817964424831621e-08,0,8.352108125109226e-06,0,1.3214331374911126e-05,0
0,3,0.006979817417247529,0,0.0,0,8.721277117729187e-05,0,4.3379661432854206e-05,0,9.085630814752534e-07,0,0.000600852130446583,0,0.0002558122214395553,0
0,3,0.00687665356828585,0,0.0,0,0.00024363413103856146,0,0.0002088488228674398,0,0.0009305305485379192,0,0.0024611041881144047,0,0.0005210648523643613,0
0,2,0.0022573960106254017,0,0.01,0,2.8087983082514256e-05,0,3.451632333368483e-05,0,1.5569581131227923e-06,0,4.0713664930080995e-05,0,4.908224582322873e-05,0
0,3,0.000377596007822063,0,0.0,0,1.1037817785108928e-05,0,2.0772506054051352e-05,0,1.058212869660988e-06,0,0.00013460508489515632,0,0.00013457672321237624,0
0,5,9.981862529966159e-08,0,0.01,0,3.57274279849662e-06,0,2.149985990366502e-05,0,3.479755359294309e-08,0,7.459326297976077e-06,0,1.32571531139547e-05,0
0,3,4.0464246506524435e-07,0,0.0,0,3.214846219634637e-05,0,3.336345488414626e-05,0,3.18445708129652e-07,0,1.2963367225893307e-05,0,1.3767606105830055e-05,0
0,4,0.015007537456644312,0,0.01,0,2.7785097699961625e-05,0,2.131944028758453e-05,0,2.1120476387900514e-07,0,3.829031629720703e-05,0,6.232898158486933e-05,0
0,1,0.36758039362918893,0,0.03,0,0.0025461085606366396,0,0.0010103036369930975,0,5.549891703603066e-05,0,0.0012035032268613577,0,0.003882777411490679,0
0,4,0.15228316044905482,0,0.0,0,9.807657625060529e-05,0,0.00019778182891360644,0,0.0002169347398637296,0,0.0004438645555637777,0,0.0004379211168270558,0
0,2,0.00017680894590026096,0,0.0,0,7.723052840447053e-05,0,2.979998957863574e-05,0,2.6921211451329566e-06,0,1.5067956155689899e-05,0,3.343435673741624e-05,0
0,1,8.528188462560699e-05,0,0.01,0,2.2040629119146615e-05,0,2.4046134268884598e-05,0,9.079237388279172e-07,0,4.456081660464406e-05,0,4.057506157550961e-05,0
0,1,2.933276574072101e-06,0,0.0,0,1.2997567864658777e-05,0,2.1049760959943686e-05,0,1.1487696065086467e-08,0,7.776836355333216e-06,0,1.4530920452671126e-05,0
0,2,7.866592147315552e-06,0,0.02,0,0.00016942754155024886,0,5.560114368773616e-05,0,6.176651031152769e-07,0,1.952073216671124e-05,0,1.8544056729297154e-05,0
0,2,1.2747318888424476e-06,0,0.0,0,4.839421762881102e-06,0,2.117190066297102e-05,0,1.162568403224589e-08,0,7.033698238956276e-06,0,1.4606387594540138e-05,0
0,2,0.9037404327676943,0,0.01,0,0.0023959942627698183,0,0.0003243487090597383,0,0.0032263223224283863,0,0.002606265479698777,0,0.001939720823429525,0
0,4,0.00012365538845548603,0,0.0,0,1.9713079382199794e-05,0,2.1304394166919524e-05,0,5.940662354372058e-08,0,1.0717226359702181e-05,0,1.6640273315715604e-05,0
0,3,0.002092971235175759,0,0.0,0,5.248984234640375e-05,0,2.1322976787377718e-05,0,6.720555865419604e-07,0,0.00038327169022522867,0,8.203153993235901e-05,0
0,5,1.6376117275474178e-06,0,0.0,0,6.589320491912076e-06,0,2.1541311805838967e-05,0,2.6605527634206187e-08,0,6.142260644992348e-06,0,1.2981662621314172e-05,0
0,4,0.002406840919957476,0,0.01,0,0.0001595550711499527,0,8.641602137848502e-05,0,0.002255276792708329,0,0.0009050029912032187,0,0.0002558868727646768,0
0,1,0.010337585841485593,0,0.0,0,5.872142082807841e-06,0,2.9141878402260496e-05,0,7.535136753706326e-07,0,1.0659901818144135e-05,0,2.541930189181585e-05,0
0,5,0.03062942698227377,0,0.0,0,7.223447937576566e-06,0,2.5579823199805357e-05,0,2.789061920113347e-07,0,3.054950502701104e-05,0,2.3008160496829078e-05,0
0,3,0.0024363643573105205,0,0.01,0,0.0007286403561010957,0,0.00017637091404916182,0,0.0003206386471564598,0,0.007005691062659025,0,0.0026951348409056664,0
0,4,0.9414520717925448,0,0.02,0,0.00032862278749234974,0,0.00030384116808185194,0,0.005101830934945563,0,0.013007394038140774,0,0.004357041325420141,0
0,1,6.787716810015859e-05,0,0.01,0,4.634530796465697e-06,0,7.985082439771035e-05,0,0.0001456112528677065,0,0.000138271163450554,0,0.0014017210341989994,0
0,3,0.10470437170614103,0,0.0,0,2.6018868084065616e-05,0,2.913739187803032e-05,0,3.301965086373492e-05,0,0.0003339482063893229,0,0.0017838599160313606,0
0,3,0.46208512859696593,0,0.0,0,0.000152408960275352,0,6.255818051043976e-05,0,4.820763974849406e-05,0,0.0027982473839074373,0,0.0005543902516365051,0
0,4,0.00016166388955173564,0,0.0,0,3.498394789858139e-06,0,2.130296509314175e-05,0,4.8554983876680455e-08,0,3.91265784855932e-05,0,3.9977221604203805e-05,0
0,4,2.2166769197259938e-05,0,0.0,0,1.6094591046567075e-05,0,2.0326733169510727e-05,0,2.89377397391578e-07,0,8.037020052142907e-06,0,1.4081964764045551e-05,0
0,5,0.6602342466043154,0,0.0,0,7.326277227548417e-06,0,2.1284231525234394e-05,0,4.713570158093206e-06,0,0.00015043684106785804,0,0.0003056407440453768,0
0,5,3.563577423055598e-05,0,0.0,0,2.785324568321812e-06,0,2.139712524601139e-05,0,1.0342712206246346e-08,0,1.2614316801773384e-05,0,2.388951907050796e-05,0
0,3,0.08429453040237256,0,0.01,0,8.293745486298576e-05,0,3.2916573601266895e-05,0,0.00023812091202620556,0,0.0028760144487023354,0,0.001119205728173256,0
0,1,0.7801331334527998,0,0.07,0,0.0009728394798003137,0,0.001120734389102545,0,0.007745046352559248,0,0.010869363322854042,0,0.11687228828668594,0
0,1,6.793409853572198e-05,0,0.0,0,2.5033130441443063e-05,0,6.024718734511897e-05,0,1.4218199733713689e-07,0,4.7791825636522844e-05,0,0.00012008259363938123,0
0,4,0.009722084977352762,0,0.0,0,2.5003066184581257e-05,0,2.3894629797203685e-05,0,1.7411811802721772e-05,0,0.00012464442988857627,0,0.00019846117356792092,0
0,1,0.0003187119034972544,0,0.0,0,4.845416242460487e-06,0,2.4843902088548106e-05,0,1.0759198942788292e-07,0,9.838779078563675e-06,0,2.1077745259390213e-05,0
0,4,0.0021357223661576615,0,0.0,0,2.5797542548389174e-05,0,7.365237665760627e-05,0,2.0941848623393028e-05,0,4.836883817915805e-05,0,0.0001252998481504619,0
0,2,0.025918867486148234,0,0.01,0,5.3276449762051925e-05,0,2.3454513987629215e-05,0,2.1564234426840704e-05,0,0.0006852403748780489,0,0.0009887262713164091,0
0,1,6.264794455853452e-06,0,0.0,0,5.354210770747159e-06,0,2.1048879454270936e-05,0,1.223931572718339e-08,0,4.058612830704078e-06,0,1.7779988411348313e-05,0
0,4,1.2454752701043448e-05,0,0.0,0,4.1268791392212734e-05,0,2.0443159658437686e-05,0,5.618463812261824e-06,0,4.331017771619372e-05,0,2.800440415740013e-05,0
0,3,2.985523536915265e-05,0,0.0,0,7.366752925008768e-06,0,2.1414117201517482e-05,0,4.831420202795842e-07,0,1.1716486369550694e-05,0,1.4106843082117848e-05,0
0,3,0.035317642310390654,0,0.01,0,6.392434443114325e-05,0,2.1349363726036132e-05,0,4.8025918409317904e-05,0,0.0007076265756040812,0,0.0007501100189983845,0
0,3,0.0007660781363092136,0,0.0,0,1.2710865121334791e-05,0,2.0809335752320776e-05,0,1.3590609874707224e-05,0,7.244185690069571e-05,0,4.336272832006216e-05,0
0,1,0.0056136806670827035,0,0.0,0,2.2192234609974548e-05,0,2.76009209547269e-05,0,5.223691820087923e-06,0,5.339814015314914e-05,0,7.260895654326305e-05,0
0,3,0.6309816036732303,0,0.01,0,0.0002280387416249141,0,4.991757872860078e-05,0,0.0002778455209664233,0,0.003182017942890525,0,0.0036918283440172672,0
0,3,4.0926065126629717e-05,0,0.0,0,1.8012337022810243e-05,0,5.531669229191348e-05,0,0.00016851534210182917,0,0.0002520456037018448,0,0.00013146187120582908,0
0,1,3.2623730370309705e-05,0,0.0,0,2.2809217625763267e-06,0,5.186887946195604e-05,0,8.848341228619497e-05,0,0.00014815440226811916,0,0.00038818057510070503,0
0,1,0.006958849234709177,0,0.03,0,0.0004032342985738069,0,0.00027786762593473053,0,0.001744138301330388,0,0.00013286489411257207,0,0.0008822335512377322,0
0,5,2.1420534415812715e-05,0,0.03,0,1.0100125109602232e-05,0,2.1610065946732912e-05,0,1.9483192084397498e-07,0,5.026924554840662e-06,0,1.2981662621314172e-05,0
0,3,0.0001410870808201986,0,0.0,0,4.818790330318734e-05,0,5.800537498904647e-05,0,7.973845088073928e-05,0,0.0014321369817480445,0,0.0005020759417675436,0
0,5,0.002586562427993182,0,0.0,0,3.4350483474554494e-05,0,8.167826593351096e-05,0,2.252922577941948e-06,0,7.376951543847099e-05,0,4.468709448701702e-05,0
0,1,0.002432030438643922,0,0.0,0,2.788646725093713e-06,0,2.537821708087759e-05,0,3.775349887715157e-05,0,1.959082692337688e-05,0,2.3268461518455297e-05,0
0,1,2.260187335058278e-05,0,0.0,0,1.633273654988443e-06,0,2.1043189690644968e-05,0,1.2916095634736001e-08,0,3.7540496578003513e-06,0,1.3194750863476656e-05,0
0,1,0.005947359252636015,0,0.0,0,2.9080665626679547e-06,0,2.0412390472643514e-05,0,1.5727626341118547e-06,0,8.157239790307358e-06,0,4.371126851765439e-05,0
0,4,0.10394594257008066,0,0.02,0,0.00035648365155793726,0,0.00010212988015351639,0,0.011378760810393651,0,0.004046069458127022,0,0.0037688673473894596,0
0,3,3.106770456477715e-10,0,0.01,0,0.00045152942766435444,0,0.00031527345877137893,0,2.8558877213982006e-05,0,0.029756110161542892,0,0.0429895743727684,0
0,3,0.0002198829290454668,0,0.0,0,1.6748983398429118e-05,0,3.746834099456996e-05,0,2.506475745852311e-06,0,0.0006123370258137584,0,0.0001577658113092184,0
0,1,0.008142733587786955,0,0.01,0,4.576633273245534e-06,0,4.9686951563954685e-05,0,2.0358380162237567e-05,0,2.554586171754636e-05,0,0.00020073306222911924,0
0,2,0.00266134827844857,0,0.01,0,8.559412890463136e-06,0,2.02934081443912e-05,0,5.6158181422829535e-06,0,2.8293441573623568e-05,0,5.5483065807493404e-05,0
0,3,0.06920527467272278,0,0.02,0,0.0015693757450208068,0,8.662381322551392e-05,0,0.00023979578943431976,0,0.005407898221164942,0,0.0055642216466367245,0
0,5,2.3569315819657966e-05,0,0.0,0,4.951865776092745e-06,0,2.151619026043613e-05,0,5.227877837446282e-08,0,4.187580543657532e-06,0,1.2981662621314172e-05,0
0,2,6.44648347670101e-05,0,0.0,0,9.330358807346784e-06,0,2.1172978486441628e-05,0,2.5402826049164046e-08,0,9.997862434829585e-06,0,2.0140712877037004e-05,0
0,3,4.989962259903962e-05,0,0.0,0,7.91113416198641e-06,0,2.1312110289818265e-05,0,9.051569739609073e-08,0,1.033193984767422e-05,0,1.3977312846691348e-05,0
0,3,0.006897967593961104,0,0.0,0,2.8581760489032604e-05,0,5.475156602345275e-05,0,3.8664806693675226e-05,0,0.00026207120390608907,0,0.0003447386552579701,0
0,5,0.0004000129422667814,0,0.03,0,8.05415547802113e-05,0,2.4708370553680494e-05,0,4.400815224019673e-06,0,0.00021650946291629225,0,0.0012057838030159473,0
0,2,0.00392972817288585,0,0.0,0,9.924269761540927e-06,0,1.9217234149875378e-05,0,9.973467453084759e-05,0,0.0003878094139508903,0,0.00013269791088532656,0
0,2,0.0005921536230757678,0,0.0,0,1.975693294298253e-06,0,2.002222078778376e-05,0,4.970342024716985e-07,0,1.6974396203295328e-05,0,2.3122160200728104e-05,0
0,5,4.1442069162215364e-05,0,0.01,0,4.43487660959363e-05,0,6.186032376565904e-05,0,1.92657821708316e-06,0,0.00030543419416062534,0,0.0002442700497340411,0
0,1,0.006860231033379986,0,0.01,0,0.00010168799781240523,0,3.1035242760645364e-05,0,6.264903207102378e-05,0,0.0007011312991380692,0,0.001243912847712636,0
0,4,0.025184187080191125,0,0.02,0,8.520541450707242e-05,0,5.299024983242177e-05,0,5.067393510131221e-05,0,0.0002956675598397851,0,0.001689739292487502,0
0,5,0.5844165928776967,0,0.02,0,0.00037008957588113844,0,0.00010973692182010952,0,5.3527762642892e-05,0,0.005194833502173424,0,0.008335811085999012,0
0,5,1.2015619115489225e-06,0,0.0,0,9.915159353113268e-06,0,2.1521079258779582e-05,0,1.1027345002592716e-07,0,4.070524482813198e-06,0,1.2981662621314172e-05,0
0,5,0.10150657798140245,0,0.0,0,1.210834216180956e-05,0,2.1366496614636887e-05,0,1.0573946959095067e-06,0,0.0001369292731396854,0,0.0005671886028721929,0
0,2,5.920767376895871e-06,0,0.0,0,1.0455714800627902e-05,0,2.117797534498003e-05,0,2.3767485688450168e-07,0,1.426357812306378e-05,0,2.2448261006502435e-05,0
0,4,0.003756319695667745,0,0.0,0,0.0006570456898771226,0,0.00023596910523590022,0,0.010801222092213665,0,0.0018817875534296036,0,0.0011438681976869702,0
0,5,0.00042425136437854866,0,0.0,0,5.360837349144276e-06,0,2.1550496086623897e-05,0,1.128401292723698e-07,0,5.002126272302121e-06,0,1.2981662621314172e-05,0
0,4,0.0007609498400673756,0,0.0,0,1.8492257368052378e-05,0,2.8919299144568673e-05,0,2.4624102794661235e-06,0,7.584640570712509e-06,0,1.9813795006484725e-05,0
0,3,0.00035006904154274933,0,0.0,0,6.3581605900253635e-06,0,2.853186061281013e-05,0,1.1692595796284171e-07,0,3.0294013413367793e-05,0,3.6088651540922e-05,0
0,3,3.301115452090694e-05,0,0.0,0,1.761604107741732e-05,0,4.447592229943895e-05,0,9.244780969287027e-06,0,0.00022740916756447405,0,5.20736793987453e-05,0
0,4,6.1898338997766e-05,0,0.01,0,1.7175676475744694e-05,0,5.0282259773284756e-05,0,3.000016004423762e-06,0,0.00027241342468187213,0,0.0005930628976784647,0
0,3,0.0004560344363875038,0,0.0,0,4.653428277379135e-06,0,2.1276450062481624e-05,0,5.8534316140160753e-08,0,1.6807851352496073e-05,0,1.786496432032436e-05,0
0,2,0.00012829365820168947,0,0.0,0,9.795898222364485e-06,0,2.1166019902522115e-05,0,4.458099956301466e-07,0,9.062217941391282e-06,0,2.0350327758933417e-05,0
0,4,0.04611092513380319,0,0.0,0,9.336610673926771e-05,0,2.419591743262102e-05,0,1.7368581896971675e-05,0,0.0004136711941100657,0,0.0002939982805401087,0
0,1,8.401442967325344e-05,0,0.0,0,1.831166082411073e-05,0,2.090510404121301e-05,0,3.15775459873592e-06,0,7.041900244075805e-05,0,0.00024428433971479535,0
0,2,0.07600095425141866,0,0.0,0,0.00012047948985127732,0,0.0004724632786397795,0,7.119536560013622e-05,0,0.0033543123863637447,0,0.007633739151060581,0
0,4,0.005156579770464696,0,0.01,0,5.8915611589327455e-05,0,2.6804888550763145e-05,0,0.0001558949613787744,0,0.0007131017628125846,0,0.0008954348159022629,0
0,4,4.95375803702064e-05,0,0.0,0,3.705683866428444e-06,0,2.0210262653346424e-05,0,2.3595220069532903e-06,0,5.386131761042634e-06,0,1.3534696336137131e-05,0
0,5,7.781398900689661e-05,0,0.0,0,5.160868386155926e-05,0,9.565108559761554e-05,0,2.4835486943627163e-06,0,0.0001883240620372817,0,4.3697837099898607e-05,0
0,2,0.014673151832760486,0,0.0,0,3.0997805879451334e-05,0,5.361171308322305e-05,0,0.0005439749790722134,0,0.0007233443320728838,0,0.000863285968080163,0
0,3,2.388195778938895e-26,0,0.05,0,6.497232243418694e-05,0,0.0001246985709716835,0,5.33277772615724e-06,0,0.029625356197357178,0,0.022162366658449173,0
0,2,0.07907795301487404,0,0.0,0,7.4710742410388775e-06,0,2.359718133662165e-05,0,2.078244146330229e-05,0,0.00016617990331724286,0,0.0001399522298015654,0
0,1,1.4391291061561829e-05,0,0.0,0,2.7154264898854308e-06,0,2.10289637637678e-05,0,5.521588562694722e-08,0,5.109188350616023e-06,0,1.5500456356676295e-05,0
0,4,0.0007083236422590227,0,0.0,0,5.867982508789282e-06,0,1.95119507145209e-05,0,1.953577009689057e-05,0,0.00013659961405210197,0,0.00011468998854979873,0
0,3,9.28744936898099e-06,0,0.0,0,4.7674689994892105e-05,0,2.113869087905279e-05,0,3.593786984251408e-07,0,2.0552666683215648e-05,0,2.6728526790975593e-05,0
0,2,3.4852489544798414e-05,0,0.0,0,2.3481188691221178e-05,0,2.1172978486441628e-05,0,3.675822014942782e-08,0,9.546704859531019e-06,0,1.370338759443257e-05,0
0,1,9.671081944406844e-05,0,0.0,0,4.00020462620887e-06,0,2.605517483376843e-05,0,2.2177842355376127e-05,0,9.980901268136222e-06,0,4.1403025534236804e-05,0
0,1,0.00031403375428326803,0,0.0,0,5.385742042562924e-06,0,2.1033944295990496e-05,0,7.129404285129233e-08,0,5.166260052646976e-06,0,1.7998097973759286e-05,0
0,1,6.46992407425805e-07,0,0.0,0,1.7711372493067756e-06,0,2.1049760959943686e-05,0,2.6813460665006656e-08,0,3.3760693440854084e-06,0,1.319528109888779e-05,0
0,2,0.001921714903291201,0,0.0,0,1.1014263691322412e-05,0,2.030324874946648e-05,0,7.822569885060045e-06,0,0.0005878622177988291,0,0.00013383060286287218,0
0,2,0.019598185780116722,0,0.0,0,2.7791315915237647e-06,0,2.6894513517259765e-05,0,7.91723196569639e-05,0,2.1535024643526413e-05,0,0.0001642847782932222,0
0,5,5.172502309266758e-07,0,0.0,0,5.475126727105817e-06,0,2.1496502792059166e-05,0,1.2906749971806512e-08,0,6.955122898943955e-06,0,1.2981662621314172e-05,0
0,5,0.0009485575241696737,0,0.0,0,5.957163739367388e-05,0,3.304298781376716e-05,0,1.0888630090883276e-05,0,1.1678048394969665e-05,0,4.672267459682189e-05,0
0,5,3.1226760684377243e-07,0,0.0,0,2.03961280931253e-05,0,2.1540558197076703e-05,0,6.053095834891653e-08,0,2.7579764719121158e-05,0,3.0960716685513034e-05,0
0,5,0.018078366931689998,0,0.0,0,4.2761454096762463e-05,0,3.3188917820303064e-05,0,1.2027329402766554e-05,0,2.8548769478220493e-05,0,3.6643908970290795e-05,0
0,3,4.182463921510522e-06,0,0.03,0,1.1606898624449968e-05,0,2.2049017996848337e-05,0,5.553808881517902e-07,0,3.4153603337472305e-05,0,2.1831323465448804e-05,0
0,2,5.345806120149145e-05,0,0.0,0,2.110932291543577e-05,0,3.5339073378423355e-05,0,2.071027964214739e-07,0,7.827085028111469e-06,0,1.3846774891135283e-05,0
0,5,0.09837686116450965,0,0.05,0,0.0031047712545841932,0,9.451578012967555e-05,0,1.165318072258661e-05,0,0.0001584104320500046,0,0.000735176436137408,0
0,3,0.00011099592947847133,0,0.0,0,3.192351869074628e-05,0,5.930458675178348e-05,0,2.1998823521342687e-05,0,0.0006509688100777566,0,0.00044832052662968636,0
0,2,0.0013202532383260093,0,0.04,0,7.190756150521338e-05,0,3.282321265029754e-05,0,4.613110743941898e-05,0,0.002165544079616666,0,0.0030237676110118628,0
0,2,0.06419246107313568,0,0.0,0,0.00012673920718953013,0,2.42486819224086e-05,0,2.4672248203970554e-05,0,0.00045665199286304414,0,0.00039981422014534473,0
0,2,0.0006684696299927789,0,0.05,0,0.0010993053438141942,0,0.00016604924407130276,0,0.0014160154586340258,0,0.024054549634456635,0,0.04368326812982559,0
0,5,4.345617213496427e-05,0,0.0,0,1.0166815627599135e-05,0,1.9913310204751054e-05,0,8.162295774787572e-08,0,9.384289114677813e-06,0,1.3792035133519676e-05,0
0,5,8.782910168053242e-06,0,0.01,0,1.2055168554070406e-05,0,2.5405103956082747e-05,0,4.7433306893726165e-07,0,4.16505417888402e-06,0,1.3046278581896331e-05,0
0,4,0.01923433536413179,0,0.0,0,1.570128370076418e-05,0,3.296048419869467e-05,0,3.675238678697021e-05,0,6.810717604821548e-05,0,0.0001429933327017352,0
0,3,0.0002944384838142495,0,0.0,0,6.812967512814794e-06,0,2.8213392101541203e-05,0,1.567877397323425e-07,0,1.5142744814511389e-05,0,2.131093424395658e-05,0
0,3,0.0007943871331376523,0,0.0,0,0.0002944140287581831,0,0.0001809065137417334,0,0.00042010129593488156,0,0.0011129798367619514,0,0.0013124814722687006,0
0,1,0.15174821611067593,0,0.0,0,1.6592246538493782e-05,0,2.404080747315404e-05,0,2.0767180553888697e-05,0,0.0004244695883244276,0,0.0004268625343684107,0
0,4,8.715854258884371e-05,0,0.0,0,3.802952414844185e-05,0,2.132102373557756e-05,0,5.471880968007327e-07,0,1.8003622244577855e-05,0,2.395188857917674e-05,0
0,1,0.013351744383063366,0,0.02,0,1.7145775927929208e-05,0,6.719935233045507e-05,0,1.5153444035756025e-05,0,0.00013051733549218625,0,0.0012905556941404939,0
0,3,0.013773152875339804,0,0.0,0,1.1714756510627922e-05,0,2.1322033201524216e-05,0,1.8945024709521378e-05,0,0.0003094883286394179,0,0.00022421785979531705,0
0,4,0.0005973223525102202,0,0.01,0,0.00011289078247500584,0,0.00012947560608590598,0,0.0006164076615567748,0,0.0009477522689849138,0,0.0007213056087493896,0
0,2,0.00012381085289141892,0,0.01,0,9.902130113914609e-05,0,9.994873360364178e-05,0,8.645073860166548e-09,0,2.467206104483921e-05,0,3.6689030821435153e-05,0
0,2,1.4550796264711962e-07,0,0.01,0,2.5326198738184758e-05,0,2.7594451012022573e-05,0,6.389836023181529e-06,0,7.953271415317431e-05,0,0.00012625896488316357,0
0,3,4.416768108252262e-07,0,0.0,0,8.563829396734945e-06,0,2.1283211185326462e-05,0,9.749040412861216e-08,0,9.09966001927387e-06,0,1.3472022146743257e-05,0
0,4,2.6542969757954087e-06,0,0.0,0,9.989627869799733e-06,0,3.0136943581386858e-05,0,3.9178594542583454e-07,0,5.914625489822356e-06,0,1.3713367479795124e-05,0
0,3,0.00019509640646801828,0,0.02,0,7.558543438790366e-05,0,7.522663732653316e-05,0,0.00018231281597303275,0,0.0014744112268090248,0,0.0008202459430322051,0
0,2,1.7757828887783517e-05,0,0.0,0,5.5907853493408766e-06,0,2.0388076636797228e-05,0,1.2899911198111014e-07,0,6.621019110752968e-06,0,1.3680284610018134e-05,0
0,3,1.1441591114513173e-07,0,0.0,0,3.374491643626243e-05,0,3.36343101537844e-05,0,1.4934432986296063e-07,0,7.119873771443963e-05,0,8.123585575958714e-05,0
0,2,5.955788433710916e-06,0,0.02,0,6.608686089748517e-05,0,2.0672121160435747e-05,0,3.670798423006379e-05,0,1.5839228581171483e-05,0,1.7551719793118536e-05,0
0,1,6.181054267327075e-06,0,0.01,0,1.2148697123848251e-06,0,2.9393805504850813e-05,0,7.81484318062462e-05,0,7.192017073975876e-05,0,0.00014587574696633965,0
0,4,3.702415497208404e-05,0,0.0,0,4.122259269934148e-06,0,2.0869666912945356e-05,0,1.4515325954482443e-05,0,5.789438364445232e-05,0,6.158939504530281e-05,0
0,5,0.1143333295110201,0,0.02,0,3.5075615869573085e-06,0,5.414373293962324e-05,0,5.472488023313762e-05,0,5.4884345445316285e-05,0,0.00017979420954361558,0
0,5,0.005009917111442161,0,0.02,0,0.00025025237118825316,0,2.584044594935256e-05,0,7.617283352271908e-06,0,0.00022200706007424742,0,0.00014893963816575706,0
0,5,0.062035427241297465,0,0.0,0,5.271361442282796e-05,0,2.4359135690550933e-05,0,0.00011058843002275291,0,0.0010413810377940536,0,0.0013000840554013848,0
0,1,0.0076117118588799465,0,0.0,0,8.177594281733036e-05,0,1.690983821889794e-05,0,2.529648547095154e-05,0,2.2740499844076112e-05,0,5.923637218074873e-05,0
0,5,3.8378012791791636e-06,0,0.0,0,3.253873001085594e-05,0,2.405977829018338e-05,0,5.110206896219259e-06,0,3.780271072173491e-05,0,2.212800427514594e-05,0
0,5,0.0021421224636734887,0,0.0,0,6.401358405128121e-06,0,2.1432980358597722e-05,0,3.292469164351463e-06,0,1.663501279836055e-05,0,2.545580719015561e-05,0
0,2,0.0174736849413942,0,0.0,0,6.829855465184664e-06,0,4.730258366854091e-05,0,3.7730537797929744e-05,0,0.0005970988422632217,0,0.000985605176538229,0
0,1,0.0003817155273099651,0,0.02,0,3.5988516629004152e-06,0,2.4477302204051368e-05,0,4.6726283233395856e-05,0,0.00045351978042162955,0,0.0005714585422538221,0
0,4,1.5503686171181326e-08,0,0.0,0,2.9639259082614444e-05,0,2.132836923867351e-05,0,2.7086016749068645e-07,0,8.49605021358002e-06,0,1.5653900845791213e-05,0
0,3,0.000814083866472716,0,0.01,0,5.8683301176643e-05,0,2.327804974381986e-05,0,6.516949426968768e-07,0,4.7954577894415706e-05,0,8.654161501908675e-05,0
0,3,4.9688586679721374e-05,0,0.0,0,9.620704986446071e-06,0,4.436871917530055e-05,0,3.254353871576606e-05,0,0.0003337668895255774,0,0.0002806174452416599,0
0,2,7.467228483980778e-08,0,0.0,0,6.541596667375416e-05,0,3.466639693117666e-05,0,5.640351583034531e-07,0,1.100628014683025e-05,0,1.509229787188815e-05,0
0,3,1.0617883785087162e-05,0,0.0,0,5.162518391443882e-06,0,2.1153950563573637e-05,0,2.827786580445333e-07,0,2.247713564429432e-05,0,3.158624895149842e-05,0
0,4,0.15853234780530334,0,0.01,0,0.00010362954344600439,0,3.4522220860512305e-05,0,5.3002847451959364e-06,0,0.00016947611584328115,0,9.530742681818083e-05,0
0,4,0.10563169933782734,0,0.0,0,7.859606739657465e-06,0,5.645902917795687e-05,0,0.00019731211573246015,0,0.0013149152509868145,0,0.0027894952800124884,0
0,1,2.0556101242871902e-05,0,0.0,0,6.011251571180765e-06,0,2.1048879454270936e-05,0,3.0373211852020086e-08,0,4.1627854443504475e-06,0,1.389532826578943e-05,0
0,5,0.009594683205021307,0,0.0,0,1.5109265405044425e-05,0,2.513085813198053e-05,0,3.556061075775975e-07,0,1.5146441910474095e-05,0,2.2054216969991103e-05,0
0,4,0.026603322198520782,0,0.0,0,4.9335674702888355e-05,0,2.4738982127522845e-05,0,1.0757088832173273e-05,0,0.0004332305979914963,0,0.002719257026910782,0
0,4,2.4743972606408707e-05,0,0.0,0,1.5093322872417048e-05,0,3.8504459677962154e-05,0,2.4148103054575454e-07,0,0.00010504615784157068,0,0.00012782278645318002,0
0,1,0.015721823195122223,0,0.02,0,7.888466643635184e-05,0,9.311385142090096e-05,0,8.364235714135006e-05,0,0.0004730721120722592,0,0.0035381438210606575,0
0,4,0.00012262819233801935,0,0.0,0,6.268126162467524e-05,0,5.041983143107723e-05,0,1.7214785596388276e-06,0,2.5307252144557424e-05,0,1.5953482943587005e-05,0
0,5,0.05734514207269241,0,0.02,0,5.083109499537386e-05,0,2.4383040327611344e-05,0,0.0002843148543737048,0,0.00025462862686254084,0,0.0010204995051026344,0
0,2,0.0002914535527458365,0,0.0,0,1.95779612113256e-05,0,2.3769664307713153e-05,0,5.109086481214333e-07,0,1.4626056326960679e-05,0,2.4313019821420312e-05,0
0,1,0.03860856299048847,0,0.02,0,5.5104879720602185e-05,0,6.198828026543238e-05,0,7.068257873544734e-05,0,0.0012877669651061296,0,0.01674889586865902,0
0,5,0.03626065495594281,0,0.01,0,4.067867121193558e-05,0,0.00015607133055157052,0,0.0003786830339840432,0,0.0008059384999796748,0,0.000684312719386071,0
0,5,0.036858069907453786,0,0.02,0,5.4955522500677034e-05,0,8.991447634935405e-05,0,0.0004226882311289078,0,0.0019585397094488144,0,0.003399953246116638,0
0,3,6.996291167650709e-05,0,0.0,0,5.225514996709535e-06,0,2.4761124969383653e-05,0,1.61288940595552e-07,0,0.00023416279873345047,0,6.601882341783494e-05,0
0,1,0.8107088438800718,0,0.02,0,0.0015225528040900826,0,0.00011510078866014983,0,0.0005512007853751275,0,0.003360876115038991,0,0.006949659436941147,0
0,5,0.2312683679969587,0,0.0,0,6.44891188130714e-05,0,2.133246500100969e-05,0,1.0562845136326668e-05,0,0.0005430167657323182,0,0.00027585134375840425,0
0,4,3.063722852369238e-05,0,0.01,0,7.763204848743044e-06,0,3.317337128640144e-05,0,1.4364672035644516e-06,0,5.627915379591286e-05,0,5.6831111578503624e-05,0
0,1,0.012380796679930342,0,0.0,0,0.0013070605928078294,0,4.7967521329054324e-05,0,0.00012284313470026665,0,0.0005872113979421556,0,0.0009473697282373905,0
0,1,4.917735510050507e-06,0,0.0,0,4.651653398468625e-06,0,2.1041431733484237e-05,0,4.6988426254521404e-08,0,3.7496215554710943e-06,0,1.2981662621314172e-05,0
0,2,0.0003455029761198851,0,0.01,0,3.9825274143368006e-05,0,2.0391250842566426e-05,0,1.0676841896008747e-06,0,1.3696710993826855e-05,0,2.376345219090581e-05,0
0,3,1.067344069940813e-05,0,0.0,0,2.4971730454126373e-05,0,8.379988956518955e-05,0,1.942785804751015e-05,0,0.00015988796076271683,0,0.00013548297283705324,0
0,5,0.0018000087867758774,0,0.0,0,2.312910874024965e-05,0,3.117082329445212e-05,0,1.2037990138370125e-06,0,5.836216132593108e-06,0,1.4748223293281626e-05,0
0,2,0.0011968626427725408,0,0.0,0,1.154352503363043e-05,0,3.3590870030432933e-05,0,1.366128469435179e-06,0,2.5311541321570985e-05,0,2.3524602511315607e-05,0
0,1,0.0015738740168153985,0,0.0,0,6.970142294449033e-06,0,2.1083513976445664e-05,0,1.497508650075661e-08,0,4.0741078919381835e-06,0,1.4542474673362449e-05,0
0,3,6.499071152944004e-05,0,0.01,0,3.3554944820934907e-05,0,3.791562569713185e-05,0,1.0706978309083907e-05,0,8.176130359061062e-05,0,0.0001682244474068284,0
0,5,0.0005412408117704441,0,0.0,0,4.511002407525666e-05,0,2.33628904213705e-05,0,6.649625587794117e-06,0,2.56641778833e-05,0,9.977651643566787e-05,0
0,2,0.0002381640751827461,0,0.01,0,3.853290400002152e-05,0,2.440803976132995e-05,0,7.935339879556722e-06,0,7.163964619394392e-05,0,6.035308979335241e-05,0
0,1,2.1439127370424345e-06,0,0.0,0,2.7679166123562027e-06,0,2.1043537929508854e-05,0,6.251385181104945e-08,0,4.1330140447826125e-06,0,1.4349367120303214e-05,0
0,3,0.24976772846894346,0,0.0,0,8.761053322814405e-05,0,4.144864245768039e-05,0,0.0004527234082734491,0,0.0028545104432851076,0,0.0010857504094019532,0
0,2,0.0001458585771408075,0,0.01,0,1.2646612049138639e-05,0,2.1861572355080888e-05,0,5.623065124377903e-06,0,0.0007302527083083987,0,0.0009820968843996525,0
0,4,1.0289032438540934e-05,0,0.0,0,1.708789204712957e-05,0,2.132368958785588e-05,0,1.814850580742027e-07,0,5.2563136705430225e-06,0,1.3918433978687972e-05,0
0,2,0.00028743237771647985,0,0.0,0,1.492431920269155e-06,0,2.4019394486651378e-05,0,9.381125297882043e-07,0,8.866741154633928e-06,0,2.301144013472367e-05,0
0,4,0.7098258538889407,0,0.03,0,0.0003098199376836419,0,3.9764796105079606e-05,0,3.315159583403568e-05,0,0.003265721257776022,0,0.0033364943228662014,0
0,4,0.5980716314304078,0,0.02,0,0.00010482437937753275,0,3.71306093193517e-05,0,2.2878468301626102e-05,0,0.0039619579911231995,0,0.00420678174123168,0
0,4,0.6355122223026417,0,0.0,0,7.50983163015917e-05,0,2.9815718682377934e-05,0,0.00015946364665227149,0,0.0008397162309847772,0,0.0016962687950581312,0
0,2,1.1933320195530926e-07,0,0.0,0,8.266587428806815e-06,0,2.1172978486441628e-05,0,4.554554053927538e-08,0,7.805195309629198e-06,0,1.3048911569057964e-05,0
0,1,3.763218883516014e-07,0,0.01,0,2.6451816665939987e-05,0,6.91386357057002e-05,0,1.0224017048277121e-05,0,3.075243512284942e-05,0,0.00010669448965927586,0
0,2,0.019981036425557614,0,0.0,0,8.117869583657011e-06,0,4.108556229760809e-05,0,7.066468340600715e-07,0,0.00021452571672853082,0,0.0002899421670008451,0
0,3,9.173147889807566e-06,0,0.0,0,1.660171278672351e-06,0,2.136044426119619e-05,0,1.5763590867667957e-07,0,1.9454331777524203e-05,0,1.768330912454985e-05,0
0,5,0.00019802397855462811,0,0.0,0,8.070260264503304e-07,0,2.1397594881662893e-05,0,7.704281225399138e-07,0,1.7858024875749834e-05,0,2.2420637833420187e-05,0
0,2,0.0019647602732643953,0,0.0,0,3.808062319876626e-05,0,2.931344726795411e-05,0,3.14306542097739e-05,0,0.0009056595154106617,0,0.0006755383801646531,0
0,3,0.00012870227435703288,0,0.01,0,0.00024480491993017495,0,9.091833451595277e-05,0,0.00022339191472253147,0,0.0007943898672237992,0,0.0004525005351752043,0
0,1,6.400000977166382e-10,0,0.0,0,9.906301556839026e-07,0,2.0298652723756536e-05,0,1.476899754299741e-07,0,7.904863196017686e-06,0,1.4317090972326696e-05,0
0,3,0.6884821101885515,0,0.0,0,0.00030850537586957216,0,6.317854784917847e-05,0,0.0018382641230851539,0,0.002502439310774207,0,0.002036606427282095,0
0,4,5.696688527172608e-05,0,0.0,0,0.00015748190344311297,0,3.5405992189674466e-05,0,3.006641945614307e-07,0,1.1993834050372243e-05,0,2.221506292698905e-05,0
0,3,0.07824741023484107,0,0.0,0,5.814547694171779e-05,0,2.1177205654858896e-05,0,1.0817818574666663e-05,0,0.00018058922432828695,0,0.00014453391486313194,0
0,3,0.35811871205627016,0,0.0,0,0.0011823277454823256,0,8.952967065286502e-05,0,0.00038524079488656994,0,0.0021405592560768127,0,0.0017373948357999325,0
0,3,1.1201312799600332e-06,0,0.0,0,7.763999019516632e-05,0,2.132757118838482e-05,0,5.576378289260342e-06,0,8.030999742913991e-05,0,3.673832907225005e-05,0
0,3,0.11845847020006678,0,0.02,0,0.001807364751584828,0,0.00017160296265194487,0,0.0013830806457188238,0,0.003853375557810068,0,0.019632983952760696,0
0,2,4.6468165966339694e-05,0,0.0,0,5.6198841775767505e-05,0,4.146892989200103e-05,0,1.2500312921270676e-05,0,0.0002707458916120231,0,0.0003768257156480104,0
0,2,0.0007828011360427937,0,0.01,0,2.4264487365144305e-05,0,2.115105609622232e-05,0,3.4058239478166066e-08,0,1.090880232368363e-05,0,2.091285386995878e-05,0
0,2,1.7926034769236505e-05,0,0.0,0,3.730187700057286e-06,0,2.0682831030151262e-05,0,4.639313725118779e-07,0,8.982608051155694e-06,0,1.654168590903282e-05,0
0,2,0.028554711606620625,0,0.02,0,1.0932617442449555e-05,0,7.250303572966392e-05,0,6.6820630202858855e-06,0,0.0011491052573546767,0,0.006263984367251396,0
0,2,0.010638495628494138,0,0.0,0,5.238693120190874e-05,0,2.9804354157344067e-05,0,0.000554737684094836,0,0.0005819852231070399,0,0.0008049221360124648,0
0,1,0.042244871135475974,0,0.03,0,5.333434455678798e-05,0,1.3457965757905123e-05,0,9.975613818345789e-05,0,0.0010768127394840121,0,0.009087326936423779,0
0,2,3.0810413425770816e-05,0,0.0,0,8.2321066656732e-06,0,2.0240776010114046e-05,0,4.0790774735783175e-07,0,2.0669969671871513e-05,0,2.8128379199188203e-05,0
0,2,1.6830595068559741e-06,0,0.0,0,5.304155365593033e-06,0,2.4181156800556098e-05,0,2.8764180253568345e-08,0,1.2355877515801694e-05,0,1.8839684344129637e-05,0
0,2,0.0003993028495654568,0,0.0,0,5.0470716814743355e-06,0,1.9862974308149778e-05,0,7.3245823862937235e-06,0,1.602432894287631e-05,0,3.2083724363474175e-05,0
0,1,3.7171271106610997e-06,0,0.0,0,2.1295767510309815e-05,0,2.6835628453388287e-05,0,3.264185858830873e-07,0,2.5416422431590036e-05,0,2.151701664843131e-05,0
0,1,0.011306013105682142,0,0.04,0,0.0005506171728484333,0,3.768793118752419e-05,0,0.0005215161205469856,0,0.0027327032294124365,0,0.005941451061517,0
0,3,0.9878377149307347,1,0.0,0,4.58303329651244e-05,0,2.1346926820691834e-05,0,4.475349920957174e-06,0,0.0012920622248202562,0,0.0014710875693708658,0
0,3,5.945879020077052e-05,0,0.0,0,2.7837664674734697e-05,0,2.360649240445165e-05,0,4.43846283973579e-06,0,7.955892942845821e-05,0,0.0001248828775715083,0
0,4,0.0003608174641460494,0,0.02,0,8.732752758078277e-05,0,4.9269557095875045e-05,0,5.943538929985581e-06,0,0.00038883290835656226,0,0.0004728935600724071,0
0,2,6.758719418824441e-05,0,0.0,0,1.1651227396214381e-05,0,2.0065096915801094e-05,0,2.310006218263169e-07,0,6.60537916701287e-05,0,8.482396515319124e-05,0
0,2,0.11551704630305074,0,0.03,0,0.0016887793317437172,0,0.00015361458657598158,0,4.824523601242544e-05,0,0.003027107799425721,0,0.002616426907479763,0
0,5,0.030070212416807213,0,0.01,0,7.53995482227765e-05,0,3.659029804599543e-05,0,3.172763238906255e-06,0,0.0004934174357913435,0,0.00048113433877006173,0
0,1,0.0030773098119707804,0,0.0,0,5.85883481107885e-06,0,4.1273247132049846e-05,0,3.512586659428391e-05,0,0.0001550628076074645,0,0.0005312829744070768,0
0,3,0.0031379935413183195,0,0.0,0,0.0002902493579313159,0,2.8324741644321075e-05,0,0.00022587045294808204,0,0.0004718136042356491,0,0.00030366089777089655,0
0,1,0.00011290500609825038,0,0.0,0,9.004407729662489e-06,0,2.041094759610202e-05,0,7.675654503997282e-07,0,1.8441383872414008e-05,0,3.555361763574183e-05,0
0,5,1.436365956179239e-05,0,0.0,0,0.00023058232909534127,0,2.5396866935780138e-05,0,2.4567762364729143e-07,0,6.594395017600618e-06,0,1.2981662621314172e-05,0
0,5,0.004307453893196133,0,0.02,0,5.2511775720631704e-05,0,7.289409548616814e-05,0,0.0010844941601568733,0,0.0007093377644196153,0,0.0010520854266360402,0
0,5,0.0003299109679602661,0,0.0,0,3.8943931031099055e-06,0,3.441192849275292e-05,0,6.652508280542605e-05,0,0.0002296337188454345,0,0.00017134039080701768,0
0,4,6.688516510321152e-05,0,0.01,0,2.0941335606039502e-05,0,0.00010515031823394818,0,3.793880426254231e-07,0,4.388721572468057e-05,0,2.1261139409034513e-05,0
0,3,0.001053725587220936,0,0.0,0,0.0014513637870550156,0,0.0004811460281445447,0,5.675058873605412e-05,0,0.0029608202166855335,0,0.010166143998503685,0
0,4,0.004722947911272333,0,0.01,0,6.72634196234867e-05,0,0.00025271185975209013,0,0.00017035793952321972,0,0.00015156177687458694,0,0.000803588714916259,0
0,2,7.102109579266151e-07,0,0.0,0,1.5214572158583906e-05,0,2.112067851801343e-05,0,1.388699689804162e-07,0,1.1559810445760377e-05,0,2.0115468942094594e-05,0
0,1,5.647901979171496e-05,0,0.01,0,4.936640470987186e-05,0,4.11654072415134e-05,0,7.938124337600841e-06,0,0.00023814188898541033,0,0.00015634414739906788,0
0,3,3.4217868254847354e-05,0,0.0,0,0.00010084008681587875,0,3.0164574810569983e-05,0,4.792694307315837e-06,0,0.0032308222725987434,0,0.00035306651261635125,0
0,4,0.005025786308813635,0,0.0,0,3.987425589002669e-05,0,9.058070053710377e-05,0,2.797815045392852e-05,0,0.0003248159773647785,0,0.0008037619991227984,0
0,2,0.005051715674106855,0,0.0,0,3.2529947930015624e-05,0,2.8177698248014382e-05,0,1.017940007979388e-06,0,0.0002400572702754289,0,0.0004973527975380421,0
0,1,0.0008498851384754374,0,0.0,0,1.7268883311771788e-05,0,3.792250183267477e-05,0,9.034865076102946e-05,0,0.00010576888598734513,0,0.0003839002165477723,0
0,4,0.002207430301169264,0,0.0,0,0.00015069651999510825,0,3.55475760894943e-05,0,3.66051223104387e-05,0,7.158701191656291e-05,0,0.0001580907846800983,0
0,1,0.00028200758093569747,0,0.01,0,0.000146691789268516,0,2.436276806930449e-05,0,7.257531478306142e-05,0,8.929176692618057e-05,0,0.00015256086771842092,0
0,2,0.0003755190510477006,0,0.0,0,1.1460633686510846e-05,0,2.0072944357801922e-05,0,3.73111842168215e-06,0,6.621155625907704e-05,0,5.890485772397369e-05,0
0,2,0.0033410763059626624,0,0.01,0,0.0001095458646886982,0,2.038411847749495e-05,0,3.2849719210661465e-06,0,0.0010907739633694291,0,0.0004970774753019214,0
0,2,2.8422324748108785e-05,0,0.03,0,6.217719783307984e-05,0,2.0289943875925368e-05,0,8.431895687945061e-07,0,7.912769797258079e-05,0,7.824741624062881e-05,0
0,1,0.35038221299915967,0,0.0,0,1.5531493772869e-05,0,2.2961249096729865e-05,0,2.3664885607273987e-05,0,0.00013501691864803433,0,0.0006858755950815976,0
0,2,8.61471452273497e-05,0,0.01,0,6.70370400257525e-06,0,2.5270438916467696e-05,0,3.864338158645755e-05,0,4.9992671847576275e-05,0,0.0003027986385859549,0
0,2,6.161919593422088e-06,0,0.0,0,1.8855735106626526e-05,0,2.8507714537315777e-05,0,1.912699856633379e-06,0,5.1334915042389184e-05,0,1.9121678633382544e-05,0
0,4,8.31565337422657e-05,0,0.0,0,9.88623833109159e-06,0,2.235328455534839e-05,0,4.0523894219365346e-07,0,6.705438863718882e-06,0,1.7436123016523197e-05,0
0,3,4.061296465382294e-06,0,0.02,0,4.0017413994064555e-05,0,2.2977911460777893e-05,0,7.801280872563745e-07,0,0.0003600797208491713,0,0.00021420101984404027,0
0,5,0.0049379439962142,0,0.01,0,3.417639163671993e-05,0,2.736604980770274e-05,0,0.000533917797410713,0,0.0003203601809218526,0,0.0003981328336521983,0
0,2,0.1869397761674654,0,0.01,0,6.36712575214915e-05,0,0.00012190515720416401,0,0.002016506053959638,0,0.0012401100248098373,0,0.0011907886946573853,0
0,5,5.607117357728336e-06,0,0.0,0,2.9157947665225947e-06,0,2.1550496086623897e-05,0,9.719408604192426e-09,0,4.684432951762574e-06,0,1.3022019629715942e-05,0
0,2,0.004580637767300616,0,0.0,0,4.8337165026168805e-06,0,2.349434679747493e-05,0,2.9158002038994318e-06,0,0.00016825330385472625,0,0.00030561626772396266,0
0,5,3.6927273363364796e-05,0,0.02,0,5.530559519684175e-06,0,6.788207678708983e-05,0,2.3845528604440833e-07,0,2.117979238391854e-05,0,1.4369181371876039e-05,0
0,2,4.826724046306518e-05,0,0.0,0,8.595973486080766e-05,0,3.520545347969883e-05,0,9.20290197435777e-07,0,3.5518936783773825e-05,0,2.9689746952499263e-05,0
0,3,0.0005635509459264022,0,0.0,0,3.961829497711733e-05,0,2.7064917804384448e-05,0,1.7935989225427972e-05,0,0.00016603752737864852,0,0.0014756115851923823,0
0,3,0.00013351999431638774,0,0.01,0,1.6910573322093114e-05,0,2.3427000743024255e-05,0,4.239071937754273e-08,0,2.7550046070246026e-05,0,1.580695970915258e-05,0
0,1,0.00032454706506494796,0,0.0,0,4.241476290189894e-06,0,2.033587463605881e-05,0,8.41999659346232e-08,0,5.662935109285172e-06,0,1.9902989151887596e-05,0
0,2,5.610470385591536e-07,0,0.01,0,0.000251494231633842,0,2.7087207601468412e-05,0,8.564436224257515e-07,0,4.920089850202203e-05,0,7.591251051053405e-05,0
0,5,2.5241060311864455e-05,0,0.0,0,1.3183098417357542e-05,0,2.126187719615637e-05,0,5.2327292303427166e-06,0,8.773609806667082e-06,0,2.5300087145296857e-05,0
0,2,0.0001785257186282613,0,0.0,0,2.4233244403149e-05,0,2.1169496306512293e-05,0,8.116970775247928e-08,0,8.074663128354587e-06,0,1.370712743664626e-05,0
0,4,0.02319179521024766,0,0.0,0,0.00025814861874096096,0,2.6568584619224193e-05,0,1.5868708662474996e-05,0,0.00029291605460457504,0,0.0021588667295873165,0
0,2,1.9223516422438738e-07,0,0.0,0,1.902509029605426e-05,0,2.9280550891208218e-05,0,2.116714469303587e-06,0,0.00030384238925762475,0,0.00032722606556490064,0
0,3,0.22310256156308436,0,0.01,0,1.485197208239697e-05,0,2.946519277510668e-05,0,2.3918936591501268e-05,0,0.00143489392939955,0,0.0009701171074993908,0
0,4,0.0003014462903596822,0,0.0,0,1.6490374719069223e-06,0,2.0401517721349563e-05,0,1.3485725116551739e-06,0,6.084628330427222e-05,0,6.920807209098712e-05,0
0,1,1.7889085290293337e-07,0,0.0,0,1.9694853108376265e-06,0,2.3633675352580685e-05,0,6.957586385873997e-08,0,7.655030458408874e-06,0,2.878395389416255e-05,0
0,3,7.13065996200867e-06,0,0.0,0,3.1966075766831636e-05,0,2.1172500224126294e-05,0,4.3152220887041217e-07,0,1.6976113329292275e-05,0,1.737083584885113e-05,0
0,2,0.00014013584952522173,0,0.0,0,4.7067637751752045e-06,0,0.00021638739385444102,0,0.000133308304552592,0,0.0007514051394537091,0,0.0014024237170815468,0
0,4,7.8394360191078e-06,0,0.0,0,1.3339537872525398e-05,0,2.1294962977101885e-05,0,4.842376296044849e-08,0,5.4012016335036606e-06,0,1.3262741049402393e-05,0
0,1,4.7740320288718855e-08,0,0.0,0,9.709170626592822e-06,0,2.1225318131443438e-05,0,1.1740875143960532e-08,0,7.434590315824607e-06,0,1.3697785107069649e-05,0
0,2,0.0008790581527439055,0,0.01,0,3.831239519058727e-05,0,0.00021650983194292914,0,0.002514877082738695,0,0.00026893027825281024,0,0.000411400746088475,0
0,2,0.0039826400064626,0,0.0,0,2.081611910398351e-06,0,2.3576335593763058e-05,0,1.3124207783537389e-06,0,0.00015027893823571503,0,0.00033533526584506035,0
0,3,1.451270592200822e-05,0,0.0,0,1.7775042579160072e-05,0,2.940428691721045e-05,0,9.94614695033706e-05,0,0.0013249090407043695,0,0.0029246280901134014,0
0,5,0.9984368298820533,1,0.02,0,0.00030878608231432736,0,0.0001354507530202505,0,0.0003312340478404689,0,0.01663851924240589,0,0.04541894048452377,0
0,4,0.5176043350770186,0,0.02,0,0.00047451513819396496,0,3.765772071254657e-05,0,0.002674890916643602,0,0.0020802218932658434,0,0.0035019333008676767,0
0,3,0.002750414470521044,0,0.0,0,3.670756268547848e-05,0,2.0078073513188148e-05,0,3.1576253348882892e-06,0,3.780601764447056e-05,0,3.504874257487245e-05,0
0,1,0.5258815684682122,0,0.02,0,4.796238863491453e-05,0,0.00044855106496556726,0,0.002873811463541275,0,0.01738790050148964,0,0.05160894617438316,0
0,2,0.00013741584016563856,0,0.01,0,2.182238404202508e-06,0,2.8963238627383197e-05,0,5.139137148666865e-07,0,1.2890602192783263e-05,0,4.625393921742216e-05,0
0,2,0.6756407221847499,0,0.03,0,0.0017298358725383878,0,0.001196471327098552,0,0.0019842846863988317,0,0.0043314117938280106,0,0.008332768455147743,0
0,2,0.0032742992492407167,0,0.0,0,0.0001851432753028348,0,4.418947396702988e-05,0,7.679591528361538e-06,0,0.0010589919984340668,0,0.004426812753081322,0
0,3,0.019751846617312576,0,0.01,0,5.817920100525953e-05,0,5.747011526813938e-05,0,0.00025101368657228374,0,0.003421851433813572,0,0.00276982132345438,0
0,1,8.828588882807031e-05,0,0.0,0,0.00022874253045301884,0,0.0004332303110209152,0,0.0003398850972045499,0,0.0037332908250391483,0,0.005316177383065224,0
0,3,0.11274885271608191,0,0.04,0,0.00029793602880090475,0,0.00019326806464419375,0,0.012036921680159325,0,0.020432084798812866,0,0.020237630233168602,0
0,4,0.4794165752398642,0,0.09,0,0.005728233605623245,0,0.00038306541092950264,0,0.01929826511598519,0,0.03999674320220947,0,0.019756346940994263,0
0,2,0.01409912803627064,0,0.02,0,8.893010090105236e-05,0,5.882849607351057e-05,0,1.992471893796887e-05,0,0.000638232275377959,0,0.0009557106532156467,0
0,2,0.000374573361139062,0,0.0,0,3.266212297603488e-05,0,3.5125931860050536e-05,0,1.798590626527296e-07,0,0.00010648989700712264,0,0.0005035048816353083,0
0,5,0.0008005597735297397,0,0.01,0,7.313952664844692e-05,0,0.0001823343734549487,0,0.004841728521137535,0,0.008882550522685051,0,0.0026950319297611713,0
0,4,0.003466320130956408,0,0.0,0,4.6147102693794295e-05,0,4.739932892410486e-05,0,8.212876680071887e-05,0,0.003465312533080578,0,0.0027841830160468817,0
0,2,0.0004023721017694807,0,0.0,0,6.4473883867322e-06,0,3.46951984991334e-05,0,3.659475085156981e-07,0,1.5096934475877788e-05,0,3.7937890738248825e-05,0
0,2,0.9770677782363321,1,0.04,0,0.004235074855387211,0,0.0005930643531275722,0,0.07034109844652509,0,0.028999360278248787,0,0.02862604521214962,0
0,5,0.010934144776073204,0,0.05,0,0.0036190811078995466,0,0.00898543845187059,0,2.054066757262371e-05,0,0.003150882199406624,0,0.010628343559801579,0
0,5,0.141212558651094,0,0.0,0,2.0603056327672675e-05,0,9.490817939744344e-05,0,3.9885604844010186e-05,0,0.0010209227912127972,0,0.0016239983960986137,0
0,2,0.8873552629395622,0,0.04,0,0.0001290639629587531,0,0.00013050213648206093,0,0.01378925550464313,0,0.01460337731987238,0,0.021534526720643044,0
0,2,0.002355663427367476,0,0.0,0,4.4052907469449565e-05,0,2.4420960839939825e-05,0,2.409827340782421e-07,0,9.325916471425444e-05,0,8.899148815544322e-05,0
0,3,0.003636047529204651,0,0.02,0,0.0061059026047587395,0,5.746996838869132e-05,0,0.00025436498732911547,0,8.951497875386849e-05,0,8.976868411991745e-05,0
0,1,0.000123308868563631,0,0.01,0,0.00033692276338115335,0,2.5693188152450407e-05,0,1.7131979333285425e-05,0,0.0010414605494588614,0,0.0033999846782535315,0
0,4,0.0026117025623477825,0,0.02,0,0.004535461775958538,0,0.00012394887764358606,0,0.003368496154270739,0,0.002352687530219555,0,0.014391849748790264,0
0,1,0.18014989960543756,0,0.0,0,5.825297921546735e-05,0,6.836691864508864e-05,0,0.0037117681241506328,0,0.0026227575726807117,0,0.003028545994311571,0
0,2,1.4665980777677204e-06,0,0.0,0,4.2936630961776245e-06,0,0.00023592786523645023,0,1.4370514718401268e-05,0,0.0001398347521899268,0,0.0005943755968473852,0
0,4,8.78391219096059e-05,0,0.02,0,0.00047822980559431016,0,0.0005339937286955691,0,0.0015509840688552384,0,0.0031318673864006996,0,0.012509802356362343,0
0,2,1.9630305627093734e-06,0,0.0,0,4.601785349223064e-06,0,2.940364270806035e-05,0,1.0952442037149126e-06,0,0.0034319795668125153,0,0.001930391532368958,0
0,3,0.04843191124416646,0,0.02,0,0.0006837697583250701,0,9.10705968340566e-05,0,0.002881907910851335,0,0.012471606023609638,0,0.013020962476730347,0
0,1,0.0076300561763486055,0,0.01,0,2.82583187072305e-05,0,2.7507165201227802e-05,0,3.4688751938974003e-07,0,3.043210926989559e-05,0,0.00034358224365860224,0
0,2,0.0005411404561822598,0,0.0,0,1.8062599338009022e-05,0,3.53512679817694e-05,0,1.0608117305970161e-07,0,2.4276019757962786e-05,0,3.6693520087283105e-05,0
0,1,0.00012574113925397138,0,0.06,0,0.00034126004902645946,0,5.6201026564340394e-05,0,0.0020784098280729377,0,7.698975969105959e-05,0,0.002967576961964369,0
0,5,0.9945283762740811,1,0.09,0,0.006126330699771643,0,0.03813475591369796,0,0.019502195048158224,0,0.067106232047081,0,0.19596326351165771,1
0,3,0.023536405389708637,0,0.06,0,9.791547927306965e-05,0,0.0005297852688536233,0,0.00034394358938240755,0,0.017303364351391792,0,0.005901666358113289,0
0,5,0.008074097004662242,0,0.01,0,0.0030373975168913603,0,0.0029896796459409035,0,0.00010891405758927914,0,0.006719376426190138,0,0.02062579058110714,0
0,5,0.00015940816011796632,0,0.0,0,2.1403329810709693e-05,0,7.543864622884247e-05,0,1.096104471725089e-06,0,1.482777952332981e-05,0,2.0222099919919856e-05,0
0,2,0.0012331676493074592,0,0.01,0,0.00023985533334780484,0,4.143429408464113e-05,0,9.778089042478521e-06,0,4.278336200513877e-05,0,9.666697587817907e-05,0
0,1,0.025368709820844017,0,0.02,0,0.00036648192326538265,0,6.817409344518678e-05,0,0.0026780404183054537,0,0.016437435522675514,0,0.023659415543079376,0
0,3,0.00012794042978111976,0,0.02,0,5.427289124781964e-06,0,1.3077467054416654e-05,0,2.0200761363775846e-06,0,3.224272950319573e-05,0,0.00012045045150443912,0
0,2,0.010327108998975564,0,0.01,0,0.00010068567644339055,0,4.2155408440244996e-05,0,2.369343647906844e-06,0,7.74860309320502e-05,0,9.295048221247271e-05,0
0,1,0.05050114171255931,0,0.01,0,6.256803317228332e-05,0,2.5663109900718122e-05,0,0.0004098402851048609,0,0.0008338721818290651,0,0.0032850862480700016,0
0,3,0.033388124141956285,0,0.08,0,0.00041170616168528795,0,0.0003891793239036706,0,0.005563452271657239,0,0.001856015995144844,0,0.015243119560182095,0
0,4,5.5098285217035916e-05,0,0.01,0,1.7807500626076944e-05,0,3.0137898529949612e-05,0,2.513599486364743e-06,0,3.802311766776256e-05,0,5.213498661760241e-05,0
0,1,5.763120725437601e-08,0,0.0,0,2.9259231268952135e-06,0,3.1258613339597316e-05,0,1.1952170167027978e-07,0,6.142110123619204e-06,0,1.682086440268904e-05,0
0,4,0.29656100581354594,0,0.0,0,4.329479634179734e-05,0,3.376311797422826e-05,0,6.197893106869822e-06,0,0.0007827855879440904,0,0.0012909050565212965,0
0,3,0.003808229329831658,0,0.02,0,0.0005571557558141649,0,0.00031917815872968037,0,0.0008196467856289613,0,0.00358872814103961,0,0.010041682980954647,0
0,1,0.17613590184608388,0,0.0,0,4.6478340664179996e-05,0,0.000305392361643722,0,0.0012806690539401869,0,0.0028094302397221327,0,0.005310141947120428,0
0,3,3.0589686412741265e-06,0,0.01,0,0.00013898848555982113,0,3.261894090434e-05,0,9.198494272332794e-06,0,7.821653707651421e-05,0,0.00021911006479058415,0
0,3,0.7595789407684226,0,0.07,0,0.00043607738916762173,0,0.0012558359114201196,0,0.0036118326855311363,0,0.007921632379293442,0,0.010878431610763073,0
0,3,2.294415040853602e-07,0,0.0,0,1.0467238098499365e-05,0,2.0303132667770296e-05,0,2.8727183236898297e-06,0,1.0924397429334931e-05,0,1.4400362488231622e-05,0
0,2,1.775715102302082e-05,0,0.0,0,0.0007916269241832197,0,0.00019373478800860844,0,1.8213723053545786e-06,0,4.483977681957185e-05,0,8.312955469591543e-05,0
0,5,0.004045471027872207,0,0.01,0,0.0002273605059599504,0,1.8657991010232865e-05,0,0.0038478612822989526,0,0.0005801573279313743,0,0.0012044092873111367,0
0,5,0.0007695017087695513,0,0.0,0,9.673910426499788e-06,0,8.067723362829901e-05,0,0.0003093532965744166,0,0.0009375782683491707,0,0.001308142556808889,0
0,2,0.010292430609114502,0,0.0,0,5.746409806306474e-05,0,2.6938391759954126e-05,0,0.00033678654361270357,0,0.0003116581938229501,0,0.0002906107110902667,0
0,2,0.8506051355171316,0,0.06,0,0.0001549786829855293,0,0.0004967658695047814,0,0.001789595518185405,0,0.023275379091501236,0,0.05665741488337517,0
0,3,0.022779544539381278,0,0.01,0,0.00038829739787615836,0,0.00048247763058585283,0,0.0017650112142861977,0,0.003019127529114485,0,0.007542118430137634,0
0,1,0.006209822996745508,0,0.03,0,0.0003645441902335733,0,0.00046976090959413683,0,0.0012129498311067933,0,0.005701827816665173,0,0.0060167438350617886,0
0,3,0.043841078187784446,0,0.06,0,0.005737970117479563,0,0.0008758041261163408,0,0.0012886602739216615,0,0.02880258858203888,0,0.038956522941589355,0
0,1,0.6680698887476858,0,0.04,0,0.1812032163143158,1,0.07946292049880367,1,0.16780731298192367,1,0.019268380478024483,0,0.09921583533287048,0
0,3,0.033137872072984895,0,0.01,0,0.0004618598031811416,0,5.3696803561251165e-05,0,0.0009508113429700609,0,0.013917600736021996,0,0.004709257278591394,0
0,3,9.549821736002344e-06,0,0.0,0,5.667195364367217e-05,0,6.968077873939614e-05,0,0.00018838646908376895,0,0.0004888435360044241,0,0.0004968101275153458,0
0,3,3.087734796050051e-06,0,0.0,0,6.1690452639595605e-06,0,2.3532337019379832e-05,0,9.265645698023377e-07,0,0.00020481165847741067,0,0.0010543627431616187,0
0,5,0.9407447430836638,0,0.01,0,0.02661299891769886,0,0.011062064806622534,0,0.0013039331184188498,0,0.007518701255321503,0,0.023665904998779297,0
0,2,0.0012523611436637313,0,0.03,0,0.002332989824935794,0,0.0002506825948240744,0,0.012015832831949251,0,0.00613881042227149,0,0.011610841378569603,0
0,4,0.7887166930968634,0,0.16,1,0.007411393336951733,0,0.04117865546163215,0,0.010901010708913231,0,0.03601525351405144,0,0.0701349675655365,0
0,4,0.06029688022478115,0,0.04,0,0.001990226563066244,0,0.00013791232348125436,0,0.001452633253983602,0,0.0024767271243035793,0,0.00509197823703289,0
0,3,3.138974317901441e-09,0,0.03,0,1.917048211907968e-05,0,2.3220255422435282e-05,0,6.25303537251522e-07,0,1.077990782505367e-05,0,1.63166769198142e-05,0
0,4,0.00027616465130683054,0,0.01,0,2.6153826183872297e-05,0,2.9227615048559564e-05,0,1.0535991325295938e-06,0,1.0351577657274902e-05,0,1.948105273186229e-05,0
0,5,0.00015912563347283254,0,0.01,0,4.724401605926687e-06,0,1.9612356343374097e-05,0,1.311301719239805e-06,0,2.8604912586160935e-05,0,3.3975898986682296e-05,0
0,5,3.9062405387034535e-06,0,0.0,0,3.653423846117221e-05,0,2.849967906967185e-05,0,3.968824684740009e-07,0,2.9693708711420186e-05,0,2.8177812055218965e-05,0
0,4,0.14466588581547646,0,0.01,0,0.0010272508952766657,0,0.00013741844891532035,0,0.0032253274373734158,0,0.005403268150985241,0,0.015694648027420044,0
0,2,0.0003065502961325438,0,0.0,0,4.225613338348921e-06,0,5.2080842835525306e-05,0,3.9344919162310495e-05,0,5.893902198295109e-05,0,0.0003379788249731064,0
0,1,0.0003658938265349138,0,0.02,0,3.8885471440153196e-05,0,4.539489956565764e-05,0,0.0012494933686822225,0,0.000655667798127979,0,0.005100882612168789,0
0,5,0.1829877774806938,0,0.01,0,4.136895586270839e-05,0,2.5665895743607945e-05,0,1.672654968772082e-05,0,0.00025395338889211416,0,0.000604883476626128,0
0,5,0.25657459673223626,0,0.11,0,0.01226494275033474,0,0.005664182691504784,0,0.018213536081429997,0,0.054868608713150024,0,0.08719801902770996,0
0,3,0.440241710986205,0,0.02,0,0.000847911462187767,0,0.00019161838995972064,0,0.0001275579484344966,0,0.00623420812189579,0,0.02049817331135273,0
0,4,1.9868680927935187e-07,0,0.0,0,1.696587446531339e-06,0,2.4956484032123345e-05,0,8.126805921658177e-09,0,9.364141988044139e-06,0,1.3229873729869723e-05,0
0,4,2.763736776268426e-05,0,0.0,0,7.690657366765663e-05,0,3.5910690132605685e-05,0,5.331556946172726e-06,0,3.832453876384534e-05,0,4.213624924886972e-05,0
0,4,0.0012583840452825802,0,0.02,0,6.5742147853598e-05,0,7.995984284140234e-05,0,0.0003662951784714323,0,0.00012542195327114314,0,0.0007350170635618269,0
0,5,0.0005210311749365448,0,0.0,0,3.054015542147681e-05,0,0.00010289335737407569,0,3.3998939768632515e-06,0,0.00010902048234129325,0,0.000594083801843226,0
0,2,0.7767029573214541,0,0.15,1,0.05333723500370979,0,0.2846984161411831,1,0.11982221598684,0,0.1142074316740036,0,0.0912400335073471,0
0,3,6.018147983817002e-06,0,0.01,0,0.00011370038555469364,0,9.08618150382977e-05,0,7.709241641141463e-05,0,0.0010295640677213669,0,0.000397138181142509,0
0,5,4.67385656920305e-06,0,0.01,0,7.3647852332214825e-06,0,4.024895287889705e-05,0,4.1143368453698167e-07,0,5.260971011011861e-05,0,5.927250094828196e-05,0
0,3,0.00020266263464442278,0,0.01,0,2.5823952455539256e-05,0,1.6004674730656965e-05,0,9.47098148818049e-05,0,0.00016517075709998608,0,0.0005043683922849596,0
0,2,0.0001779226255545805,0,0.0,0,2.7519179639057256e-05,0,1.8209194856575033e-05,0,3.084340017072158e-05,0,0.00016416370635852218,0,0.00014925157302059233,0
0,5,0.2895039695539052,0,0.02,0,0.007609245833009481,0,0.0006881243881992683,0,0.005612493871631269,0,0.01888306811451912,0,0.08429715037345886,0
0,5,0.3645545283357976,0,0.07,0,0.023288385942578316,0,0.025421988299771155,0,0.002670260959773004,0,0.010772958397865295,0,0.05828023701906204,0
0,3,5.617657883798227e-06,0,0.01,0,6.744891288690269e-05,0,2.364423405034282e-05,0,6.890510906346985e-07,0,0.0001774045522324741,0,4.42167220171541e-05,0
0,4,0.00027027661578998233,0,0.0,0,4.3782736611319706e-05,0,2.76895630208905e-05,0,0.0006653260677324332,0,0.0009161055786535144,0,0.0008675220888108015,0
0,4,0.012821826170664402,0,0.01,0,0.00038724884507246315,0,0.00033872307792000853,0,0.0020049720225980444,0,0.001398118562065065,0,0.0013357315910980105,0
0,1,0.0063083780374074,0,0.17,1,0.03733352571725845,0,0.036906709708004096,0,0.012296858755149478,0,0.01378634199500084,0,0.10033050179481506,0
0,5,0.022236449702463683,0,0.0,0,3.150864358758554e-05,0,4.780504364626706e-05,0,8.629628911290387e-06,0,0.000184830860234797,0,0.0004985815612599254,0
0,3,7.3460440321124005e-06,0,0.0,0,5.80575579078868e-06,0,2.547084009470624e-05,0,4.3145578971193685e-07,0,1.0944406312773935e-05,0,1.4348334843816701e-05,0
0,4,0.6378338339085959,0,0.05,0,0.00024345835845451802,0,0.0006957949806793073,0,0.004128436968437797,0,0.010910381563007832,0,0.10698990523815155,0
0,5,4.657883765519624e-05,0,0.0,0,0.00035027327248826623,0,4.083856110145083e-05,0,0.0011706483622509999,0,0.00047212556819431484,0,0.0016336487606167793,0
0,3,2.351209353579173e-06,0,0.0,0,3.936938082915731e-05,0,2.8211707715255734e-05,0,5.544747643942908e-06,0,2.401202254986856e-05,0,2.6960911782225594e-05,0
0,1,8.903727720376608e-06,0,0.0,0,7.4331801442895085e-06,0,2.455559927850467e-05,0,3.7344953875112006e-08,0,9.723277798912022e-06,0,2.0565876184264198e-05,0
0,1,0.0002945317293515178,0,0.0,0,1.327275276707951e-05,0,2.1008307538307913e-05,0,4.646563634118463e-08,0,7.667262252653018e-06,0,2.3827640688978136e-05,0
0,3,2.628526919158892e-05,0,0.0,0,1.5285426343325526e-05,0,2.333222083960447e-05,0,1.384391563937269e-06,0,2.3405145839205943e-05,0,1.9938979676226154e-05,0
0,2,7.166325543714564e-06,0,0.01,0,1.635784974496346e-05,0,1.950173855343302e-05,0,2.1138262516846887e-05,0,7.003352948231623e-05,0,0.00012737367069348693,0
0,5,0.0005259931555102358,0,0.02,0,4.607156370184384e-05,0,3.118320766929775e-05,0,5.56611996471664e-07,0,0.00024245557142421603,0,0.0005438830121420324,0
0,3,0.0005354044850703522,0,0.0,0,2.0362949726404622e-05,0,5.318156530813904e-05,0,7.340358942415094e-06,0,2.3087681256583892e-05,0,4.124591578147374e-05,0
0,3,0.0002587271512180186,0,0.0,0,0.00010121309605892748,0,2.118216516886303e-05,0,5.741268726988981e-07,0,1.8374004866927862e-05,0,8.867557335179299e-05,0
0,2,0.28738470177481573,0,0.01,0,1.80945480678929e-05,0,3.2133242675451476e-05,0,0.0008123504275148022,0,0.0023694804403930902,0,0.002290290780365467,0
0,2,0.6010114990717975,0,0.07,0,0.0024395612999796867,0,0.0012633043171233695,0,0.011589850411764736,0,0.012951451353728771,0,0.007877291180193424,0
0,2,0.6478508813281206,0,0.04,0,0.00027433381183072925,0,4.887801544211237e-05,0,0.0009030231305619273,0,0.006901270244270563,0,0.008141763508319855,0
0,1,0.031614135327271385,0,0.0,0,0.001992706907913089,0,0.0004636761493754072,0,0.0019849486830993317,0,0.0013362325262278318,0,0.003958449233323336,0
0,2,0.9622288042700834,1,0.01,0,0.001909906859509647,0,0.0006193482844743688,0,0.005457902839482965,0,0.0026241654995828867,0,0.0010827300138771534,0
0,4,0.0015752499508233586,0,0.01,0,1.7561393178766593e-05,0,7.062040166392593e-05,0,1.2870499660001666e-05,0,0.00013849156675860286,0,0.0016791780944913626,0
0,5,0.018579525733507594,0,0.03,0,0.1324935108423233,0,0.01955453008340975,0,0.059309419201372615,0,0.02432144433259964,0,0.04585079848766327,0
0,1,0.0003309319398985571,0,0.0,0,7.628979801665992e-05,0,2.062875316254449e-05,0,1.9062823645752605e-07,0,8.42028202896472e-06,0,2.649755697348155e-05,0
0,3,0.031753261385786886,0,0.0,0,1.897091897262726e-05,0,2.255945576550951e-05,0,2.1987956445346585e-06,0,5.156977567821741e-05,0,7.142795220715925e-05,0
0,2,0.00014618977305361488,0,0.0,0,6.228312122402713e-05,0,1.6225747068409086e-05,0,3.240222301643216e-06,0,8.867281576385722e-05,0,0.0004152155597694218,0
0,1,5.8142963404062296e-05,0,0.0,0,5.173075351194711e-06,0,1.784116602658228e-05,0,8.007566794450856e-06,0,6.854697858216241e-06,0,3.33710340783e-05,0
0,4,0.005893689090194218,0,0.05,0,0.0003754120843950659,0,0.00026463143532216404,0,0.001526451253155553,0,0.0032531488686800003,0,0.03428319841623306,0
0,3,0.007452083475632334,0,0.02,0,0.0001144828274846077,0,0.00021164068983337993,0,0.0006784399431027304,0,0.00018431918579153717,0,0.0009876920375972986,0
0,4,5.763362892989974e-07,0,0.0,0,2.1527293938561343e-06,0,2.968252206183128e-05,0,4.986993711057352e-08,0,8.410363989241887e-06,0,4.709126005764119e-05,0
0,3,8.473376592915247e-06,0,0.01,0,0.00031090498669072986,0,6.578225185479956e-05,0,1.811387747556215e-05,0,2.5180412194458768e-05,0,7.945917604956776e-05,0
0,5,0.4694653319434701,0,0.03,0,0.0002240815374534577,0,7.020478660633345e-05,0,0.0028989637823753772,0,0.00664218794554472,0,0.018727298825979233,0
0,4,0.0008578775061514045,0,0.01,0,2.184882941946853e-05,0,3.64080885207787e-05,0,0.00010174676888349997,0,0.00014931931218598038,0,0.0005108298500999808,0
0,5,0.8885615106833181,0,0.07,0,0.029982317239046097,0,0.005970209378448827,0,0.018381770854280485,0,0.0936940461397171,0,0.08983072638511658,0
0,3,0.0005049459480499868,0,0.02,0,0.006739611737430096,0,0.02124526251803876,0,0.0007951596839156222,0,0.002171314088627696,0,0.07166354358196259,0
0,3,1.4461746410595674e-06,0,0.0,0,1.1587234439502936e-05,0,2.0015498067570447e-05,0,4.298338625033194e-06,0,0.0001384794304613024,0,0.00015794482897035778,0
0,3,0.0002197433897653782,0,0.0,0,1.3248953109723516e-05,0,2.4179270820293532e-05,0,5.180305423325404e-07,0,1.9679169781738892e-05,0,2.0123221474932507e-05,0
0,2,0.0008717001793138594,0,0.0,0,5.447850708151236e-05,0,2.3584312750785373e-05,0,0.00014052407852954056,0,6.117914017522708e-05,0,0.00013455450243782252,0
0,3,0.005115772718345693,0,0.02,0,0.0005878350930288434,0,6.54805251604956e-05,0,0.0025265412178131674,0,0.015243204310536385,0,0.004891634918749332,0
0,2,0.004533178717562972,0,0.01,0,6.5464464569231495e-06,0,2.665707751867374e-05,0,3.8533679981138926e-05,0,0.000419188552768901,0,0.0006857404951006174,0
0,1,0.3435663743892093,0,0.1,0,0.0030758201610296965,0,0.004533014067858798,0,0.016594239543690863,0,0.015257787890732288,0,0.010229534469544888,0
0,3,0.14725198863218006,0,0.1,0,0.3219885230064392,1,0.017282635485692664,0,0.2030111624087532,1,0.05475084111094475,0,0.10426126420497894,0
0,1,0.009495135906053847,0,0.05,0,2.7204314392292872e-05,0,3.4486835920911776e-05,0,0.0013305038916839418,0,0.002931087277829647,0,0.0020431000739336014,0
0,1,1.6092977056178705e-05,0,0.01,0,1.0796051356010139e-05,0,4.306016046930607e-05,0,3.8111052975080907e-07,0,1.1726432603609283e-05,0,2.0734511053888127e-05,0
0,3,0.0003003567175373546,0,0.0,0,0.0004793045518454164,0,6.335382342875112e-05,0,3.530146543542477e-05,0,0.0001273529342142865,0,0.00016811095701996237,0
0,5,2.8554221553852228e-05,0,0.02,0,9.121196853811853e-06,0,0.00011027713814626892,0,6.402807289922521e-07,0,3.0107687052804977e-05,0,6.911727541591972e-05,0
0,4,4.199070594540544e-06,0,0.0,0,1.886586323962547e-05,0,2.0675332325707864e-05,0,2.307476108413049e-07,0,7.3974165388790425e-06,0,2.1400530386017635e-05,0
0,1,2.0290261554636645e-10,0,0.01,0,4.5447568481904455e-06,0,2.859680574468427e-05,0,3.027222900022066e-07,0,9.12482209969312e-06,0,3.888635910698213e-05,0
0,3,0.0009244178260654995,0,0.01,0,0.0002892168122343719,0,0.0001039723524890735,0,0.008187163110678563,0,0.008497883565723896,0,0.01621091365814209,0
0,1,0.01785904317336482,0,0.01,0,0.0002451038744766265,0,0.00012489654441845367,0,5.14185837852277e-05,0,0.0024220431223511696,0,0.0030179740861058235,0
0,4,5.7442977275163616e-05,0,0.0,0,9.556440090818796e-06,0,2.1618194620559217e-05,0,7.01030811082975e-07,0,1.0499767086002976e-05,0,2.0217770725139417e-05,0
0,3,6.057570791895405e-05,0,0.0,0,3.224607644369826e-05,0,8.168993388463616e-05,0,0.0001988651444912,0,7.03426921973005e-05,0,0.0003032910171896219,0
0,4,0.009222135306149962,0,0.04,0,0.006290325429290533,0,0.004110257402822366,0,0.009273446740391248,0,0.008713255636394024,0,0.022820619866251945,0
0,2,0.0007236358202485119,0,0.01,0,0.0020909232553094625,0,5.707505664496899e-05,0,9.576243509486422e-06,0,3.820990241365507e-05,0,5.1413557230262086e-05,0
0,4,0.045667311428754444,0,0.06,0,5.912266715313308e-05,0,6.699720398134411e-05,0,0.0005231681973150062,0,0.0024348930455744267,0,0.013773400336503983,0
0,2,0.00011683300231597942,0,0.0,0,7.258028745127376e-06,0,2.0873943089539383e-05,0,1.2462270874146929e-07,0,9.219179446517956e-06,0,1.5185055417532567e-05,0
0,1,5.310239393930707e-08,0,0.01,0,6.464078978751786e-06,0,2.058159565341684e-05,0,4.442594254874725e-08,0,6.983545517869061e-06,0,1.7831898730946705e-05,0
0,1,0.00033499393810605476,0,0.01,0,0.0001963119430001825,0,0.00017369938760249289,0,0.00012525656835869593,0,0.003766764188185334,0,0.002059560501947999,0
0,1,5.072129788350154e-06,0,0.06,0,0.005650627892464399,0,0.0013090300076279275,0,0.0005116830979167223,0,0.011910779401659966,0,0.026988964527845383,0
0,1,0.15094715229648722,0,0.06,0,0.024988438934087753,0,0.0016888406364613383,0,0.0007919318728542653,0,0.016680924221873283,0,0.04503639414906502,0
0,2,9.2193092886883e-05,0,0.0,0,0.00015375330985989422,0,2.069081266026219e-05,0,0.0016843577100724195,0,0.000968277279753238,0,0.003324006451293826,0
0,1,0.23081496449700467,0,0.05,0,0.0002176832058466971,0,7.648198711034962e-05,0,0.0006928979699758858,0,0.00731535954400897,0,0.011298542842268944,0
0,1,0.004607111543402184,0,0.0,0,1.2109740055166185e-05,0,2.1715412120882967e-05,0,0.00015240243521669262,0,8.192358654923737e-05,0,0.0003779069520533085,0
0,1,8.07714807827094e-07,0,0.0,0,3.4952216083183885e-05,0,2.1478998945766184e-05,0,6.155255176296405e-07,0,2.9062868634355254e-05,0,2.7379652237868868e-05,0
0,5,0.6868919026974576,0,0.02,0,0.0006894446560181677,0,7.24179994565987e-05,0,6.713587612252688e-06,0,0.0005744283553212881,0,0.005461540538817644,0
0,4,4.8536788337752985e-05,0,0.0,0,7.563950930489227e-05,0,2.4290337452198654e-05,0,4.245586329756779e-07,0,1.348926070932066e-05,0,4.0556438761996105e-05,0
0,1,1.5364062666584057e-05,0,0.0,0,0.0001198792306240648,0,4.102504506443713e-05,0,3.36652745638199e-05,0,8.24049420771189e-05,0,0.0010785633930936456,0
0,4,0.9166155889196368,0,0.05,0,0.010008367709815502,0,0.006985921399841066,0,0.0001288037396590763,0,0.01451551541686058,0,0.08215732127428055,0
0,4,0.0018717406746639393,0,0.0,0,8.67506823851727e-05,0,5.3439897505071335e-05,0,0.0009554713890262888,0,0.0010801419848576188,0,0.0007239110418595374,0
0,3,5.376675338148544e-06,0,0.0,0,9.517848411633167e-06,0,1.881733026201736e-05,0,1.186080966300379e-06,0,4.125355917494744e-05,0,7.309751526918262e-05,0
0,3,0.9590099379060554,1,0.03,0,0.004500932060182095,0,0.001312802265989739,0,0.01394472868936318,0,0.03888632357120514,0,0.0898551493883133,0
0,5,0.00039450848023318315,0,0.01,0,0.00010837728768819943,0,0.00014309845935097293,0,3.7477313708766077e-06,0,0.0005267102969810367,0,0.00019338662968948483,0
0,1,0.12060782797948709,0,0.0,0,0.00029626963078044355,0,8.764067283282245e-05,0,0.00024345514526863851,0,0.0007350549567490816,0,0.005744937341660261,0
0,5,0.027226605841116674,0,0.01,0,0.00013358307478483766,0,0.0014381123647918253,0,0.00028801588952079955,0,0.00017251557437703013,0,0.00035637678229250014,0
0,3,0.07740058344724976,0,0.0,0,0.00034901860635727644,0,0.00018847529271795533,0,0.0002665674772689532,0,0.0004769999941345304,0,0.0008945282897911966,0
0,2,0.6514155087443956,0,0.0,0,0.0011340398341417313,0,9.950835289462976e-05,0,4.9227964433688165e-05,0,0.00537311052903533,0,0.012845280580222607,0
0,3,0.16953734157446107,0,0.03,0,0.0001972747122636065,0,6.330647940549503e-05,0,0.00026254758773378614,0,0.00028704770375043154,0,0.0004873150901403278,0
0,4,0.00037049248433977406,0,0.0,0,9.299160592490807e-05,0,9.384871904961675e-05,0,6.900833316857304e-06,0,0.00021012961224187165,0,0.00019526618416421115,0
0,5,0.007196859271957603,0,0.01,0,4.565859126159921e-05,0,2.8704137276745972e-05,0,1.0366391455025249e-05,0,0.00023253999825101346,0,0.00026791414711624384,0
0,4,0.5573575683287136,0,0.04,0,0.004346122965216637,0,0.0012046754917594631,0,0.01088516427834862,0,0.052961722016334534,0,0.04878193885087967,0
0,2,0.00992918489642439,0,0.01,0,0.00018457412079442292,0,3.5264671112430615e-05,0,9.388694358157247e-06,0,0.00017301821208093315,0,0.00023004163813311607,0
0,2,5.935680040450568e-06,0,0.01,0,1.2854905435233377e-05,0,8.426365140219387e-05,0,3.7683532025116865e-05,0,8.729622641112655e-05,0,0.0002908756141550839,0
0,5,0.0014347006584098454,0,0.03,0,0.00016450576367788017,0,0.00024127350929046014,0,0.002142996388429275,0,0.00010777026909636334,0,0.00037110771518200636,0
0,4,0.10307047011997889,0,0.0,0,0.00018383820133749396,0,2.6753205542622923e-05,0,0.00113467915267299,0,0.0016037779860198498,0,0.0023228544741868973,0
0,4,9.029817015605482e-06,0,0.0,0,1.7522397683933377e-05,0,2.0676559467030015e-05,0,3.6317783888992076e-07,0,1.1962292774114758e-05,0,1.4155225471768063e-05,0
0,5,9.490944069083747e-05,0,0.0,0,0.00022196742065716535,0,4.0495753278540704e-05,0,2.5779744858464606e-05,0,2.528019467717968e-05,0,3.795279917540029e-05,0
0,3,0.008200837532332349,0,0.0,0,8.23589798528701e-05,0,2.916190272159303e-05,0,0.00044553728432676295,0,0.0007564700790680945,0,0.0021066905464977026,0
0,1,1.7659798492295095e-10,0,0.0,0,4.947919478581753e-06,0,2.5208205428146993e-05,0,8.482167287070208e-08,0,5.8505451306700706e-05,0,0.00011629705841187388,0
0,5,0.9324467300119745,0,0.1,0,0.015712717548012733,0,0.011565284252484315,0,0.1183915164099136,0,0.08119093626737595,0,0.07377126067876816,0
0,3,3.071060599071051e-06,0,0.0,0,3.443392415647395e-05,0,3.055708979451265e-05,0,6.207730188762232e-06,0,2.3088519810698926e-05,0,3.792244751821272e-05,0
0,5,0.005915335935309357,0,0.03,0,0.000402067817049101,0,4.868363767483774e-05,0,1.888509036961897e-05,0,0.0011566751636564732,0,0.005002814345061779,0
0,1,0.0005767627719579456,0,0.0,0,4.9263030632573646e-06,0,3.5115409140135595e-05,0,4.0177865804785605e-05,0,4.194309440208599e-05,0,0.00026905207778327167,0
0,1,0.1444633086897597,0,0.0,0,0.0001069543432095088,0,0.00019558736811211747,0,0.000608390556587527,0,0.005605362821370363,0,0.025065090507268906,0
0,1,0.15237191893855329,0,0.0,0,2.647460496518761e-05,0,0.0001395587338878939,0,0.0002097278935996706,0,0.0003818712430074811,0,0.0003545064537320286,0
0,1,8.35965783701575e-05,0,0.0,0,1.948670978890732e-05,0,2.4492902467980722e-05,0,3.882723781143652e-07,0,5.40496148460079e-06,0,1.6828746083774604e-05,0
0,5,0.30439463166232344,0,0.03,0,0.0015919064171612263,0,0.0006394475580843443,0,0.009861727840627017,0,0.033941853791475296,0,0.03177623450756073,0
0,1,0.0021917369428361834,0,0.0,0,4.83645053463988e-05,0,3.01003972044691e-05,0,5.643516112609314e-07,0,1.5638979675713927e-05,0,5.023217818234116e-05,0
0,3,0.025495788078656354,0,0.01,0,0.00015646679094061255,0,0.00019645192525309015,0,1.1660393123862965e-05,0,0.0029297370929270983,0,0.01309653278440237,0
0,3,0.01436682869736999,0,0.01,0,0.0007086374098435044,0,6.927681279054145e-05,0,0.0004219714297305175,0,0.0014564780285581946,0,0.0016818313160911202,0
0,3,0.017342059436017142,0,0.01,0,4.3673146137734875e-05,0,7.416963427808375e-05,0,0.0004400946008196693,0,0.0028049293905496597,0,0.0035642506554722786,0
0,3,0.05333968857737822,0,0.01,0,8.520353731000796e-05,0,6.967815625157934e-05,0,7.580357120560589e-05,0,0.0009217284969054163,0,0.0023409852292388678,0
0,5,0.00019582227072980802,0,0.0,0,0.00014781110803596675,0,2.3329101013271427e-05,0,9.420002714378648e-07,0,2.0726323782582767e-05,0,1.590882493474055e-05,0
0,4,0.09892647840321594,0,0.0,0,3.47130153386388e-05,0,3.477515623729949e-05,0,0.00037582854843718773,0,0.0016935891471803188,0,0.003160360734909773,0
0,5,0.009469400027483772,0,0.05,0,0.009324145503342152,0,0.0005413546862851078,0,0.01298408723968968,0,0.005255207885056734,0,0.010680906474590302,0
0,3,0.001460503863364817,0,0.01,0,0.018488509580492973,0,0.003715761322082554,0,0.011977742064700612,0,0.006358746439218521,0,0.004593486897647381,0
0,1,0.2390239512251233,0,0.04,0,0.0012098656734451652,0,0.0001029786212221028,0,0.0008363153026402994,0,0.0005465795402415097,0,0.03273488208651543,0
0,4,0.13907455543854352,0,0.0,0,4.308811548980884e-05,0,3.295946615514703e-05,0,0.0008476126974061194,0,0.0009466279298067093,0,0.0002550611679907888,0
0,3,0.0005131264404385412,0,0.01,0,5.013430563849397e-05,0,2.7551120155210926e-05,0,7.816816414444172e-07,0,2.096020762110129e-05,0,4.3546355300350115e-05,0
0,5,0.0017543850037708248,0,0.04,0,0.0027970715891569853,0,0.00033902894589854233,0,0.00021942138675533267,0,0.001011149026453495,0,0.0034190623555332422,0
0,1,0.004676278432488901,0,0.03,0,0.00045090384082868695,0,0.00016237164458837253,0,0.0015579643080871272,0,0.003014328656718135,0,0.009319613687694073,0
0,1,0.0004251143214296141,0,0.0,0,2.0113249775022268e-05,0,2.901461895802911e-05,0,5.601118584363644e-05,0,0.00015712378080934286,0,0.0002149551728507504,0
0,5,0.0008841509316880781,0,0.01,0,3.2091244065668434e-05,0,0.00018524284412398532,0,6.740172907762474e-07,0,1.781855280569289e-05,0,2.0247047359589487e-05,0
0,2,6.638596879605501e-06,0,0.0,0,3.384221054147929e-05,0,2.488552699933154e-05,0,2.6703728312745737e-07,0,1.4269211533246562e-05,0,1.4837956769042648e-05,0
0,2,0.2285895531194513,0,0.01,0,0.00017141259741038084,0,2.5166404298801058e-05,0,0.0008843537443142078,0,0.0010532502783462405,0,0.0022631038445979357,0
0,4,2.9061167614276844e-05,0,0.0,0,0.00018313941836822778,0,0.00010480337399945935,0,4.3848753976357365e-07,0,7.256937533384189e-05,0,3.517487857607193e-05,0
0,4,0.004783920452723226,0,0.05,0,0.0003064568736590445,0,0.00031882745193896844,0,0.018118147709577242,0,0.007864409126341343,0,0.00960276834666729,0
0,4,6.876652515459032e-05,0,0.01,0,1.3072914043732453e-05,0,4.003696236956736e-05,0,7.436408676084404e-05,0,0.00040193990571424365,0,0.000360935868229717,0
0,2,8.240955762819967e-06,0,0.0,0,0.0005325353122316301,0,2.4308622349414335e-05,0,1.0814579294851175e-06,0,9.10079415916698e-06,0,1.3606533684651367e-05,0
0,5,6.422680877113395e-06,0,0.0,0,1.2336656254774425e-05,0,3.261217454270407e-05,0,2.9292081728679345e-07,0,1.857015558925923e-05,0,2.4327902792720124e-05,0
0,3,0.00022760400304911888,0,0.0,0,7.876806193962693e-06,0,2.023201328415473e-05,0,2.314766770121085e-07,0,1.3875453987566289e-05,0,2.383446553722024e-05,0
0,4,0.09350582354235444,0,0.0,0,1.824188802856952e-05,0,8.166755020827232e-05,0,0.00022506241943710847,0,0.00025174429174512625,0,0.0003105724754277617,0
0,5,0.12860541018876478,0,0.03,0,6.704415136482567e-05,0,3.0753860077546335e-05,0,0.00031059692298464976,0,0.002806419273838401,0,0.005846255458891392,0
0,3,0.00016999972365751162,0,0.0,0,2.6217028789687902e-05,0,2.0297814927313336e-05,0,2.2346494617576463e-06,0,9.363228855363559e-06,0,1.4713595192006323e-05,0
0,1,2.053554453683212e-05,0,0.01,0,1.9528920347511303e-06,0,1.2729723496068826e-05,0,8.746896550589183e-06,0,2.4382981791859493e-05,0,0.00018923183961305767,0
0,5,0.44773622689195547,0,0.03,0,1.3369121916184667e-05,0,0.00011356480812404563,0,0.00029090291986983384,0,0.004563425201922655,0,0.025485996156930923,0
0,4,1.5123996197619067e-05,0,0.0,0,2.8732996725011617e-05,0,3.044168994245299e-05,0,1.4408194975184778e-07,0,2.4454349841107614e-05,0,4.369979797047563e-05,0
0,1,0.0004540565875053332,0,0.09,0,2.164067336707376e-05,0,0.00010225122140296757,0,0.0004642606797227488,0,0.006926523055881262,0,0.01641956903040409,0
0,3,0.47360640328475334,0,0.03,0,5.2422459702938795e-05,0,6.969631156174891e-05,0,0.006074274078783825,0,0.015718553215265274,0,0.019682247191667557,0
0,3,0.002974942788152784,0,0.0,0,2.1642117644660175e-05,0,1.9513300789484606e-05,0,5.290129988197902e-05,0,0.00028992240549996495,0,0.0014006809797137976,0
0,5,0.0012361347293048323,0,0.0,0,9.861573198577389e-05,0,3.405602672292321e-05,0,7.167092053948282e-07,0,1.3620230674860068e-05,0,2.090811904054135e-05,0
0,2,1.2461250735457373e-07,0,0.0,0,6.051474429114023e-06,0,2.109650993665705e-05,0,2.7195392480265516e-08,0,6.8467011260509025e-06,0,1.3000482795177959e-05,0
0,4,0.5560614880984406,0,0.05,0,9.487489296589047e-05,0,0.0001383011879415755,0,0.005513781121766134,0,0.005533511284738779,0,0.006642435677349567,0
0,2,0.8549454267779927,0,0.01,0,0.0003183037624694407,0,0.0005571617180485652,0,0.002956981854350513,0,0.013879984617233276,0,0.0504324734210968,0
0,2,0.002199909183015789,0,0.0,0,7.51334082451649e-05,0,2.8225646744481525e-05,0,9.346810486858516e-05,0,0.0007313517853617668,0,0.0004292800440452993,0
0,2,1.533646738732408e-05,0,0.0,0,0.00019418058218434453,0,5.60219127537519e-05,0,1.1280176836809532e-06,0,1.2080287888238672e-05,0,1.767285357345827e-05,0
0,4,7.92352999363108e-06,0,0.0,0,3.800135527853854e-05,0,2.7328901222876535e-05,0,4.5707708109964523e-07,0,2.346602559555322e-05,0,2.257895903312601e-05,0
0,4,7.4054486112288e-07,0,0.0,0,2.990606299135834e-05,0,2.0669652382791084e-05,0,1.2670939227743398e-06,0,1.4902044313203078e-05,0,5.707966920454055e-05,0
0,4,0.0072784018485274,0,0.0,0,2.0812503862543963e-05,0,3.526434016042443e-05,0,0.0018789285399877277,0,0.0013049165718257427,0,0.0008998221019282937,0
0,4,0.10886143688938756,0,0.05,0,0.0015581599436700344,0,0.0025774072955564884,0,0.05987047045143629,0,0.007220401894301176,0,0.01920146495103836,0
0,5,1.4003649552866113e-05,0,0.01,0,0.00013913314614910632,0,3.568862591915308e-05,0,0.003404137621594677,0,0.00030585285276174545,0,0.00044998424709774554,0
0,1,0.0985016694446356,0,0.05,0,6.085684435674921e-05,0,5.2213068944309364e-05,0,0.0019093040684169354,0,0.029990777373313904,0,0.02356228046119213,0
0,4,0.00030684989094120974,0,0.0,0,6.978672900004312e-05,0,2.46696736972851e-05,0,1.3799979332100916e-06,0,8.810069994069636e-05,0,0.00016502212383784354,0
0,3,0.00020978654840317105,0,0.01,0,1.3689067600353155e-05,0,2.0416895821658612e-05,0,1.639582571508935e-07,0,1.7547277820995077e-05,0,2.2647243895335123e-05,0
0,3,0.8981694262079645,0,0.12,1,0.08288842439651489,0,0.060520152135944284,0,0.09546686204197806,0,0.16851939260959625,0,0.09033610671758652,0
0,4,0.0002170973269848624,0,0.04,0,0.00024346186546608806,0,0.00010685055918873433,0,6.318758408940509e-05,0,0.0002396345662418753,0,0.0009869573405012488,0
0,4,3.2218239649678746e-05,0,0.0,0,0.0021966886706650257,0,4.303441922312737e-05,0,1.9200209536408863e-05,0,0.00012417550897225738,0,4.991058449377306e-05,0
0,4,0.00923398693995875,0,0.01,0,3.0511395380017348e-05,0,8.893237533108145e-05,0,0.00023622895839368863,0,0.0012723925756290555,0,0.0009053541580215096,0
0,2,0.018938883252099654,0,0.0,0,0.0010808521183207631,0,4.141168981878123e-05,0,8.278336106976946e-05,0,0.0013885264052078128,0,0.002878923900425434,0
0,2,5.456135670033508e-07,0,0.0,0,3.969714816776104e-05,0,2.4812978080016164e-05,0,4.270888391816377e-07,0,7.236219971673563e-06,0,1.3427151316136587e-05,0
0,1,0.00027664229948589665,0,0.02,0,7.405501037283102e-06,0,0.0001411994342347169,0,0.00036214605789883117,0,4.084791362402029e-05,0,0.0004513337917160243,0
0,3,0.0015865300673590323,0,0.01,0,5.885844529984752e-06,0,2.1808261643991587e-05,0,3.299323502288208e-05,0,0.00010462302452651784,0,0.0004308740608394146,0
0,3,0.051215304166184514,0,0.03,0,0.0013949222629889846,0,0.003063509568928153,0,0.0005588076805905531,0,0.012453441508114338,0,0.06754272431135178,0
0,4,0.004231843246305223,0,0.01,0,6.2682975112693384e-06,0,2.4729545098287037e-05,0,5.841137448589571e-07,0,0.00012270551815163344,0,0.00021800359536428005,0
0,2,4.766806361737264e-06,0,0.0,0,2.689935172384139e-06,0,2.484897909204935e-05,0,9.625280953101034e-08,0,6.986339940340258e-06,0,1.3189329365559388e-05,0
0,2,0.7452538361485669,0,0.03,0,8.503787830704823e-05,0,7.452076863029945e-05,0,0.00013070643737918129,0,0.008744715712964535,0,0.028712693601846695,0
0,4,0.00814709262536947,0,0.04,0,0.0006437641568481922,0,0.0001297511676507271,0,0.001138965992217766,0,0.002643727231770754,0,0.009199477732181549,0
0,4,0.11667720544049136,0,0.03,0,0.002697603777050972,0,0.0006732972651059502,0,0.01493529813791523,0,0.0042694634757936,0,0.006650461815297604,0
0,4,2.568996541191302e-05,0,0.01,0,0.00015332142356783152,0,0.0002541268517987501,0,2.5842345737731544e-06,0,0.00032001303043216467,0,0.00037335834349505603,0
0,4,0.0024759837771511865,0,0.0,0,8.946008165366948e-05,0,2.7846820138943274e-05,0,0.0002833153397426262,0,0.00025326991453766823,0,0.0001915919710882008,0
0,2,1.4067939585532331e-05,0,0.0,0,7.058465416776016e-05,0,2.481757723598863e-05,0,4.301773301044415e-06,0,1.14584045149968e-05,0,2.470635445206426e-05,0
0,5,2.4844069282771226e-05,0,0.0,0,5.5834116210462525e-06,0,3.402406370150175e-05,0,3.8663361544537695e-08,0,6.135632247605827e-06,0,1.3111141925037373e-05,0
0,5,0.023410581497217343,0,0.04,0,7.865330553613603e-05,0,0.0002491901434597689,0,0.009126665326624072,0,0.001296535599976778,0,0.012132634408771992,0
0,1,0.0010194234864005548,0,0.01,0,0.00034528906689956784,0,0.0012212934078115335,0,0.00026593854763185443,0,0.0008344928501173854,0,0.003042347729206085,0
0,4,7.929721956974785e-06,0,0.0,0,7.881413330323994e-05,0,3.555724267381407e-05,0,1.0673841944704674e-05,0,0.00028373984969221056,0,0.00010099817882291973,0
0,1,0.0318567399722906,0,0.0,0,1.4450035450863652e-05,0,0.00012345697428638023,0,0.00036703371488619463,0,0.00229915464296937,0,0.002990193199366331,0
0,1,0.0001948587562373078,0,0.0,0,9.808209870243445e-05,0,2.2610674586072246e-05,0,2.8687158083750183e-05,0,0.001258350326679647,0,0.0004266888718120754,0
0,2,0.5920425108528001,0,0.06,0,0.00733182393014431,0,0.008896729742063273,0,0.0018341724954091167,0,0.007832521572709084,0,0.01387200690805912,0
0,1,1.2259431435347844e-07,0,0.0,0,7.738962449366227e-05,0,3.002767898882297e-05,0,1.1734326609556663e-07,0,4.137107680435292e-06,0,1.4453927178692538e-05,0
0,2,5.786200683950312e-07,0,0.01,0,8.74972392921336e-05,0,6.139877464676619e-05,0,1.6040684390282282e-06,0,4.027006798423827e-05,0,2.1212646970525384e-05,0
0,1,0.00438696745681086,0,0.01,0,6.56108240946196e-05,0,3.6363673088906196e-05,0,8.58409193256077e-06,0,8.020860695978627e-05,0,0.0014996029203757644,0
0,4,0.00048074781629061394,0,0.0,0,6.305963324848562e-05,0,4.9062873469309243e-05,0,1.9471036867569705e-06,0,2.6028003048850223e-05,0,3.424346141400747e-05,0
0,5,0.9568646030620086,0,0.04,0,0.001908995327539742,0,0.00010039485392414278,0,3.415641246647544e-05,0,0.00460967980325222,0,0.007461333181709051,0
0,4,0.009616195400395697,0,0.0,0,4.731719309347682e-05,0,4.352913796897166e-05,0,0.001020522604088013,0,0.0008291767444461584,0,0.0008131142240017653,0
0,5,0.11823996756511775,0,0.02,0,0.00589659484103322,0,0.00021029097285343875,0,0.021813943641528076,0,0.0030589080415666103,0,0.007232937030494213,0
0,4,6.56186785614407e-06,0,0.0,0,1.140021049650386e-05,0,2.0646005920373677e-05,0,1.4536431748615556e-08,0,5.422038611868629e-06,0,1.371654070680961e-05,0
0,5,6.3750655078697195e-06,0,0.01,0,4.619294122676365e-05,0,1.9610206364582856e-05,0,4.821357233325715e-06,0,1.206344495585654e-05,0,1.8644561350811273e-05,0
0,3,0.23994640691318708,0,0.07,0,0.029686981812119484,0,0.0020653501714920116,0,0.15594078491787425,1,0.05893021449446678,0,0.06835616379976273,0
0,5,0.0028224494139523102,0,0.06,0,4.295698818168603e-05,0,0.00018072752982119486,0,2.2628618764538434e-06,0,7.264321902766824e-05,0,0.0002124471648130566,0
0,3,0.000180702178082401,0,0.0,0,1.0700701750465669e-05,0,3.2833772249625455e-05,0,9.348617388296242e-07,0,2.276395753142424e-05,0,4.9406364269088954e-05,0
0,2,0.20860660383381582,0,0.07,0,5.611011147266254e-05,0,0.00017605870394990291,0,0.004101930687065019,0,0.0064142304472625256,0,0.027168137952685356,0
0,3,0.47396000136293126,0,0.0,0,0.0008005152340047061,0,7.436673591706521e-05,0,0.00017591329406159526,0,0.003735288279131055,0,0.0019668603781610727,0
0,5,0.0007542716904838592,0,0.02,0,0.004391560796648264,0,0.00010049756603479037,0,4.2402008309372225e-05,0,0.00043261644896119833,0,0.0007909566047601402,0
0,3,0.08314369851430195,0,0.01,0,6.372240022756159e-05,0,6.004427196894188e-05,0,8.351126682704487e-05,0,0.00024333488545380533,0,0.0014466122956946492,0
0,3,0.00016216383247808083,0,0.02,0,1.869650077424012e-05,0,2.6001578329728468e-05,0,1.3647538677793762e-05,0,3.597384784370661e-05,0,0.0001701183064142242,0
0,1,0.0009056045451790223,0,0.0,0,0.00021066419139970094,0,3.210502038319387e-05,0,1.7206298330508742e-05,0,5.1382838137215e-05,0,5.327053077053279e-05,0
0,2,0.3209778287034007,0,0.06,0,0.0003273002221249044,0,0.0004619206804171412,0,0.022119174750441235,0,0.01641589216887951,0,0.03246182203292847,0
0,5,0.9439905121285924,0,0.02,0,0.008294280618429184,0,0.00025576251009992745,0,0.0022307422627614397,0,0.04825277626514435,0,0.04729871451854706,0
0,5,0.0037391682250235625,0,0.0,0,7.39731767680496e-05,0,2.248341998252122e-05,0,2.426376925464914e-06,0,5.689418321708217e-05,0,7.445510709658265e-05,0
0,3,1.2981271383166051e-05,0,0.02,0,9.224715176969767e-05,0,5.895733704792293e-05,0,0.00017415376420654808,0,0.00026935094501823187,0,0.00015845535381231457,0
0,2,0.4677932672082261,0,0.01,0,5.483475615619682e-05,0,0.00010970764979744206,0,0.0004342598933935849,0,0.00514522148296237,0,0.002450680360198021,0
0,4,6.546605189844855e-05,0,0.01,0,9.794078505365178e-05,0,3.112609574916795e-05,0,3.253742409261049e-05,0,8.790644642431289e-05,0,7.809969247318804e-05,0
0,2,0.7375316722780577,0,0.09,0,0.005085578188300133,0,0.01417225924153465,0,0.024022034058226414,0,0.026942001655697823,0,0.057561881840229034,0
0,3,5.389278209059271e-07,0,0.0,0,3.6377646210894454e-06,0,3.292105464455787e-05,0,5.659841333747267e-07,0,2.356549521209672e-05,0,2.409641456324607e-05,0
0,4,0.1012041342152028,0,0.01,0,6.875362305436283e-05,0,1.992689915311172e-05,0,1.943667920976582e-06,0,0.00043037653085775673,0,0.0001742799358908087,0
0,3,0.6621477139106369,0,0.03,0,0.0004044109664391726,0,0.00010310587093372151,0,0.0044838997880752305,0,0.005686262622475624,0,0.01607777737081051,0
0,4,0.0004522329396750113,0,0.0,0,8.815526234684512e-05,0,2.9804837082305095e-05,0,1.3233744251570747e-05,0,2.0308594685047865e-05,0,2.471356128808111e-05,0
0,3,0.08504604605792605,0,0.02,0,0.0004924777895212173,0,0.0001687561589273313,0,0.013085570745715515,0,0.000975302595179528,0,0.012871293351054192,0
0,5,3.3653350201355576e-07,0,0.0,0,1.7775024389266036e-05,0,8.950422682366004e-05,0,0.0005857384496686253,0,0.0002466790028847754,0,0.0006866297917440534,0
0,2,0.00017550838910861648,0,0.0,0,3.11585608869791e-05,0,1.976617174741863e-05,0,1.4097590911616272e-05,0,0.0004516586777754128,0,0.0006405200692825019,0
0,2,7.380053653705555e-05,0,0.03,0,0.0008025469142012298,0,0.0003691531500667367,0,0.020709429476388142,0,0.003010683925822377,0,0.003287755884230137,0
0,1,4.02853412134171e-05,0,0.0,0,6.358967311825836e-06,0,1.719443688029706e-05,0,0.00016830830804539558,0,0.00010928973642876372,0,0.00017278546874877065,0
0,5,0.0006025369450639632,0,0.0,0,0.00011192384408786893,0,2.8216478678998832e-05,0,0.0016317413958198692,0,0.0005976898246444762,0,0.0008456017822027206,0
0,3,0.9360880692496001,0,0.02,0,0.0008618108695372939,0,0.001876742645377424,0,0.0022295840257986685,0,0.022572878748178482,0,0.01178647018969059,0
0,4,3.273644952819975e-07,0,0.0,0,3.93598338632728e-06,0,2.88916788934935e-05,0,3.379122231753752e-07,0,7.81956987339072e-06,0,1.6337249689968303e-05,0
0,3,0.00017196714332156553,0,0.03,0,0.00035155421937815845,0,2.5258632461394662e-05,0,7.425854491874148e-06,0,1.5292915122699924e-05,0,2.4755425329203717e-05,0
0,2,1.010203591715864e-05,0,0.0,0,0.000215551583096385,0,2.984850930796956e-05,0,1.6092203590504157e-06,0,2.053187563433312e-05,0,1.748245267663151e-05,0
0,3,0.0004599269536692306,0,0.0,0,1.3786790987069253e-05,0,2.2333977719432496e-05,0,3.961952465886266e-05,0,5.464456262416206e-05,0,8.363839879166335e-05,0
0,1,0.4469648626280486,0,0.02,0,0.00016341981245204806,0,7.797142920604717e-05,0,0.02187139169745768,0,0.0017186026088893414,0,0.0036410833708941936,0
0,5,6.693665571332515e-07,0,0.01,0,5.543877250602236e-06,0,3.493304897429405e-05,0,3.041466411407429e-07,0,5.978271019557724e-06,0,2.0052340914844535e-05,0
0,1,0.007728740821534637,0,0.01,0,0.0015404974110424519,0,0.0026605316628831826,0,0.004428007011808936,0,0.00638807425275445,0,0.023313885554671288,0
0,1,0.04875385368112122,0,0.01,0,0.00011798443301813677,0,2.34530501616963e-05,0,0.00012055573004116801,0,0.0005443085683509707,0,0.0025590816512703896,0
0,2,0.00016561270094130463,0,0.0,0,0.00015935405099298805,0,3.7735622702471276e-05,0,3.5187253542346647e-06,0,6.090223178034648e-05,0,6.920747546246275e-05,0
0,4,0.0012071698894557047,0,0.04,0,0.00025821360759437084,0,0.00018714698907262536,0,6.423840991466691e-05,0,0.0002485312579665333,0,0.000935303745791316,0
0,3,4.997540271994334e-07,0,0.0,0,7.775891572237015e-05,0,2.025302348766557e-05,0,1.2125291687983046e-06,0,1.7185106116812676e-05,0,2.030232826655265e-05,0
0,3,3.444928102128737e-05,0,0.0,0,1.0898108484980185e-05,0,2.2854858438742906e-05,0,9.687337642030408e-07,0,1.0018104148912244e-05,0,1.3966286132927053e-05,0
0,2,1.1529859256273163e-06,0,0.0,0,2.8076359740225598e-05,0,2.0959320416112595e-05,0,1.9191322842435036e-07,0,1.5603311112499796e-05,0,1.831096778914798e-05,0
0,5,0.0003293897166155174,0,0.0,0,0.00039799866499379277,0,3.3817455185547815e-05,0,1.5247211993692222e-06,0,1.7369053239235654e-05,0,4.862542846240103e-05,0
0,3,8.227696450945193e-06,0,0.0,0,2.9496054594346788e-06,0,2.0064951102716722e-05,0,2.723900116961719e-07,0,9.35609386942815e-06,0,1.4904709132679272e-05,0
0,1,0.03210086892277033,0,0.04,0,9.898476855596527e-05,0,9.796284997499449e-05,0,0.00013759053305396505,0,0.0016240578843280673,0,0.002381572499871254,0
0,1,0.479308742453882,0,0.08,0,0.01795247755944729,0,0.007148130715246106,0,0.26445652914046786,1,0.03803105652332306,0,0.1180308386683464,0
0,2,4.6985811912247454e-05,0,0.01,0,1.8134487618226558e-05,0,1.718810487620138e-05,0,3.656595869983976e-05,0,0.00031870490056462586,0,0.00033343536779284477,0
0,1,0.04161198726428103,0,0.0,0,0.0001866218080976978,0,4.885711631707919e-05,0,0.0006964268459258065,0,0.0002530156634747982,0,0.0010772068053483963,0
0,1,9.752552398399242e-05,0,0.0,0,3.3619555779296206e-06,0,2.449341537877372e-05,0,7.19498056538186e-08,0,7.2775410444592126e-06,0,2.4239878257503733e-05,0
0,5,0.009948956659008702,0,0.13,1,0.11084595322608948,0,0.0012014334933076719,0,0.23326255716810065,1,0.013526652939617634,0,0.03309902176260948,0
0,2,8.535663245370472e-08,0,0.0,0,7.93854269431904e-05,0,2.9960809761787993e-05,0,2.023716215701794e-06,0,8.675968274474144e-06,0,1.3699325791094452e-05,0
0,1,9.52674277422274e-05,0,0.0,0,4.446510138222948e-05,0,3.1054718195534874e-05,0,1.2878626730241905e-07,0,9.524512279313058e-05,0,0.00019768277707044035,0
0,5,0.9119826179209566,0,0.02,0,5.422924004960805e-05,0,7.44283289337711e-05,0,2.006383308896366e-05,0,0.010419742204248905,0,0.012672207318246365,0
0,4,2.276358909495616e-06,0,0.0,0,3.631244908319786e-06,0,3.454808595845696e-05,0,3.5957611189690865e-07,0,1.0003485840570647e-05,0,1.6055653759394772e-05,0
0,4,0.006662288022744139,0,0.01,0,0.0002804675605148077,0,7.82280853435677e-05,0,5.264792769563078e-05,0,0.0001410164695698768,0,0.0003229004505556077,0
0,3,0.0040236507716981205,0,0.01,0,0.00010674333316273987,0,3.731547060308367e-05,0,1.2959078734082163e-05,0,0.0005680124741047621,0,0.0006129896501079202,0
0,5,0.5694419359726801,0,0.03,0,2.6340854674344882e-05,0,5.9562682480499974e-05,0,0.0001406968011821087,0,0.021124105900526047,0,0.026040222495794296,0
0,4,0.0009546337541056019,0,0.0,0,7.706411997787654e-05,0,6.452846749138782e-05,0,7.330358506027554e-06,0,0.0004952754243277013,0,0.0012805808801203966,0
0,2,0.00017147639087276495,0,0.0,0,3.616196408984251e-05,0,2.088714194386561e-05,0,1.285958095400382e-07,0,9.648608283896465e-06,0,1.4768205801374279e-05,0
0,5,2.8244558693151793e-05,0,0.0,0,4.222205461701378e-06,0,3.454613300683442e-05,0,1.0528661741594257e-07,0,6.785910045437049e-06,0,7.215395453386009e-05,0
0,2,1.5128227111741051e-07,0,0.0,0,6.418511020456208e-06,0,2.9357218315472593e-05,0,6.896031113347997e-08,0,1.769191658240743e-05,0,1.5098201401997358e-05,0
0,5,6.035088825509802e-06,0,0.0,0,2.2690888727083802e-05,0,6.997576505938304e-05,0,2.6101910107602555e-06,0,4.098572026123293e-05,0,2.4786168069113046e-05,0
0,2,0.006220320010388171,0,0.02,0,0.0004545591655187309,0,0.00020321386222040447,0,0.00013624384916655424,0,0.001657928922213614,0,0.0010348758660256863,0
0,1,0.006083862216594129,0,0.02,0,0.0004389070672914386,0,0.0007993009982675047,0,0.024671774596272733,0,0.01128949224948883,0,0.013585229404270649,0
0,5,0.033063327050189086,0,0.0,0,2.8937671231688e-05,0,7.419969776830178e-05,0,1.7738498651302455e-05,0,0.005254478193819523,0,0.0042770542204380035,0
0,3,0.5488528957009925,0,0.04,0,0.00028772809309884906,0,6.924770864795103e-05,0,0.0009180290183744599,0,0.009951429441571236,0,0.025280818343162537,0
0,1,1.2838557364258989e-05,0,0.0,0,4.369918679003604e-05,0,4.063519296802032e-05,0,1.7231944126799376e-06,0,6.268637662287802e-05,0,0.00013332483649719507,0
0,1,0.00022684468096652663,0,0.0,0,0.0003149365948047489,0,5.0521738540186445e-05,0,5.802006225627145e-06,0,0.0001053160522133112,0,0.0004054535529576242,0
0,2,0.05216691768308745,0,0.0,0,2.023858360189479e-05,0,2.0536777452416682e-05,0,5.249370863531655e-05,0,0.0002023596316576004,0,0.00011718811583705246,0
0,3,0.004040449305477661,0,0.0,0,4.6822675358271226e-05,0,2.1712265668499716e-05,0,1.8460881833880487e-05,0,0.00030546431662514806,0,0.0005482489359565079,0
0,2,0.00016234514148625003,0,0.0,0,0.0018531969981268048,0,9.464194839087617e-05,0,7.69009733817886e-06,0,8.161788719007745e-05,0,2.6631803848431446e-05,0
0,1,0.03487400964975324,0,0.02,0,0.001611444866284728,0,0.00010062951143863908,0,8.423531474064128e-06,0,0.00023157861141953617,0,0.0005254029529169202,0
0,5,0.0006064512047136097,0,0.0,0,1.8696249753702432e-05,0,5.337317368208539e-05,0,3.2785550760686134e-07,0,2.2447205992648378e-05,0,0.00012606734526343644,0
0,3,1.561716116806134e-06,0,0.0,0,6.0618272982537746e-05,0,2.024132177490549e-05,0,5.017484286012999e-07,0,0.00043545971857383847,0,0.0010271300561726093,0
0,2,0.00018507307799114453,0,0.0,0,7.89213754615048e-06,0,3.408175435130182e-05,0,7.584483582156577e-05,0,0.0031601921655237675,0,0.0031434674747288227,0
0,1,0.00028443326892437344,0,0.0,0,0.00030256755417212844,0,4.729776982923158e-05,0,0.00424104598243981,0,0.0025998183991760015,0,0.007323974743485451,0
0,2,0.00136212926771749,0,0.02,0,0.0010690937051549554,0,6.038139554549863e-05,0,8.864775228700514e-07,0,4.143235491937958e-05,0,4.276453546481207e-05,0
0,4,0.0027693126976529995,0,0.01,0,4.182904740446247e-05,0,3.110712339684025e-05,0,0.0007977410933621914,0,0.0028961123898625374,0,0.0024830333422869444,0
0,5,2.7221331085966864e-06,0,0.0,0,3.4165436773037072e-06,0,2.3268115518082e-05,0,6.98144721512995e-08,0,9.860375939751975e-06,0,1.396151947119506e-05,0
0,1,0.6863081135682676,0,0.06,0,0.00027289954596199095,0,0.00031479272794785124,0,0.0020790037362903445,0,0.005144487600773573,0,0.019804049283266068,0
0,4,1.4823663231447873e-06,0,0.04,0,0.0007276362739503384,0,0.00025059433232192934,0,2.1018761512910968e-05,0,0.00334761431440711,0,0.01904132217168808,0
0,4,0.005397597013622794,0,0.0,0,7.145320705603808e-05,0,4.015434470486649e-05,0,3.328552419301986e-06,0,0.00020348707039374858,0,0.00036084186285734177,0
0,1,0.16385589914598042,0,0.0,0,9.45850188145414e-05,0,9.196097775553187e-05,0,0.0002520823656933475,0,0.0023825648240745068,0,0.0027026496827602386,0
0,2,0.23633167735027916,0,0.04,0,0.00016523960221093148,0,0.0005676437374131204,0,0.011522619475288152,0,0.00046489507076330483,0,0.004967543762177229,0
0,3,3.716675907126825e-05,0,0.0,0,6.468377250712365e-06,0,2.0256314485821577e-05,0,1.0047152788147615e-07,0,9.616693205316551e-06,0,2.4357810616493225e-05,0
0,3,0.002310010221255935,0,0.01,0,0.00126357632689178,0,0.0005990076198441817,0,0.00020617524702023316,0,0.0013098297640681267,0,0.0017193425446748734,0
0,3,1.230017883315238e-05,0,0.0,0,3.290968743385747e-05,0,1.4968986203791558e-05,0,2.1177484492719145e-06,0,4.9024874897440895e-05,0,3.417338666622527e-05,0
0,1,0.6455228464133518,0,0.01,0,0.03846968337893486,0,0.001278609671360082,0,0.0011702061255925164,0,0.015689412131905556,0,0.03714948892593384,0
0,2,0.00120831935728915,0,0.0,0,3.865771213895641e-05,0,1.8570759383256655e-05,0,2.9346926949166326e-05,0,0.0010172388283535838,0,0.00044818094465881586,0
0,2,0.1771116963470549,0,0.02,0,3.325292345834896e-05,0,0.00013309090052602296,0,8.17789585556978e-05,0,0.005084427073597908,0,0.0014989898772910237,0
0,4,1.5368303247722156e-05,0,0.0,0,0.00017754966393113136,0,3.64987571912513e-05,0,1.3892240970356016e-05,0,8.751941641094163e-05,0,0.00010326893971068785,0
0,4,4.65939603378574e-06,0,0.0,0,2.0171471987850964e-05,0,2.943663106903109e-05,0,2.397559507811363e-07,0,3.282417674199678e-05,0,2.4261311409645714e-05,0
0,3,1.06180202354072e-06,0,0.0,0,2.9181176159909228e-06,0,1.9895056127409004e-05,0,6.23556169260459e-07,0,1.3049339941062499e-05,0,1.998134030145593e-05,0
0,5,3.415204451563161e-06,0,0.0,0,1.3125906662025955e-05,0,2.3678366899082377e-05,0,1.7946421282169697e-07,0,6.079092599975411e-06,0,1.2981662621314172e-05,0
0,5,0.11547300969650108,0,0.05,0,0.0020401435904204845,0,0.0022435814482043115,0,0.007475622183867676,0,0.09750182926654816,0,0.019861236214637756,0
0,4,0.0034053244322972986,0,0.02,0,0.00012789960601367056,0,2.4745983674625154e-05,0,0.0020577375929129536,0,0.0008028741576708853,0,0.001230999594554305,0
0,4,0.43110159566462386,0,0.05,0,0.0010308001656085253,0,0.0005682521753761697,0,0.012792817416316393,0,0.009222617372870445,0,0.016446169465780258,0
0,3,0.0036206146680464162,0,0.03,0,0.0007839555619284511,0,3.667545164886849e-05,0,4.94463008156231e-06,0,0.00038875298923812807,0,0.001519783167168498,0
0,4,0.19867671105649315,0,0.06,0,0.03434450179338455,0,0.005580956973079687,0,0.0036307694535245975,0,0.02225636877119541,0,0.09396132826805115,0
0,3,0.17677573107817432,0,0.02,0,0.0004776473215315491,0,0.000259350652848899,0,3.64517966498504e-05,0,0.0008635502308607101,0,0.0034030056558549404,0
0,5,0.0025761261369573406,0,0.0,0,8.33350441098446e-06,0,4.782540998524493e-05,0,4.250242554173294e-06,0,4.895289021078497e-05,0,7.995814667083323e-05,0
0,5,0.0004812753906301634,0,0.0,0,3.452615419519134e-05,0,3.319736165805349e-05,0,2.6192805014336177e-06,0,2.9299793823156506e-05,0,5.3766714700032026e-05,0
0,4,0.8853971803123658,0,0.07,0,0.0009766960283741355,0,0.010995667486170231,0,0.0919574404395765,0,0.03655105456709862,0,0.07265065610408783,0
0,1,0.000254521497767241,0,0.0,0,2.0119234250159934e-05,0,3.7128478998848826e-05,0,8.985444042719162e-05,0,0.00015022345178294927,0,0.0006750398897565901,0
0,3,0.7809752007977349,0,0.02,0,0.0010950758587568998,0,0.0001520703196617048,0,9.49841984733202e-05,0,0.0188430268317461,0,0.028973067179322243,0
0,5,0.005844822490783211,0,0.0,0,9.202040928357746e-06,0,3.105623137667841e-05,0,0.0001267972998925835,0,0.0001617457455722615,0,0.0004000031331088394,0
0,2,0.00015837883663702922,0,0.0,0,0.0001820155157474801,0,7.331522677878484e-05,0,0.00013574457442372536,0,0.00028990962891839445,0,0.0003107808588538319,0
0,1,5.190927311922273e-06,0,0.0,0,1.1870695743709803e-05,0,0.00014185436982036003,0,0.00028422082606985966,0,6.162911449791864e-05,0,0.0016865209909155965,0
0,3,3.5824169196478244e-07,0,0.0,0,4.0326126509171445e-06,0,4.472373057070489e-05,0,4.821576602331218e-07,0,2.4077144189504907e-05,0,2.5194764020852745e-05,0
0,2,0.0005086358011723582,0,0.0,0,2.1343017579056323e-05,0,2.1171101035661047e-05,0,6.190883203306602e-07,0,9.651466825744137e-06,0,1.8259845091961324e-05,0
0,4,0.00017532206496992698,0,0.0,0,4.108247594558634e-05,0,2.436884025653044e-05,0,1.5331839071963168e-05,0,9.98973428067984e-06,0,2.316814789082855e-05,0
0,2,0.029929311873194166,0,0.01,0,0.0006499908631667495,0,2.3080806032983664e-05,0,3.5424913711727953e-06,0,0.0006304791895672679,0,0.0014463424449786544,0
0,4,1.7703060983995286e-06,0,0.0,0,2.8713102437905036e-06,0,2.130404324995747e-05,0,1.1469951118908176e-07,0,1.1292528142803349e-05,0,2.0449122530408204e-05,0
0,4,0.41338303811586513,0,0.02,0,0.0002690332185011357,0,0.0005547051071049681,0,0.04201251009131492,0,0.021869469434022903,0,0.01998145319521427,0
0,1,5.559605078143075e-07,0,0.0,0,1.1062972589570563e-05,0,2.4795133722837944e-05,0,4.521846119220153e-08,0,5.494462129718158e-06,0,1.6378578948206268e-05,0
0,4,0.03098127273199957,0,0.0,0,3.304435085738078e-05,0,3.7946440462707423e-05,0,0.000900897336328469,0,0.001469266600906849,0,0.0008694160496816039,0
0,4,0.015294881507496605,0,0.01,0,4.724135578726418e-05,0,2.761708680372441e-05,0,3.087707322006921e-05,0,0.0013052561553195119,0,0.0009651585714891553,0
0,2,0.004709913249700828,0,0.05,0,0.0001884683151729405,0,0.0002112444046330094,0,0.008887193849875404,0,0.007149105425924063,0,0.006440985016524792,0
0,2,0.00038255645989701716,0,0.0,0,3.045241282961797e-05,0,5.8700348992007016e-05,0,2.1164165597924013e-07,0,1.5922918464639224e-05,0,1.7914879208547063e-05,0
0,4,2.55528305273639e-07,0,0.0,0,1.8113497617378016e-06,0,2.132836923867351e-05,0,2.602449781043406e-08,0,4.509047812462086e-06,0,1.2981662621314172e-05,0
0,4,0.9575719094931125,0,0.0,0,0.00035117266816087067,0,0.00022923586619724357,0,0.002156754195585044,0,0.008828188292682171,0,0.0075937118381261826,0
0,3,3.2852288408740754e-05,0,0.01,0,1.8834061847883277e-05,0,2.5784403442330852e-05,0,3.775961716200931e-06,0,0.0002643298066686839,0,0.0004521346418187022,0
0,4,0.8115805697027533,0,0.0,0,0.0001484897657064721,0,6.600078987767952e-05,0,6.869704283800759e-05,0,0.006346969865262508,0,0.005821641068905592,0
0,3,0.003080959640103566,0,0.01,0,4.198506576358341e-05,0,2.1075884840043183e-05,0,1.874608937061931e-05,0,0.00022129663557279855,0,0.000166405487107113,0
0,4,2.9400685919648547e-05,0,0.0,0,2.4737898911553202e-06,0,2.131989205868927e-05,0,3.701915065862056e-08,0,8.91832314664498e-06,0,1.620823604753241e-05,0
0,5,4.918657392952395e-07,0,0.0,0,1.5937137504806742e-05,0,2.1577668803606626e-05,0,1.247207735856447e-07,0,9.4669767349842e-06,0,1.3086788385408e-05,0
0,4,0.0005915202904658336,0,0.0,0,5.3135547204874456e-05,0,2.6382362262315807e-05,0,8.986639701038468e-06,0,0.0003795167722273618,0,0.0011900083627551794,0
0,2,0.0004481049024729337,0,0.0,0,3.8462894735857844e-05,0,2.117797534498003e-05,0,1.3195429736015045e-07,0,7.627268587384606e-06,0,1.3562999811256304e-05,0
0,5,0.0002404732892182541,0,0.0,0,3.394975283299573e-05,0,2.1406144711304247e-05,0,1.561691005067739e-06,0,0.00016737182158976793,0,0.00016665967996232212,0
0,1,0.8783318297610443,0,0.04,0,0.1849391758441925,1,0.003987976393300059,0,0.030941000944057013,0,0.07879533618688583,0,0.030893104150891304,0
0,2,3.733917477967822e-05,0,0.0,0,5.0899438065243885e-05,0,2.117289256201943e-05,0,6.009427258349516e-07,0,1.3546568879974075e-05,0,1.8335245840717107e-05,0
0,5,0.000271876321475452,0,0.0,0,5.054672510595992e-05,0,5.7061694390614136e-05,0,1.2566310280715708e-06,0,1.9652916307677515e-05,0,1.720154432405252e-05,0
0,5,1.3872363411196036e-06,0,0.0,0,1.2479837096179835e-05,0,2.9226277657581925e-05,0,1.5046217907188134e-07,0,0.00010934368037851527,0,7.298718992387876e-05,0
0,2,6.58721476163595e-06,0,0.0,0,4.8498535761609674e-05,0,2.117797534498003e-05,0,2.0637613297210601e-07,0,7.845098480174784e-06,0,1.387678821629379e-05,0
0,4,0.01811475341075511,0,0.01,0,0.00033280791831202805,0,4.160317259930855e-05,0,0.0027245684401141406,0,0.0006466784398071468,0,0.00019274668011348695,0
0,4,0.009900841807309385,0,0.0,0,3.092024417128414e-05,0,2.1320322772921844e-05,0,1.953336279534047e-06,0,8.151082511176355e-06,0,1.7392707377439365e-05,0
0,4,0.048353016186159385,0,0.0,0,8.84507335285889e-06,0,2.3326608579671104e-05,0,0.0001223028207827869,0,0.00047848490066826344,0,0.0008779981872066855,0
0,4,0.031331205918838374,0,0.0,0,0.00019659759709611535,0,0.00018246607860232088,0,0.0009367135469053169,0,0.0038289844524115324,0,0.0029290521051734686,0
0,3,7.461986710114783e-05,0,0.0,0,6.752114131813869e-06,0,2.1095343217426072e-05,0,1.0017752424224107e-06,0,3.3074218663387e-05,0,5.183737812330946e-05,0
0,1,0.0003056598045617987,0,0.0,0,2.808230192385963e-06,0,2.1058400473556383e-05,0,8.013498337465636e-07,0,2.9849314159946516e-05,0,3.676287815324031e-05,0
0,4,0.8471531358519633,0,0.04,0,0.0003133394056931138,0,0.00015476114934019668,0,0.000537603384653661,0,0.010933497920632362,0,0.02387665957212448,0
0,2,0.07713332459976141,0,0.01,0,9.85420683718985e-06,0,2.4507371144787295e-05,0,7.225688007860504e-07,0,5.3471852879738435e-05,0,0.00016948064148891717,0
0,3,0.649699738651999,0,0.0,0,1.924281423271168e-05,0,2.9873080294255653e-05,0,0.00011256318422058224,0,0.011297246441245079,0,0.009347192943096161,0
0,3,1.059730352930363e-06,0,0.0,0,4.720460765383905e-06,0,2.42641947610808e-05,0,1.9489671338801853e-07,0,1.26523373182863e-05,0,1.4084597751207184e-05,0
0,5,0.00014759247517954875,0,0.0,0,2.56695129792206e-05,0,2.1500670294671558e-05,0,2.07537466920409e-08,0,6.882848538225517e-06,0,1.2981662621314172e-05,0
0,1,0.30429918881423557,0,0.0,0,3.262828249717131e-05,0,2.0191740735392004e-05,0,3.2497854958192564e-05,0,0.00023651424271520227,0,0.00042899491381831467,0
0,2,5.618930750723129e-06,0,0.0,0,1.900762435980141e-05,0,2.10085474463588e-05,0,1.0910758463405764e-06,0,1.2581455848703627e-05,0,1.623605567147024e-05,0
0,3,3.6435082778236854e-05,0,0.04,0,0.002099446253851056,0,0.0009961083851504223,0,0.000440783223260685,0,0.00015129661187529564,0,0.00052110874094069,0
0,2,0.0006271318165889108,0,0.0,0,0.00017994630616158247,0,3.186221126348776e-05,0,4.715707130078008e-05,0,0.000177321198862046,0,0.00021472199296113104,0
0,4,0.07357716736650254,0,0.0,0,1.3710233361052815e-05,0,2.8267319005646093e-05,0,1.961166774406068e-05,0,0.0003226320550311357,0,0.00039292301516979933,0
0,1,0.5265390775892034,0,0.04,0,0.0011424588738009334,0,7.654551345859256e-05,0,0.0007819623731242329,0,0.01356279943138361,0,0.0038473147433251143,0
0,2,1.155547227908235e-05,0,0.0,0,3.890713560394943e-05,0,2.117289256201943e-05,0,2.448535527274772e-07,0,7.832963092369027e-06,0,1.4139924132905435e-05,0
0,4,1.7759101339280532e-07,0,0.0,0,6.443030542868655e-06,0,2.59002250660653e-05,0,1.847941065827538e-07,0,0.00019463298667687923,0,1.9269675249233842e-05,0
0,2,3.637098352654934e-05,0,0.0,0,1.5129206076380797e-05,0,2.460277358851975e-05,0,3.170784856139446e-07,0,3.957049557357095e-05,0,8.206273196265101e-05,0
0,5,0.8313339961821361,0,0.03,0,0.00019266127492301166,0,3.4689650102354497e-05,0,1.8696019138455114e-06,0,0.003375991713255644,0,0.009925397112965584,0
0,1,0.0211797298488612,0,0.0,0,7.2681968958931975e-06,0,2.0915861898053568e-05,0,8.884408576136923e-05,0,0.0009505953057669103,0,0.0009846281027421355,0
0,3,0.004583635637268501,0,0.0,0,0.0002631474635563791,0,3.8083656273834316e-05,0,2.2286712308813143e-05,0,0.0022129330318421125,0,0.002711446490138769,0
0,4,0.09217984458559293,0,0.02,0,1.6052988939918578e-05,0,2.95658282756678e-05,0,0.00040588061818083265,0,0.0012938518775627017,0,0.0046261027455329895,0
0,3,0.000900518136106285,0,0.02,0,7.95610249042511e-05,0,2.2247664259512215e-05,0,9.726487705114594e-05,0,0.0007989837322384119,0,0.0006810270133428276,0
0,4,6.56546977214238e-05,0,0.0,0,1.8846116290660575e-05,0,2.130064515017735e-05,0,3.522842721635007e-08,0,1.4752244169358164e-05,0,1.87609730346594e-05,0
0,3,8.051891905368106e-05,0,0.0,0,3.044106051675044e-05,0,3.724046398260731e-05,0,9.856870672063928e-05,0,0.00020270614186301827,0,0.0005101313581690192,0
0,5,0.8191580711967679,0,0.0,0,5.7644669141154736e-05,0,3.403779018619301e-05,0,0.0001118030117595523,0,0.0019743323791772127,0,0.0023798190522938967,0
0,5,6.237838191479122e-05,0,0.03,0,4.415317380335182e-05,0,4.748869267761263e-05,0,3.23712131907422e-07,0,1.192267063743202e-05,0,0.00010221925913356245,0
0,3,7.042287455711543e-05,0,0.0,0,0.000168252969160676,0,2.972929181361242e-05,0,6.53587207039506e-06,0,4.0194252505898476e-05,0,3.266206840635277e-05,0
0,3,0.0003450637358216646,0,0.0,0,4.057800197188044e-06,0,1.9704765716231242e-05,0,3.065910442029776e-06,0,2.5285162337240763e-05,0,2.3728489395580254e-05,0
0,4,0.0001421117224371659,0,0.02,0,0.0012284636031836271,0,6.700672327528778e-05,0,0.014579433636341817,0,0.0015607174718752503,0,0.02374427393078804,0
0,4,0.012201432839771936,0,0.02,0,7.284634921234101e-05,0,4.1731559075552317e-05,0,1.81340426524469e-06,0,0.00016180159582290798,0,0.00041644583689048886,0
0,1,9.715979850927483e-07,0,0.03,0,4.394993811729364e-05,0,0.00047964087151964197,0,3.599762620485482e-05,0,0.0019879380706697702,0,0.004515332169830799,0
0,2,0.4483515693014363,0,0.01,0,1.0799727533594705e-05,0,2.979904099925453e-05,0,5.377386521093536e-07,0,0.00010238345566904172,0,0.00010043621296063066,0
0,2,0.02285929991506264,0,0.0,0,1.1966113561356906e-05,0,3.358339329360009e-05,0,1.9834335636608193e-06,0,0.001152288168668747,0,0.001568018225952983,0
0,3,0.00020866441870011135,0,0.0,0,8.623016583442222e-06,0,2.1275946510543332e-05,0,9.708546107040557e-08,0,1.175011584564345e-05,0,1.5863119187997654e-05,0
0,4,0.41846507733065746,0,0.0,0,3.375846426934004e-05,0,5.429960441876269e-05,0,1.0668487241403152e-05,0,0.0015790113247931004,0,0.005878813099116087,0
0,3,0.0020173866858583457,0,0.0,0,3.257940988987684e-05,0,4.3954554632213386e-05,0,2.9344185500566804e-05,0,8.31690922495909e-05,0,4.535960761131719e-05,0
0,1,0.8852067868434385,0,0.0,0,1.6905234588193707e-05,0,2.0132860046668455e-05,0,0.0002350535636173379,0,0.0009534934652037919,0,0.001975527498871088,0
0,4,4.175866647359071e-06,0,0.0,0,8.948643881012686e-06,0,2.8100019760863754e-05,0,3.325872917128562e-05,0,6.3939601204765495e-06,0,1.4949760043236893e-05,0
0,4,0.007999806374239495,0,0.0,0,2.2726275346940383e-05,0,2.412139475429156e-05,0,5.2736441610514295e-05,0,0.0005634087137877941,0,0.00041705850162543356,0
0,4,0.029988632576967978,0,0.0,0,2.466113983246032e-05,0,4.375391348334191e-05,0,5.200453660815565e-05,0,0.0003468226350378245,0,0.00020849687280133367,0
0,2,0.33660818257085895,0,0.0,0,4.0237599023384973e-05,0,2.2871787920118848e-05,0,0.0035524109849922264,0,0.0009066679631359875,0,0.00251190597191453,0
0,5,0.0036425704489535214,0,0.0,0,2.910630610131193e-05,0,2.1974316285036884e-05,0,2.0353026692135388e-06,0,6.97043287800625e-05,0,4.5960019633639604e-05,0
0,4,0.00045676818505877134,0,0.0,0,3.369995829416439e-05,0,2.7308379896233432e-05,0,1.4890122938385642e-05,0,0.0005893133347854018,0,0.0001891235588118434,0
0,3,9.790637002037882e-07,0,0.0,0,2.0503484847722575e-05,0,2.1499300777752716e-05,0,1.3371899601535517e-06,0,9.070335181604605e-06,0,1.3315363503352273e-05,0
0,1,0.020422221663202417,0,0.0,0,0.00013350184599403292,0,4.4339138882466966e-05,0,6.672189095870005e-05,0,0.0004125955165363848,0,0.0003985989314969629,0
0,2,0.05349729138511087,0,0.0,0,6.813083928136621e-06,0,2.0222577346175154e-05,0,4.222963005497456e-06,0,0.00022263283608481288,0,0.00012184207298560068,0
0,3,3.217211675205478e-07,0,0.0,0,1.0545521035965066e-05,0,2.1213641063739973e-05,0,5.639552189342573e-07,0,1.530172085040249e-05,0,1.681206231296528e-05,0
0,3,0.00021144341184552742,0,0.01,0,6.398216646630317e-05,0,1.9680671548326382e-05,0,4.23572075453088e-06,0,1.7297872545896098e-05,0,1.9003833585884422e-05,0
0,2,1.5458549274402647e-05,0,0.0,0,2.040980507445056e-05,0,2.117797534498003e-05,0,6.303281564045228e-08,0,7.3636197157611605e-06,0,1.3247041351860389e-05,0
0,4,3.317106582645636e-06,0,0.0,0,9.077461982087698e-06,0,3.146828010639044e-05,0,2.6890250118397953e-06,0,0.0008062307606451213,0,0.0005984934396110475,0
0,1,1.1733665531073155e-10,0,0.0,0,9.612278518034145e-06,0,2.1203035548632828e-05,0,3.513885562364215e-07,0,6.286868938332191e-06,0,1.5275207260856405e-05,0
0,4,1.4653213290155964e-05,0,0.0,0,4.9152993597090244e-05,0,2.4486415198266805e-05,0,2.9894504152308813e-07,0,4.3395495595177636e-05,0,6.384433800121769e-05,0
0,5,0.00012745921061626395,0,0.0,0,3.414348975638859e-05,0,2.152451919207452e-05,0,6.409917371929813e-08,0,6.347660928440746e-06,0,1.2981662621314172e-05,0
0,2,6.35906829853572e-06,0,0.0,0,9.506726200925186e-05,0,2.268351101711688e-05,0,3.9594694638782307e-07,0,1.1865588021464646e-05,0,1.5622777937096544e-05,0
0,2,1.5039246182843958e-06,0,0.0,0,1.1670666935970075e-05,0,2.115105609622232e-05,0,1.484428680471688e-08,0,7.441668458341155e-06,0,1.3219780157669447e-05,0
0,5,1.4419569769813407e-05,0,0.0,0,1.216923374158796e-05,0,2.1503976274601235e-05,0,1.3488964974518643e-07,0,6.413578830688493e-06,0,1.304627767240163e-05,0
0,5,0.33643704406745684,0,0.01,0,1.579557101649698e-05,0,3.0371271702082743e-05,0,1.3373620821558687e-05,0,0.00099987315479666,0,0.0016317770350724459,0
0,2,1.5846103581118557e-05,0,0.0,0,1.8600641851662658e-05,0,2.115864264619007e-05,0,1.4265176315816666e-07,0,8.361352229258046e-06,0,1.3329055036592763e-05,0
0,2,0.022670240777530676,0,0.0,0,6.524121999973431e-06,0,2.363124983506096e-05,0,2.8384115724406823e-06,0,0.0007627008017152548,0,0.0007879572222009301,0
0,1,0.005117413225256964,0,0.0,0,6.226330242498079e-06,0,2.4463252563986644e-05,0,0.00017853053957559366,0,0.00025683018611744046,0,0.0006946295034140348,0
0,2,0.017903139850234964,0,0.02,0,6.512970139738172e-05,0,0.0004132313180199211,0,0.008037892795132163,0,0.011438136920332909,0,0.00482530239969492,0
0,1,0.9822161627343579,1,0.05,0,0.00036376446951180696,0,0.00015524900474904747,0,0.027008040727153005,0,0.0253969207406044,0,0.2187996804714203,1
0,2,0.001794271326832876,0,0.0,0,0.0001731391967041418,0,2.7072654245525016e-05,0,9.104003458380264e-06,0,0.0010283006122335792,0,0.0005785498069599271,0
0,4,0.00042833848443845393,0,0.0,0,6.06318417339935e-06,0,3.251166862939234e-05,0,4.330562474405359e-07,0,8.392675954382867e-05,0,0.0008428478031419218,0
0,5,0.0005544786083460589,0,0.0,0,5.769878771388903e-05,0,2.135780889238041e-05,0,4.0874432460023365e-06,0,9.511403732176404e-06,0,1.6802738173282705e-05,0
0,2,1.4359778179058705e-07,0,0.01,0,6.455787115555722e-06,0,2.1172978486441628e-05,0,1.1428701205019516e-08,0,7.655119588889647e-06,0,1.529312430648133e-05,0
0,1,0.0007709616059142754,0,0.0,0,3.938544068660121e-06,0,2.4937671444680016e-05,0,4.880371550630642e-07,0,9.6284864412155e-05,0,0.00038174589280970395,0
0,1,0.015975083647893868,0,0.06,0,0.0356556735932827,0,0.00036589781548794465,0,0.00011742870722345569,0,0.0003426524926908314,0,0.0028546431567519903,0
0,5,0.004926616643211509,0,0.0,0,2.4579683213232784e-06,0,2.1440773758570736e-05,0,3.9703481192547436e-08,0,9.96181188384071e-06,0,2.416228744550608e-05,0
0,3,7.717653474896251e-10,0,0.0,0,6.491817657661159e-06,0,2.1359586766584654e-05,0,1.4477318839782918e-07,0,9.315363058703952e-06,0,1.3937509720562957e-05,0
0,3,0.002095720270586909,0,0.0,0,1.819830458771321e-06,0,2.1079730498956626e-05,0,1.0255962249680918e-06,0,2.6273941330146044e-05,0,5.575281466008164e-05,0
0,3,0.00016061091674171682,0,0.02,0,0.00012833255459554493,0,5.4973227975771585e-05,0,1.3994563185375197e-05,0,2.7512154701980762e-05,0,0.0001830693508964032,0
0,4,0.0012875932000659146,0,0.01,0,0.000174279572092928,0,2.023712466642577e-05,0,3.5916745213013956e-06,0,4.267310578143224e-05,0,9.783281711861491e-05,0
0,3,2.349490847763984e-06,0,0.0,0,1.6557265553274192e-05,0,2.146700951719051e-05,0,7.64755420384345e-07,0,3.066529825446196e-05,0,1.5526768038398586e-05,0
0,1,5.013904583629694e-09,0,0.0,0,2.4621112970635295e-06,0,2.1163194132229413e-05,0,3.2192474238988665e-08,0,6.600134383916156e-06,0,1.3871591363567859e-05,0
0,2,3.206244231405987e-06,0,0.01,0,1.2686486115853768e-05,0,2.1149313097618036e-05,0,5.5615531590198515e-08,0,7.0531191340705846e-06,0,1.3421425137494225e-05,0
0,4,0.0006367474920046252,0,0.0,0,0.00014327502867672592,0,6.049764961947646e-05,0,2.1103147207156357e-05,0,8.476237417198718e-05,0,0.0005875214701518416,0
0,4,6.500865851195648e-07,0,0.0,0,2.9548054953920655e-06,0,3.014277465142499e-05,0,1.3541633730392244e-07,0,5.432572834251914e-06,0,1.3165377822588198e-05,0
0,1,0.9379041222418544,1,0.1,0,0.003473340068012476,0,0.0003882885669656845,0,0.008684605965534912,0,0.020275050774216652,0,0.05500224605202675,0
0,3,0.003354323432318483,0,0.01,0,1.8277029084856622e-05,0,4.266880432680063e-05,0,2.0334147007786165e-05,0,0.00036282511427998543,0,0.0002215216518379748,0
0,1,2.0573509091954334e-05,0,0.0,0,4.437700226844754e-06,0,2.4899313401917343e-05,0,2.3561954067109075e-08,0,4.602847184287384e-06,0,1.3127396414347459e-05,0
0,4,9.596064424729619e-05,0,0.0,0,2.9935110433143564e-05,0,2.518292731084653e-05,0,2.6712830715738846e-06,0,6.775759538868442e-05,0,0.00021172258129809052,0
0,1,5.035944161727389e-07,0,0.0,0,5.102743216411909e-06,0,2.104411827819891e-05,0,6.2365070493897275e-09,0,3.7523568607866764e-06,0,1.3249499716039281e-05,0
0,3,0.00482265475099638,0,0.0,0,1.9006374714081176e-05,0,2.4866786811501523e-05,0,6.243355092920351e-06,0,2.881335240090266e-05,0,4.8893867642618716e-05,0
0,4,0.8915331573034659,0,0.01,0,0.0001523188839200884,0,5.265465650098233e-05,0,0.0035792784982623055,0,0.006093147210776806,0,0.003961651120334864,0
0,2,0.00010558963106332677,0,0.0,0,0.00022217282094061375,0,2.1169496306512293e-05,0,3.5210199518543136e-07,0,7.464259397238493e-06,0,1.3357674106373452e-05,0
0,4,5.957612806616655e-05,0,0.0,0,4.373770934762433e-05,0,2.132050659632866e-05,0,1.6444855838385086e-06,0,1.2481296835176181e-05,0,2.1617383026750758e-05,0
0,5,0.004968551992881059,0,0.01,0,4.6257431677076966e-05,0,4.4569512861342614e-05,0,2.5713964998050923e-06,0,0.00014270338579081,0,0.00013846473302692175,0
0,2,0.0016489310858100606,0,0.01,0,2.3406448235618882e-05,0,3.388240345566222e-05,0,2.2509269840294783e-05,0,0.0006970014655962586,0,0.0007101977826096117,0
0,4,1.0603610693359937e-05,0,0.0,0,5.837802291353e-06,0,2.1309560592288246e-05,0,3.789295556599399e-07,0,4.903361968899844e-06,0,1.3778337233816274e-05,0
0,5,1.0371732002615999e-05,0,0.01,0,0.000712002394720912,0,4.65147790595624e-05,0,3.792498292701434e-07,0,6.196826871018857e-05,0,2.369803041801788e-05,0
0,1,5.373949942525458e-07,0,0.0,0,4.139684278925415e-06,0,2.1000441488526546e-05,0,9.07718389491929e-08,0,5.843695817020489e-06,0,2.3299926397157833e-05,0
0,2,2.7189442235945404e-05,0,0.0,0,7.910816202638671e-05,0,2.1169496306512293e-05,0,9.853942219866607e-08,0,8.67410381033551e-06,0,1.3712130567000713e-05,0
0,3,0.0017534247207332517,0,0.01,0,5.359216811484657e-05,0,5.2347155473158e-05,0,4.380548538315206e-05,0,0.00014514807844534516,0,4.419534161570482e-05,0
0,5,5.55462933636554e-05,0,0.0,0,4.754526344186161e-06,0,2.150727144498889e-05,0,3.2102704736545346e-08,0,5.447589046525536e-06,0,1.2981662621314172e-05,0
0,5,0.6553947848701208,0,0.0,0,5.794481694465503e-05,0,0.00012267880704092097,0,0.008941341275237056,0,0.008316228166222572,0,0.0065076942555606365,0
0,3,0.00034696189618895075,0,0.0,0,2.676699978110264e-06,0,2.480421211343074e-05,0,7.620421506616783e-08,0,1.0741270671132952e-05,0,1.3995728295412846e-05,0
0,5,0.06993997970201382,0,0.01,0,1.7538597603561357e-05,0,3.689554918626609e-05,0,5.964237091813163e-07,0,4.509771315497346e-05,0,5.998980486765504e-05,0
0,3,0.01564710790360003,0,0.01,0,2.0436040358617902e-05,0,3.464911532407493e-05,0,5.146724652192158e-05,0,0.0004609930911101401,0,0.0009464540053158998,0
0,4,5.005034258691652e-05,0,0.0,0,5.8589586842572317e-05,0,9.466158655576779e-05,0,2.4778197726246215e-06,0,0.003943872172385454,0,0.009314799681305885,0
0,5,0.005206277775056962,0,0.0,0,1.0764417311293073e-05,0,2.0637384019461693e-05,0,9.92331239582097e-07,0,0.0003455724800005555,0,0.0006155476439744234,0
0,2,2.7761532088650766e-05,0,0.0,0,4.512795931077562e-05,0,2.1169114248765572e-05,0,4.3593849601886477e-07,0,9.20948605198646e-06,0,1.4904731870046817e-05,0
0,4,6.7574904833197215e-06,0,0.0,0,2.635440068843309e-05,0,2.5194031214064763e-05,0,1.902422254723497e-07,0,8.2081496657338e-06,0,1.4815640497545246e-05,0
0,2,0.0002567710745044511,0,0.0,0,5.5950724345166236e-05,0,2.4106668890684387e-05,0,1.2797540762031672e-05,0,0.00010817664588103071,0,0.00012532633263617754,0
0,4,0.24190496794734245,0,0.02,0,0.0014349300181493163,0,0.0002861233082128729,0,0.004266074787630338,0,0.0029793281573802233,0,0.02914813719689846,0
0,5,4.3551403534203945e-06,0,0.0,0,2.2937063477002084e-05,0,2.532244837419426e-05,0,9.817923936355398e-08,0,2.696536284929607e-05,0,2.2095020540291443e-05,0
0,1,3.825027687930137e-05,0,0.0,0,0.00017525695147924125,0,3.3992841812812094e-05,0,1.760946774955302e-05,0,0.00013246978051029146,0,6.68638022034429e-05,0
0,3,0.9847504235566364,1,0.0,0,5.626812708214857e-05,0,2.769854953062219e-05,0,5.293300775405645e-05,0,0.00550874276086688,0,0.004460291471332312,0
0,3,8.291542743888037e-08,0,0.01,0,7.004635699559003e-05,0,3.977574406223775e-05,0,5.472765910058379e-07,0,7.119439396774396e-05,0,7.174047641456127e-05,0
0,4,2.1001196972518168e-06,0,0.0,0,4.266393261787016e-06,0,2.5386077749145955e-05,0,1.1497323703381467e-08,0,1.045518547471147e-05,0,1.3830087482347153e-05,0
0,1,0.009858021149193513,0,0.01,0,3.633989399531856e-05,0,6.692164954592546e-05,0,0.00034601598618768715,0,7.335008558584377e-05,0,0.0002650959650054574,0
0,2,0.0005920064298761436,0,0.04,0,5.201690873946063e-05,0,2.7883137876868712e-05,0,1.8430813157556532e-06,0,0.0008551084320060909,0,0.0006200110074132681,0
0,5,0.13456678255259255,0,0.02,0,7.828149682609364e-05,0,8.424580683568852e-05,0,0.001963385475381795,0,0.0013423229102045298,0,0.0038141333498060703,0
0,5,1.3067915551939704e-06,0,0.0,0,6.823429430369288e-05,0,2.5110237966059406e-05,0,1.0223402778819014e-07,0,5.745810994994827e-06,0,1.2981662621314172e-05,0
0,3,0.1702475147849201,0,0.01,0,0.00047177955275401473,0,6.156183290397476e-05,0,6.60721908355768e-05,0,0.004555427469313145,0,0.0031468800734728575,0
0,3,0.0014285621570477663,0,0.01,0,1.434514888387639e-05,0,2.1041471445263095e-05,0,1.7680190345099024e-05,0,0.0002018081722781062,0,0.0003105856594629586,0
0,5,0.7664557729927352,0,0.01,0,1.9427108782110736e-05,0,6.296609026732101e-05,0,0.00211243111674763,0,0.002938741585239768,0,0.0026334666181355715,0
0,5,0.0008428945591045506,0,0.0,0,8.182945521184593e-07,0,2.1327755798502882e-05,0,2.5687260283936085e-08,0,1.0302946975571103e-05,0,1.717956729407888e-05,0
0,4,0.6673762264685348,0,0.03,0,0.0007451965939253569,0,0.0007975982275995802,0,0.0072081933850683955,0,0.010453160852193832,0,0.008703533560037613,0
0,2,0.00010896852235283044,0,0.0,0,1.4018436559126712e-05,0,2.1149313097618036e-05,0,1.2492221880513423e-07,0,1.2040890396747272e-05,0,1.7597863916307688e-05,0
0,1,0.0012822692450988476,0,0.05,0,0.0004083596868440509,0,4.300932044087907e-05,0,0.00012798136487253818,0,0.004434203263372183,0,0.0057146199978888035,0
0,4,0.0010913277151513466,0,0.03,0,5.427399082691409e-05,0,0.0006225365077999978,0,2.7549442280791956e-05,0,0.019332513213157654,0,0.05664443597197533,0
0,5,0.0008813082833179322,0,0.0,0,4.9732698244042695e-05,0,2.1583166432966543e-05,0,1.0859883284059704e-07,0,1.8300166630069725e-05,0,1.594487730471883e-05,0
0,4,6.970534151631479e-05,0,0.0,0,4.354333668743493e-06,0,2.0131874062820522e-05,0,1.9149287738885547e-06,0,1.5031160728540272e-05,0,2.4363695047213696e-05,0
0,2,0.9832066343588723,1,0.05,0,0.00060013442998752,0,8.175567180184314e-05,0,0.00012904934252002436,0,0.02825985476374626,0,0.07444621622562408,0
0,2,2.0292716963859303e-05,0,0.02,0,2.184176628361456e-05,0,2.0165292920592283e-05,0,1.8660865684990623e-06,0,4.221464041620493e-05,0,7.635743531864136e-05,0
0,1,7.036893095829886e-06,0,0.0,0,1.427580718882382e-05,0,3.0367587773225083e-05,0,1.1681919612875305e-06,0,1.2460282960091718e-05,0,1.6126054106280208e-05,0
0,2,0.001536159041374742,0,0.03,0,4.3716150685213506e-05,0,3.0046668335457215e-05,0,0.0015888346618112834,0,0.000856348080560565,0,0.004339698702096939,0
0,5,1.6354915952077045e-06,0,0.0,0,1.163706838269718e-05,0,2.1507023608869785e-05,0,7.347077901624576e-08,0,9.147562195721548e-06,0,1.494869138696231e-05,0
0,1,0.000971323176432087,0,0.01,0,8.02356080384925e-05,0,9.103082752570035e-05,0,1.1982987554650787e-05,0,0.00034639021032489836,0,0.000469918450107798,0
0,3,0.00046178129413978813,0,0.0,0,0.0001487225672462955,0,0.00011409862600773251,0,0.0006342762806860489,0,0.002720615128055215,0,0.0014526178129017353,0
0,3,7.537791133863495e-05,0,0.01,0,0.0001641100097913295,0,5.194393311039913e-05,0,6.196893698710098e-06,0,0.0009449560311622918,0,0.0006263926043175161,0
0,4,0.0037794405249583687,0,0.01,0,3.7266427170834504e-06,0,2.8637821041331284e-05,0,3.132581960174163e-06,0,0.0001570332533447072,0,9.973897249437869e-05,0
0,4,0.00037179725732242844,0,0.02,0,0.00013335488620214164,0,2.0796738043496498e-05,0,6.5251358954896535e-06,0,5.903370038140565e-05,0,6.35006363154389e-05,0
0,4,0.8320064276432161,0,0.05,0,0.00020215875701978803,0,2.6069688363765752e-05,0,0.0002422255328834281,0,0.00159823102876544,0,0.012724724598228931,0
0,1,0.010794840512376811,0,0.0,0,5.737943865824491e-05,0,3.489396064102133e-05,0,0.00027359395230067997,0,0.0003394396626390517,0,0.0017712378175929189,0
0,5,0.05038342681197399,0,0.02,0,0.0002449020103085786,0,2.4707096496561856e-05,0,4.6966010461785526e-07,0,5.2520419558277354e-05,0,7.474590529454872e-05,0
0,2,1.4779524345427928e-06,0,0.0,0,1.979210310310009e-06,0,2.117289256201943e-05,0,4.2847253447955006e-08,0,7.141082278394606e-06,0,1.3073276022623759e-05,0
0,5,0.8950402561065721,0,0.02,0,9.408397454535589e-05,0,3.6806594193755166e-05,0,0.0004901541977115386,0,0.004679056350141764,0,0.007018511649221182,0
0,4,5.1829551193594525e-05,0,0.0,0,0.00016479981422889978,0,2.503151283150009e-05,0,1.4754700787213832e-05,0,0.00046873220708221197,0,3.602366996346973e-05,0
0,4,0.0005172501470930051,0,0.0,0,1.820188481360674e-05,0,2.540341279781229e-05,0,1.5981609825487306e-08,0,9.40107292990433e-06,0,1.6276784663205035e-05,0
0,2,0.7726195492059068,0,0.0,0,0.00013258133549243212,0,3.4171290898321445e-05,0,3.7039449214068706e-06,0,0.00016443269851151854,0,0.0002865218266379088,0
0,4,6.449566206419497e-05,0,0.0,0,1.308375158259878e-05,0,4.173052743826892e-05,0,6.843188259346204e-06,0,2.289783878950402e-05,0,2.5433426344534382e-05,0
0,1,0.23668971970425984,0,0.04,0,0.0005671032704412937,0,0.0003703110802903258,0,0.0014421786929004077,0,0.017944153398275375,0,0.012992709875106812,0
0,1,0.05512349790939471,0,0.0,0,4.591028755385196e-06,0,3.5559745328048075e-05,0,8.123926469629001e-06,0,0.0002171666856156662,0,0.0012541261967271566,0
0,1,0.0027009599420909952,0,0.01,0,6.93451875122264e-05,0,4.9622349015447816e-05,0,0.0009153093535887388,0,0.00030094251269474626,0,0.0002766991383396089,0
0,2,0.04001973937775751,0,0.0,0,0.00022775451361667365,0,0.0005099561809380721,0,0.0030671781781496906,0,0.00692109065130353,0,0.0026603981386870146,0
0,4,0.14802501123468817,0,0.01,0,2.6237441488774493e-05,0,9.254141442876944e-05,0,4.808092618870688e-05,0,0.0013547015842050314,0,0.0012264458928257227,0
0,3,0.020149358597544565,0,0.0,0,1.1799633284681477e-05,0,3.59805801653959e-05,0,0.0002683258833247329,0,0.0009935249108821154,0,0.0016379256267100573,0
0,2,0.999075218221563,1,0.01,0,0.00015657558105885983,0,0.0002356861928474316,0,0.0014523543484464248,0,0.015176155604422092,0,0.013339887373149395,0
0,3,0.00019237581566596652,0,0.0,0,6.672860763501376e-05,0,2.4642324459717983e-05,0,2.0885919567425326e-06,0,0.00015094484842848033,0,0.00023103150306269526,0
0,2,0.000727123158159469,0,0.0,0,2.0243505787220784e-05,0,5.8280376767670805e-05,0,5.34889627467124e-07,0,3.78159929823596e-05,0,5.2155653975205496e-05,0
0,3,2.8979146239442986e-06,0,0.0,0,5.741500444855774e-06,0,2.139655940107217e-05,0,6.778937414097852e-07,0,2.3751714252284728e-05,0,2.0329554899944924e-05,0
0,1,0.4730124217756441,0,0.0,0,0.0001366373326163739,0,3.46337994733218e-05,0,0.0003445935905439318,0,0.004742973018437624,0,0.004743431694805622,0
0,4,7.137016663103904e-06,0,0.0,0,4.957426881446736e-06,0,2.132836923867351e-05,0,2.990714394844252e-08,0,6.057778591639362e-06,0,1.3094722817186266e-05,0
0,2,1.2409702836431994e-05,0,0.0,0,8.007769065443426e-05,0,5.8700348992007016e-05,0,1.6643939317365703e-08,0,9.854480595095083e-06,0,1.5097431059984956e-05,0
0,1,0.01414768675575679,0,0.0,0,3.530133471940644e-05,0,3.733617314600944e-05,0,1.9204205744609783e-05,0,0.001865313621237874,0,0.0002978396660182625,0
0,4,9.94230264117549e-06,0,0.0,0,8.247285586548969e-05,0,3.0172887180451674e-05,0,8.441653843626778e-06,0,2.435039095871616e-05,0,2.2845402781968005e-05,0
0,1,0.13068904118323912,0,0.0,0,2.348263706153375e-06,0,2.2860269874943246e-05,0,6.188437807825159e-06,0,0.00023533553758170456,0,0.00026652286760509014,0
0,2,5.355208767002801e-05,0,0.0,0,1.261330908164382e-05,0,2.833153131518459e-05,0,0.00041475615646747934,0,0.001087269512936473,0,0.001099098357371986,0
0,4,0.00214643834132843,0,0.0,0,0.0003563477366697043,0,6.42168986380471e-05,0,5.616824693810138e-05,0,0.01829281449317932,0,0.0180144514888525,0
0,5,0.8774973606543057,0,0.01,0,0.00013813759142067283,0,5.116392985476122e-05,0,0.0018727941259247477,0,0.020556816831231117,0,0.014959907159209251,0
0,4,0.0034845527430509026,0,0.0,0,7.380273746093735e-05,0,0.00011367315337365494,0,1.4191265367719783e-05,0,0.00035453931195661426,0,0.0004986666026525199,0
0,2,0.00786160460562318,0,0.0,0,1.783916559361387e-05,0,1.9902481050422844e-05,0,0.00015257252684317156,0,0.00041127915028482676,0,0.0018649226985871792,0
0,1,7.853441322068652e-09,0,0.0,0,2.497099558240734e-06,0,4.732394252815384e-05,0,1.0544136964053284e-07,0,1.4190739420882892e-05,0,1.6949330529314466e-05,0
0,5,0.0006821672256545514,0,0.02,0,8.296696614706889e-05,0,8.981000225712e-05,0,0.0004505489586306459,0,0.0009864247404038906,0,0.001092576771043241,0
0,1,0.051407557248366265,0,0.0,0,4.521708979154937e-05,0,1.9827826111606994e-05,0,0.0001319912602538504,0,0.0011918196687474847,0,0.0063196225091814995,0
0,5,0.3989075887720704,0,0.03,0,0.0007246938184835017,0,6.607012127839227e-05,0,0.00031969425414603693,0,0.0020199615973979235,0,0.0066797067411243916,0
0,5,0.001976212700272321,0,0.01,0,9.094098459172528e-06,0,2.1397313903386945e-05,0,1.0650585176584963e-06,0,0.000216352054849267,0,0.00012354417413007468,0
0,2,0.0005858096209892105,0,0.0,0,2.036448677245062e-05,0,2.4965586264560365e-05,0,2.3131054847812907e-08,0,1.1238846127525903e-05,0,1.3412752196018118e-05,0
0,5,8.281471521237417e-07,0,0.01,0,8.708334462426137e-06,0,3.2848348826681415e-05,0,1.2808678061989569e-05,0,0.00035416908212937415,0,0.00011656058632070199,0
0,5,0.08157999717381019,0,0.01,0,0.00022241062833927572,0,4.8451639353397144e-05,0,4.890758119719396e-06,0,0.0025536559987813234,0,0.0005671948310919106,0
0,1,0.0035878916460479323,0,0.0,0,8.513442298863083e-05,0,8.372293665112723e-05,0,0.00020341816807448992,0,0.0005102566792629659,0,0.0003678696812130511,0
0,3,1.2787932564891032e-05,0,0.0,0,4.568210351862945e-05,0,2.512901764951285e-05,0,9.618176361433134e-07,0,3.244569234084338e-05,0,5.2843413868686184e-05,0
0,4,0.8983633319950647,0,0.06,0,0.00017849003779701889,0,0.0012111222309004312,0,0.0023127918781365307,0,0.014827456325292587,0,0.014334006235003471,0
0,2,0.0003769734083152311,0,0.0,0,8.521922427462414e-05,0,2.433079345982343e-05,0,2.7004977307052484e-06,0,4.9114438297692686e-05,0,0.00012982275802642107,0
0,3,6.079207454799638e-06,0,0.0,0,5.665622666128911e-06,0,2.8689649751475933e-05,0,9.487348844546827e-08,0,1.2003139090666082e-05,0,1.460683506593341e-05,0
0,5,4.3792858389733643e-07,0,0.0,0,5.228745794738643e-05,0,3.121841559950479e-05,0,1.0344895234044085e-06,0,2.7445083105703816e-05,0,1.942019662237726e-05,0
0,1,0.6023917285223198,0,0.0,0,1.541893470857758e-05,0,3.449014950119829e-05,0,0.0001322390644729634,0,0.0008059089304879308,0,0.0021448503248393536,0
0,1,0.00011822982095570437,0,0.01,0,2.5597179046599194e-05,0,3.6634460303736115e-05,0,1.8851737455174603e-05,0,0.0007138092769309878,0,0.004925170913338661,0
0,3,0.0051529613702516516,0,0.0,0,5.915487417951226e-05,0,2.8235587929305978e-05,0,3.977144967267186e-06,0,0.0003859813150484115,0,0.00010140278027392924,0
0,3,0.008964003795690092,0,0.03,0,0.000533800688572228,0,4.360334426568725e-05,0,2.0105076958781834e-05,0,0.00018625745724420995,0,0.000663778861053288,0
0,5,0.8947813365167829,0,0.0,0,7.09273517713882e-05,0,2.5612486893327835e-05,0,5.52647522726879e-05,0,0.005835860501974821,0,0.0023776546586304903,0
0,5,1.061684972269927e-05,0,0.0,0,0.00045199625310488045,0,3.70515618928172e-05,0,7.237786422445848e-05,0,0.0008683858322910964,0,0.002299153245985508,0
0,4,0.0011593855383378582,0,0.0,0,4.369472662801854e-05,0,4.469688535902058e-05,0,0.00042340381387251445,0,0.0013017491437494755,0,0.002249564044177532,0
0,1,8.850411939707185e-05,0,0.01,0,0.00010102651140186936,0,2.9368017094568742e-05,0,2.850568852120265e-07,0,0.00010502738587092608,0,0.0001965871633728966,0
0,4,0.00030636251456398985,0,0.0,0,5.962060640740674e-06,0,1.883597702763177e-05,0,3.801627307300724e-06,0,5.035417780163698e-05,0,0.00026218194398097694,0
0,5,6.594308129832401e-07,0,0.01,0,0.00024039750860538334,0,4.151581076782958e-05,0,7.163468258878997e-06,0,0.00010547183046583086,0,9.211201540892944e-05,0
0,2,0.0007593505810267265,0,0.01,0,0.000211172184208408,0,8.809043339091954e-05,0,0.0006303279708753125,0,0.00013526937982533127,0,0.00037656089989468455,0
0,5,0.004442654075035003,0,0.0,0,1.488187444920186e-05,0,3.1782385230884425e-05,0,1.8018885216990942e-06,0,5.9732610679930076e-05,0,7.054574962239712e-05,0
0,4,0.007766983836992511,0,0.01,0,2.259716893604491e-05,0,2.3344779436064325e-05,0,0.00016742917728380883,0,0.0005647480138577521,0,0.002297242870554328,0
0,4,3.621001533706646e-05,0,0.0,0,6.479053990915418e-05,0,3.5780132276268646e-05,0,1.0537813491139604e-06,0,6.023370588081889e-05,0,3.450079748290591e-05,0
0,4,9.81605449248639e-05,0,0.0,0,1.98615157387394e-06,0,5.4360562422077824e-05,0,9.897124749043682e-05,0,0.00026403876836411655,0,0.0003782973508350551,0
0,4,5.909170931088521e-05,0,0.07,0,0.0004726263869088143,0,0.00038057978243921257,0,0.00040397043771125496,0,0.001187337446026504,0,0.00396745465695858,0
0,1,0.010555940374611147,0,0.01,0,2.3163240712165134e-06,0,2.1045134958835946e-05,0,8.746651234054475e-05,0,8.034796337597072e-05,0,7.110748265404254e-05,0
0,5,0.00025308525350100443,0,0.0,0,1.823293132474646e-05,0,3.5433587771888436e-05,0,2.5326367980961977e-05,0,0.0012582140043377876,0,0.00047219046973623335,0
0,3,6.726587730175818e-08,0,0.01,0,2.1870071577723138e-05,0,2.1391463893378317e-05,0,4.450910256123861e-07,0,9.531790965411346e-06,0,1.3057072465016972e-05,0
0,4,9.349821179171152e-05,0,0.01,0,9.053548637893982e-06,0,2.406258473349564e-05,0,2.411448217069595e-06,0,0.0002447499136906117,0,0.0006668746354989707,0
0,5,0.0027541052275616585,0,0.01,0,5.7897592341760173e-05,0,7.072348638157254e-05,0,0.00013848857365834246,0,0.0007321762968786061,0,0.0010591006139293313,0
0,1,2.20022371758527e-07,0,0.0,0,1.81990685632627e-06,0,2.1048879454270936e-05,0,3.3867365097645536e-09,0,3.5692264646058902e-06,0,1.2981662621314172e-05,0
0,5,0.13897054592174587,0,0.0,0,0.00014348489639814943,0,6.95441027776626e-05,0,1.0876904519431745e-06,0,0.00013843519263900816,0,0.00018432902288623154,0
0,5,2.903075663903888e-06,0,0.0,0,9.368950850330293e-05,0,4.292624221320355e-05,0,1.1570811121903472e-07,0,6.89965054334607e-06,0,1.3720328752242494e-05,0
0,4,0.13926414226370218,0,0.0,0,0.00022538646589964628,0,4.7545438935701763e-05,0,5.007035604639734e-05,0,0.0003521495673339814,0,0.0006422231672331691,0
0,4,0.00041735979294515166,0,0.01,0,4.188360981061123e-05,0,6.926393935130771e-05,0,4.8977367585981566e-05,0,0.0008551853825338185,0,0.0001741602027323097,0
0,4,0.06084599352684885,0,0.01,0,0.0002986441249959171,0,0.0002540304306585117,0,1.8225404133548857e-05,0,0.003733151825144887,0,0.0316338911652565,0
0,4,0.002433322300125249,0,0.0,0,2.104317354678642e-05,0,3.379589867847715e-05,0,6.151654359987472e-06,0,0.00010253243090119213,0,5.510959090315737e-05,0
0,2,0.1260693038345698,0,0.01,0,0.00023226237681228667,0,0.00013354524369209704,0,0.0032240920510578984,0,0.0025008805096149445,0,0.002329187234863639,0
0,2,9.931660974977925e-06,0,0.0,0,9.5985276857391e-05,0,3.0259451095573838e-05,0,2.343603189363574e-07,0,0.00014858598296996206,0,0.0005350640858523548,0
0,1,4.338369851711144e-06,0,0.01,0,7.957065827213228e-05,0,2.2688586766176263e-05,0,7.515302800809692e-07,0,8.150299436238129e-06,0,2.2914970031706616e-05,0
0,5,0.0004894465111931026,0,0.02,0,0.00010491367720533162,0,4.0368587016129225e-05,0,3.2419214290883535e-06,0,0.0003676953783724457,0,0.0006234016036614776,0
0,1,0.0004575370219795411,0,0.02,0,7.2291491960641e-05,0,3.885179625633131e-05,0,0.00024726077151268096,0,0.001858818344771862,0,0.0007985600968822837,0
0,4,0.008480028212035773,0,0.0,0,1.3183223018131685e-05,0,3.685987911650775e-05,0,5.232819985108553e-06,0,8.972030627774075e-05,0,6.176928582135588e-05,0
0,3,0.05358802655499862,0,0.0,0,0.00013275515811983496,0,2.3748089779470225e-05,0,2.4311713781013617e-06,0,0.00015136152796912938,0,0.00017292103439103812,0
0,3,3.2240476546914156e-05,0,0.0,0,2.7935609978158027e-05,0,2.9679888619548762e-05,0,2.3632942517244588e-07,0,4.5491316996049136e-05,0,9.371697524329647e-05,0
0,1,2.6114940469016667e-07,0,0.01,0,0.0001795755815692246,0,3.0422569097899412e-05,0,7.759312428711755e-07,0,8.399347279919311e-05,0,0.0001638439134694636,0
0,5,1.7695559072398228e-06,0,0.0,0,1.2940305168740451e-05,0,2.150795139993031e-05,0,3.1976457813638986e-07,0,4.70821851195069e-06,0,1.2981662621314172e-05,0
0,2,0.012839915872025598,0,0.0,0,7.183157322288025e-06,0,2.394910793585787e-05,0,2.716615492056433e-06,0,0.00026211905060335994,0,9.59227400016971e-05,0
0,5,4.020256231434381e-05,0,0.0,0,5.991425950924167e-06,0,2.159059196909246e-05,0,1.1459677135138842e-07,0,6.4661762735340744e-06,0,1.30624730445561e-05,0
0,3,3.928598767132038e-06,0,0.0,0,5.399007932282984e-05,0,2.1201899418949047e-05,0,4.5990995022894647e-07,0,9.38075845624553e-06,0,1.4665789421997033e-05,0
0,1,0.0008791116262707481,0,0.03,0,0.0009318676311522722,0,0.0001586177946793762,0,0.005076518477338186,0,0.006257322151213884,0,0.008558269590139389,0
0,3,1.8924485634871174e-06,0,0.0,0,3.867640771204606e-05,0,2.1119610074228978e-05,0,1.4801402215959238e-07,0,2.491773193469271e-05,0,3.5064447729382664e-05,0
0,1,8.574973189083422e-06,0,0.0,0,2.252820195280947e-06,0,2.1042621416973955e-05,0,6.719476871574726e-07,0,2.8802936867577955e-05,0,5.0746853958116844e-05,0
0,1,0.0004606868147767092,0,0.0,0,0.0012456552358344197,0,0.00029569347663243066,0,5.3512010583990104e-05,0,0.0029317163862288,0,0.0017908127047121525,0
0,3,2.941680485477135e-08,0,0.0,0,3.2104921956488397e-06,0,2.1302622138265747e-05,0,6.189390589236197e-08,0,1.8117701984010637e-05,0,1.8679584172787145e-05,0
0,2,1.095065226967758e-06,0,0.0,0,7.18367800800479e-06,0,2.1116863502732455e-05,0,1.2293052251972662e-07,0,8.596451152698137e-06,0,1.319528109888779e-05,0
0,4,0.0009463074249672803,0,0.01,0,0.00014460321108344942,0,3.875335040731282e-05,0,0.00040908616477910135,0,0.0004813148407265544,0,0.0002721461351029575,0
0,2,0.02352109108479472,0,0.0,0,1.3047542779531796e-05,0,4.3028736295582754e-05,0,0.00033891798665582236,0,0.0005876487120985985,0,0.001681764842942357,0
0,5,0.028480600288582205,0,0.0,0,4.62043026345782e-05,0,4.517914289602496e-05,0,0.00323142301090625,0,0.00015636938042007387,0,0.00033180578611791134,0
0,4,0.0010291255528481244,0,0.02,0,1.5220332898024935e-05,0,2.9513259972835723e-05,0,1.7453123838280685e-05,0,0.0012350121978670359,0,0.0012441638391464949,0
0,5,0.002840856415163878,0,0.0,0,5.9194488130742684e-05,0,2.124733469479285e-05,0,2.3069935281685802e-06,0,7.631071639480069e-05,0,0.00015627179527655244,0
0,4,0.004807614801924194,0,0.0,0,4.2561208829283714e-05,0,2.720465006731246e-05,0,0.00012319105106038084,0,0.00012635377061087638,0,0.00015195918967947364,0
0,4,6.6555014665367395e-06,0,0.05,0,0.0004346666974015534,0,0.0002195174755576669,0,0.00034790450391359765,0,0.002132231369614601,0,0.0008564000600017607,0
0,5,3.2703203460816285e-05,0,0.0,0,0.0005285156657919288,0,6.624033545254202e-05,0,6.938254214891271e-07,0,2.8699852919089608e-05,0,1.6696065358701162e-05,0
0,2,0.00039946669098615324,0,0.01,0,5.637237336486578e-05,0,0.0001278044593353427,0,0.0004277642833720623,0,0.0024560282472521067,0,0.0020025335252285004,0
0,1,0.0011335363368166886,0,0.02,0,3.203834421583451e-05,0,0.00011903865091050474,0,1.1520937334326518e-05,0,0.000766175682656467,0,0.0033287829719483852,0
0,4,3.4883783504911766e-06,0,0.01,0,6.327155006147223e-06,0,2.131989205868927e-05,0,2.710026519946534e-07,0,4.979583991371328e-06,0,1.3035491065238602e-05,0
0,4,1.0340184363949852e-05,0,0.0,0,1.7755151930032298e-05,0,3.203862680587282e-05,0,7.123988142685845e-07,0,5.643890835926868e-05,0,8.831080049276352e-05,0
0,2,1.023840609261158e-05,0,0.0,0,1.2884841453342233e-05,0,2.115864264619007e-05,0,2.494130502582967e-07,0,7.456933872163063e-06,0,1.3105726793583017e-05,0
0,2,9.462946183149309e-06,0,0.0,0,4.501028888626024e-05,0,3.532471442570236e-05,0,3.3542381977543575e-07,0,8.312418685818557e-06,0,1.8203365470981225e-05,0
0,4,0.9625961502237295,0,0.06,0,0.013660279102623463,0,0.0009007397538406008,0,0.16422243450610852,1,0.060470372438430786,0,0.0651199221611023,0
0,1,2.634295718900828e-07,0,0.0,0,1.939058620337164e-06,0,2.4835041213929112e-05,0,6.976528969376128e-09,0,7.6270252975518815e-06,0,1.587835868122056e-05,0
0,1,0.033694278509331384,0,0.0,0,3.345273216837086e-05,0,6.155463606737814e-05,0,9.383908632839588e-05,0,0.000602436251938343,0,0.0005921749398112297,0
0,5,0.0004583912189344984,0,0.0,0,0.00019310266361571848,0,2.5751820388912597e-05,0,2.2062968731785606e-07,0,9.05363958736416e-06,0,1.4042308976058848e-05,0
0,2,0.000633921058731044,0,0.0,0,9.503997716819867e-05,0,2.3514672531781593e-05,0,8.091635800612692e-07,0,3.720540917129256e-05,0,9.088814840652049e-05,0
0,2,0.002715646284187631,0,0.0,0,1.2246117876202334e-05,0,2.036508315647368e-05,0,9.865061709702123e-06,0,5.139618951943703e-05,0,3.46408378391061e-05,0
0,2,0.004806648438384157,0,0.0,0,4.14733549405355e-05,0,2.3826787665554375e-05,0,4.426143769929277e-05,0,4.106240885448642e-05,0,5.718512329622172e-05,0
0,1,9.05974018732347e-06,0,0.0,0,5.279818651615642e-05,0,2.2998667779099797e-05,0,1.5329737018534505e-05,0,3.064953489229083e-05,0,0.00012981452164240181,0
0,4,8.358695173276485e-05,0,0.01,0,0.00033356770290993154,0,2.7841164105937955e-05,0,1.7359424271094857e-05,0,1.3140145711076912e-05,0,1.6700365449651144e-05,0
0,1,1.544779982473179e-05,0,0.02,0,0.00019794682157225907,0,4.476415290930342e-05,0,8.636826888595426e-07,0,4.878153413301334e-05,0,0.0002899356768466532,0
0,3,0.00023574671154076373,0,0.01,0,3.1872643830865854e-06,0,2.1310278922570544e-05,0,9.248813124134428e-07,0,4.347454523667693e-05,0,8.530507329851389e-05,0
0,2,1.532024744249474e-05,0,0.0,0,3.452915188972838e-05,0,2.5108809139954353e-05,0,1.4512836006329439e-06,0,1.672970574873034e-05,0,4.1627296013757586e-05,0
0,3,6.728968054258714e-08,0,0.02,0,2.1764833945780993e-05,0,2.5513635562319436e-05,0,1.259832511223586e-06,0,0.00018141884356737137,0,9.642369695939124e-05,0
0,1,0.30357507408222256,0,0.03,0,0.004958747886121273,0,4.8793314495637844e-05,0,0.0068461717772714745,0,0.010050232522189617,0,0.014220081269741058,0
0,5,0.0008614327839654686,0,0.0,0,4.557108695735224e-06,0,2.1130280070285966e-05,0,2.8629450104242595e-06,0,3.136730083497241e-05,0,3.467757778707892e-05,0
0,4,0.0003671753178139641,0,0.0,0,4.449407060747035e-05,0,3.851255913500761e-05,0,0.0003341657850419867,0,0.00042377831414341927,0,0.0009186299866996706,0
0,2,0.0011099803597689924,0,0.03,0,1.6745007087592967e-05,0,2.8476090030708467e-05,0,6.1078610339589785e-06,0,0.0007320056320168078,0,0.0005964823067188263,0
0,2,0.0010996974499548474,0,0.0,0,1.0197948540735524e-05,0,3.8930204569158056e-05,0,2.7253023176365735e-05,0,0.00045809836592525244,0,0.00042572792153805494,0
0,2,6.34622716088192e-06,0,0.0,0,2.2115480533102527e-05,0,2.4175770741877725e-05,0,1.4166613669720159e-05,0,0.00030603466439060867,0,0.0008016194915398955,0
0,1,9.882911605944768e-05,0,0.0,0,1.3164967640477698e-06,0,2.091720460008368e-05,0,2.5206527067770774e-06,0,2.6713203624240123e-05,0,0.00012942803732585162,0
0,3,0.0006987820281854896,0,0.01,0,0.00039884939906187356,0,5.381238933428527e-05,0,7.750425912827845e-05,0,0.001420569489710033,0,0.0019826714415103197,0
0,1,0.012707053666920803,0,0.0,0,0.00024348018632736057,0,2.8383483824313715e-05,0,5.549193022932353e-07,0,7.715557876508683e-05,0,0.0003229779831599444,0
0,3,7.532867145986596e-09,0,0.0,0,3.4950965073221596e-06,0,2.1312110289818265e-05,0,2.7159339266513207e-08,0,1.0222089258604683e-05,0,1.3279804988997057e-05,0
0,3,1.1918996526898598e-05,0,0.0,0,1.4170333997753914e-05,0,2.1518038894732083e-05,0,2.7809672135113867e-07,0,9.661061994847842e-06,0,1.3441574992612004e-05,0
0,2,0.0216475743956364,0,0.02,0,7.911941065685824e-05,0,1.911883873794959e-05,0,1.008519836244124e-05,0,0.00016686340677551925,0,0.0001473717566113919,0
0,2,0.28893721326791955,0,0.0,0,0.00011535454541444778,0,2.376216363857166e-05,0,5.503763936426439e-06,0,0.0012505315244197845,0,0.0010576568311080337,0
0,2,0.018108357939667336,0,0.01,0,0.00011676135181915015,0,3.2856593818239696e-05,0,0.0015669118753787261,0,0.0015691902954131365,0,0.0013378054136410356,0
0,4,1.1367946866202053e-08,0,0.0,0,4.320455263950862e-05,0,3.014369468267503e-05,0,3.667450486185468e-08,0,8.18847183836624e-06,0,1.5109194464457687e-05,0
0,1,0.0020490553919177766,0,0.0,0,0.00017904178821481764,0,2.4718705744826982e-05,0,1.065522436031604e-05,0,0.0005106136086396873,0,0.000401264987885952,0
0,1,0.17876136636014317,0,0.03,0,0.001216877019032836,0,0.00014228139091354428,0,0.002632085752396489,0,0.00829333160072565,0,0.008262086659669876,0
0,5,0.0003630034542217374,0,0.0,0,1.593245724507142e-05,0,3.6643934383134825e-05,0,6.300563730867871e-06,0,0.0001292313972953707,0,0.00011854683543788269,0
0,1,0.0011554260860439924,0,0.01,0,4.562759568216279e-05,0,0.00012460043476256551,0,9.073721537331834e-05,0,7.906085374997929e-05,0,0.0005091717466711998,0
0,2,9.65305031634268e-07,0,0.01,0,3.191411087755114e-05,0,2.839293915256038e-05,0,5.327148106964808e-06,0,1.756492019922007e-05,0,2.612529533507768e-05,0
0,5,4.589647354032595e-06,0,0.0,0,2.6142604838241823e-05,0,2.1513602738516665e-05,0,7.440259325983342e-08,0,6.961170583963394e-06,0,1.2981662621314172e-05,0
0,3,4.2572454170795113e-07,0,0.01,0,4.414496652316302e-05,0,6.483897370278243e-05,0,4.292191931843621e-06,0,0.0002828786091413349,0,0.00017914152704179287,0
0,5,3.91415345943467e-06,0,0.0,0,2.766516263363883e-05,0,2.5405103956082747e-05,0,1.7931799627220886e-07,0,4.901457032246981e-06,0,1.2981662621314172e-05,0
0,5,0.0008618557754556636,0,0.0,0,8.850076847011223e-05,0,2.4045483341557487e-05,0,7.016109023664563e-07,0,3.2698029826860875e-05,0,4.430048284120858e-05,0
0,1,0.014215370475005824,0,0.0,0,7.284856837941334e-05,0,2.5019621310184567e-05,0,0.00010474267339860372,0,0.00030757085187360644,0,0.00020211258379276842,0
0,3,3.447953605011812e-07,0,0.0,0,2.645091080921702e-05,0,2.1015481903130845e-05,0,1.9167448765360696e-05,0,0.00019384131883271039,0,0.00012987265654373914,0
0,2,1.2302736463895687e-07,0,0.01,0,2.4062142983893864e-05,0,2.117220553502171e-05,0,5.1160739399224485e-08,0,8.224038538173772e-06,0,1.3728392332268413e-05,0
0,4,0.9880970281854417,1,0.06,0,0.07946611940860748,0,0.08612627026279797,1,0.5534875812523203,1,0.08730586618185043,0,0.06209925562143326,0
0,1,0.001403371903279295,0,0.01,0,6.35241303825751e-05,0,2.7531099490358048e-05,0,2.8504530979197444e-06,0,0.000197501722141169,0,0.00016678472456987947,0
0,5,0.05427245759830734,0,0.0,0,0.00013539614155888557,0,3.04912599324988e-05,0,1.3036891300516953e-06,0,0.00016402368783019483,0,0.00037335127126425505,0
0,4,0.08306983210580399,0,0.02,0,9.729367775435094e-06,0,2.6196706078391503e-05,0,5.154498369436029e-05,0,0.0004041511856485158,0,0.0009093901608139277,0
0,5,0.9239469834632152,0,0.02,0,2.6639097995939665e-05,0,8.893148735103028e-05,0,9.067252249468273e-05,0,0.0014305440708994865,0,0.01565932296216488,0
0,3,0.9891602244772467,1,0.0,0,0.0007610084721818566,0,0.0004451390866313231,0,0.000742916017139865,0,0.02359231933951378,0,0.057805344462394714,0
0,2,0.026304617756086855,0,0.01,0,0.002225282369181514,0,0.0004136683849453215,0,0.01772298428480646,0,0.006979170721024275,0,0.008612522855401039,0
0,1,0.025827617335301763,0,0.0,0,0.00015103776240721345,0,0.00024663360008225874,0,9.208016588461963e-05,0,0.017470555379986763,0,0.0025838136207312346,0
0,1,1.3180244877680336e-05,0,0.0,0,1.3016274351684842e-05,0,2.3943023002355128e-05,0,8.431284886986866e-06,0,0.001041215262375772,0,0.0014292786363512278,0
0,4,1.923967927843031e-05,0,0.0,0,1.568194966239389e-05,0,0.00023224080996735524,0,2.5400125642688157e-06,0,0.0010854494757950306,0,0.0007840741309337318,0
0,4,0.63384863878032,0,0.03,0,0.0003684169496409595,0,0.0004286380451183344,0,0.0022745731908043088,0,0.012311938218772411,0,0.005608071573078632,0
0,1,6.335070982999834e-05,0,0.0,0,2.284936499563628e-06,0,2.876850122576281e-05,0,2.000077156074823e-05,0,4.234570951666683e-05,0,9.165488154394552e-05,0
0,4,0.07883187316815321,0,0.03,0,3.602978176786564e-05,0,7.417794075051115e-05,0,0.004139521522149105,0,0.010233740322291851,0,0.009936846792697906,0
0,4,0.7472233290719226,0,0.09,0,0.015451179817318916,0,0.00036512459250467595,0,0.1591817221632501,1,0.029732944443821907,0,0.00823190063238144,0
0,1,6.40303130295609e-05,0,0.0,0,6.914818641234888e-06,0,2.3018162842555598e-05,0,4.6085716195670655e-07,0,1.3855799807060976e-05,0,0.00013677803508471698,0
0,2,0.02048732055220391,0,0.0,0,2.1043335436843336e-05,0,3.4344917188571e-05,0,2.915595167219986e-05,0,7.25832287571393e-05,0,0.00023028400028124452,0
0,4,4.5196887126166864e-05,0,0.01,0,6.195571131684119e-06,0,4.0410484033647684e-05,0,4.4703338869805754e-07,0,1.0929007657978218e-05,0,3.444705725996755e-05,0
0,5,4.7844828569616096e-06,0,0.0,0,1.2501755918492563e-05,0,2.1412936841829232e-05,0,4.791733474234927e-07,0,1.0030769772129133e-05,0,1.3362721801968291e-05,0
0,3,0.002068031819250207,0,0.0,0,4.150516906520352e-05,0,2.6576136863170896e-05,0,1.9968635432327264e-06,0,0.00026250493829138577,0,0.00019624993728939444,0
0,2,0.0002679264153017153,0,0.0,0,0.0004361391474958509,0,1.9161001620951947e-05,0,2.9380934081016507e-05,0,0.00021432142239063978,0,0.00013470150588545948,0
0,3,3.395056059157176e-10,0,0.01,0,1.584543497301638e-05,0,2.499566170733e-05,0,3.8645461975642906e-07,0,1.8297412680112757e-05,0,1.3562095773522742e-05,0
0,3,2.3031720622190575e-05,0,0.0,0,3.2692705644876696e-06,0,2.1338326230168806e-05,0,6.248798006725908e-08,0,1.0407431545900181e-05,0,1.413110294379294e-05,0
0,2,0.000352544617098373,0,0.01,0,4.590561366057955e-05,0,3.3174735859115176e-05,0,1.6262531168159547e-05,0,2.4392802515649237e-05,0,3.775296136154793e-05,0
0,1,0.08854810291147738,0,0.0,0,1.4993258446338587e-05,0,2.0138229450345188e-05,0,5.217127521356952e-06,0,5.900610631215386e-05,0,0.000663411570712924,0
0,5,2.002902144349034e-07,0,0.0,0,2.2377169443643652e-05,0,2.5682859379045325e-05,0,8.879981122734591e-08,0,7.385646313196048e-06,0,1.2981662621314172e-05,0
0,1,1.0348743695447327e-06,0,0.0,0,1.8221822756459005e-05,0,2.1050121368835514e-05,0,4.964322076643705e-08,0,3.808673682215158e-06,0,1.3159949048713315e-05,0
0,1,0.00015178119590108304,0,0.0,0,3.411078068893403e-05,0,8.791326753103839e-05,0,0.00042210063594079787,0,0.00017536540690343827,0,0.0003562105412129313,0
0,4,0.04384920959275657,0,0.04,0,0.00017312598356511444,0,3.902383504904991e-05,0,2.2462567893694316e-05,0,0.002772078849375248,0,0.003184359520673752,0
0,3,0.08259638747421527,0,0.0,0,1.7732054402586073e-05,0,9.449423921525764e-05,0,3.189817676285868e-05,0,0.002783889649435878,0,0.0013497775653377175,0
0,5,0.2638757940222357,0,0.04,0,0.00018742353131528944,0,5.310883636211703e-05,0,0.002018816329653992,0,0.0006575669394806027,0,0.0007620244869031012,0
0,1,0.00012659467142620852,0,0.01,0,2.4644332370371558e-05,0,2.1050121368835514e-05,0,6.47902325224395e-08,0,5.606768809229834e-06,0,1.7001233572955243e-05,0
0,5,1.4280985433745374e-05,0,0.0,0,1.4224491678760387e-05,0,3.09541843442748e-05,0,1.314671689603643e-07,0,8.573037121095695e-06,0,1.3135529115970712e-05,0
0,4,0.26648113198249623,0,0.01,0,0.0015380417462438345,0,0.0003286300378949572,0,0.00032853679920846594,0,0.009694457054138184,0,0.031505972146987915,0
0,5,0.00026501382651384774,0,0.02,0,0.0005632583633996546,0,2.1434906473039746e-05,0,2.2566457196235552e-06,0,8.206500933738425e-05,0,4.701352372649126e-05,0
0,3,0.00034511712256027663,0,0.0,0,9.507035429123789e-06,0,8.153237388810675e-05,0,4.067236053612483e-06,0,0.0015004314482212067,0,0.0009337876690551639,0
0,4,0.6688529862780099,0,0.02,0,1.5509647710132413e-05,0,6.946580200894528e-05,0,0.00013782949888104028,0,0.004336893558502197,0,0.009980326518416405,0
0,3,0.057437263880034325,0,0.0,0,9.544431668473408e-05,0,2.4493823028996556e-05,0,9.980707747829707e-06,0,0.00019989018619526178,0,6.666046101599932e-05,0
0,3,0.002098491593487298,0,0.01,0,8.320496999658644e-05,0,3.059752114420613e-05,0,5.006940123041938e-06,0,0.0005334531306289136,0,0.0001988366129808128,0
0,4,0.7716333205451559,0,0.01,0,0.00023765770311001688,0,6.86323355738559e-05,0,0.0012751676529063922,0,0.0007803692715242505,0,0.0014505550498142838,0
0,5,0.001782788419140289,0,0.01,0,0.0005707850214093924,0,4.225322277857275e-05,0,3.5019221142458815e-05,0,0.0004026214010082185,0,0.0009247774141840637,0
0,1,0.002728935466202541,0,0.01,0,0.00043676741188392043,0,0.00024242799144725535,0,0.001347940400303199,0,0.001716721337288618,0,0.0019076853059232235,0
0,1,1.716968470577383e-05,0,0.0,0,2.1239586203591898e-05,0,0.00010302644206794634,0,1.8556728605439036e-07,0,7.249474947457202e-06,0,2.888468952733092e-05,0
0,2,0.0008083259859258345,0,0.0,0,1.2195292583783157e-05,0,2.387116402692127e-05,0,7.320877052905283e-06,0,0.00016709000919945538,0,0.0001711291552055627,0
0,1,2.87827658742618e-06,0,0.0,0,5.033065826864913e-05,0,2.1048002453827833e-05,0,1.3678789973233208e-07,0,2.0897590729873627e-05,0,5.1364222599659115e-05,0
0,3,0.0024178598075363118,0,0.0,0,0.0003080550814047456,0,2.4235687522122042e-05,0,2.3942862193712037e-05,0,0.0011402524542063475,0,0.0013556770281866193,0
0,5,1.68722934782013e-05,0,0.01,0,9.908732317853719e-05,0,8.442656143684097e-05,0,7.636011711390292e-08,0,0.00020858073548879474,0,0.00011060967517551035,0
0,2,0.0031812688205615264,0,0.0,0,6.601247878279537e-05,0,1.5355607076475242e-05,0,1.935410007517403e-07,0,0.0002775705070234835,0,0.0008325186790898442,0
0,5,4.7031534234671635e-05,0,0.02,0,3.0862243875162676e-05,0,3.531627543643941e-05,0,1.6691421616737647e-05,0,2.824928378686309e-05,0,0.00010858963651116937,0
0,5,4.672424865032273e-07,0,0.0,0,2.0187175323371775e-05,0,2.5706214929803583e-05,0,9.837649244258969e-07,0,1.1154321327921934e-05,0,1.4586415090889204e-05,0
0,2,0.0008469972706293738,0,0.0,0,3.302680124761537e-05,0,2.8322551609802104e-05,0,4.173755530781126e-06,0,0.0001385631039738655,0,0.00022486690431833267,0
0,3,0.02631597277535308,0,0.01,0,1.815729592635762e-05,0,5.20806665806646e-05,0,0.00043353590216988825,0,0.0020510877948254347,0,0.002423687605187297,0
0,5,0.00537889029254336,0,0.0,0,0.0006020728615112603,0,2.9164410138545004e-05,0,0.00023839713250930868,0,0.00015710416482761502,0,0.0007636980735696852,0
0,4,6.35292460759914e-05,0,0.0,0,1.0714446943893563e-05,0,0.0001245071875083537,0,1.0624314526216812e-05,0,0.0002885166904889047,0,0.0013031276175752282,0
0,4,1.4357103814685358e-06,0,0.0,0,0.0001022383221425116,0,3.9094092079769166e-05,0,1.3435673700434865e-05,0,2.561172004789114e-05,0,6.460917938966304e-05,0
0,5,0.0004752617566286887,0,0.0,0,2.3289063392439857e-05,0,3.610580641265821e-05,0,1.1015518413696764e-05,0,0.00020787760149687529,0,0.0003366102755535394,0
0,5,1.126360302527329e-05,0,0.0,0,5.6975575716933236e-05,0,8.656322215075976e-05,0,6.693227445790198e-07,0,1.4851817468297668e-05,0,2.8896423827973194e-05,0
0,2,0.0007336138126977933,0,0.0,0,3.224137253710069e-05,0,2.1151318361550048e-05,0,8.836769061203856e-08,0,1.1379681382095441e-05,0,2.1240430214675143e-05,0
0,3,9.646337752027183e-06,0,0.0,0,1.8954209735966288e-05,0,2.9671269655466197e-05,0,1.7944878601741321e-06,0,3.174422090523876e-05,0,2.831988786056172e-05,0
0,3,4.257762095507502e-05,0,0.01,0,3.903546530636959e-05,0,1.9516733159452444e-05,0,3.8079364801805736e-06,0,2.2297133909887634e-05,0,3.946870128856972e-05,0
0,2,0.001086196663312484,0,0.0,0,1.4289551472757012e-05,0,2.804326048574842e-05,0,1.0196980380880505e-07,0,9.917388524627313e-06,0,2.316250538569875e-05,0
0,4,3.659929702812713e-06,0,0.0,0,1.948752651514951e-05,0,3.937764058924832e-05,0,5.59153016871623e-06,0,0.001387014053761959,0,0.0012194974115118384,0
0,3,4.328731171424066e-06,0,0.0,0,7.139155968616251e-06,0,7.508826858047718e-05,0,0.00015037833130111277,0,0.0007063983357511461,0,0.00033531704684719443,0
0,5,0.002026348288386199,0,0.01,0,7.03318210071302e-06,0,3.740469420691801e-05,0,1.4770364382661696e-05,0,0.0002965447201859206,0,0.0006782147102057934,0
0,2,0.00038566566915367457,0,0.02,0,0.0004409398534335196,0,4.8869543435238035e-05,0,6.273256723744035e-07,0,0.00010629030293785036,0,8.652126416563988e-05,0
0,1,0.002083213845263085,0,0.01,0,5.192661046748981e-05,0,4.0766190802510695e-05,0,0.00010703608177252354,0,0.00034355607931502163,0,0.0007554077310487628,0
0,3,1.169024183647198e-08,0,0.01,0,5.4831096349516883e-05,0,3.0094231380252455e-05,0,3.5763913115282564e-07,0,9.96217131614685e-05,0,7.862741040298715e-05,0
0,3,9.152516804627601e-08,0,0.01,0,4.414050272316672e-05,0,2.530288938026666e-05,0,1.742309287905054e-06,0,8.370776049559936e-05,0,0.0002344483364140615,0
0,5,0.03496274511609778,0,0.01,0,0.00030158404842950404,0,4.930286866937238e-05,0,8.08314768553908e-05,0,0.00024458038387820125,0,0.0028630956076085567,0
0,2,0.004459612627769654,0,0.01,0,0.0006780130206607282,0,7.142504449124916e-05,0,2.2458494813423736e-05,0,0.0014026960125193,0,0.002772596664726734,0
0,3,3.5163041633870382e-06,0,0.0,0,1.2489302207541186e-05,0,4.142792385177231e-05,0,1.528645582702526e-07,0,1.0529454812058248e-05,0,1.4357839063450228e-05,0
0,1,9.978528774176665e-06,0,0.0,0,3.569817408788367e-06,0,2.475007238927219e-05,0,4.6672104888228066e-07,0,5.637642061628867e-06,0,2.3465483536710963e-05,0
0,5,2.907661360946561e-10,0,0.0,0,2.9428250854834914e-05,0,4.04719298582744e-05,0,1.580482494313686e-07,0,0.00020913264597766101,0,0.0004112882597837597,0
0,1,0.0016989638509348336,0,0.0,0,3.0408011298277415e-05,0,5.856498702167384e-05,0,2.026298659994911e-06,0,0.00024926854530349374,0,0.00035097956424579024,0
0,1,1.6365795829866676e-08,0,0.01,0,6.042550739948638e-05,0,3.2417278919141796e-05,0,9.165254210163574e-07,0,4.328541399445385e-05,0,0.00024504101020283997,0
0,2,0.00016215094242570885,0,0.02,0,0.00031907609081827104,0,2.2505142949107743e-05,0,0.00012011249728574893,0,0.00016224873252213,0,8.461302059004083e-05,0
0,2,0.0034463203898378995,0,0.0,0,0.0005592490779235959,0,4.0294900182252094e-05,0,1.785731219867754e-05,0,6.972411938477308e-05,0,0.0001554285699967295,0
0,1,0.00043416445443701977,0,0.0,0,7.4811196100199595e-06,0,1.16065404777638e-05,0,8.88550818485211e-06,0,0.00016232281632255763,0,0.001708660158328712,0
0,1,2.5025014770148933e-06,0,0.0,0,1.473629799875198e-05,0,2.1029187079554096e-05,0,7.138157354269512e-08,0,8.29011059977347e-06,0,2.584147296147421e-05,0
0,5,0.009557753597998592,0,0.0,0,1.4813454981776886e-05,0,2.121227872216521e-05,0,7.839563270754492e-08,0,7.745044422335923e-05,0,0.00018229322449769825,0
0,2,0.00043883904264735283,0,0.0,0,1.739833169267513e-05,0,2.007202788564831e-05,0,7.329704012100359e-07,0,2.4264447347377427e-05,0,3.220748112653382e-05,0
0,1,0.010577765847066586,0,0.01,0,3.01820309687173e-05,0,2.316965167471418e-05,0,5.075883813553686e-05,0,0.000980424345470965,0,0.0013901746133342385,0
0,4,1.125925743628616e-07,0,0.01,0,5.153202437213622e-06,0,2.8931511415723793e-05,0,2.0173781515011453e-08,0,6.642617790930672e-06,0,1.4938656022422947e-05,0
0,3,3.8518617161947663e-10,0,0.0,0,3.4915751712105703e-06,0,2.13407793042674e-05,0,7.222773841493062e-08,0,2.2006139261065982e-05,0,2.0976969608454965e-05,0
0,5,0.0071426160201492825,0,0.03,0,9.274699550587684e-05,0,3.187094064510773e-05,0,0.018370786111356747,0,0.003445211797952652,0,0.0019216637592762709,0
0,1,3.12297489925068e-05,0,0.0,0,9.655072062741965e-06,0,2.3628855073028643e-05,0,3.1528116162197647e-06,0,2.493636384315323e-05,0,2.706405211938545e-05,0
0,1,0.14227071840346167,0,0.01,0,7.910643034847453e-05,0,1.872617066197345e-05,0,2.2171761976271862e-05,0,0.0017015960766002536,0,0.008715730160474777,0
0,2,3.7576282374025313e-06,0,0.0,0,8.273962521343492e-06,0,2.1162168264844158e-05,0,4.659556553165398e-08,0,7.4711224442580715e-06,0,1.3790681805403437e-05,0
0,1,0.9991834370186633,1,0.05,0,0.01652267388999462,0,0.0003469114898675249,0,0.005638298087536728,0,0.16894064843654633,0,0.08554497361183167,0
0,5,0.06942604973515898,0,0.0,0,1.9850454918923788e-05,0,4.124762315438189e-05,0,7.725209297582424e-05,0,0.0007981217349879444,0,0.00846265722066164,0
0,5,8.367554755594467e-06,0,0.0,0,6.746635335730389e-05,0,0.00010425614905945358,0,7.452787081864144e-07,0,1.6697984392521903e-05,0,2.175192094000522e-05,0
0,5,0.0006108343377699455,0,0.03,0,0.0006836788961663842,0,7.41899560720809e-05,0,4.5757042676887805e-06,0,0.0005919539253227413,0,0.00015789997996762395,0
0,3,2.1507277931963766e-05,0,0.0,0,0.0001819091703509912,0,3.301027092326176e-05,0,5.220382430336386e-06,0,9.104048513108864e-05,0,0.00042161939200013876,0
0,3,2.2336602643520413e-08,0,0.0,0,9.151222002401482e-06,0,3.435986251273271e-05,0,3.160678588291001e-08,0,8.095622433756944e-06,0,1.338117817795137e-05,0
0,3,0.0014908982873869047,0,0.02,0,8.943517605075613e-05,0,0.00010003987707252588,0,1.6048821531100295e-05,0,0.0013643011916428804,0,0.0006835869280621409,0
0,5,0.08860334922393653,0,0.06,0,0.05842981114983559,0,0.16038239783785915,1,0.005621810794360095,0,0.01661950722336769,0,0.01863769441843033,0
0,2,0.006541065081765119,0,0.01,0,7.10611348040402e-05,0,3.367593189694401e-05,0,3.088749213003206e-05,0,0.00021184144134167582,0,0.0002642337931320071,0
0,1,1.1887062775639455e-05,0,0.02,0,0.0005633656983263791,0,3.139933193707647e-05,0,3.855742047258781e-06,0,0.00046481486060656607,0,0.00011946542508667335,0
0,4,1.2898329714971035e-06,0,0.02,0,1.7840338841779158e-05,0,2.5377278890897326e-05,0,1.6705301745373987e-07,0,1.6799594959593378e-05,0,1.686293944658246e-05,0
0,1,5.405517117282177e-05,0,0.0,0,1.3808607945975382e-05,0,2.1027284814325265e-05,0,4.384654475326965e-08,0,6.713838047289755e-06,0,1.8197548342868686e-05,0
0,4,0.00013064421506365085,0,0.0,0,4.160581283940701e-06,0,2.3845618138602132e-05,0,4.91070062649764e-06,0,0.00020981740090064704,0,0.00029974442441016436,0
0,5,2.7798619697325912e-05,0,0.0,0,2.200488597736694e-05,0,2.441158412036072e-05,0,3.492100262397896e-05,0,0.0004675727686844766,0,0.007991145364940166,0
0,4,0.7446408755724472,0,0.02,0,0.00035844725789502263,0,0.0001669121731617946,0,0.0008605114361487771,0,0.00915584061294794,0,0.012437988072633743,0
0,3,3.135190880539033e-06,0,0.02,0,4.6199766075005755e-05,0,7.075052324489024e-05,0,5.23021798345916e-05,0,0.0003663860843516886,0,0.0001705362374195829,0
0,3,3.549996314988644e-05,0,0.0,0,2.163792851206381e-05,0,2.7991241682223005e-05,0,1.5006134952716587e-05,0,0.001137195504270494,0,0.0008342457585968077,0
0,4,0.19690633426594437,0,0.04,0,0.0001695374376140535,0,7.6338889900144e-05,0,0.0004975791164924738,0,0.006304118782281876,0,0.0037137020844966173,0
0,4,0.0019458700112585272,0,0.0,0,5.887298539164476e-05,0,3.5694245576860755e-05,0,1.6053686549402016e-05,0,0.0002530237252358347,0,0.00017801570356823504,0
0,4,4.758421946109071e-06,0,0.0,0,5.5734944908181205e-05,0,2.5413352026301395e-05,0,1.3955871181206242e-07,0,1.0978775208059233e-05,0,1.9062556020799093e-05,0
0,1,3.2326075949884994e-07,0,0.01,0,3.562735946616158e-05,0,2.1016633156594527e-05,0,2.0307265946736934e-07,0,1.3716923604079057e-05,0,3.150401607854292e-05,0
0,1,0.00011802835799140205,0,0.0,0,1.270708344236482e-05,0,2.0898411787727627e-05,0,7.18798828933302e-07,0,7.97663233242929e-05,0,0.00011379046918591484,0
0,4,0.13457328398827326,0,0.01,0,7.549452129751444e-05,0,0.00010607250226752866,0,0.00013712733364994574,0,0.0012858742848038673,0,0.0015714289620518684,0
0,2,0.0037587261110860358,0,0.0,0,0.0004723251040559262,0,2.4378602359379782e-05,0,1.1196113395504041e-06,0,9.474839316681027e-05,0,0.00021314146579243243,0
0,2,0.00015403700016741368,0,0.0,0,6.395654054358602e-05,0,4.126494952126584e-05,0,8.521617389516737e-06,0,2.4168883101083338e-05,0,5.273924762150273e-05,0
0,3,1.4557212625283348e-05,0,0.0,0,3.1127844977163477e-06,0,2.8144577214982737e-05,0,2.839949978612238e-07,0,0.0003287540457677096,0,7.185705908341333e-05,0
0,2,0.014694067181374927,0,0.0,0,1.9055396478506736e-05,0,3.355728605665964e-05,0,8.981500490164169e-07,0,0.00021897822443861514,0,0.0005465329741127789,0
0,2,0.0019377925949300157,0,0.0,0,6.264361581997946e-05,0,3.3357072255028654e-05,0,6.344373879677572e-05,0,6.591973215108737e-05,0,0.00010900744382524863,0
0,4,2.750887744885869e-05,0,0.0,0,1.2247869562997948e-05,0,3.7017082149492105e-05,0,4.0990546894805205e-05,0,6.311079778242856e-05,0,6.085827044444159e-05,0
0,5,0.00016208695010182822,0,0.0,0,7.944215030875057e-05,0,2.441282083282167e-05,0,3.0013627756323163e-05,0,2.078140460071154e-05,0,2.6320500182919204e-05,0
0,3,0.9396023936624299,0,0.02,0,4.149820233578794e-05,0,3.952415325269328e-05,0,9.772728297606692e-06,0,0.017783302813768387,0,0.030189139768481255,0
0,5,3.2277653631324133e-06,0,0.0,0,5.2643994422396645e-05,0,2.1518436112101533e-05,0,3.851549288945751e-07,0,1.530894405732397e-05,0,1.3679944458999671e-05,0
0,4,2.484028623150239e-06,0,0.0,0,6.683891115244478e-05,0,2.7922166180703826e-05,0,1.5395724552261802e-06,0,2.149968349840492e-05,0,7.677647226955742e-05,0
0,5,0.009014154788862453,0,0.0,0,2.4083403332042508e-05,0,3.0447909673881474e-05,0,1.7949303602527044e-05,0,0.00012832944048568606,0,5.3361800382845104e-05,0
0,5,0.0011530473202300375,0,0.0,0,2.4075479814200662e-05,0,2.134026921517475e-05,0,6.5715871628687895e-06,0,0.0002241634065285325,0,0.00047644160804338753,0
0,1,2.240280084984642e-08,0,0.0,0,2.702171514101792e-05,0,2.078372675282371e-05,0,3.4679376858637836e-07,0,4.9891987146111205e-06,0,1.482978041167371e-05,0
0,1,6.6195811630205495e-09,0,0.0,0,9.185793715005275e-06,0,2.1232011189452813e-05,0,1.4465653244559705e-07,0,9.03361251403112e-06,0,1.3372547073231544e-05,0
0,3,0.03152508389820611,0,0.0,0,3.262990139774047e-05,0,5.074769419502017e-05,0,5.4747417182502874e-05,0,0.000367135857231915,0,0.0005701846675947309,0
0,5,3.408759741773312e-07,0,0.04,0,0.0014534384245052934,0,0.0008965834539545656,0,0.0007085112726303018,0,0.0016981781227514148,0,0.035638369619846344,0
0,4,8.989806435582767e-05,0,0.03,0,2.9732993425568566e-05,0,2.387934802188139e-05,0,7.968107713468647e-06,0,6.638985360041261e-05,0,7.799627201166004e-05,0
0,5,4.462526032774643e-07,0,0.0,0,0.00013121121446602046,0,2.5789350645761467e-05,0,6.358543033295016e-07,0,1.9190241800970398e-05,0,1.958317261596676e-05,0
0,2,6.314587272709019e-05,0,0.0,0,1.645334850763902e-05,0,2.396009284652972e-05,0,4.108869820694086e-06,0,3.165972884744406e-05,0,3.239851139369421e-05,0
0,5,1.7060325704062043e-07,0,0.0,0,1.8827848180080764e-05,0,2.144502393611494e-05,0,5.1653525475388286e-08,0,8.291232916235458e-06,0,1.701866858638823e-05,0
0,3,0.00023212982853176918,0,0.02,0,0.0007370554376393557,0,9.151459908641237e-05,0,4.908397613380338e-05,0,0.0005642997566610575,0,0.000930062320549041,0
0,3,1.2007197949219157e-07,0,0.0,0,9.401106581208296e-06,0,2.967935900251286e-05,0,8.301366623940766e-07,0,6.576761370524764e-05,0,4.4074746256228536e-05,0
0,2,3.195417435548619e-05,0,0.0,0,2.9790920962113887e-05,0,2.259623353089322e-05,0,7.677789905284023e-07,0,1.3464115909300745e-05,0,2.588749885035213e-05,0
0,2,9.65256989674847e-06,0,0.0,0,3.0048742701183073e-05,0,2.1175249627240787e-05,0,2.816679522461633e-08,0,1.461293959437171e-05,0,2.122023761330638e-05,0
0,5,7.771353677391099e-06,0,0.02,0,0.00024004523584153503,0,3.690057393361271e-05,0,3.2293572102835707e-07,0,3.3253203582717106e-05,0,0.00027260411297902465,0
0,2,0.37681279568989906,0,0.01,0,0.00012543806224130094,0,0.00018187674729715247,0,6.378625956246706e-05,0,0.0022168243303894997,0,0.002148427302017808,0
0,4,0.00014777780686508953,0,0.0,0,4.2835454223677516e-05,0,5.666619009260534e-05,0,1.441704492099904e-05,0,0.0013044830411672592,0,0.00018005259335041046,0
0,5,0.022901378751709292,0,0.01,0,0.0002886587171815336,0,0.0005882124134543511,0,0.0003106198890669714,0,0.0030636745505034924,0,0.00601637689396739,0
0,2,0.1755802084004099,0,0.0,0,0.00046027955249883235,0,8.386774713549697e-05,0,1.3495844773593774e-05,0,0.0010900688357651234,0,0.0011832836316898465,0
0,5,0.19736123702400962,0,0.0,0,0.0005245950887911022,0,0.00010272456260878355,0,0.0006143111880062451,0,0.013814800418913364,0,0.006771901622414589,0
0,2,0.0011612752741038362,0,0.0,0,0.00025061098858714104,0,3.933920825934874e-05,0,1.3663016574890413e-05,0,0.002276395680382848,0,0.002053298521786928,0
0,5,0.0052287572579622615,0,0.0,0,0.0019349155481904745,0,3.1766740413677716e-05,0,0.04623476517707492,0,0.017834797501564026,0,0.008178425021469593,0
0,2,0.0001026623310930599,0,0.01,0,0.00011373552115401253,0,4.669446493620854e-05,0,4.9540253712890925e-06,0,2.458668313920498e-05,0,4.748984792968258e-05,0
0,1,0.00666603488024884,0,0.0,0,0.00010275995737174526,0,2.8959547516587e-05,0,1.7738079868197568e-05,0,0.00015817185339983553,0,0.00013227846648078412,0
0,4,0.0008847829952007538,0,0.03,0,5.749181582359597e-06,0,4.10705779593703e-05,0,8.698972536967739e-07,0,0.00039997181738726795,0,0.00036499820998869836,0
0,2,1.7054669684814368e-06,0,0.0,0,0.0002446933649480343,0,8.934925501316524e-05,0,4.392186273059227e-05,0,0.00012555431749206036,0,0.00036099873250350356,0
0,5,0.00015159110639915838,0,0.02,0,0.00014129947521723807,0,2.1440261840267057e-05,0,3.0432889879222213e-07,0,5.954283551545814e-05,0,3.683651448227465e-05,0
0,5,0.9378133646730019,0,0.05,0,0.0004293338570278138,0,0.0034341422053238003,0,0.004765293732934504,0,0.09617939591407776,0,0.1528550386428833,0
0,3,6.419846895994504e-05,0,0.0,0,9.022935410030186e-05,0,2.1163011374065434e-05,0,1.6751332937539903e-05,0,0.00023542075359728187,0,0.000152377673657611,0
0,3,0.0019554507610961853,0,0.01,0,1.122576850320911e-05,0,3.472359400963081e-05,0,6.8281068164930884e-06,0,0.0010354900732636452,0,0.00057369249407202,0
0,3,0.00041367142438476805,0,0.0,0,3.873661262332462e-05,0,2.119019223649693e-05,0,1.0481521864398866e-05,0,4.578597508952953e-05,0,7.958181959111243e-05,0
0,2,0.00014659437919319225,0,0.0,0,0.0002186077763326466,0,4.078383411349726e-05,0,1.2451637397067925e-05,0,6.929050869075581e-05,0,5.8012195950141177e-05,0
0,1,0.030474651187619235,0,0.02,0,0.0004332565004006028,0,0.0009109708488005684,0,0.00012520889995826554,0,0.0008291224949061871,0,0.0034615923650562763,0
0,4,0.3561122235170457,0,0.01,0,0.008613132871687412,0,0.0025159892505494993,0,0.003681990340298364,0,0.006433611270040274,0,0.037883609533309937,0
0,3,3.6111016084933268e-06,0,0.0,0,4.4551903556566685e-05,0,2.7603113963341896e-05,0,3.2817068073407208e-06,0,5.32588928763289e-05,0,2.372679409745615e-05,0
0,1,1.8394453012522667e-05,0,0.0,0,4.571095632854849e-05,0,2.8107533153643613e-05,0,4.366332141611748e-07,0,2.0943454728694633e-05,0,3.268336513428949e-05,0
0,2,8.782702299663106e-06,0,0.0,0,1.9810400772257708e-05,0,2.117401401281575e-05,0,1.4031622890382083e-08,0,1.0155733434658032e-05,0,1.534507828182541e-05,0
0,1,6.475310232865683e-07,0,0.0,0,1.077329034160357e-05,0,2.3885812816759265e-05,0,1.3729366799782127e-07,0,1.1048796295654029e-05,0,1.5906312910374254e-05,0
0,2,5.483011262937701e-06,0,0.01,0,0.00014054456551093608,0,2.9674382266936933e-05,0,1.4168255640852589e-06,0,0.00011121427814941853,0,4.689477646024898e-05,0
0,1,0.23431633237516106,0,0.04,0,0.06995457410812378,0,0.04755850886253306,0,0.053487702419783616,0,0.018572909757494926,0,0.031005121767520905,0
0,2,9.959633493625225e-07,0,0.0,0,1.0952329830615781e-05,0,2.1162168264844158e-05,0,6.20389700484648e-08,0,8.240007446147501e-06,0,1.3671430679096375e-05,0
0,2,1.4404752625875797e-05,0,0.0,0,4.9508922529639676e-05,0,8.239799695957152e-05,0,1.0120525409695128e-05,0,6.111545371823013e-05,0,0.00047820480540394783,0
0,5,0.005868175123800325,0,0.0,0,0.00020963349379599094,0,6.590244667525052e-05,0,2.975172439031563e-07,0,9.727578435558826e-05,0,4.329560761107132e-05,0
0,3,0.025771595186419805,0,0.0,0,2.978680277010426e-05,0,3.015577899666727e-05,0,7.530709041262227e-07,0,0.0011492026969790459,0,0.0007950611179694533,0
0,3,2.122244216998731e-08,0,0.0,0,1.2254728062544018e-05,0,3.0107153346317322e-05,0,1.2992556575280882e-07,0,2.0128385585849173e-05,0,1.6785472325864248e-05,0
0,5,1.1501811639344415e-05,0,0.01,0,9.65706494753249e-05,0,3.0319728781705393e-05,0,7.04328100549014e-07,0,1.0254405424348079e-05,0,2.0686400603153743e-05,0
0,1,7.060491786411998e-06,0,0.0,0,2.0041599782416597e-05,0,2.98414767497683e-05,0,3.166371894470484e-08,0,9.178505933959968e-06,0,2.033745295193512e-05,0
0,3,0.0010544436167285343,0,0.0,0,7.614254718646407e-05,0,2.1212381246343583e-05,0,1.6228145775740831e-06,0,0.0001377598528051749,0,0.00011786221875809133,0
0,2,7.981426720051118e-07,0,0.0,0,0.00030176754808053374,0,1.9124509365475283e-05,0,7.435819690432814e-06,0,2.9434801035677083e-05,0,4.45972582383547e-05,0
0,4,1.3644115896124244e-05,0,0.0,0,0.00027676307945512235,0,3.525548395171997e-05,0,0.00022481468851518464,0,0.00014080108667258173,0,0.00030097836861386895,0
0,5,2.971919590438779e-05,0,0.0,0,1.1482666195661295e-05,0,2.564427039016962e-05,0,1.1250398977717255e-07,0,0.00017285003559663892,0,2.2328969862428494e-05,0
0,2,2.2028292193686212e-06,0,0.01,0,2.532817961764522e-05,0,2.412616342917605e-05,0,3.20581679741792e-07,0,2.596136437205132e-05,0,8.759397314861417e-05,0
0,4,0.0004226065575840538,0,0.0,0,3.510946407914162e-05,0,3.812249239823434e-05,0,9.061171207740426e-07,0,6.169907283037901e-05,0,8.288768731290475e-05,0
0,4,0.03971715519932772,0,0.0,0,7.966146222315729e-05,0,3.126274452474455e-05,0,8.56785489121346e-05,0,0.0005082885618321598,0,0.00018755972268991172,0
0,3,0.0120631621916214,0,0.02,0,5.312921348377131e-05,0,3.8065836986739644e-05,0,0.0002657614604668304,0,0.0005069469334557652,0,0.008293425664305687,0
0,1,0.00041137444310008944,0,0.0,0,2.5906239898176864e-05,0,2.1074441322740097e-05,0,2.6857988380044884e-06,0,0.00010900836787186563,0,0.00011331499990774319,0
0,2,1.2367737379476351e-06,0,0.0,0,0.00014030341117177159,0,2.4720599076469215e-05,0,3.3821130519793384e-07,0,3.094959174632095e-05,0,5.762428918387741e-05,0
0,1,0.00011000200241848434,0,0.01,0,2.7910498829442076e-05,0,0.0003293297984145614,0,6.435346882320949e-05,0,0.00040868096402846277,0,0.0006849500350654125,0
0,3,1.3246627709032573e-06,0,0.01,0,1.1211872333660722e-05,0,2.1088131762464846e-05,0,1.6237331059122853e-07,0,1.2062241694366094e-05,0,1.7843118257587776e-05,0
0,3,4.6126978089667525e-05,0,0.0,0,4.6274242777144536e-05,0,2.4399297424486425e-05,0,9.457563497190796e-07,0,2.988334745168686e-05,0,5.75114790990483e-05,0
0,3,2.4497444885527767e-06,0,0.0,0,4.4939093641005456e-05,0,2.9769354904111635e-05,0,1.1021004668523816e-05,0,8.937845996115357e-05,0,3.222083250875585e-05,0
0,3,0.001119389344716783,0,0.0,0,3.23412059515249e-05,0,2.9692889649345373e-05,0,4.017776364819151e-06,0,0.0004540696681942791,0,8.106099267024547e-05,0
0,5,1.71960312044168e-08,0,0.0,0,2.3587952455272898e-05,0,2.1527303513787554e-05,0,1.4826105365584976e-07,0,9.385778866999317e-06,0,1.3727707482757978e-05,0
0,2,2.405658679672254e-08,0,0.0,0,0.00010230795305687934,0,2.1178237944089487e-05,0,3.194234782709464e-07,0,1.0106166882906109e-05,0,1.6893956853891723e-05,0
0,3,4.6231445338048336e-07,0,0.0,0,3.451598604442552e-05,0,2.977700893520071e-05,0,3.521990833943563e-07,0,1.4338354048959445e-05,0,1.3969848623673897e-05,0
0,2,0.0005330971421969347,0,0.0,0,0.00021977414144203067,0,2.815570689204039e-05,0,5.436447883182509e-05,0,4.1663624870125204e-05,0,7.592979090986773e-05,0
0,4,3.6848772269324536e-05,0,0.0,0,8.909329153539147e-06,0,2.128359086055787e-05,0,1.5246403121904292e-07,0,2.233563100162428e-05,0,1.6537172996322624e-05,0
0,1,0.0002116515455011612,0,0.02,0,0.00013102704542689025,0,7.877117854683631e-05,0,3.261971483405717e-06,0,6.502423639176413e-05,0,8.241031173383817e-05,0
0,5,0.6984925572234857,0,0.02,0,2.5871304387692362e-05,0,3.5067376070860354e-05,0,3.2990452418568904e-05,0,0.0002204430929850787,0,0.00010772164387162775,0
0,2,0.006588906241422062,0,0.03,0,0.0004161754040978849,0,7.402898060241531e-05,0,0.0020680912415550158,0,0.0013620302779600024,0,0.0013112236047163606,0
0,4,8.223788523323325e-05,0,0.0,0,4.4026324758306146e-05,0,5.147665739747171e-05,0,1.939247639541964e-06,0,1.56846217578277e-05,0,6.973514246055856e-05,0
0,5,4.3828028848560314e-09,0,0.0,0,4.465477559278952e-06,0,2.160954998650902e-05,0,3.260727288446023e-07,0,4.958405042998493e-06,0,1.2981662621314172e-05,0
0,2,0.0015576181336424517,0,0.0,0,6.562120688613504e-05,0,2.0122620891942723e-05,0,1.6311297026414497e-06,0,3.3226835512323305e-05,0,2.5889392418321222e-05,0
0,3,3.9211403789958224e-05,0,0.0,0,1.1886021638929378e-05,0,2.895353846690556e-05,0,2.844780135792135e-07,0,0.00017422012751922011,0,9.863228478934616e-05,0
0,1,0.00029604494161524777,0,0.0,0,3.29939357470721e-05,0,2.0772852715873345e-05,0,1.972860437967271e-06,0,5.968024197500199e-05,0,7.251877832459286e-05,0
0,2,0.00028967416776766816,0,0.03,0,9.362591663375497e-05,0,2.9091566379051928e-05,0,6.184971217210611e-06,0,0.0002436502545606345,0,0.00023477431386709213,0
0,4,2.1375253618186793e-05,0,0.01,0,6.237650086404756e-05,0,0.00028837087686739334,0,0.000355539632489082,0,0.0014905468560755253,0,0.0014693466946482658,0
0,3,0.1703325425108438,0,0.0,0,2.000839049287606e-05,0,2.1136552338862008e-05,0,5.557342488059449e-05,0,0.0015995082212612033,0,0.004608633928000927,0
0,2,0.0016773557195050536,0,0.02,0,0.00016825857164803892,0,9.405564052807059e-05,0,0.00026389702775826614,0,0.001305665005929768,0,0.001902048708871007,0
0,5,1.1865969128123098e-05,0,0.0,0,0.0002700882323551923,0,6.157162937382045e-05,0,1.286352484344362e-07,0,6.332376506179571e-05,0,4.220155460643582e-05,0
0,2,0.19779218142781033,0,0.01,0,0.000615473953075707,0,5.7340187971803084e-05,0,7.998715873521104e-06,0,0.0018208990804851055,0,0.0003277635551057756,0
0,5,0.8530161778847579,0,0.06,0,0.17379233241081238,0,0.016441830180868134,0,0.4471877990947945,1,0.36975499987602234,1,0.1301392912864685,0
0,3,0.00026155895903415635,0,0.01,0,2.819489782268647e-05,0,3.0435441287824098e-05,0,1.6458082430462867e-05,0,0.00027018279070034623,0,0.0002943246508948505,0
0,1,0.00010154632220557199,0,0.0,0,1.0815660971275065e-05,0,2.0394905318983874e-05,0,6.73699758565466e-06,0,1.233666353073204e-05,0,2.4445733288303018e-05,0
0,3,3.343391440179573e-07,0,0.02,0,0.0001523690007161349,0,2.7140074303954344e-05,0,1.1549286816598777e-06,0,0.0003807651228271425,0,0.00047618881217204034,0
0,2,0.0013387391123670274,0,0.04,0,0.0009615962626412511,0,0.00021530459165327443,0,0.00010937314399540411,0,0.0016537082847207785,0,0.0025236899964511395,0
0,2,0.004620574754305211,0,0.0,0,2.7687941837939434e-05,0,3.295990761233466e-05,0,2.3180383455967366e-06,0,3.6581812310032547e-05,0,6.364979344652966e-05,0
0,3,4.494856660345527e-06,0,0.0,0,3.8890626456122845e-05,0,2.1316107976681677e-05,0,4.94824782688357e-07,0,1.59655864990782e-05,0,1.4632623788202181e-05,0
0,5,3.102043284002465e-07,0,0.0,0,3.5661625588545576e-05,0,2.5177630541306498e-05,0,1.465312711038725e-08,0,3.963014478358673e-06,0,1.2981662621314172e-05,0
0,2,2.382217091966297e-05,0,0.02,0,0.00016020983457565308,0,5.914106486038991e-05,0,3.82098856304391e-06,0,1.3675796253664885e-05,0,3.1408890208695084e-05,0
0,4,3.178808293914263e-07,0,0.0,0,1.723288733046502e-05,0,5.323013989427199e-05,0,1.7603880550202381e-07,0,1.6488835171912797e-05,0,1.4887629731674679e-05,0
0,3,1.1240342932687219e-05,0,0.0,0,4.659283877117559e-05,0,8.082460963357485e-05,0,8.094374915575598e-06,0,0.00036050783819518983,0,0.0001376126892864704,0
0,3,0.006069337573108382,0,0.0,0,7.53739514038898e-05,0,2.122797660365316e-05,0,8.582225496457811e-07,0,6.993346323724836e-05,0,4.378693120088428e-05,0
0,4,4.52134092542067e-08,0,0.0,0,7.492515123885823e-06,0,2.131882264757942e-05,0,3.935177680994982e-09,0,7.338551313296193e-06,0,1.4653261132480111e-05,0
0,4,0.015107080878352884,0,0.0,0,2.6409043130115606e-05,0,2.0513005926103702e-05,0,5.002608371205032e-06,0,6.533673877129331e-05,0,3.423779708100483e-05,0
0,4,0.15030815790554286,0,0.02,0,0.00037732376949861646,0,9.265763830567836e-05,0,0.0002466824065456967,0,0.003099953755736351,0,0.021087005734443665,0
0,2,0.0016471408498532694,0,0.0,0,3.397426917217672e-05,0,6.640773405879959e-05,0,1.9585392806222876e-07,0,2.2131054720375687e-05,0,3.133948121103458e-05,0
0,2,1.3311455144250373e-06,0,0.01,0,4.287264164304361e-05,0,2.1162168264844158e-05,0,3.031579543695373e-07,0,9.771337317943107e-06,0,1.480739865655778e-05,0
0,1,2.008817119157818e-06,0,0.0,0,8.207296559703536e-06,0,4.2444103460802394e-05,0,1.6448375000291062e-06,0,2.6057363356812857e-05,0,8.427604916505516e-05,0
0,5,1.1357461971650495e-05,0,0.0,0,1.6616126231383532e-05,0,2.1523093535131033e-05,0,3.190228030987716e-07,0,4.392217306303792e-06,0,1.3154518455849029e-05,0
0,3,0.002528910520391107,0,0.0,0,3.096013824688271e-05,0,3.140056158056453e-05,0,2.8358614401981262e-05,0,0.00022320261632557958,0,0.00018424837617203593,0
0,5,0.0013791938316229076,0,0.0,0,0.0007187643786892295,0,6.131448594889879e-05,0,5.261240993543477e-07,0,6.135107832960784e-05,0,0.00010065542301163077,0
0,3,0.010160386162330955,0,0.03,0,0.008379925973713398,0,0.0010760735598146858,0,0.00028610322053073973,0,0.004109793808311224,0,0.028312768787145615,0
0,1,1.1048608917435394e-06,0,0.0,0,9.176302410196513e-05,0,2.104778613349132e-05,0,8.144056960944022e-08,0,3.322068732813932e-05,0,2.5627672584960237e-05,0
0,3,0.0005236323650785466,0,0.01,0,9.34605941438349e-06,0,3.78166349511351e-05,0,3.4788809093634625e-07,0,3.485625347821042e-05,0,4.95580788992811e-05,0
0,2,0.22532688593223332,0,0.0,0,0.00029815424932166934,0,4.8417941037912735e-05,0,0.00033600804061858716,0,0.0038436574395745993,0,0.0027666031382977962,0
0,4,0.00011223434963064701,0,0.0,0,1.751140553096775e-05,0,2.9385235898987407e-05,0,1.0233066384930339e-05,0,1.9142964447382838e-05,0,2.3218242859002203e-05,0
0,3,2.593517668246096e-07,0,0.0,0,6.936184490768937e-06,0,2.1492319487736082e-05,0,2.881512327554933e-07,0,1.537273419671692e-05,0,1.5475310647161677e-05,0
0,2,4.5561588675260385e-06,0,0.0,0,2.467601007083431e-05,0,2.1112508969858806e-05,0,9.985861190913662e-08,0,1.1923530109925196e-05,0,1.8104867194779217e-05,0
0,2,0.0013056571669146132,0,0.0,0,2.2480435291072354e-05,0,2.8373051319740376e-05,0,4.568555744420789e-07,0,0.00046437166747637093,0,0.00012025573960272595,0
0,3,1.771789827158008e-05,0,0.0,0,0.0001217368699144572,0,2.9883974401311054e-05,0,2.4167641575714645e-06,0,0.0002918186946772039,0,0.0001363908959319815,0
0,1,7.247414730507765e-10,0,0.01,0,6.480244337581098e-06,0,2.0601928585202957e-05,0,9.21965378562743e-08,0,5.612074801319977e-06,0,1.615728615433909e-05,0
0,3,1.6158039972558302e-07,0,0.0,0,7.009110049693845e-06,0,2.1416578988430984e-05,0,1.540078039425665e-07,0,5.487941234605387e-05,0,3.741797627299093e-05,0
0,2,9.037858817333274e-06,0,0.0,0,6.129407120170072e-05,0,2.1007489007839742e-05,0,5.290366210733046e-07,0,2.371778646192979e-05,0,2.3484948542318307e-05,0
0,3,0.00021041863023928383,0,0.01,0,0.00023475187481381,0,4.538376054466583e-05,0,3.995474247494386e-05,0,6.818103429395705e-05,0,0.0003652801678981632,0
0,4,0.11200929007634922,0,0.0,0,4.68965845357161e-05,0,3.764156669376685e-05,0,0.00019290738614820743,0,0.0015113339759409428,0,0.0008496640948578715,0
0,3,1.1688687089945155e-06,0,0.0,0,1.2037555734423222e-06,0,2.518303275681541e-05,0,9.291982110616723e-08,0,3.736865983228199e-05,0,1.8119733795174398e-05,0
0,5,0.0006701371095127842,0,0.01,0,0.000872496806550771,0,4.389958970207622e-05,0,5.4627349791951295e-06,0,2.0701187168015167e-05,0,2.2709753466187976e-05,0
0,3,1.6168891739486114e-06,0,0.0,0,1.754789991537109e-05,0,3.914190507626806e-05,0,3.5837884086273025e-07,0,1.2491798770497553e-05,0,1.3850826690031681e-05,0
0,3,1.6559623651188208e-07,0,0.0,0,2.2507829271489754e-05,0,1.969244532720526e-05,0,1.2102506866716812e-06,0,2.714587935770396e-05,0,4.52950298495125e-05,0
0,1,3.504138710255087e-05,0,0.01,0,0.00012051167868776247,0,5.8883646630656354e-05,0,2.953746160254789e-06,0,2.4998935259645805e-05,0,4.2649473471101373e-05,0
0,2,0.12306745475617355,0,0.01,0,6.130476685939357e-05,0,3.160809812189102e-05,0,2.003346048044387e-07,0,2.399133882136084e-05,0,3.912341708200984e-05,0
0,1,0.003222426118931143,0,0.0,0,0.00016619257803540677,0,4.4116784743383484e-05,0,0.00016505462878335973,0,0.0007472961442545056,0,0.0006651368457823992,0
0,2,3.782168641009073e-08,0,0.0,0,9.848513400356751e-06,0,2.1173928084191257e-05,0,1.1528521024112217e-07,0,1.143870031228289e-05,0,1.5302040992537513e-05,0
0,3,0.0071565551099833265,0,0.01,0,0.0009112661355175078,0,9.176031740216793e-05,0,0.00010608955135343661,0,0.0023653151001781225,0,0.0022387176286429167,0
0,1,0.0013109425115890986,0,0.0,0,8.11632980912691e-06,0,2.086709630988785e-05,0,1.2823414930712699e-05,0,0.00014444607950281352,0,0.00016726595640648156,0
0,3,0.00021025779736748396,0,0.01,0,0.00022728118347004056,0,7.549554181268637e-05,0,0.00011030489988119143,0,0.0009831194765865803,0,0.0003209632122889161,0
0,1,8.113683140656715e-08,0,0.01,0,7.677036592212971e-06,0,1.9825730800951012e-05,0,9.407691687975635e-08,0,1.4046301657799631e-05,0,0.00010763731552287936,0
0,1,4.642361561116812e-05,0,0.0,0,4.963684477843344e-05,0,3.122146827211647e-05,0,3.158536532377745e-06,0,1.1618540156632662e-05,0,3.1102106731850654e-05,0
0,5,8.383808464664912e-06,0,0.0,0,1.5649142369511537e-05,0,3.334840162916259e-05,0,5.468770346041606e-07,0,9.129404134000652e-06,0,1.767123285389971e-05,0
0,2,0.005848218485096871,0,0.05,0,8.553275256417692e-05,0,7.6132873655128e-05,0,8.057319470156793e-05,0,0.004173018969595432,0,0.003284458303824067,0
0,1,0.00022744121628851864,0,0.0,0,7.099719368852675e-05,0,3.737531935097768e-05,0,5.877668487057807e-07,0,0.00030607980443164706,0,0.0006226637051440775,0
0,3,0.0027148500530542723,0,0.01,0,5.74235018575564e-05,0,2.2247392437469252e-05,0,3.11726734621859e-05,0,0.006385257467627525,0,0.025331981480121613,0
0,1,6.643973194448028e-08,0,0.0,0,3.018430334122968e-06,0,2.568098896892862e-05,0,5.434097954591593e-08,0,1.0863346687983721e-05,0,1.3227636372903362e-05,0
0,5,0.00012060003259854415,0,0.0,0,0.0011413857573643327,0,2.5808534066430133e-05,0,2.6394496868775296e-06,0,9.525843051960692e-05,0,9.975707507692277e-05,0
0,3,0.00026627204260219636,0,0.0,0,1.5182436982286163e-05,0,2.513414214691514e-05,0,1.6994643281058542e-07,0,3.2719708542572334e-05,0,5.8958266890840605e-05,0
0,5,6.165967807260062e-05,0,0.0,0,0.00021822458074893802,0,3.6466169603202975e-05,0,5.609992423642515e-07,0,0.0001808985834941268,0,3.145309165120125e-05,0
0,3,1.23300815724956e-11,0,0.0,0,3.1330331694334745e-05,0,2.1500190393748934e-05,0,3.6234659242755225e-07,0,2.0750920157297514e-05,0,1.4820470823906362e-05,0
0,1,0.00016096576483017413,0,0.01,0,0.0001380441099172458,0,2.911740046671647e-05,0,5.284549121801185e-07,0,0.00013467353710439056,0,7.705110328970477e-05,0
0,5,0.00010156167044977634,0,0.0,0,1.2574323591252323e-05,0,2.576058907772791e-05,0,5.034164059274178e-07,0,3.0522751330863684e-05,0,1.4213221220416017e-05,0
0,3,3.960969539029823e-05,0,0.0,0,1.0886505151574966e-05,0,4.286447746972292e-05,0,8.041308424715658e-05,0,0.00023071638133842498,0,0.00011541877029230818,0
0,5,0.004833001419613236,0,0.0,0,0.0011172587983310223,0,3.040132798445495e-05,0,7.853819943792529e-06,0,0.00021945479966234416,0,0.0002748149272520095,0
0,4,0.03787451012623484,0,0.01,0,1.648394209041726e-05,0,2.6874860538165025e-05,0,0.00012577027519530823,0,0.004562717396765947,0,0.0020804544910788536,0
0,4,0.002621300076881767,0,0.0,0,1.4384999303729273e-05,0,6.890621386285182e-05,0,4.069576682293155e-05,0,4.461436401470564e-05,0,0.00013687246246263385,0
0,4,1.6196161105132006e-08,0,0.0,0,1.7657317584962584e-05,0,2.5679510082631623e-05,0,1.770523922644584e-07,0,7.069256298564142e-06,0,1.4888103578414302e-05,0
0,1,0.022156736718563764,0,0.0,0,8.266804798040539e-05,0,4.8697603206111455e-05,0,5.934892330107959e-05,0,0.0004930245340801775,0,0.00028924463549628854,0
0,4,3.864702739721012e-05,0,0.0,0,2.0884119294350967e-05,0,4.9924702206352925e-05,0,5.625176248215623e-07,0,1.6314397726091556e-05,0,1.6916616004891694e-05,0
0,4,0.00010926557698618339,0,0.0,0,1.1222045031900052e-05,0,3.264107649914325e-05,0,1.1392892768391897e-05,0,0.0003657873603515327,0,0.0004278587584849447,0
0,5,0.09640351134027723,0,0.03,0,7.067592378007248e-05,0,0.0001934523474040376,0,8.012460184487629e-06,0,0.0009650111896917224,0,0.0019384657498449087,0
0,4,9.705010617834244e-14,0,0.01,0,0.00022156821796670556,0,0.0006801156969296208,0,7.41113898052158e-06,0,0.004675062373280525,0,0.0010239338735118508,0
0,4,0.23939064501782492,0,0.03,0,0.0015179760521277785,0,0.009246597013425785,0,0.002551918385326177,0,0.016174498945474625,0,0.007512272335588932,0
0,5,0.0011167880089242791,0,0.01,0,0.00015901587903499603,0,2.1417357447859104e-05,0,8.108923393366821e-06,0,0.00022526728571392596,0,0.0002817364293150604,0
0,1,0.006958352451421244,0,0.02,0,0.0005115296808071434,0,0.0009980900473103738,0,0.0009020868175332457,0,0.0018231547437608242,0,0.0036881675478070974,0
0,4,0.003810788018134703,0,0.02,0,6.397405377356336e-05,0,0.0002056812518119031,0,0.00016738886276768537,0,0.0006768802413716912,0,0.0007234871736727655,0
0,5,4.070042634427837e-07,0,0.0,0,2.3167538529378362e-05,0,3.1028845312776565e-05,0,7.39448069765498e-08,0,1.3680006304639392e-05,0,1.3893291907152161e-05,0
0,4,0.036824584694445835,0,0.0,0,3.501550600049086e-05,0,3.704344968977952e-05,0,5.710684775340529e-07,0,0.000339116551913321,0,0.004239478148519993,0
0,3,0.019142588476408585,0,0.01,0,3.9695405575912446e-05,0,1.965274657018543e-05,0,1.3237573522706368e-06,0,6.125685467850417e-05,0,0.00019657023949548602,0
0,5,0.005535321086477942,0,0.0,0,0.006545122712850571,0,0.00010497892279005355,0,7.612779829454007e-06,0,0.0002661770849954337,0,0.00015637118485756218,0
0,2,0.009162282313701512,0,0.02,0,0.0007937120972201228,0,0.0002343164130496073,0,0.00037146716215576755,0,0.004364632070064545,0,0.0027906361501663923,0
0,1,4.403743747917163e-07,0,0.0,0,1.9215232896385714e-05,0,2.1034989528738665e-05,0,6.48980320429382e-08,0,4.51240475740633e-06,0,1.8264929167344235e-05,0
0,2,0.035904673575839756,0,0.01,0,0.00019726119353435934,0,2.3015385093880835e-05,0,5.243748395126718e-06,0,0.0007110573351383209,0,0.0012348359450697899,0
0,3,5.933366369632004e-09,0,0.0,0,1.9846498616971076e-05,0,3.594341571778286e-05,0,4.367411420161039e-07,0,1.6264879377558827e-05,0,1.414786311215721e-05,0
0,4,0.9940332273399215,1,0.04,0,0.19616353511810303,0,0.045852521663551,0,0.26377933032904427,1,0.05109037458896637,0,0.23083490133285522,1
0,3,0.027970849894150128,0,0.0,0,0.00010052431025542319,0,2.134840586081287e-05,0,8.66737459033169e-07,0,0.00027559083537198603,0,0.00034663337282836437,0
0,1,0.999902272745194,1,0.01,0,0.0010674705263227224,0,0.00039328494146287065,0,0.00019897336569393154,0,0.022847037762403488,0,0.09637054800987244,0
0,1,3.057382075122589e-06,0,0.0,0,1.860699376265984e-05,0,2.100669027192055e-05,0,7.30443463467573e-09,0,4.555772648018319e-06,0,1.531764974060934e-05,0
0,1,0.18106136975579223,0,0.02,0,0.0015570615651085973,0,7.549695029629039e-05,0,6.02621551022833e-06,0,0.0025375799741595984,0,0.03911551088094711,0
0,3,4.514860318708906e-05,0,0.0,0,0.0004790202365256846,0,6.765244370473385e-05,0,0.00047859249713014295,0,0.00021156817092560232,0,0.0009679946815595031,0
0,5,1.7942749473185598e-07,0,0.0,0,7.959517097333446e-05,0,2.5117783613863607e-05,0,8.90425769206784e-08,0,7.402882147289347e-06,0,1.3129927538102493e-05,0
0,3,1.0033425374931661e-05,0,0.0,0,3.176875179633498e-05,0,1.954663347763555e-05,0,4.368370173183811e-06,0,5.043531928095035e-05,0,0.0001141066022682935,0
0,3,2.096507076732718e-06,0,0.01,0,5.294139100442408e-06,0,3.0439280814005974e-05,0,2.0545984748627236e-08,0,1.4112102689978201e-05,0,2.23344104597345e-05,0
0,4,1.0818579065639746e-06,0,0.0,0,3.087695949943736e-05,0,2.4152666269058278e-05,0,7.540790774438841e-07,0,2.188142025261186e-05,0,2.5831122911768034e-05,0
0,4,5.4552154513905965e-05,0,0.0,0,1.238760887645185e-05,0,2.129999334091456e-05,0,8.94952973558842e-08,0,1.0330669283575844e-05,0,2.0753321223310195e-05,0
0,4,2.55413048957834e-06,0,0.0,0,3.570849003153853e-06,0,2.0214888703677275e-05,0,3.0224313522528586e-07,0,9.241549378202762e-06,0,1.621664887352381e-05,0
0,4,2.6466852230055102e-06,0,0.0,0,2.0732786651933566e-05,0,2.1322853052126608e-05,0,4.4935455232063276e-07,0,1.2151853297837079e-05,0,1.3149090591468848e-05,0
0,2,1.7048591141822464e-07,0,0.0,0,9.821611683946685e-07,0,2.349038557678151e-05,0,1.5069518931246435e-07,0,9.81261382548837e-06,0,2.4643884898978285e-05,0
0,2,2.844769734786628e-05,0,0.0,0,1.2065048395015765e-05,0,2.8171280135957324e-05,0,4.370157730693753e-07,0,1.8359905880060978e-05,0,5.826378765050322e-05,0
0,1,1.70572535534483e-05,0,0.01,0,7.016720701358281e-06,0,2.4806144252380795e-05,0,2.911085625594133e-07,0,6.882190064061433e-05,0,6.355505320243537e-05,0
0,4,5.2926451551464415e-08,0,0.0,0,1.0605245734041091e-05,0,2.9451431559567928e-05,0,8.645918341667248e-08,0,5.729211352445418e-06,0,1.3532803677662741e-05,0
0,5,0.23523632457742544,0,0.01,0,0.00017289601964876056,0,0.00017250866926544198,0,0.00016024778103766157,0,0.0034784774761646986,0,0.004546394106000662,0
0,1,1.4826856184576553e-05,0,0.0,0,1.134412059400347e-06,0,2.101276391851196e-05,0,3.48210342139099e-08,0,6.459287760662846e-06,0,2.4394690626650117e-05,0
0,5,0.0075893484728818865,0,0.03,0,6.511802348541096e-05,0,4.96091279655632e-05,0,0.0004223574854595994,0,0.0030382757540792227,0,0.0014745891094207764,0
0,1,6.34246903147696e-05,0,0.01,0,1.3298675185069442e-05,0,4.547535715890347e-05,0,1.994064250247223e-08,0,1.6691397831891663e-05,0,7.343780453084037e-05,0
0,5,9.451896592616894e-06,0,0.0,0,4.333314336690819e-06,0,2.1256193909359172e-05,0,3.4355536287882024e-06,0,2.192600913986098e-05,0,1.6982459783321247e-05,0
0,4,0.0021841253842454344,0,0.0,0,2.074330950563308e-05,0,2.0604445441895352e-05,0,1.5786760744028424e-06,0,2.2291900677373633e-05,0,5.1984909077873453e-05,0
0,3,0.06786729156866582,0,0.01,0,0.00010371169628342614,0,7.849453194441562e-05,0,0.00499510469434507,0,0.0076491935178637505,0,0.00675638671964407,0
0,4,0.0218269528734452,0,0.04,0,1.58117418322945e-05,0,4.477810961289726e-05,0,0.00023274511591642443,0,0.0024003039579838514,0,0.0016128706047311425,0
0,2,0.0028810449367556684,0,0.0,0,3.107807788182981e-05,0,0.00014789627825783977,0,0.00014833623945230566,0,0.0010560457594692707,0,0.002875550650060177,0
0,5,0.0033452306560252686,0,0.0,0,6.70590952722705e-06,0,2.9169083046414866e-05,0,7.978327424538372e-08,0,4.745219848700799e-05,0,5.607998900813982e-05,0
0,1,1.7603434819269292e-05,0,0.01,0,2.509237856429536e-05,0,2.4841829100534672e-05,0,2.8226350492843005e-05,0,7.04184640198946e-05,0,7.457433093804866e-05,0
0,3,0.00019311190743322772,0,0.0,0,1.186569261335535e-05,0,2.1322750492344757e-05,0,4.7090453886420253e-07,0,7.708908378845081e-05,0,9.293994662584737e-05,0
0,5,1.1949730264262295e-08,0,0.02,0,4.237089342495892e-06,0,2.14516059925274e-05,0,2.1126037200675375e-08,0,0.0001269099157070741,0,3.955777356168255e-05,0
0,3,0.004280666909882201,0,0.0,0,1.311797313974239e-05,0,3.6773189183149156e-05,0,3.2544755397737792e-06,0,0.0002678917080629617,0,0.001305406098254025,0
0,4,0.0014878275066417443,0,0.01,0,7.045809616101906e-05,0,0.00010246839682383193,0,0.00032202291529575183,0,0.0007490342832170427,0,0.001808280125260353,0
0,4,0.01632690391488801,0,0.0,0,5.2058148867217824e-05,0,2.0434007216675602e-05,0,1.0708596798590171e-06,0,0.00012228824198246002,0,5.847108695888892e-05,0
0,3,0.001032376333054961,0,0.0,0,0.0016476379241794348,0,5.252835516209861e-05,0,6.877847988577626e-05,0,0.00217329990118742,0,0.0023264542687684298,0
0,5,0.00745079036434134,0,0.0,0,7.140143679862376e-06,0,6.660355864569302e-05,0,3.0536708463263526e-05,0,0.0002494897344149649,0,0.0008459498058073223,0
0,5,0.007274130596171522,0,0.0,0,8.126351531245746e-06,0,2.9457449263850673e-05,0,0.00019187573883975111,0,0.0007819883176125586,0,0.00033266362152062356,0
0,3,1.7217642659407097e-05,0,0.0,0,0.00010296201799064875,0,2.630813826824079e-05,0,3.6257215055003416e-05,0,0.0001733727112878114,0,7.646547601325437e-05,0
0,3,5.217595247654617e-05,0,0.0,0,1.1982237083429936e-05,0,2.131701269675926e-05,0,1.5081704700154468e-07,0,5.618562863674015e-05,0,4.1671755752759054e-05,0
0,3,6.762358974105715e-05,0,0.0,0,2.867266994144302e-05,0,1.7770665508535786e-05,0,2.6962325312868507e-06,0,0.00043897348223254085,0,0.0011536547681316733,0
0,2,3.018166212846168e-08,0,0.0,0,2.400099765509367e-05,0,2.1173928084191257e-05,0,6.080205596492616e-08,0,9.109375241678208e-06,0,1.5011268260423094e-05,0
0,5,0.40277114533680414,0,0.02,0,0.0007641700794920325,0,0.0010467556684594132,0,0.0014110075749138357,0,0.00294348387978971,0,0.00817718543112278,0
0,1,9.384827479557298e-07,0,0.0,0,6.485971243819222e-05,0,2.0616625919188164e-05,0,1.4148799761835008e-07,0,3.163427027175203e-05,0,6.974375719437376e-05,0
0,2,0.0020380019766371165,0,0.0,0,0.0006187832914292812,0,3.259380480264381e-05,0,6.737733521135754e-06,0,0.00010533275781199336,0,0.0004812912957277149,0
0,5,0.0016311858428449246,0,0.02,0,4.113135946681723e-05,0,3.242753479496804e-05,0,3.322351732888184e-06,0,0.0002959830453619361,0,0.0008657997823320329,0
0,5,2.854336576468315e-07,0,0.0,0,1.8012869986705482e-05,0,2.1435094496284252e-05,0,1.1832678308357322e-06,0,7.866479791118763e-06,0,1.9490329577820376e-05,0
0,3,2.817816679856712e-05,0,0.0,0,5.7199373259209096e-05,0,2.0841775639199067e-05,0,1.9077548634678724e-05,0,0.0002846133429557085,0,8.849604637362063e-05,0
0,5,4.203531983798799e-06,0,0.02,0,0.0002638046280480921,0,9.585279884913119e-05,0,4.824762462697574e-06,0,9.015788964461535e-05,0,7.776932034175843e-05,0
0,2,7.927393302468197e-06,0,0.0,0,0.00024880445562303066,0,2.386870488040908e-05,0,4.60020353242551e-08,0,0.00018108554650098085,0,0.00023660191800445318,0
0,2,1.5218737585551757e-08,0,0.01,0,0.0001020641575451009,0,2.9671597519349586e-05,0,9.922282671944488e-08,0,3.935539643862285e-05,0,5.092263745609671e-05,0
0,3,1.99832015025303e-08,0,0.0,0,2.2972574242885457e-06,0,2.1450352134890894e-05,0,7.713474944940042e-08,0,1.117870669986587e-05,0,1.3329055036592763e-05,0
0,1,3.0634804065006027e-06,0,0.01,0,0.00015020875434856862,0,0.0006814292217105822,0,8.19513744389313e-05,0,4.76641180284787e-05,0,9.249860158888623e-05,0
0,2,0.34815262340366515,0,0.03,0,0.00028196119819767773,0,0.0004358430718364385,0,0.0011980472416818861,0,0.0025507935788482428,0,0.0036743166856467724,0
0,1,0.003219811826846326,0,0.0,0,1.5470501239178702e-05,0,2.1080513832276107e-05,0,2.9405296190759804e-07,0,7.14629131834954e-05,0,8.347989205503836e-05,0
0,3,7.208223033601103e-05,0,0.0,0,3.501339961076155e-05,0,3.015706030641273e-05,0,5.427681863886267e-07,0,0.00011664920748444274,0,5.264671926852316e-05,0
0,1,0.0013665797634123341,0,0.0,0,1.3519179447030183e-05,0,2.3959574536709087e-05,0,3.987101417593542e-06,0,5.540864367503673e-05,0,0.00014575918612536043,0
0,5,9.86717793339701e-07,0,0.0,0,2.902076630562078e-06,0,2.150376786393715e-05,0,1.9159436608890603e-08,0,4.477170023164945e-06,0,1.2981662621314172e-05,0
0,1,0.06449893249934163,0,0.03,0,0.0001728660281514749,0,0.00819537673459932,0,3.2006702734861335e-05,0,0.0010433384450152516,0,0.0022892330307513475,0
0,5,0.0001269006774767408,0,0.01,0,5.7989767810795456e-05,0,3.0461594591454068e-05,0,1.7135373882261592e-06,0,7.684334559598938e-05,0,0.00014845012628939003,0
0,1,1.404411454802571e-07,0,0.0,0,3.6589958654076327e-06,0,2.1005752938870736e-05,0,9.03532165101745e-09,0,3.961587935918942e-06,0,1.3728131307289004e-05,0
0,3,1.9077571422314985e-09,0,0.0,0,8.28033262223471e-06,0,2.121735935858126e-05,0,6.29515328195589e-08,0,2.1834192011738196e-05,0,2.1107232896611094e-05,0
0,1,0.0006599911808523584,0,0.0,0,0.0005784436361864209,0,0.0002840127016306445,0,1.0363873828569146e-05,0,0.0007922062068246305,0,0.0015762848779559135,0
0,1,0.00014840734889290334,0,0.0,0,1.2080914530088194e-05,0,2.7690853630860785e-05,0,7.731393176770424e-06,0,1.358861118205823e-05,0,5.353284359443933e-05,0
0,2,3.669757794899525e-06,0,0.01,0,2.328753180336207e-05,0,2.978521972827363e-05,0,1.5322737899292616e-07,0,7.443550566677004e-05,0,9.398462134413421e-05,0
0,5,1.791466024999732e-05,0,0.0,0,2.3431908630300313e-05,0,5.712691956285328e-05,0,3.9212957098587624e-07,0,1.2693867574853357e-05,0,6.550957186846063e-05,0
0,5,2.8394133984139234e-09,0,0.0,0,4.248896857461659e-06,0,2.8439375755565084e-05,0,2.213933467764602e-08,0,9.535780918668024e-06,0,1.3268307156977244e-05,0
0,3,0.010730522305043469,0,0.0,0,7.089963037287816e-05,0,3.8811662586366346e-05,0,0.00015752579883760516,0,0.002418795134872198,0,0.0011142352595925331,0
0,5,3.251071341322258e-07,0,0.02,0,5.165255788597278e-05,0,2.0273515975947458e-05,0,3.890913197671777e-05,0,4.2326351831434295e-05,0,6.366759771481156e-05,0
0,3,0.6044182881932881,0,0.01,0,0.00031078883330337703,0,0.00010392492115518483,0,1.0088046485972172e-05,0,0.0012536760186776519,0,0.002206233562901616,0
0,5,2.781761965906696e-06,0,0.0,0,4.337964492151514e-05,0,2.5350981234657925e-05,0,6.405002586736682e-07,0,6.994196155574173e-05,0,6.515050336020067e-05,0
0,1,1.7109524494561783e-09,0,0.0,0,3.881212251144461e-06,0,2.1254142773011004e-05,0,3.889543213150545e-08,0,5.761422016803408e-06,0,2.165875594073441e-05,0
0,1,0.15684654861144887,0,0.0,0,7.449418626492843e-05,0,2.395348918052533e-05,0,8.596059186379973e-05,0,0.0008160610450431705,0,0.0014263532357290387,0
0,3,0.9669890121835247,1,0.05,0,0.001577820279635489,0,0.0006730018127866817,0,0.014783142447952554,0,0.0897698849439621,0,0.10316144675016403,0
0,5,5.66884415009905e-10,0,0.0,0,2.843557194864843e-05,0,2.1520476291558982e-05,0,1.9134895534183674e-07,0,9.355759175377898e-06,0,1.2981662621314172e-05,0
0,4,1.4359979616300875e-05,0,0.0,0,5.3945932450005785e-06,0,2.381401227481857e-05,0,4.1521491039514573e-07,0,1.800377867766656e-05,0,2.6356574380770326e-05,0
0,3,0.00014761457489269512,0,0.0,0,3.812571594608016e-05,0,2.101924493230717e-05,0,2.52805512616353e-06,0,0.0003189601411577314,0,0.0013650574255734682,0
0,4,0.10904548359760351,0,0.04,0,0.0005268583772704005,0,6.946906067759376e-05,0,0.000290852830842592,0,0.0027293090242892504,0,0.0009431997896172106,0
0,3,1.350505946024486e-05,0,0.0,0,3.2413423468824476e-05,0,4.077700965997034e-05,0,6.690930688039706e-06,0,0.00013818770821671933,0,0.00017763242067303509,0
0,5,3.77748304675777e-07,0,0.0,0,3.6987562452850398e-06,0,2.1515676541532465e-05,0,1.2627462831747178e-08,0,5.413021881395252e-06,0,1.2981662621314172e-05,0
0,5,0.77187343726824,0,0.02,0,0.02156955748796463,0,0.011712868796876417,0,0.05215882750465607,0,0.03156502544879913,0,0.0064417170360684395,0
0,4,0.004746134987303607,0,0.0,0,5.179585059522651e-05,0,2.799440419429416e-05,0,8.116758045468644e-07,0,4.924817039864138e-05,0,7.564941188320518e-05,0
0,4,0.004635595436916292,0,0.0,0,0.00034647565917111933,0,4.028843233770208e-05,0,0.00010775640565332003,0,9.727484575705603e-05,0,0.00010914172162301838,0
0,3,3.0668702640994e-07,0,0.0,0,1.8514843759476207e-05,0,2.1103354949934328e-05,0,1.7217236342168168e-07,0,1.5758412700961344e-05,0,1.6409720046794973e-05,0
0,1,0.0007651227971018794,0,0.0,0,0.00130790239199996,0,3.9189439790560855e-05,0,1.2131631970014753e-05,0,0.00022973270097281784,0,0.0002510803460609168,0
0,1,7.69869457089462e-05,0,0.0,0,1.2420838174875826e-05,0,2.068620967268175e-05,0,6.411774704269979e-07,0,4.725604412669782e-06,0,1.384204915666487e-05,0
0,5,0.00010179851189516981,0,0.0,0,6.700086032651598e-06,0,2.1359982820805066e-05,0,1.4200018927587518e-06,0,5.652076652040705e-05,0,7.220012048492208e-05,0
0,4,0.08108329461521603,0,0.04,0,9.038185089593753e-05,0,0.00015574884810563117,0,0.0021588011297238767,0,0.003445644862949848,0,0.0031988269183784723,0
0,1,9.689946081985121e-08,0,0.0,0,6.56916699881549e-06,0,2.4425472223203338e-05,0,1.4588408472834439e-06,0,1.2863793017459102e-05,0,2.970758214360103e-05,0
0,3,3.9451525041991806e-07,0,0.01,0,1.6235786461038515e-05,0,2.312758733037855e-05,0,2.194698173172795e-06,0,1.704571332084015e-05,0,1.7499856767244637e-05,0
0,4,0.28380336933559225,0,0.04,0,0.00015750578313600272,0,0.00012078084496129381,0,0.00012870476878872964,0,0.003748846473172307,0,0.003604234429076314,0
0,4,0.07700776833645043,0,0.02,0,0.00017970676708500832,0,3.615067429410958e-05,0,5.826400904416392e-05,0,0.0007310329820029438,0,0.0027912729419767857,0
0,4,0.5490447418554297,0,0.01,0,0.0039682514034211636,0,0.0001615320620264949,0,0.0024686518255270557,0,0.031497880816459656,0,0.004242091439664364,0
0,5,0.0027553951652754954,0,0.01,0,2.6539193640928715e-05,0,0.00014414757128185503,0,6.961426163920611e-05,0,0.009633384644985199,0,0.0009348847670480609,0
0,2,0.00016121655039618487,0,0.0,0,8.334068115800619e-05,0,2.412931506696167e-05,0,3.6092374219609144e-08,0,6.658716301899403e-05,0,5.508429603651166e-05,0
0,2,0.04281493027293973,0,0.0,0,3.622844451456331e-05,0,0.0001322892668398956,0,0.0002389775528734844,0,0.005276299547404051,0,0.008219236508011818,0
0,5,2.7445140124831628e-11,0,0.01,0,3.162034772685729e-05,0,2.143846366285823e-05,0,3.197473347340043e-08,0,8.695031283423305e-06,0,1.4264338460634463e-05,0
0,3,1.1064175820220347e-09,0,0.0,0,9.709531695989426e-06,0,2.1450352134890894e-05,0,2.1513517584619984e-07,0,9.774405043572187e-06,0,1.3192179721954744e-05,0
0,5,5.679816836468709e-06,0,0.0,0,2.4814624339342117e-05,0,2.3927314888210125e-05,0,4.591469464117042e-06,0,0.00014288003148976713,0,0.00045588528155349195,0
0,5,0.001655726445939814,0,0.01,0,7.691817700106185e-06,0,2.115527774919901e-05,0,3.9288501886890914e-05,0,0.00028393231332302094,0,0.00010611086327116936,0
0,2,0.028910260026686736,0,0.0,0,3.0128283469821326e-05,0,2.88190918695687e-05,0,6.6614068453510575e-06,0,0.0008607805939391255,0,0.00034551278804428875,0
0,4,1.9581705619250315e-06,0,0.01,0,6.998317076067906e-06,0,3.474439299802324e-05,0,2.4282269635827772e-08,0,5.282988240651321e-06,0,1.3192558981245384e-05,0
0,2,0.3239994965903977,0,0.02,0,3.448005736572668e-05,0,0.00038430194451093,0,0.00023784265433163737,0,0.00407084496691823,0,0.004400867037475109,0
0,5,0.0008759183349956099,0,0.0,0,5.0706830734270625e-06,0,2.1354518092761508e-05,0,7.857235077454279e-08,0,1.147745115304133e-05,0,2.328096525161527e-05,0
0,4,0.015280311168176384,0,0.01,0,0.00010478930198587477,0,4.559498026167601e-05,0,6.0453238158533034e-05,0,0.00012766438885591924,0,4.08580235671252e-05,0
0,4,4.8458306931183614e-08,0,0.0,0,2.7293288439977914e-05,0,3.0117384526437475e-05,0,4.955351445308114e-07,0,1.1685464414767921e-05,0,1.748283284541685e-05,0
0,2,7.969038702931323e-06,0,0.0,0,4.7204339352902025e-06,0,2.117401401281575e-05,0,3.635812663273251e-08,0,7.699163688812405e-06,0,1.3078680240141694e-05,0
0,3,3.183603896525884e-07,0,0.0,0,2.656727156136185e-05,0,3.723179251277088e-05,0,4.989939758234113e-06,0,5.665576827595942e-05,0,3.142342029605061e-05,0
0,2,0.00017598117446517386,0,0.0,0,1.727141898300033e-05,0,2.387319715293402e-05,0,4.293900198211017e-07,0,0.0001776043645804748,0,0.00012787904415745288,0
0,1,3.514663252302231e-06,0,0.01,0,7.261338032549247e-05,0,2.054356229858829e-05,0,7.968177962458094e-08,0,1.9052866264246404e-05,0,2.526734533603303e-05,0
0,3,0.001818035893968654,0,0.0,0,1.2770850844390225e-05,0,2.306842455877485e-05,0,1.7870155481926193e-05,0,0.0001935420004883781,0,0.0002042187552433461,0
0,4,0.0002143354718639399,0,0.01,0,5.5906293709995225e-05,0,3.768751636876404e-05,0,5.823010800475449e-05,0,0.0002672458649612963,0,0.00017035676864907146,0
0,1,0.012257905629463812,0,0.0,0,0.00015425006859004498,0,2.364546790526178e-05,0,1.4270226619636802e-05,0,5.9993926697643474e-05,0,0.00033340894151479006,0
0,1,0.0004244650852580458,0,0.02,0,2.5088791517191567e-05,0,4.128228036463515e-05,0,0.001071903421913648,0,0.00029069301672279835,0,0.0003372049832250923,0
0,5,1.5037402061858401e-05,0,0.0,0,1.4060196008358616e-05,0,2.8319550393020437e-05,0,2.5742202368244086e-07,0,0.0001977214851649478,0,0.0006894352845847607,0
0,5,0.00046310160065684885,0,0.01,0,1.4736860975972377e-05,0,5.4057258881766895e-05,0,0.0030858183013532637,0,0.00027851961203850806,0,0.0001782757753971964,0
0,1,0.018065679222926585,0,0.0,0,0.0017172170337289572,0,0.00013574431437026366,0,0.0017814358633332081,0,0.010327622294425964,0,0.02558230049908161,0
0,4,1.8823490988830992e-06,0,0.0,0,2.977876465592999e-05,0,2.0528635126395226e-05,0,1.3134250603451046e-05,0,6.781458796467632e-05,0,4.1640694689704105e-05,0
0,5,7.022522280359738e-07,0,0.0,0,3.0245906600612216e-05,0,7.43264751314207e-05,0,2.0604865904215635e-07,0,1.8042015653918497e-05,0,1.57918875629548e-05,0
0,3,3.2235258206990713e-07,0,0.0,0,5.371512543206336e-06,0,2.9924132458174956e-05,0,2.3939617724872867e-07,0,1.73576881934423e-05,0,1.636880188016221e-05,0
0,4,1.253364186384171e-06,0,0.0,0,5.5891914598760195e-06,0,4.238854300312017e-05,0,5.169331956274592e-07,0,8.045100003073458e-06,0,1.637288005440496e-05,0
0,4,0.0002344876302480135,0,0.0,0,0.00016508165572304279,0,2.0636796192424033e-05,0,5.8318915896483634e-08,0,2.4699507775949314e-05,0,3.724094131030142e-05,0
0,3,2.0150184381729382e-05,0,0.0,0,8.470228749501985e-06,0,2.6853116846779907e-05,0,5.4084568012439636e-06,0,0.0007009811233729124,0,0.0006049614166840911,0
0,3,2.2812872606630703e-09,0,0.0,0,2.2689027900923975e-05,0,2.1524378050201136e-05,0,1.1364349382234286e-06,0,1.4161116268951446e-05,0,1.4708384696859866e-05,0
0,1,0.000147049839343874,0,0.0,0,8.224376870202832e-06,0,2.874741537963993e-05,0,5.0708170882767124e-08,0,4.535163498076145e-06,0,1.5526717106695287e-05,0
0,2,0.07287232244449028,0,0.02,0,0.003797631012275815,0,0.00034272340718474167,0,0.00029510172385198766,0,0.002363567939028144,0,0.0019582444801926613,0
0,5,1.216409332899851e-09,0,0.01,0,0.0003701931273099035,0,3.031698558167293e-05,0,1.8808227206908489e-06,0,1.2864860764238983e-05,0,1.8769496819004416e-05,0
0,3,3.884579712376288e-08,0,0.0,0,1.069507015927229e-05,0,2.1450352134890894e-05,0,1.465175759046475e-07,0,1.3760927686234936e-05,0,1.5416924725286663e-05,0
0,3,0.01311524332970751,0,0.01,0,0.0006245753611437976,0,0.0001482277622865138,0,1.803989264553572e-05,0,0.0005176970735192299,0,0.0012165163643658161,0
0,1,7.771864856388219e-06,0,0.02,0,0.002316522179171443,0,0.00011855936057435202,0,4.472694602013531e-06,0,0.00014104088768363,0,0.00010853095591301098,0
0,3,5.689265678510605e-07,0,0.0,0,9.19395279197488e-06,0,3.0424036183523285e-05,0,6.627952699102858e-08,0,9.126313671004027e-06,0,1.3683120414498262e-05,0
0,3,5.789395018781928e-05,0,0.0,0,4.728494332084665e-06,0,2.5265858209068087e-05,0,4.577316504725872e-08,0,1.5009005437605083e-05,0,2.0123565263929777e-05,0
0,5,6.133297889049313e-08,0,0.0,0,1.0837539775820915e-05,0,2.1511175426016583e-05,0,1.4736410822111887e-07,0,6.343241693684831e-06,0,1.3500695786206052e-05,0
0,5,0.4457952671507189,0,0.02,0,0.002000780077651143,0,3.3030952436940175e-05,0,1.8431243531453057e-05,0,0.0006931287935003638,0,0.0013551079900935292,0
0,2,5.859424246843254e-05,0,0.0,0,3.7032656109659e-05,0,2.0089385724102395e-05,0,2.8709026936385447e-05,0,4.552211976260878e-05,0,4.211533087072894e-05,0
0,1,0.00016182594582643604,0,0.0,0,5.996811160002835e-05,0,2.5108797050874446e-05,0,6.105607528104158e-05,0,9.358062379760668e-05,0,0.00015277674538083375,0
0,5,3.710815975648664e-07,0,0.0,0,2.26951960939914e-05,0,2.8282057831166903e-05,0,2.4312359652401375e-07,0,1.951792000909336e-05,0,2.6900790544459596e-05,0
0,3,6.74633713141847e-07,0,0.0,0,2.3153846996137872e-05,0,2.3082214262296097e-05,0,9.57548111986633e-06,0,8.217242429964244e-05,0,9.942964243236929e-05,0
0,3,5.867204231699053e-07,0,0.0,0,0.00010014991858042777,0,3.4579367072397444e-05,0,1.4938566938404299e-05,0,0.0002082221326418221,0,0.00018831911438610405,0
0,4,1.7289988509555982e-06,0,0.0,0,4.0098861063597724e-05,0,2.1318512002591896e-05,0,5.503202588181513e-07,0,7.628907496837201e-06,0,1.3991035302751698e-05,0
0,2,3.123648479254366e-05,0,0.0,0,3.801543243753258e-06,0,2.382506093819532e-05,0,4.0763599501365575e-07,0,2.795950604195241e-05,0,3.2009746064431965e-05,0
0,4,0.9037823123175006,0,0.01,0,0.0011400997173041105,0,9.11026093614589e-05,0,6.599831647732796e-06,0,0.001870612264610827,0,0.002711307257413864,0
0,3,4.117082183351804e-06,0,0.01,0,4.580036329571158e-05,0,1.964203883020513e-05,0,8.75961794971127e-07,0,2.9808732506353408e-05,0,2.0730349206132814e-05,0
0,3,0.0009523731609174608,0,0.01,0,0.00010237450624117628,0,0.00010561303492342942,0,0.002511235458420762,0,0.0007191499462351203,0,0.0007766145863570273,0
0,3,0.0023068168676489524,0,0.01,0,0.0002409732696833089,0,4.0243998221885665e-05,0,0.0021504171030496694,0,0.002150844084098935,0,0.001370572135783732,0
0,3,6.339209387779788e-08,0,0.0,0,7.034651935100555e-05,0,2.28465180685328e-05,0,7.647212339945616e-06,0,9.600873454473913e-05,0,0.00020722011686302722,0
0,1,7.269384317546389e-05,0,0.01,0,7.292717782547697e-05,0,2.7032597972212234e-05,0,1.3309600239085642e-06,0,5.138817505212501e-05,0,0.00016548567509744316,0
0,5,2.462035521939749e-10,0,0.0,0,1.877346949186176e-05,0,3.063994112793746e-05,0,6.603763454974313e-07,0,1.0255957931804005e-05,0,1.5466106560779735e-05,0
0,4,0.006413836568491837,0,0.05,0,0.0010789477964863181,0,0.005387237737969799,0,0.0446795974262475,0,0.004251447506248951,0,0.0038019968196749687,0
0,1,0.0008269092131739186,0,0.03,0,0.004046231973916292,0,6.021832514450441e-05,0,3.990234770266618e-05,0,5.293881622492336e-05,0,0.0001573558838572353,0
0,1,1.8806805482987976e-05,0,0.0,0,1.653326762607321e-05,0,2.1026992352285304e-05,0,6.852697867595684e-08,0,5.504577529791277e-06,0,1.4759118130314164e-05,0
0,5,3.111788578157635e-05,0,0.0,0,2.504559461158351e-06,0,2.4939522023564068e-05,0,1.8704918581475246e-06,0,3.759171886486001e-05,0,3.514457057463005e-05,0
0,4,0.04386723145870835,0,0.0,0,4.627282760338858e-05,0,4.6474216873664375e-05,0,0.0001604390417040646,0,0.0008149957284331322,0,0.0005609792424365878,0
0,1,2.4647917228294717e-09,0,0.0,0,2.955542913696263e-05,0,2.9767010894325374e-05,0,3.19814091375876e-07,0,1.0528193342906889e-05,0,1.7932537957676686e-05,0
0,2,9.73494287615337e-06,0,0.0,0,4.1209059418179095e-05,0,2.4610035627568217e-05,0,1.2874039357393716e-07,0,1.138770403485978e-05,0,1.8684489987208508e-05,0
0,2,0.0002401662673229237,0,0.0,0,2.6227833586744964e-05,0,4.0264388224482766e-05,0,2.338831553031091e-06,0,0.00013355132250580937,0,0.00026553531643003225,0
0,3,2.0137146820329522e-05,0,0.01,0,1.07266751001589e-05,0,2.4881476601318904e-05,0,5.246993405059933e-06,0,5.541676000575535e-05,0,3.710356759256683e-05,0
0,2,0.00031620688657940215,0,0.0,0,2.4781991669442505e-05,0,2.0280822714011157e-05,0,1.1832045095973817e-06,0,9.177948231808841e-05,0,4.116009222343564e-05,0
0,2,9.73381661501499e-06,0,0.0,0,0.000116335490019992,0,2.1162940849832814e-05,0,2.789481188861154e-08,0,1.4603542695112992e-05,0,1.8256181647302583e-05,0
0,2,1.0431848746734492e-06,0,0.01,0,1.2062103451171424e-05,0,2.0281345848324637e-05,0,2.452008892276983e-07,0,3.938586451113224e-05,0,4.597395673044957e-05,0
0,5,2.336806328768774e-07,0,0.0,0,0.00012063675239915028,0,2.1512237973560566e-05,0,7.335177011597907e-08,0,6.808330908825155e-06,0,2.6160658308072016e-05,0
0,1,0.00015069313354469568,0,0.08,0,0.015378577634692192,0,0.03790297273401477,0,0.0013831840777772779,0,0.03378833830356598,0,0.006790083833038807,0
0,3,5.648416325755955e-08,0,0.0,0,5.723688445868902e-06,0,2.2889297733338144e-05,0,1.0379525552765581e-05,0,2.663780287548434e-05,0,2.0830002540606074e-05,0
0,1,0.02199781387813758,0,0.01,0,0.016196709126234055,0,0.0009400231823418766,0,0.0005772957293028024,0,0.010632311925292015,0,0.0023301816545426846,0
0,5,4.351569611715375e-10,0,0.01,0,0.000885383749846369,0,8.489414411914159e-05,0,0.0003093848565709169,0,0.0007547971908934414,0,0.0009842687286436558,0
0,4,0.0014436369047228753,0,0.03,0,0.0013915315503254533,0,0.0015295215297909989,0,0.004176394531515734,0,0.0066644176840782166,0,0.014412683434784412,0
0,2,4.196411712122788e-05,0,0.0,0,8.703502317075618e-06,0,4.540042034284832e-05,0,3.224155635316717e-06,0,0.00020788524125237018,0,9.829454211285338e-05,0
0,3,2.6231683934854416e-07,0,0.0,0,3.707931682583876e-06,0,2.1522661394370185e-05,0,1.3333690839775458e-07,0,1.3370666238188278e-05,0,1.7736292647896335e-05,0
0,5,3.997441907792369e-05,0,0.02,0,0.00028796656988561153,0,2.031311515008644e-05,0,8.982328220098397e-05,0,0.00011268863454461098,0,0.00041635968955233693,0
0,3,0.30714487149416453,0,0.07,0,0.0005293306312523782,0,0.00022102544703130893,0,0.0187698008938559,0,0.015627054497599602,0,0.009205995127558708,0
0,1,0.0003577605495876869,0,0.0,0,8.576285836170428e-06,0,2.872450896486845e-05,0,5.45149363196466e-06,0,3.336505324114114e-05,0,2.6949815946863964e-05,0
0,1,4.730374243489804e-07,0,0.01,0,5.8847559557762e-05,0,3.005378574088391e-05,0,3.069700859731104e-06,0,1.6079015040304512e-05,0,1.7953185306396335e-05,0
0,5,0.18261665379693365,0,0.01,0,1.009000789053971e-05,0,2.4840515077363603e-05,0,6.593889271368736e-05,0,0.00048768846318125725,0,0.0004756153794005513,0
0,2,3.585171547837237e-06,0,0.0,0,5.565655374084599e-05,0,3.292847170527913e-05,0,6.916260309639746e-06,0,2.448791747156065e-05,0,3.7754532968392596e-05,0
0,2,6.238866023633028e-07,0,0.0,0,6.943246262380853e-05,0,2.6249694967060217e-05,0,1.5757023328283866e-05,0,4.918843842460774e-05,0,0.00022596772760152817,0
0,5,0.002581719358625337,0,0.0,0,7.004285635048291e-06,0,3.305049550791713e-05,0,2.8282712096381415e-07,0,2.1182690034038387e-05,0,2.0997591491322964e-05,0
0,1,1.676667319970823e-07,0,0.0,0,4.827957582165254e-06,0,2.1042444888732688e-05,0,8.247033305697005e-09,0,5.4264191930997185e-06,0,1.3398160263022874e-05,0
0,3,4.4016646237523624e-06,0,0.01,0,5.4773190640844405e-05,0,1.9761425484421035e-05,0,2.466577225658625e-06,0,6.185456004459411e-05,0,5.5133012210717425e-05,0
0,1,0.0007292242699421743,0,0.02,0,0.00012916405103169382,0,0.0025287737745642784,0,9.274666461331643e-05,0,0.0008510631741955876,0,0.0011811436852440238,0
0,3,0.0024434395536542643,0,0.01,0,8.369852730538696e-05,0,0.0004132755007599497,0,0.0009079677829415627,0,0.0019590638112276793,0,0.0040335687808692455,0
0,2,0.0005290646838730627,0,0.01,0,0.00010557483619777486,0,2.8426256874096072e-05,0,9.158992306088664e-06,0,0.00011239355080761015,0,0.00016957837215159088,0
0,4,2.343523854648985e-06,0,0.0,0,7.988845027284697e-06,0,1.999382227281825e-05,0,3.62339409183023e-05,0,0.00022408673248719424,0,0.0001874784065876156,0
0,3,0.0001824287561871726,0,0.0,0,8.854137377056759e-06,0,3.619890773964081e-05,0,4.6348507103373223e-07,0,0.0002893922501243651,0,0.00013053558359388262,0
0,5,0.07241494979564451,0,0.02,0,3.0392473490792327e-05,0,2.349237776934332e-05,0,3.3335725880383857e-06,0,0.00021147847292013466,0,0.00032843390363268554,0
0,3,0.00014816473688592888,0,0.0,0,1.4708344679092988e-05,0,3.2945308495898766e-05,0,0.0003453869680683168,0,0.00038050522562116385,0,0.0002684253267943859,0
0,4,0.08731468525551654,0,0.01,0,4.960410296916962e-05,0,7.923787574531108e-05,0,2.4619902263661594e-05,0,0.0006225265096873045,0,0.0022342614829540253,0
0,5,0.0015144512668837735,0,0.01,0,0.00015099499432835728,0,7.146287414059071e-05,0,9.065097546444708e-06,0,8.053577766986564e-05,0,0.00011930984328500926,0
0,3,0.004258614678669071,0,0.01,0,0.0005195492412894964,0,4.413200476990714e-05,0,0.0003589359371259293,0,0.004824666306376457,0,0.0023305662907660007,0
0,2,0.23561343289228778,0,0.01,0,0.000101941499451641,0,0.00011099132614016684,0,1.9598309389365013e-05,0,0.00024224120716098696,0,0.0003992239071521908,0
0,4,9.172196420124722e-05,0,0.0,0,2.201044662797358e-05,0,2.7954749480235263e-05,0,1.4095259432070356e-05,0,0.00011125021410407498,0,4.868187534157187e-05,0
0,1,4.879773047007183e-08,0,0.0,0,1.9537637854227796e-06,0,2.1054667015969763e-05,0,8.939469298493988e-09,0,4.441517830855446e-06,0,1.3358992873691022e-05,0
0,3,0.04486571793333382,0,0.0,0,0.00022746263130102307,0,4.1818711972420214e-05,0,0.0004213029030191939,0,0.0011664789635688066,0,0.0005902165430597961,0
0,5,0.00921027101202127,0,0.0,0,8.348172741534654e-06,0,3.880870274693071e-05,0,1.3089243644377896e-06,0,0.0005044660065323114,0,0.0004138777148909867,0
0,4,0.30227429724047344,0,0.06,0,0.14033612608909607,0,0.34868840012597224,1,0.41524078937611764,1,0.2104221135377884,0,0.08744287490844727,0
0,1,0.07891949755473975,0,0.0,0,0.00013678868708666414,0,4.435247576203114e-05,0,8.286640537193542e-06,0,0.00010944631503662094,0,0.00020782383217010647,0
0,1,0.0001544545076045971,0,0.0,0,1.8828890461008996e-05,0,2.041171486084164e-05,0,8.019166936363613e-06,0,4.433303911355324e-05,0,7.63194402679801e-05,0
0,1,2.499505926366337e-06,0,0.0,0,1.0651394404703751e-05,0,2.1013113904290537e-05,0,2.8368931666876346e-09,0,5.098879682918778e-06,0,2.5523946533212438e-05,0
0,4,2.8209939951887563e-06,0,0.0,0,1.6168172805919312e-05,0,3.3387770507889104e-05,0,3.242061312228197e-08,0,1.593376146047376e-05,0,2.0331823179731146e-05,0
0,2,9.468134313501664e-05,0,0.01,0,9.748765296535566e-05,0,2.0282433529023288e-05,0,1.6186424062106004e-05,0,3.2071791792986915e-05,0,4.920584615319967e-05,0
0,4,4.5448090653453076e-08,0,0.01,0,7.974338950589299e-05,0,4.023078824236732e-05,0,6.810638047774514e-07,0,0.00011592404916882515,0,2.4895110982470214e-05,0
0,5,1.1315846625154297e-05,0,0.0,0,1.4186181033437606e-05,0,2.1562766697545246e-05,0,1.817170074438062e-07,0,1.0447030945215374e-05,0,2.1534975530812517e-05,0
0,3,9.48737713681445e-09,0,0.0,0,1.6776144548202865e-05,0,2.1388319644943438e-05,0,3.699556461128932e-07,0,1.381447054882301e-05,0,1.4334795196191408e-05,0
0,3,2.091167096755458e-05,0,0.0,0,9.035960829351097e-06,0,1.7665910207675423e-05,0,1.5897640792283595e-05,0,0.000140594900585711,0,0.0002638852456584573,0
0,2,8.881040481350004e-06,0,0.0,0,6.991822010604665e-05,0,2.0305561966167068e-05,0,5.171547821586986e-07,0,1.5176281522144563e-05,0,2.6072495529660955e-05,0
0,2,4.787233889972874e-05,0,0.0,0,2.7159259843756445e-05,0,2.4766723761689473e-05,0,0.00011254574994011671,0,0.00015754839114379138,0,0.00015599338803440332,0
0,2,0.0030918234027865706,0,0.0,0,0.00023773159773554653,0,2.8428234040299554e-05,0,3.893838619151571e-05,0,0.00041152149788104,0,0.0006738151423633099,0
0,3,2.7170542621775108e-08,0,0.0,0,2.1514266336453147e-05,0,2.23548524068134e-05,0,4.773451607950967e-07,0,1.2694865290541202e-05,0,1.6216046788031235e-05,0
0,3,8.31836928715597e-05,0,0.0,0,0.00046461945748887956,0,2.412256721769563e-05,0,5.522254107795418e-06,0,9.316522482549772e-05,0,0.0002555397804826498,0
0,1,0.0002800235404006092,0,0.01,0,3.405007009860128e-05,0,6.680521715330473e-05,0,0.00014580121589332512,0,0.00010864254727493972,0,0.00024263467639684677,0
0,4,0.009284277354735129,0,0.0,0,7.11052562110126e-05,0,2.4989599652574517e-05,0,3.3919604064524473e-05,0,9.472802776144817e-05,0,4.0071052353596315e-05,0
0,4,0.0001410140445233245,0,0.02,0,7.058546179905534e-05,0,0.00010787533030692037,0,4.3655432981246974e-05,0,0.000682741345372051,0,0.00021985570492688566,0
0,2,1.1803653148017432e-05,0,0.0,0,2.2903621356817894e-05,0,2.8896510187840734e-05,0,5.029941006303617e-07,0,8.807247650111094e-05,0,0.0001939671637956053,0
0,2,0.009750611276254064,0,0.0,0,0.00011478025407996029,0,0.001455735852615245,0,0.0005179585575416602,0,0.0009310022578574717,0,0.0008743292419239879,0
0,5,1.4537426758341884e-05,0,0.0,0,9.294789379055146e-06,0,4.13474858414059e-05,0,1.7473152091622577e-05,0,6.163646321510896e-05,0,0.0001200187107315287,0
0,1,0.011394641278472508,0,0.01,0,0.004324182868003845,0,0.0005435050082949883,0,0.00016967034470179236,0,0.0025968491099774837,0,0.0018077587010338902,0
0,4,0.003211835415591987,0,0.02,0,0.0009253117023035884,0,0.0003941755403572516,0,0.0049594533922387146,0,0.006558551918715239,0,0.0026386987883597612,0
0,5,3.0452399657534676e-05,0,0.0,0,3.9254551666090265e-05,0,8.319420928871115e-05,0,2.4531902946390353e-05,0,0.0005461176042445004,0,0.0008323350921273232,0
0,4,1.1402325360830366e-05,0,0.01,0,0.00026263465406373143,0,3.447800896922967e-05,0,8.739602671113965e-07,0,5.5070366215659305e-05,0,3.062524410779588e-05,0
0,4,9.46095639482773e-05,0,0.01,0,2.4979781301226467e-05,0,5.8189593489636425e-05,0,2.6440798611279802e-06,0,0.0003893928078468889,0,0.0003409240744076669,0
0,4,9.652978292591512e-05,0,0.0,0,1.7028678485075943e-05,0,2.429270939124681e-05,0,3.5320848243552584e-06,0,6.0879850934725255e-05,0,4.807481309399009e-05,0
0,4,6.203002780895887e-07,0,0.01,0,3.051651583518833e-05,0,5.681287848220571e-05,0,4.896140837449953e-07,0,0.00016294071974698454,0,6.351954652927816e-05,0
0,2,0.00018032634549923723,0,0.0,0,2.8104886951041408e-05,0,3.973518338165211e-05,0,2.695607504430483e-06,0,9.703649993753061e-05,0,8.967562462203205e-05,0
0,2,0.001284191543059788,0,0.01,0,0.0002647293440531939,0,0.00010193633333543218,0,0.00019827995687803155,0,0.0006676199263893068,0,0.0006006169132888317,0
0,4,3.603070657956369e-07,0,0.01,0,2.3343496650340967e-05,0,5.207965518584723e-05,0,2.6047824781023235e-06,0,2.122003752447199e-05,0,3.411998113733716e-05,0
0,5,9.497313823340743e-06,0,0.0,0,1.3516266335500404e-05,0,2.1270995705029263e-05,0,5.735898593919713e-06,0,1.9658265955513343e-05,0,1.776465433067642e-05,0
0,2,0.2123508042075281,0,0.01,0,0.00021594036661554128,0,0.00015800260269656962,0,2.165848117229711e-05,0,0.0004022535867989063,0,0.00034511100966483355,0
0,4,0.3188362604741171,0,0.09,0,0.0012528282823041081,0,0.0005223952767352839,0,0.015346795102319203,0,0.005465400870889425,0,0.011560594663023949,0
0,5,9.904909520656364e-08,0,0.0,0,4.9860151193570346e-05,0,2.1599173979466865e-05,0,3.6527596616692235e-08,0,6.790133284084732e-06,0,1.3281593965075444e-05,0
0,4,7.2447014706717345e-09,0,0.0,0,6.3837705965852365e-06,0,6.61584661350344e-05,0,4.2721373243179135e-08,0,1.48633762364625e-05,0,1.624611104489304e-05,0
0,5,3.558951915418334e-05,0,0.0,0,9.734964805829804e-06,0,4.490640714934874e-05,0,0.00019859497316054468,0,0.0012647784315049648,0,0.00039536511758342385,0
0,5,1.2620882438313097e-06,0,0.0,0,8.36544313642662e-06,0,2.522460403653714e-05,0,7.364164863214119e-08,0,2.7959056751569733e-05,0,2.370384390815161e-05,0
0,3,0.2502529156364958,0,0.06,0,0.0003138958418276161,0,0.00013492486926127635,0,0.0019385419774362322,0,0.004256767220795155,0,0.006325894966721535,0
0,2,3.614851995522732e-05,0,0.0,0,0.00038245777250267565,0,3.53553669889313e-05,0,7.754369304928887e-07,0,1.685056122369133e-05,0,2.61545974353794e-05,0
0,1,0.0006036153926757783,0,0.0,0,0.00039790061418898404,0,3.069426532102517e-05,0,2.6922864993338388e-05,0,0.000374688213923946,0,0.0012043374590575695,0
0,3,0.003915524183175274,0,0.0,0,4.753246685140766e-05,0,2.4864516326194806e-05,0,5.352572824640079e-06,0,3.269891021773219e-05,0,4.940327562508173e-05,0
0,1,0.00014971132099436503,0,0.0,0,0.00027984147891402245,0,2.877800393124021e-05,0,8.51995052927459e-07,0,2.0534875147859566e-05,0,4.161209653830156e-05,0
0,1,0.0004493173537090992,0,0.0,0,1.731182237563189e-05,0,3.489621991205454e-05,0,1.8364142730907576e-06,0,5.0862799980677664e-05,0,0.00012401003914419562,0
0,5,0.0009007486623928468,0,0.03,0,0.00013381688040681183,0,2.1390174082013172e-05,0,2.0137455262012527e-07,0,0.00013226385635789484,0,6.650495197391137e-05,0
0,4,0.00015686954210068305,0,0.0,0,2.8365911930450238e-05,0,2.060596366388944e-05,0,1.8099118337976344e-05,0,4.30461295763962e-05,0,4.2772186134243384e-05,0
0,1,0.002753708543672437,0,0.03,0,7.047556573525071e-05,0,2.3956426792458568e-05,0,1.8919001173910346e-07,0,7.112789171515033e-05,0,0.0001693087542662397,0
0,2,9.705428458678727e-06,0,0.0,0,6.7194041548646055e-06,0,2.843129927085199e-05,0,4.116016653884191e-06,0,1.2573093044920824e-05,0,2.2043854187359102e-05,0
0,3,4.222966477422136e-06,0,0.0,0,0.00016907459939830005,0,3.84220231725391e-05,0,2.469100297786369e-06,0,9.847112960414961e-05,0,6.295739149209112e-05,0
0,4,0.004629760780809367,0,0.01,0,0.0003291749453637749,0,2.8047355261766336e-05,0,0.00017144483677347777,0,0.00025513075524941087,0,0.0003512235125526786,0
0,4,6.217206150766352e-05,0,0.0,0,5.0040544010698795e-05,0,2.927800373500963e-05,0,1.9441111305369478e-05,0,3.95920142182149e-05,0,4.4848093239124864e-05,0
0,2,1.305694819542779e-05,0,0.0,0,3.506593202473596e-05,0,2.9671597519349586e-05,0,2.664829450164906e-08,0,8.495054316881578e-06,0,1.435155081708217e-05,0
0,1,1.3962803574923402e-05,0,0.0,0,2.335162389499601e-05,0,2.134482404958197e-05,0,4.719686354078188e-06,0,6.963728992559481e-06,0,2.2802205421612598e-05,0
0,3,9.030837339041477e-05,0,0.0,0,6.982134800637141e-05,0,1.9400828452112044e-05,0,1.1889260358347764e-06,0,4.914392047794536e-05,0,6.180872878758237e-05,0
0,2,0.0006011779325241791,0,0.01,0,3.895632835337892e-05,0,2.117401401281575e-05,0,1.8735784375701123e-07,0,3.055681736441329e-05,0,2.463529926899355e-05,0
0,2,2.829825269369558e-08,0,0.01,0,0.000518478627782315,0,2.7904422551969617e-05,0,9.484680325602765e-07,0,8.825425175018609e-05,0,6.032490637153387e-05,0
0,2,5.029837067280331e-05,0,0.0,0,8.28092815936543e-05,0,2.9674382266936933e-05,0,2.368703634227087e-06,0,1.3044013940088917e-05,0,3.256534182582982e-05,0
0,1,0.050111203104208905,0,0.03,0,4.897141479887068e-05,0,8.362851743021709e-05,0,0.00041719029399428634,0,0.002562554320320487,0,0.0028905572835355997,0
0,2,0.00016864703526785863,0,0.0,0,8.994536983664148e-06,0,2.0245678474773915e-05,0,1.61184700484287e-06,0,4.231024286127649e-05,0,3.6219276807969436e-05,0
0,3,0.29201352651702733,0,0.02,0,0.00016378438158426434,0,4.14031273990386e-05,0,0.00026698753335404566,0,0.0015937197022140026,0,0.0014836802147328854,0
0,4,7.796313613286264e-09,0,0.0,0,1.940048605320044e-05,0,2.1144965975003128e-05,0,9.061320771410222e-08,0,1.898413938761223e-05,0,3.1952680728863925e-05,0
0,2,0.0008403647158894987,0,0.01,0,0.00028210371965542436,0,4.1781779279933814e-05,0,8.396438325018879e-08,0,0.00017073581693693995,0,0.00014119451225269586,0
0,3,6.715300881436329e-08,0,0.0,0,0.00016056679305620492,0,4.324222739414351e-05,0,2.2081263972281026e-06,0,4.489220373216085e-05,0,2.640004822751507e-05,0
0,1,0.00015682802491618765,0,0.0,0,5.7371176808374e-05,0,3.425538828979743e-05,0,7.679916292146658e-08,0,1.4879549780744128e-05,0,2.996414332301356e-05,0
0,4,0.006713013506023974,0,0.01,0,0.0001947113632922992,0,0.00012100632987614029,0,3.207175430852682e-05,0,0.000897913530934602,0,0.00209791143424809,0
0,2,5.993262572780565e-07,0,0.0,0,0.00023125603911466897,0,2.5049220187537067e-05,0,1.4392212383758623e-06,0,1.6830335880513303e-05,0,3.017800918314606e-05,0
0,3,0.007832462289242033,0,0.01,0,4.5792585297022015e-05,0,2.1151304391516724e-05,0,7.989567565090985e-06,0,0.0001387574156979099,0,0.00016282801516354084,0
0,4,8.940821052978221e-07,0,0.0,0,1.8571625332697295e-05,0,2.131799917295399e-05,0,7.108447089553877e-08,0,5.511751169251511e-06,0,1.4243061741581187e-05,0
0,5,2.0867089600602323e-06,0,0.01,0,8.095542398223188e-06,0,2.1515845592586393e-05,0,2.2906925321588275e-07,0,9.982401934394147e-06,0,1.828576387197245e-05,0
0,1,1.8854527123254099e-07,0,0.01,0,4.157939656579401e-06,0,2.0292957870210208e-05,0,4.7353409316425203e-07,0,9.525670975563116e-06,0,2.4238457626779564e-05,0
0,3,0.00043082785827195925,0,0.0,0,4.3722598093154375e-06,0,2.1517869462676228e-05,0,7.549332499158149e-08,0,1.8474034732207656e-05,0,2.8621703677345067e-05,0
0,4,0.0010966595810633646,0,0.0,0,7.578035820188234e-06,0,2.925540544644116e-05,0,8.250705372391333e-06,0,3.498280784697272e-05,0,3.739324165508151e-05,0
0,4,0.9929685053496758,1,0.04,0,0.06002965196967125,0,0.013008930013181225,0,0.0037571434252389488,0,0.060875166207551956,0,0.3325296640396118,1
0,4,8.214674915540701e-06,0,0.0,0,5.179052550374763e-06,0,2.812938690966289e-05,0,8.285470685156579e-08,0,9.79135529632913e-06,0,1.720479122013785e-05,0
0,5,0.002601690681535059,0,0.02,0,0.0007104367250576615,0,0.0012432319962189123,0,0.002568643379641533,0,0.0027853231877088547,0,0.01948864944279194,0
0,5,0.00023055272567543416,0,0.01,0,4.8286157834809273e-05,0,2.3720113866849773e-05,0,1.6535300652933247e-07,0,9.48572596826125e-06,0,1.3524507266993169e-05,0
0,4,0.010849686523306909,0,0.0,0,2.6948091544909403e-05,0,3.2695464518317215e-05,0,3.720180850238834e-05,0,0.0006103698979131877,0,0.00018716408521868289,0
0,1,0.006036332470076753,0,0.0,0,9.943520126398653e-06,0,7.147205877287517e-05,0,3.4104075892588214e-06,0,5.662858529831283e-05,0,0.0002549558994360268,0
0,2,0.0051976633458888435,0,0.04,0,0.003618782153353095,0,0.00030913767866900605,0,0.0017757949496643118,0,0.006953285075724125,0,0.005261523183435202,0
0,5,0.00036767901056567343,0,0.0,0,2.296956881764345e-05,0,2.3464396423319024e-05,0,1.2491491380327964e-05,0,0.00017340962949674577,0,0.00016496912576258183,0
0,3,3.177641642593177e-05,0,0.0,0,0.00011050690955016762,0,2.1526412344013867e-05,0,3.7317122415526245e-07,0,1.2572474588523619e-05,0,1.4877787180012092e-05,0
0,3,3.1098694306494743e-06,0,0.0,0,2.6638970666681416e-05,0,2.5215126553865408e-05,0,1.5552795200719762e-06,0,2.2742424334865063e-05,0,3.589502375689335e-05,0
0,4,0.01625009751960792,0,0.01,0,7.718237611697987e-05,0,3.318076043800451e-05,0,1.2891203327971482e-05,0,0.0005599316791631281,0,0.00031865324126556516,0
0,5,7.339354448099301e-05,0,0.01,0,1.280971264350228e-05,0,2.5556964441292372e-05,0,4.583620264183983e-06,0,2.6414889362058602e-05,0,4.128249565837905e-05,0
0,5,0.001600110469644091,0,0.0,0,1.5212423932098318e-05,0,4.0601835997716365e-05,0,3.956632417210059e-06,0,0.00012971168325748295,0,9.950487583409995e-05,0
0,4,0.033044122973326304,0,0.01,0,0.0019484476651996374,0,0.0006506403588388719,0,4.2783995777081546e-05,0,0.00036445699515752494,0,0.0006240974762476981,0
0,2,0.34897582076936606,0,0.02,0,0.0005339834024198353,0,0.00010673738995507438,0,0.000804626694244611,0,0.0037765882443636656,0,0.004385299980640411,0
0,4,0.0007340341609717822,0,0.0,0,0.00012525291822385043,0,0.00044908205893826454,0,4.678903913512329e-05,0,0.0020720958709716797,0,0.00045763549860566854,0
0,5,3.4361605563058605e-10,0,0.0,0,1.1752141290344298e-05,0,2.150376253938517e-05,0,8.86071463222198e-08,0,1.643908763071522e-05,0,1.6390529708587565e-05,0
0,4,0.015009652191628607,0,0.0,0,4.323707617004402e-05,0,3.689408263962651e-05,0,4.692807959303833e-05,0,0.00013365980703383684,0,0.0008571205544285476,0
0,5,0.00013019790828322375,0,0.0,0,0.0004416090960148722,0,2.5518784451989716e-05,0,1.708986022282046e-07,0,2.4540091544622555e-05,0,2.6482153771212325e-05,0
0,1,1.2787039807608889e-08,0,0.0,0,9.903791578835808e-06,0,3.2587639116780615e-05,0,1.4924297962766702e-07,0,1.929486279550474e-05,0,1.4992755495768506e-05,0
0,5,3.89069913438912e-08,0,0.0,0,2.4334491172339767e-05,0,3.016484165012018e-05,0,2.933212991755434e-07,0,3.13934579025954e-05,0,1.660257112234831e-05,0
0,5,0.0037973950844422412,0,0.01,0,2.0560071789077483e-05,0,0.00018901330333175755,0,2.7594858915170172e-05,0,0.0003587236278690398,0,0.0004683228034991771,0
0,3,1.4834802159404295e-06,0,0.0,0,5.8810699556488544e-05,0,2.9142096262162002e-05,0,2.0917981186853316e-06,0,6.74606635584496e-05,0,2.8094789740862325e-05,0
0,5,3.5439680226040553e-06,0,0.0,0,4.821336915483698e-05,0,5.045902397103918e-05,0,4.5309757398297526e-07,0,1.164419427368557e-05,0,4.367108704173006e-05,0
0,2,6.847543648671348e-05,0,0.0,0,3.5695989936357364e-05,0,2.115967747144288e-05,0,2.642763851565843e-07,0,9.553693416819442e-06,0,1.870389678515494e-05,0
0,1,5.00842497632291e-09,0,0.01,0,8.214774425141513e-05,0,2.911294507219691e-05,0,1.1853267705765554e-06,0,3.0882685678079724e-05,0,3.361893323017284e-05,0
0,3,0.004464133291633675,0,0.0,0,9.103101911023259e-05,0,2.9345067524399484e-05,0,1.1917408330627211e-05,0,0.0032929203007370234,0,0.004559263586997986,0
0,1,0.0009375123748130834,0,0.03,0,0.05143251642584801,0,0.002403785817828219,0,3.6444617906595335e-05,0,0.004145491402596235,0,0.0046829585917294025,0
0,3,0.00025069670886780003,0,0.0,0,3.6516754335025325e-05,0,2.5095769975062807e-05,0,3.7497146286073957e-07,0,6.901651795487851e-05,0,4.86956414533779e-05,0
0,3,1.6406728823967244e-07,0,0.0,0,3.328833190607838e-05,0,2.1445063075775904e-05,0,3.4562441833284973e-07,0,1.1069494576076977e-05,0,1.3797181964037009e-05,0
0,3,3.294309925449678e-08,0,0.0,0,7.433236987708369e-06,0,2.1421265579232106e-05,0,6.803685704184255e-08,0,1.176788646262139e-05,0,1.3414608474704437e-05,0
0,4,0.7622756009376929,0,0.01,0,0.011217148043215275,0,0.0021048268906898263,0,0.0030392095951052183,0,0.10062623023986816,0,0.012670482508838177,0
0,4,0.000775391437154356,0,0.0,0,4.341073690738995e-06,0,2.0560295195492927e-05,0,6.650587023618284e-07,0,4.766336496686563e-05,0,1.6773687093518674e-05,0
0,4,9.849824963714251e-08,0,0.0,0,5.407300250226399e-06,0,2.1137321003738355e-05,0,7.501107838889668e-09,0,1.011382119031623e-05,0,1.5719086150056683e-05,0
0,4,3.2108254951944835e-09,0,0.0,0,4.980243829777464e-06,0,2.131882264757942e-05,0,1.6255356007011365e-08,0,5.814687483507441e-06,0,1.4029335034138057e-05,0
0,5,1.3998001626606816e-08,0,0.0,0,4.6513818233506754e-05,0,2.164150490185999e-05,0,2.0996754948057825e-07,0,1.0173355803999584e-05,0,1.5705832993262447e-05,0
0,3,2.8300687344555666e-06,0,0.02,0,2.87191887764493e-05,0,0.00010633626583191593,0,1.0019642376677647e-05,0,0.0006015262915752828,0,0.00019434202113188803,0
0,2,9.348889805496844e-08,0,0.0,0,1.5579840692225844e-05,0,2.1173928084191257e-05,0,1.902193565100101e-08,0,1.503049315942917e-05,0,2.170602419937495e-05,0
0,4,0.0005596414588409101,0,0.0,0,4.4569580495590344e-05,0,0.00011488145709013634,0,6.68713106089216e-06,0,2.809617217280902e-05,0,2.0454099285416305e-05,0
0,1,0.9279700025847517,1,0.07,0,0.040468230843544006,0,0.0030992968716867797,0,0.000910026507347061,0,0.027560271322727203,0,0.09489365667104721,0
0,2,3.96012078314091e-06,0,0.0,0,1.0788528015837073e-05,0,2.117401401281575e-05,0,7.2683960280472195e-09,0,7.599296168336878e-06,0,1.5164261640165932e-05,0
0,2,9.139103694376446e-05,0,0.01,0,4.458185867406428e-05,0,4.096291839916183e-05,0,5.167296497731069e-06,0,0.00013523607049137354,0,7.237384852487594e-05,0
0,3,6.962823211623067e-07,0,0.0,0,1.5015337339718826e-05,0,2.1445063075775904e-05,0,2.1046214568104524e-07,0,1.6627804143354297e-05,0,1.452959440939594e-05,0
0,2,0.07067113586600828,0,0.03,0,0.001931854523718357,0,9.852221141700553e-05,0,2.5028884762557314e-05,0,0.00506988912820816,0,0.0179582592099905,0
0,3,8.487663943212824e-08,0,0.0,0,4.1531104216119274e-05,0,2.12396350026355e-05,0,2.8261522689070286e-07,0,2.064115324174054e-05,0,1.7765814845915884e-05,0
0,3,1.1148988636725138e-06,0,0.0,0,3.214392108930042e-06,0,2.1405582283481393e-05,0,2.645023869510564e-07,0,1.833839633036405e-05,0,1.5773879567859694e-05,0
0,3,0.0014225499509171412,0,0.0,0,7.316345727303997e-05,0,4.485279718309791e-05,0,1.0063302488373876e-06,0,0.0002608212234918028,0,0.00010088225099025294,0
0,5,0.0012863903361662466,0,0.01,0,4.062726293341257e-05,0,3.221046639509485e-05,0,6.0374252816053284e-05,0,0.00035867386031895876,0,0.0011352269211784005,0
0,2,8.590964785154943e-08,0,0.01,0,1.4738405297975987e-05,0,2.1162940849832814e-05,0,3.1515345804780597e-07,0,1.2714326658169739e-05,0,1.8157201338908635e-05,0
0,4,5.181468879810371e-07,0,0.0,0,1.051998606271809e-05,0,3.0139513339095618e-05,0,4.4315840448300025e-07,0,1.613019048818387e-05,0,4.622289998224005e-05,0
0,1,1.2010540866665744e-06,0,0.03,0,3.942145485780202e-05,0,3.500930279142235e-05,0,3.282580712309524e-06,0,8.698007150087506e-06,0,3.719892993103713e-05,0
0,4,0.0003388593529476005,0,0.01,0,0.00010055412712972611,0,0.0014312662116760697,0,4.636582027949012e-05,0,0.00037292257184162736,0,0.00017147416656371206,0
0,5,0.0005441367141470428,0,0.0,0,0.00020656165725085884,0,3.7048770460614926e-05,0,0.0004098870749440246,0,0.0003927676298189908,0,0.00027333665639162064,0
0,5,2.8593413362859017e-07,0,0.02,0,2.1803391064167954e-05,0,2.160954998650902e-05,0,8.74953614816463e-07,0,5.597751169261755e-06,0,1.2981662621314172e-05,0
0,2,0.0007883334816302888,0,0.0,0,0.0001809971872717142,0,5.477747517044014e-05,0,4.7818149975644014e-05,0,2.8972250220249407e-05,0,5.85583366046194e-05,0
0,3,0.00013907932065465145,0,0.01,0,5.298740688886028e-06,0,2.347174532220544e-05,0,2.1908440970093253e-05,0,0.0001201745035359636,0,0.00018892050138674676,0
0,3,6.037310309990582e-07,0,0.02,0,2.8071939595974982e-05,0,1.9520017920977263e-05,0,2.1741360511802885e-06,0,2.378839963057544e-05,0,2.5068044124054722e-05,0
0,5,4.022422452461293e-09,0,0.0,0,2.7462508569442434e-06,0,2.1519885069435047e-05,0,1.6033576539883197e-08,0,5.879942364117596e-06,0,1.2981662621314172e-05,0
0,3,5.149450088891786e-05,0,0.0,0,8.213497494580224e-05,0,2.3702098137323918e-05,0,3.5168941196161596e-05,0,0.00025745746097527444,0,0.00017662206664681435,0
0,3,5.9357580579612635e-09,0,0.0,0,9.503435285296291e-05,0,2.5067213220882643e-05,0,6.890518096402328e-07,0,1.7243120964849368e-05,0,2.0985367882531136e-05,0
0,4,7.949884509351256e-05,0,0.0,0,7.458324489562074e-06,0,2.022794644549111e-05,0,4.1941003269481814e-07,0,4.6470645429508295e-06,0,1.312735093961237e-05,0
0,5,3.6822548891833533e-07,0,0.0,0,2.621565363369882e-05,0,0.0002382524933537925,0,4.321433424376328e-07,0,9.002450497064274e-06,0,1.3343151294975542e-05,0
0,3,9.571470950305365e-05,0,0.01,0,3.475047924439423e-05,0,2.2906346386887147e-05,0,4.501822842780378e-06,0,3.620852658059448e-05,0,3.470560477580875e-05,0
0,4,0.002917914782119843,0,0.0,0,1.845862061600201e-05,0,2.029464211323829e-05,0,1.7644645579821042e-05,0,0.0001621000556042418,0,3.0724397220183164e-05,0
0,1,0.0001049314108614006,0,0.01,0,0.00014578762056771666,0,6.772572746176377e-05,0,0.0010482909173442948,0,3.7941492337267846e-05,0,0.000161867166752927,0
0,5,3.815821421199165e-06,0,0.0,0,2.4616518203401938e-05,0,2.1582656459064626e-05,0,1.6386738973863078e-07,0,9.672610758570954e-06,0,1.752858042891603e-05,0
0,2,0.00038089464567449754,0,0.01,0,2.2615537091041915e-05,0,9.75303591756904e-05,0,6.729580640397811e-05,0,2.0939054593327455e-05,0,0.00011280817852821201,0
0,4,8.288883044204734e-09,0,0.0,0,8.573767445341218e-06,0,2.1295967434120327e-05,0,1.3747088471878824e-08,0,6.571630819962593e-06,0,1.661932583374437e-05,0
0,2,0.08985777122676675,0,0.01,0,7.445178925991058e-05,0,5.036352616814752e-05,0,4.5250599818150664e-06,0,0.00043277727672830224,0,0.00014814735914114863,0
0,5,0.999736535805279,1,0.04,0,0.009122321382164955,0,0.0030456745567770784,0,0.019786321687366947,0,0.13350671529769897,0,0.19039539992809296,1
0,1,6.466184973443961e-06,0,0.0,0,5.6986450545082334e-06,0,2.0335392648312682e-05,0,2.035793107056845e-06,0,1.0861747796298005e-05,0,1.9654844436445273e-05,0
0,2,0.0016443870409771637,0,0.0,0,4.1043353121494874e-05,0,0.0002716560521023813,0,0.00020696751927064188,0,0.001076355343684554,0,0.0019764634780585766,0
0,4,9.404336153174269e-05,0,0.01,0,1.2764093298756052e-05,0,2.0554267096988854e-05,0,9.987804988281667e-06,0,0.00012854134547524154,0,8.065279689617455e-05,0
0,2,2.5334928243721022e-05,0,0.02,0,6.899990694364533e-06,0,2.032293100863472e-05,0,5.6320088713751985e-06,0,1.6543117453693412e-05,0,2.534043596824631e-05,0
0,1,0.0001819932245538437,0,0.01,0,1.2352101293799933e-05,0,2.4757152955139667e-05,0,4.575078037394545e-06,0,0.0001002373464871198,0,8.132004586514086e-05,0
0,3,1.141891864534391e-05,0,0.02,0,0.000518288929015398,0,0.00016435005556617952,0,0.0031888136937141625,0,0.0024305039551109076,0,0.003989250864833593,0
0,1,1.2192743158099578e-08,0,0.0,0,2.436203067190945e-05,0,2.100669027192055e-05,0,1.4129749315878452e-07,0,6.049321200407576e-06,0,1.3235425285529345e-05,0
0,3,4.403362972167161e-06,0,0.0,0,1.3082503755867947e-05,0,2.895311476957742e-05,0,9.230836218402493e-07,0,6.075406417949125e-05,0,5.227788642514497e-05,0
0,2,0.00018176422310681325,0,0.02,0,0.00038255550316534936,0,0.0005478665864263457,0,0.0009567061165277985,0,0.0003003484453074634,0,0.0010140269296243787,0
0,5,8.274727916375005e-08,0,0.0,0,0.0001560077944304794,0,2.151979594066271e-05,0,5.980123081141868e-07,0,7.63550906413002e-06,0,1.3632756235892884e-05,0
0,3,9.510760138803428e-05,0,0.0,0,3.783206193475053e-05,0,5.51799905007669e-05,0,4.5238543886908673e-07,0,1.6921181668294594e-05,0,1.700356551737059e-05,0
0,2,0.0002837571304647309,0,0.0,0,6.123133971414063e-06,0,2.7395013953175947e-05,0,5.771102753890121e-07,0,0.00014353128790389746,0,0.00018181241466663778,0
0,2,7.2479007308574375e-06,0,0.0,0,1.486546443629777e-05,0,2.117797534498003e-05,0,1.6283478138637491e-07,0,4.987480497220531e-05,0,2.2735273887519725e-05,0
0,3,0.002905796904935766,0,0.01,0,2.4463819499942474e-05,0,1.930671538174237e-05,0,8.109150692684844e-06,0,0.00010206121805822477,0,0.00014764675870537758,0
0,5,1.6765295764310078e-08,0,0.0,0,1.5360596080427058e-05,0,2.1523910950131368e-05,0,5.751169319628832e-08,0,5.197696282266406e-06,0,1.2981662621314172e-05,0
0,4,0.0001585975203034057,0,0.03,0,7.837672455934808e-05,0,2.396538976677571e-05,0,9.946836353579822e-06,0,6.180848140502349e-05,0,7.81775452196598e-05,0
0,1,0.05120671050405936,0,0.0,0,0.0006429599598050117,0,0.00014722379196553027,0,0.00016092510258822572,0,0.0004938517231494188,0,0.00319388834759593,0
0,4,0.6088262143758078,0,0.01,0,0.0001381901529384777,0,4.4493501331359614e-05,0,0.0003515288409247125,0,0.005835368763655424,0,0.009460554458200932,0
0,3,0.00619759031593955,0,0.01,0,1.5797799278516322e-05,0,2.9677436524900076e-05,0,1.0650569165965003e-05,0,0.0007425614167004824,0,0.0010359265143051744,0
0,2,0.02638956846340339,0,0.0,0,6.273586041061208e-05,0,3.708363314137452e-05,0,4.424799363869323e-05,0,0.0006459493306465447,0,0.0006535044522024691,0
0,5,0.0028572285472121886,0,0.02,0,1.633496503927745e-05,0,2.9609428427290972e-05,0,2.865735340025974e-07,0,0.0001865995000116527,0,7.285289029823616e-05,0
0,2,0.15263668207009273,0,0.03,0,4.934070602757856e-06,0,3.100007861528997e-05,0,0.00015236230271898848,0,0.0009074536501429975,0,0.0007697518449276686,0
0,5,0.43139750194704696,0,0.0,0,3.1100491469260305e-05,0,2.1432772879819095e-05,0,6.42308352767216e-06,0,0.0008143761078827083,0,0.0008898062515072525,0
0,5,7.004529461732315e-09,0,0.0,0,6.051964646758279e-06,0,2.1515388053402193e-05,0,2.5710081424338118e-08,0,5.712308393412968e-06,0,1.2981662621314172e-05,0
0,4,0.027689131638416832,0,0.0,0,3.1804309401195496e-05,0,1.987257591430078e-05,0,4.974403076150631e-05,0,8.053982310229912e-05,0,9.384399163536727e-05,0
0,1,3.375253440026252e-05,0,0.04,0,8.670850365888327e-05,0,0.0010848933495743326,0,7.93766486394853e-05,0,6.21906656306237e-05,0,0.00023239996517077088,0
0,5,3.3624661374642366e-06,0,0.0,0,2.4369141101487912e-05,0,2.548248783729519e-05,0,9.765051595744342e-08,0,9.16714907361893e-06,0,1.3945833416073583e-05,0
0,2,0.022457716094581536,0,0.01,0,8.021742360142525e-06,0,1.9858210724242477e-05,0,1.3719633963105436e-06,0,0.0001314528490183875,0,0.0001239519042428583,0
0,3,0.8220838910718339,0,0.0,0,0.001823059981688857,0,0.0003137922834462329,0,0.0010567898121224592,0,0.015420179814100266,0,0.01336458045989275,0
0,4,4.1661813481640115e-06,0,0.0,0,1.2365526345092803e-05,0,2.1293928283368787e-05,0,5.448661078210626e-07,0,1.5124840501812287e-05,0,1.4211293091648258e-05,0
0,1,2.8715249784354636e-06,0,0.0,0,1.9602416614361573e-06,0,2.4101188898544236e-05,0,2.984729729101286e-08,0,3.847817424684763e-06,0,1.2981662621314172e-05,0
0,2,0.006725218063423714,0,0.01,0,2.6255287593812682e-05,0,2.0295187096887592e-05,0,8.513836400973663e-05,0,0.0005075478693470359,0,0.00022400559100788087,0
0,4,8.60233178527309e-07,0,0.01,0,7.419561370625161e-06,0,4.1767127067893305e-05,0,5.927668558822511e-08,0,5.104157480673166e-06,0,1.3013937859795988e-05,0
0,4,0.0028001496853024073,0,0.0,0,3.997438761871308e-05,0,3.7598939715049077e-05,0,1.4619266366894693e-06,0,5.864777267561294e-05,0,0.00018461790750734508,0
0,5,0.0001487131602208179,0,0.0,0,1.2062620044162031e-05,0,2.803669397060896e-05,0,4.7790013086597725e-05,0,0.00014872280007693917,0,0.00020378986664582044,0
0,5,2.0984367744711653e-05,0,0.0,0,1.8074506442644633e-05,0,5.711210363554571e-05,0,8.717349038007557e-06,0,0.00022473814897239208,0,0.00013164454139769077,0
0,4,4.273474303292292e-06,0,0.0,0,2.9124935281288344e-06,0,2.1288762383578533e-05,0,2.9216627388471498e-08,0,1.5142562006076332e-05,0,1.8947355783893727e-05,0
0,1,0.025078223262334033,0,0.0,0,6.873986421851441e-05,0,3.0707105150175516e-05,0,4.081099500275258e-05,0,9.557032899465412e-05,0,7.439974433509633e-05,0
0,1,0.00011660298430708393,0,0.0,0,8.983031148090959e-05,0,2.086440600496746e-05,0,1.1514806327661792e-06,0,4.433398135006428e-05,0,0.00039096915861591697,0
0,2,0.06062382000208626,0,0.0,0,2.354017851757817e-05,0,2.338078656710736e-05,0,9.744852431416744e-06,0,0.00010810242383740842,0,7.941139483591542e-05,0
0,1,0.0001716038646497911,0,0.0,0,1.7517303376735072e-06,0,2.8459011652699428e-05,0,1.672310697350545e-05,0,2.0836339899688028e-05,0,0.00016279106785077602,0
0,2,1.7889315621385052e-06,0,0.01,0,3.480564146229881e-06,0,2.117289256201943e-05,0,4.7231046056071546e-08,0,7.720493158558384e-06,0,1.2989727110834792e-05,0
0,4,0.9844118567948843,1,0.01,0,7.762799941701815e-05,0,6.552998531147132e-05,0,0.0022294883659826994,0,0.013757491484284401,0,0.04479365050792694,0
0,5,0.9381500073689834,0,0.02,0,0.004377805627882481,0,0.0001388691807192485,0,0.10598813257034626,0,0.0395507887005806,0,0.08322623372077942,0
0,5,0.0002800701806465523,0,0.01,0,5.446401337394491e-05,0,2.5218303436866913e-05,0,5.235477465749736e-07,0,8.621931192465127e-05,0,8.91111048986204e-05,0
0,2,0.015280434513333208,0,0.05,0,0.0004109216097276658,0,2.2832534104164177e-05,0,1.2663634508548881e-05,0,7.092768646543846e-05,0,0.00011667833314277232,0
0,5,1.9203177502031353e-06,0,0.0,0,9.281273378292099e-06,0,2.1432980358597722e-05,0,1.056953630669804e-07,0,3.4134489396819845e-05,0,7.757655839668587e-05,0
0,4,0.061472221347992455,0,0.01,0,3.6067647215531906e-06,0,0.00015546179301957234,0,5.26594496718546e-05,0,0.0021791125182062387,0,0.0028200321830809116,0
0,5,0.48883225610902636,0,0.01,0,4.6799370466033e-05,0,4.850683713004342e-05,0,0.00041019118270697007,0,0.008493839763104916,0,0.002680468373000622,0
0,3,7.877378051962608e-07,0,0.0,0,6.097779532865388e-06,0,2.1338326230168806e-05,0,7.245885691004102e-08,0,8.01154692453565e-06,0,1.3105726793583017e-05,0
0,4,0.21106770512542955,0,0.0,0,3.6072546208743006e-05,0,2.9147240732575117e-05,0,3.3763749806578075e-05,0,0.0007564422558061779,0,0.0013020490296185017,0
0,1,3.957122362002925e-05,0,0.0,0,2.1280522560118698e-05,0,4.867266178880422e-05,0,2.40630866344652e-07,0,1.9531618818291463e-05,0,2.0418436179170385e-05,0
0,5,0.08167494431338192,0,0.01,0,7.865420047892258e-05,0,3.166203018415383e-05,0,1.4992093100460876e-07,0,0.00011959740368183702,0,0.00017450290033593774,0
0,4,2.642020094235457e-07,0,0.0,0,0.00016144647088367492,0,3.6049934977075444e-05,0,1.0505494533288314e-06,0,9.70216206042096e-06,0,1.504589272371959e-05,0
0,1,9.875570076593617e-10,0,0.0,0,7.042464403639315e-06,0,2.122693454331316e-05,0,4.253693323010995e-08,0,4.551258371066069e-06,0,1.4178653145791031e-05,0
0,2,2.631778905734788e-08,0,0.02,0,3.5449873394099995e-05,0,2.497643415106856e-05,0,5.752863985566758e-07,0,7.421000191243365e-06,0,1.34665042423876e-05,0
0,1,8.995505115799527e-07,0,0.0,0,9.793134267965797e-06,0,2.1037324972133786e-05,0,3.183606277642216e-09,0,7.827563422324602e-06,0,1.3181684153096285e-05,0
0,4,0.00014681761670837888,0,0.01,0,7.860933692427352e-06,0,3.903542075590692e-05,0,4.301490977183003e-06,0,3.851850487990305e-05,0,4.971741873305291e-05,0
0,3,0.009570878633946846,0,0.01,0,3.508198642521165e-05,0,0.0005712310942341071,0,8.407694347499122e-05,0,0.0024172954726964235,0,0.0153648154810071,0
0,5,9.527676479998909e-06,0,0.0,0,5.304135356709594e-06,0,2.150427597383036e-05,0,7.491809552937191e-08,0,1.4422160347749013e-05,0,1.3013937859795988e-05,0
0,2,0.0002987523409039941,0,0.0,0,0.0003768384922295809,0,2.0769946926408542e-05,0,1.6580642671895274e-06,0,0.00017354305600747466,0,0.0002023847628151998,0
0,2,0.14588489719819858,0,0.01,0,0.000351958122337237,0,4.181596181189638e-05,0,0.0006615730403372315,0,0.00695385318249464,0,0.002845529932528734,0
0,3,0.0012161440516241045,0,0.0,0,1.4189292414812371e-05,0,2.0991931306153374e-05,0,8.664122645529341e-06,0,0.0013251604977995157,0,0.00038383560604415834,0
0,4,5.043508907830473e-05,0,0.0,0,2.0639576177927665e-05,0,3.350268465774932e-05,0,2.4869983617693735e-06,0,0.0005377104971557856,0,0.00015783288108650595,0
0,5,0.00927079298675026,0,0.01,0,0.000230250385357067,0,2.921116977115023e-05,0,6.929689279433798e-07,0,0.0001215020747622475,0,0.0001828133244998753,0
0,5,0.0002366881951019839,0,0.0,0,1.3323658095032442e-05,0,2.3019560405668246e-05,0,7.13668665441017e-08,0,0.00014105721493251622,0,0.0007394824060611427,0
0,5,0.194250275672462,0,0.08,0,0.0004004627699032426,0,0.00012775364321639522,0,0.0007934910348138563,0,0.0053248624317348,0,0.010883809998631477,0
0,5,0.6848398710355097,0,0.02,0,0.00010559296060819179,0,2.2988260856736715e-05,0,3.153675761411344e-05,0,0.014204230159521103,0,0.009831664152443409,0
0,5,1.1516250527393341e-06,0,0.0,0,2.7751163997891126e-06,0,2.1503976274601235e-05,0,8.847173153393524e-08,0,7.206444024632219e-06,0,1.2981662621314172e-05,0
0,5,0.017488824353159536,0,0.02,0,3.0516806873492897e-05,0,4.120279783493766e-05,0,2.390511519292021e-06,0,8.291625999845564e-05,0,3.7185949622653425e-05,0
0,3,0.0002461095168695812,0,0.0,0,2.6929952582577243e-05,0,2.3338870144896572e-05,0,2.3089663325190455e-05,0,8.161236473824829e-05,0,7.176241342676803e-05,0
0,5,0.9631243269588422,0,0.08,0,0.015271407552063465,0,0.017801992186705418,0,0.015251282384529923,0,0.15696027874946594,0,0.1523766964673996,0
0,4,2.230930657243565e-05,0,0.0,0,3.3905696454894496e-06,0,2.0691590385847576e-05,0,1.7724810007751312e-07,0,1.4598984307667706e-05,0,1.8112521502189338e-05,0
0,3,0.00037318356621127065,0,0.0,0,6.24668100499548e-05,0,2.86979802087035e-05,0,1.3295747963942116e-05,0,3.807205939665437e-05,0,0.0001357657165499404,0
0,2,0.05733335306737209,0,0.0,0,8.605397306382656e-05,0,3.6037406023658e-05,0,1.5953226221412825e-06,0,0.0006528730737045407,0,0.0006976184668019414,0
0,4,1.7488963710086063e-05,0,0.0,0,2.282205423398409e-05,0,6.98448614773259e-05,0,2.5309558770504687e-06,0,3.0482575311907567e-05,0,5.2780891564907506e-05,0
0,2,0.5718795475528733,0,0.02,0,0.0003372119681444019,0,4.921451147406406e-05,0,0.002535632645545943,0,0.009457934647798538,0,0.0045499238185584545,0
0,2,1.1130369806222467e-05,0,0.0,0,3.4434906410751864e-05,0,2.1161133317780355e-05,0,3.264840311881062e-07,0,8.246093784691766e-06,0,1.4071834812057205e-05,0
0,2,0.4717608758754357,0,0.01,0,0.00011782759247580543,0,0.0002815547698663973,0,0.00029350827856245055,0,0.010476697236299515,0,0.027958950027823448,0
0,4,6.286530869688887e-07,0,0.0,0,2.416837014607154e-05,0,2.016498004123465e-05,0,6.439845371437248e-06,0,7.523321528424276e-06,0,2.2312515284284018e-05,0
0,2,0.8930794751770208,0,0.02,0,0.00034918118035420775,0,0.00010137070914939207,0,0.005116400514752547,0,0.009509824216365814,0,0.0073941429145634174,0
0,2,5.772116831081052e-08,0,0.0,0,2.911707451858092e-05,0,2.1161133317780355e-05,0,1.6006768079950134e-08,0,6.99276370141888e-06,0,1.3323576240509283e-05,0
0,4,0.0011699421081979378,0,0.0,0,7.629725587321445e-06,0,5.456561005510839e-05,0,2.4578050983224583e-06,0,6.468340143328533e-05,0,4.708033156930469e-05,0
0,1,0.02496175153992124,0,0.01,0,0.00040824722964316607,0,0.0005262511299778376,0,0.008452442057661583,0,0.0006513937842100859,0,0.005274288356304169,0
0,4,0.5845643787462541,0,0.07,0,6.127320375526324e-05,0,0.00029104048914548427,0,0.0004129995186556041,0,0.016808247193694115,0,0.03573818504810333,0
0,3,0.0015282363131137798,0,0.0,0,0.00010982764069922268,0,2.6200550162199848e-05,0,3.570813767056754e-05,0,6.345346628222615e-05,0,0.00010393130651209503,0
0,4,0.014965660110369506,0,0.06,0,0.0009050945518538356,0,0.0011063122799920536,0,0.002838654718025063,0,0.007201238535344601,0,0.006968945264816284,0
0,3,0.0015573981049694934,0,0.0,0,0.00010663508874131367,0,5.940725872400975e-05,0,1.8999616185692507e-06,0,4.485096360440366e-05,0,3.465721965767443e-05,0
0,3,1.6220982496038598e-05,0,0.0,0,4.0161579818231985e-05,0,4.2013075270017364e-05,0,1.6645649322564986e-05,0,0.00033199050812982023,0,3.7943744246149436e-05,0
0,4,2.236779477413929e-09,0,0.0,0,2.495421085768612e-06,0,2.4775277746885345e-05,0,8.155774097442835e-08,0,7.5735706559498794e-06,0,1.521202466392424e-05,0
0,4,0.010320926808424122,0,0.01,0,0.0003003041201736778,0,7.663564636339431e-05,0,0.00010426942364160853,0,0.0036390123423188925,0,0.017053337767720222,0
0,2,0.00018319083441666598,0,0.0,0,2.0592074179148767e-06,0,2.0342143804430918e-05,0,3.228492248209903e-07,0,1.0767777894216124e-05,0,3.829535853583366e-05,0
0,1,0.002811576970303449,0,0.0,0,8.66987738845637e-06,0,3.1373605894669376e-05,0,8.760882297294225e-05,0,3.2939591619651765e-05,0,0.0001389233657391742,0
0,3,2.1551410482757903e-05,0,0.0,0,3.869094143738039e-06,0,2.1302622138265747e-05,0,7.057590113762278e-08,0,1.417156818206422e-05,0,1.6275302186841145e-05,0
0,3,0.06035698568101994,0,0.01,0,4.599360181600787e-05,0,4.683501669759372e-05,0,0.0001626887226981473,0,0.0035773683339357376,0,0.0007277801050804555,0
0,5,0.7838439384738787,0,0.01,0,3.862285302602686e-05,0,2.1130959353600923e-05,0,6.353377370567115e-05,0,0.0005967112956568599,0,0.0014487734297290444,0
0,4,0.0018094207108754691,0,0.01,0,1.3660051990882494e-05,0,2.8307580647571926e-05,0,1.911428497540941e-05,0,0.0001308058126596734,0,4.865957089350559e-05,0
0,2,1.1554059881532885e-05,0,0.0,0,1.7005180779960938e-05,0,2.0072283223522113e-05,0,1.266009823660679e-07,0,1.0792983630381059e-05,0,1.9323719243402593e-05,0
0,5,0.9696830618815596,0,0.03,0,0.004507243633270264,0,0.00023974029111840294,0,0.06490484275293391,0,0.02684437856078148,0,0.02444697916507721,0
0,2,0.0038455141671798186,0,0.0,0,0.0001286525948671624,0,4.568634023701892e-05,0,4.82928847151195e-06,0,9.30989408516325e-05,0,7.072504376992583e-05,0
0,4,0.0001260215826735652,0,0.01,0,4.691635331255384e-05,0,3.2737774703487316e-05,0,1.661564746576747e-06,0,0.0006466881022788584,0,0.0006351159536279738,0
0,2,0.054268514513207466,0,0.02,0,9.941089956555516e-05,0,2.0260717470288973e-05,0,6.117730057180419e-06,0,0.0004928890848532319,0,0.0006627438706345856,0
0,4,0.17107434891307968,0,0.03,0,0.00013850412506144494,0,6.43883675233631e-05,0,5.062235313477991e-05,0,0.004259729292243719,0,0.00475170835852623,0
0,2,0.00015244768694302842,0,0.0,0,5.720976332668215e-06,0,2.0080623127522838e-05,0,7.231075098238005e-07,0,1.9423712728894316e-05,0,2.9413953598123044e-05,0
0,3,0.0375514421938234,0,0.02,0,0.0002783128584269434,0,5.516620886574145e-05,0,9.189678853506e-05,0,0.0032309112139046192,0,0.002494830172508955,0
0,2,5.079619459598116e-07,0,0.0,0,1.953834726009518e-05,0,3.533596973347746e-05,0,2.584277904140084e-07,0,6.786424819438253e-06,0,1.3011249393457547e-05,0
0,4,0.0011542700981981907,0,0.01,0,2.9274271582835354e-05,0,3.6538645488113665e-05,0,3.5197838799473397e-06,0,5.3144052799325436e-05,0,2.780589602480177e-05,0
0,1,0.018067795543941344,0,0.02,0,6.621592910960317e-05,0,8.894249645588659e-05,0,0.002765872196783053,0,0.0005604741745628417,0,0.0018645009258762002,0
0,5,0.00030573209204960244,0,0.01,0,8.022046677069739e-05,0,3.032924963440865e-05,0,1.0189293443911507e-06,0,3.1392264645546675e-05,0,2.9133558200555854e-05,0
0,2,4.317746838401809e-05,0,0.0,0,6.796710295020603e-06,0,2.1161133317780355e-05,0,2.9487942580485815e-07,0,6.3911120378179476e-06,0,1.309490471612662e-05,0
0,2,0.00015868095826919286,0,0.01,0,6.448702333727852e-05,0,4.252781462257718e-05,0,5.813298117960557e-05,0,0.0032782750204205513,0,0.001420053537003696,0
0,2,0.11231690806456641,0,0.0,0,3.897360875271261e-05,0,2.0964689355899788e-05,0,5.569167753593683e-06,0,0.002184932818636298,0,0.0026521955151110888,0
0,1,4.043254208807644e-07,0,0.0,0,2.42985479417257e-05,0,2.1044639263281383e-05,0,2.378019792396494e-08,0,4.242192972014891e-06,0,1.3864439097233117e-05,0
0,1,0.0009437145079286993,0,0.0,0,6.225896413525334e-06,0,2.840820966140929e-05,0,3.5225635692243124e-05,0,0.0002411648747511208,0,0.00022924147197045386,0
0,1,0.055332593321150245,0,0.02,0,5.236200740910135e-05,0,8.044281784571703e-05,0,0.0014370389937486945,0,0.0011938130483031273,0,0.0004814582644030452,0
0,1,0.6597080084200951,0,0.02,0,0.0011595854302868247,0,9.032330886191572e-05,0,0.0030820650814631007,0,0.025455573573708534,0,0.015234800055623055,0
0,1,0.00828766940403855,0,0.0,0,1.1271415132796392e-05,0,2.097079510286901e-05,0,8.973539861607418e-06,0,5.387967757997103e-05,0,9.223264351021498e-05,0
0,1,1.0715429851636195e-05,0,0.03,0,0.000510186655446887,0,0.0001072860821403398,0,8.889745863355117e-06,0,3.169355113641359e-05,0,0.00013307572226040065,0
0,1,4.198559619822014e-05,0,0.0,0,8.418141987931449e-06,0,2.101276391851196e-05,0,2.808565778625216e-08,0,5.469749339681584e-06,0,2.0209427020745352e-05,0
0,5,0.20644198525622465,0,0.0,0,3.59446021320764e-05,0,2.5254173841251116e-05,0,3.1245775033568414e-05,0,0.00042541814036667347,0,0.0002388281573075801,0
0,3,0.013853768627274317,0,0.02,0,1.9549584976630285e-05,0,0.00010465153385247777,0,5.8133386774507164e-05,0,0.0036956407129764557,0,0.0010059424676001072,0
0,3,1.5232487532660982e-06,0,0.0,0,3.4658046388358343e-06,0,2.1320254322930407e-05,0,1.2639581973678327e-07,0,9.405323908140417e-06,0,1.390938359691063e-05,0
0,5,8.304832108613542e-08,0,0.0,0,8.007303404156119e-05,0,2.1503368613149347e-05,0,9.292289441301082e-07,0,4.613281817000825e-06,0,1.2981662621314172e-05,0
0,5,3.717957312666429e-05,0,0.0,0,1.6129301002365537e-05,0,2.921536744443543e-05,0,5.099185482486547e-07,0,8.857677130436059e-06,0,1.6841366232256405e-05,0
0,5,6.470238600855986e-07,0,0.0,0,5.830062946188264e-06,0,2.137737597980786e-05,0,7.874904068976636e-07,0,4.813995928998338e-06,0,1.2995104043511674e-05,0
0,4,0.00019410047231433687,0,0.0,0,2.2526726752403192e-05,0,8.242985252833011e-05,0,4.602448378218121e-06,0,4.057652040501125e-05,0,0.00010153910261578858,0
0,3,0.014232946424355046,0,0.0,0,1.5471430742763914e-05,0,4.927173555585331e-05,0,0.00011853063554008743,0,8.940767293097451e-05,0,0.00030350947054103017,0
0,1,0.006194458927095791,0,0.01,0,1.5231411452987231e-05,0,2.0460698475355995e-05,0,6.493389732884626e-05,0,6.190704152686521e-05,0,0.0003536948934197426,0
0,4,4.198153304594863e-05,0,0.0,0,1.3635049981530756e-05,0,2.1141541495884732e-05,0,5.109721082544449e-07,0,7.108404133759905e-06,0,1.459692430216819e-05,0
0,1,5.871464407446943e-05,0,0.04,0,6.708527507726103e-05,0,4.5066317763648556e-05,0,2.6549420375812723e-07,0,7.388280209852383e-05,0,0.00014142566942609847,0
0,4,0.002735403404584269,0,0.0,0,1.5017213627288584e-05,0,3.6340877487187635e-05,0,0.00011259517969810242,0,5.4835785704199225e-05,0,9.898086864268407e-05,0
0,1,4.814128355399984e-05,0,0.01,0,0.00014138169353827834,0,0.00013395567423981963,0,9.18437363055937e-06,0,4.760819865623489e-05,0,8.782378426985815e-05,0
0,3,0.003630674131165254,0,0.0,0,6.538740126416087e-05,0,2.13923814569139e-05,0,8.992047110976952e-06,0,0.00019013498967979103,0,0.00015259887732099742,0
0,3,6.868991778126637e-06,0,0.0,0,5.3468579608306754e-06,0,2.92863451054424e-05,0,3.038582873771676e-07,0,8.812116902845446e-06,0,1.34665042423876e-05,0
0,4,5.980592404650181e-05,0,0.02,0,4.225216980557889e-05,0,4.010667100194376e-05,0,8.853167847685236e-07,0,0.0003303254197817296,0,0.0004205959849059582,0
0,3,0.0003421571462709455,0,0.0,0,7.357484719250351e-06,0,2.151324799219644e-05,0,3.526174160842981e-08,0,1.1230300515308045e-05,0,1.658084147493355e-05,0
0,5,0.1337546347357877,0,0.01,0,0.00010865067451959476,0,2.5303455622072458e-05,0,7.64805015880904e-05,0,0.0005584537866525352,0,0.0008019550004974008,0
0,1,0.003485110243759938,0,0.0,0,1.8431495618642657e-06,0,2.0859872037485585e-05,0,1.227191387576771e-06,0,3.563502468750812e-05,0,0.0001462563086533919,0
0,3,0.6873017935650407,0,0.02,0,0.0007753456011414528,0,0.00020522964739875637,0,0.00026540184346432455,0,0.005186393391340971,0,0.019720956683158875,0
0,4,0.0035711992846916446,0,0.02,0,8.580298162996769e-05,0,5.98725269312372e-05,0,0.0003784686960507356,0,0.0029878905043005943,0,0.00032473268220201135,0
0,3,0.9711300135899419,1,0.05,0,0.00753104267641902,0,0.0011374640356561954,0,0.001629199579081493,0,0.021811241284012794,0,0.06038388982415199,0
0,1,1.7838223239114974e-06,0,0.0,0,4.523365987552097e-06,0,2.1049760959943686e-05,0,4.031697436444742e-09,0,4.18563513449044e-06,0,1.4202426427800674e-05,0
0,5,0.005786880966384161,0,0.0,0,0.00012772518675774336,0,3.658084392680003e-05,0,1.624712556844489e-05,0,0.00025829579681158066,0,0.0006140562472864985,0
0,4,5.565286382730265e-05,0,0.0,0,7.316240953514352e-05,0,3.228559495579196e-05,0,6.2811875050165e-06,0,7.653562352061272e-05,0,0.0002250899706268683,0
0,1,0.00025180543159471637,0,0.0,0,2.1142261175555177e-05,0,2.1048528872808614e-05,0,3.288900048983261e-07,0,8.902484296413604e-06,0,2.414319897070527e-05,0
0,2,0.09859412214915177,0,0.02,0,0.0008129113703034818,0,0.00038999928094070747,0,0.00028369876721150454,0,0.0012204014929011464,0,0.0010002324124798179,0
0,3,0.4800132601364369,0,0.04,0,0.00015014044765848666,0,0.00016815999097765318,0,0.0015297634960570788,0,0.007235315162688494,0,0.006621856242418289,0
0,2,0.07311992366687106,0,0.01,0,0.004202365409582853,0,0.00018523634537946697,0,0.0035548049118836467,0,0.024785589426755905,0,0.019661132246255875,0
0,3,0.0004594959627260954,0,0.01,0,0.0002282540954183787,0,3.9381062571454075e-05,0,8.084474968650199e-05,0,0.00038336761645041406,0,7.999805529834703e-05,0
0,2,2.3767919065352057e-06,0,0.0,0,2.052402669505682e-05,0,2.1166019902522115e-05,0,7.023725485890897e-08,0,7.53803624320426e-06,0,1.2997794328839518e-05,0
0,4,0.011386121572987835,0,0.0,0,7.285676838364452e-05,0,5.203776348597407e-05,0,1.3266929981435744e-05,0,0.0007614772184751928,0,0.00038819562178105116,0
0,4,0.0018658297550536568,0,0.0,0,4.247130618750816e-06,0,2.634621533785035e-05,0,1.3375091354330183e-07,0,5.9183978009968996e-05,0,3.6821998946834356e-05,0
0,3,5.867671332700321e-05,0,0.0,0,8.119984158838633e-06,0,2.1520187413788465e-05,0,5.212027891850365e-07,0,1.3651625522470567e-05,0,1.8546252249507234e-05,0
0,2,3.409046935637507e-06,0,0.0,0,1.234587216458749e-05,0,2.1161133317780355e-05,0,9.074039484481337e-08,0,6.583020422112895e-06,0,1.2981662621314172e-05,0
0,3,0.0031527887314061107,0,0.0,0,4.156200520810671e-05,0,2.1574347641024326e-05,0,1.0787452487404657e-05,0,0.0004423865466378629,0,0.00035034376196563244,0
0,1,4.3140842380152136e-07,0,0.0,0,2.646637767611537e-05,0,3.602810032971562e-05,0,2.5641028575777088e-08,0,5.63770026928978e-06,0,1.389099361404078e-05,0
0,3,0.31100847239026724,0,0.0,0,5.502817657543346e-06,0,2.5515797209526978e-05,0,9.158735002095587e-07,0,0.00028179993387311697,0,0.0002376831544097513,0
0,3,0.9143139813764495,0,0.01,0,0.0003273463808000088,0,4.614070841095747e-05,0,3.6153272892093516e-05,0,0.011933110654354095,0,0.009107721038162708,0
0,3,0.10826254481104586,0,0.03,0,0.005400300491601229,0,0.0005319647588663277,0,0.005913152547124048,0,0.02412312850356102,0,0.03825628012418747,0
0,5,0.00018294467770121631,0,0.01,0,2.5819223083090037e-05,0,2.5274996109024396e-05,0,1.5493048228727067e-07,0,0.00029119610553607345,0,0.0003891989472322166,0
0,2,5.850674537583202e-06,0,0.0,0,2.1217983885435387e-05,0,2.062703841873546e-05,0,1.6332823524321319e-06,0,2.0655344997067004e-05,0,5.3783001931151375e-05,0
0,3,7.293177444190562e-06,0,0.0,0,2.057958909063018e-06,0,2.1517999310862098e-05,0,6.630346778227558e-08,0,8.863591574481688e-06,0,1.3741275324719027e-05,0
0,4,8.798390417675335e-05,0,0.0,0,3.3745279779395787e-06,0,1.983616968839664e-05,0,4.463587016602428e-07,0,4.820146568818018e-05,0,0.00010432540148030967,0
0,3,0.0010663399949147822,0,0.0,0,1.3859704267815687e-05,0,2.8683363265689935e-05,0,8.32780945236158e-06,0,0.00047299478319473565,0,0.00015598074242006987,0
0,4,0.00033314850043449854,0,0.01,0,2.989272070408333e-05,0,2.4810376840876034e-05,0,3.6812243150417515e-07,0,3.58169199898839e-05,0,2.5819375878199935e-05,0
0,1,0.0018925055039486257,0,0.01,0,1.2987606169190258e-05,0,4.596666002042566e-05,0,1.9423192689066285e-06,0,3.769409886444919e-05,0,0.00011876379721798003,0
0,2,0.002787321360961102,0,0.01,0,0.00028276664670556784,0,5.737663458306188e-05,0,4.1742991059908715e-05,0,0.00015275346231646836,0,0.00037614384200423956,0
0,2,0.009169399947148079,0,0.01,0,5.5960270401556045e-05,0,2.0280008646891507e-05,0,5.19683315621691e-05,0,8.673412230564281e-05,0,7.984408875927329e-05,0
0,3,1.81816029480391e-05,0,0.02,0,7.669367914786562e-05,0,2.2936014198833094e-05,0,8.159157117798267e-06,0,0.0009580132900737226,0,0.0008046382572501898,0
0,3,1.819422518793699e-08,0,0.0,0,8.373304808628745e-06,0,2.1494595145792004e-05,0,2.795453530388201e-07,0,2.8581254809978418e-05,0,2.499870788597036e-05,0
0,1,0.002964599442936709,0,0.0,0,5.296159088175045e-06,0,2.1026992352285304e-05,0,4.023760039728573e-08,0,5.932716703682672e-06,0,2.017223960137926e-05,0
0,5,0.0011215820253681057,0,0.01,0,1.4899809684720822e-05,0,2.1434372995582027e-05,0,4.277262727649602e-07,0,2.4637676688143983e-05,0,2.28948010772001e-05,0
0,4,5.196000602976831e-05,0,0.0,0,2.9183123842813075e-05,0,5.295128197898365e-05,0,3.612595465280762e-07,0,1.3204066817706916e-05,0,1.8634933439898305e-05,0
0,3,0.04505150763307549,0,0.01,0,9.955196583177894e-05,0,6.685526349075357e-05,0,9.774661069172785e-05,0,0.005211021285504103,0,0.01444681640714407,0
0,2,1.234903059151931e-06,0,0.0,0,6.896207651152508e-06,0,2.115105609622232e-05,0,5.5140586904046574e-08,0,7.104059477569535e-06,0,1.3296207725943532e-05,0
0,4,0.07433455229760758,0,0.0,0,3.4950953704537824e-05,0,2.397651958438119e-05,0,9.900692671360672e-06,0,0.00041914466419257224,0,0.00025084224762395024,0
0,1,0.8163273048694911,0,0.03,0,9.273841715184972e-05,0,0.00031578911540321397,0,0.034940836643038084,0,0.004245472140610218,0,0.009719408117234707,0
0,5,0.3812691400252198,0,0.03,0,0.0006169572006911039,0,0.0001429428579421297,0,0.010356714526445567,0,0.0012988068629056215,0,0.009555195458233356,0
0,2,0.00027617404985695685,0,0.02,0,5.370390135794878e-05,0,1.913584404322076e-05,0,4.5008858322949757e-05,0,0.00016167861758731306,0,0.00025797923444770277,0
0,5,0.0006275306422719606,0,0.0,0,1.9558274289011024e-06,0,2.1400007326633625e-05,0,5.381239929162617e-07,0,4.1508348658680916e-05,0,7.846846710890532e-05,0
0,1,5.144054079902423e-06,0,0.0,0,6.211491381691303e-06,0,3.4170087989574373e-05,0,3.6920387539896885e-08,0,5.339954441296868e-06,0,1.3227952877059579e-05,0
0,1,0.07800212833116894,0,0.0,0,7.83976647653617e-05,0,3.228239800955785e-05,0,0.0001854188828095177,0,0.00046739488607272506,0,0.0006908052018843591,0
0,4,0.01103005204962278,0,0.0,0,3.1187510103336535e-06,0,2.4092535526382963e-05,0,9.963629760331473e-06,0,0.00028208791627548635,0,0.000724069366697222,0
0,1,0.005574411750519131,0,0.0,0,1.7127749742940068e-05,0,3.92402599901782e-05,0,0.00023972992891501952,0,3.982282942160964e-05,0,0.00021063085296191275,0
0,2,9.019340496619566e-07,0,0.0,0,6.254512845771387e-05,0,2.117220553502171e-05,0,4.686792808280298e-07,0,7.460553206328768e-06,0,1.3959941497887485e-05,0
0,2,1.2930391828134472e-09,0,0.0,0,8.404954314755742e-06,0,2.116190586498613e-05,0,1.0434381097866938e-08,0,1.4454700249189045e-05,0,1.4815752365393564e-05,0
0,1,3.173318336048754e-06,0,0.0,0,1.1105106750619598e-05,0,3.006372418221079e-05,0,1.0625652037710188e-06,0,9.227750524587464e-06,0,1.5980906027834862e-05,0
0,2,0.0005963251758857816,0,0.02,0,1.6857406080816872e-05,0,3.430394817409656e-05,0,1.469884471718557e-06,0,0.0002793273888528347,0,0.0004899728228338063,0
0,3,0.004950728086758077,0,0.0,0,3.957619264838286e-05,0,4.274321595576233e-05,0,4.215365916960803e-05,0,0.005905897356569767,0,0.013855722732841969,0
0,4,0.19051055414218102,0,0.01,0,0.0003117229789495468,0,0.0004987019649630762,0,0.0004357205299859001,0,0.009218711405992508,0,0.010318046435713768,0
0,4,0.0011399751086945153,0,0.0,0,0.000205258431378752,0,3.218546429409647e-05,0,2.936717023363542e-06,0,0.00026643002638593316,0,0.0009801763808354735,0
0,5,9.92664576719772e-05,0,0.01,0,8.774148227530532e-06,0,2.9735477297057318e-05,0,4.381558795522727e-06,0,0.0002571428194642067,0,0.0002008259907597676,0
0,5,1.6893774749369116e-05,0,0.0,0,8.449727829429321e-06,0,2.1509099047293144e-05,0,1.8846207258210356e-08,0,4.71338398710941e-06,0,1.2981662621314172e-05,0
0,1,0.009318536770730638,0,0.02,0,5.2379989938344806e-05,0,0.00012181793666033508,0,3.7392214792817955e-05,0,0.005327177699655294,0,0.010217186994850636,0
0,4,4.346061130064151e-07,0,0.0,0,1.5314477423089556e-05,0,2.5392690324984195e-05,0,1.2251509193888164e-06,0,9.057712304638699e-06,0,1.4668750736746006e-05,0
0,2,2.1797481472808527e-06,0,0.0,0,9.571754162607249e-06,0,2.1150283945095297e-05,0,2.509590613879295e-07,0,7.759733307466377e-06,0,1.3176245374779683e-05,0
0,5,1.2855190307107654e-07,0,0.01,0,0.00030360373784787953,0,2.302708101959528e-05,0,1.0162642346028578e-05,0,0.000336151453666389,0,0.00041557635995559394,0
0,4,0.03805806569935614,0,0.01,0,0.0005152861122041941,0,0.00024383204612856522,0,9.041747123518046e-05,0,0.003935834858566523,0,0.013162520714104176,0
0,1,1.1521563170724804e-05,0,0.0,0,4.440536486072233e-06,0,2.1447007573796526e-05,0,9.925858812342149e-08,0,1.1824557077488862e-05,0,3.324394492665306e-05,0
0,3,0.00098730769406944,0,0.0,0,5.501540726982057e-05,0,3.164583818868335e-05,0,4.6601866096054483e-07,0,0.00014130368072073907,0,0.00034791615325957537,0
0,2,3.373842327604649e-05,0,0.02,0,7.067598926369101e-05,0,1.7183806092198716e-05,0,3.4246049841745414e-06,0,2.7024470909964293e-05,0,2.0872406821581535e-05,0
0,2,7.299026681133437e-08,0,0.0,0,3.051662861253135e-05,0,2.067360283468899e-05,0,1.13307930157077e-06,0,1.6446290828753263e-05,0,2.6616471586748958e-05,0
0,2,0.0012586582218154414,0,0.0,0,9.480379958404228e-06,0,2.0345140390897074e-05,0,2.136258486496817e-06,0,4.316409467719495e-05,0,9.396639507031068e-05,0
0,2,3.768379544067549e-05,0,0.0,0,5.858606891706586e-05,0,2.117797534498003e-05,0,4.024018592788674e-08,0,7.548568646598142e-06,0,1.34652218548581e-05,0
0,2,5.919353315884943e-07,0,0.0,0,2.630011658766307e-05,0,2.47154441269887e-05,0,5.116648031030347e-06,0,9.606021194485947e-06,0,1.4736531738890335e-05,0
0,4,0.20120659556781784,0,0.04,0,5.258945020614192e-05,0,0.0002272664114502584,0,0.0032781012299751156,0,0.003935472574084997,0,0.003626798978075385,0
0,4,0.00012842310806270195,0,0.0,0,8.00882298790384e-06,0,3.63896002849571e-05,0,3.5653574480196507e-06,0,3.551538975443691e-05,0,7.812282274244353e-05,0
0,2,0.0039777759539741595,0,0.02,0,6.873543043184327e-06,0,2.8372248803777886e-05,0,9.172805420367266e-05,0,0.0005953582003712654,0,0.00036354834446683526,0
0,4,2.287551380749925e-05,0,0.0,0,1.1347579857101664e-05,0,2.5603396248885495e-05,0,7.809323605595863e-08,0,0.00013770689838565886,0,0.00020303076598793268,0
0,1,0.008657340883545115,0,0.0,0,9.190568380290642e-05,0,7.060828770938309e-05,0,1.5171892255763382e-06,0,0.00019524333765730262,0,0.00032238467247225344,0
0,5,0.9607146879719205,0,0.02,0,0.00012510729720816016,0,4.646304052498672e-05,0,0.0022358433570640367,0,0.002591436728835106,0,0.005200769752264023,0
0,1,0.0017316076406910523,0,0.01,0,8.386973786400631e-05,0,0.00018006641264576773,0,0.0028774493001945496,0,0.0003651231527328491,0,0.0007297690608538687,0
0,5,1.4467247767004043e-06,0,0.0,0,3.2433614251203835e-05,0,2.1523607431122685e-05,0,2.0673496569091039e-07,0,1.1132186955364887e-05,0,1.2981662621314172e-05,0
0,4,3.2585793241488115e-08,0,0.01,0,6.650417344644666e-05,0,0.00015543352314549788,0,1.2420807123141927e-05,0,0.0015641942154616117,0,0.0010704307351261377,0
0,5,0.016310237897159255,0,0.0,0,8.887358490028419e-06,0,1.9822221370711876e-05,0,2.3965305917462737e-07,0,5.641458847094327e-05,0,0.0002693196292966604,0
0,5,1.0400462781366122e-06,0,0.0,0,8.567008080717642e-06,0,2.575182676530015e-05,0,6.716534263949073e-08,0,6.026625214872183e-06,0,1.2981662621314172e-05,0
0,4,0.0002617393683891229,0,0.0,0,6.6853872340288945e-06,0,2.7353010309351253e-05,0,4.48546862845322e-06,0,2.044797111011576e-05,0,4.0622235246701166e-05,0
0,4,0.00018157337370089513,0,0.01,0,2.0752864656969905e-05,0,2.9282861645139487e-05,0,3.623281364597125e-07,0,1.4234411537472624e-05,0,4.1154493374051526e-05,0
0,2,0.00010904054392947228,0,0.0,0,4.157270450377837e-05,0,2.116190586498613e-05,0,3.7880945304327747e-07,0,1.8810811525327154e-05,0,4.211661507724784e-05,0
0,3,6.031660733278668e-05,0,0.0,0,1.8504306353861466e-05,0,2.1412956812662782e-05,0,2.767751010209504e-07,0,1.1199972504982725e-05,0,1.4374410056916531e-05,0
0,2,2.8170293891314974e-05,0,0.01,0,9.423660958418623e-05,0,2.2686916092818323e-05,0,5.864414108783325e-07,0,2.6336465452914126e-05,0,2.479137219779659e-05,0
0,1,0.16267384755490755,0,0.01,0,9.429111742065288e-06,0,2.2495321718122826e-05,0,0.0001154367242798669,0,0.00027019891422241926,0,0.0010758843272924423,0
0,2,0.2149225630565402,0,0.0,0,9.336193033959717e-05,0,3.508617370508159e-05,0,0.0005570634425161733,0,0.001921392511576414,0,0.002541903406381607,0
0,1,0.7835507230742046,0,0.02,0,0.0003135638253297657,0,0.00015916131351876542,0,0.0013091337058476337,0,0.012728039175271988,0,0.00947144627571106,0
0,2,0.01524884527387429,0,0.0,0,3.7483001506188884e-05,0,3.1158730957332316e-05,0,9.137663554650915e-05,0,7.638393435627222e-05,0,7.573033508379012e-05,0
0,3,0.9185315801218993,0,0.01,0,0.00028366828337311745,0,5.55383554198519e-05,0,0.0019630414667036597,0,0.003148965537548065,0,0.004632873460650444,0
0,5,3.002743454189781e-07,0,0.0,0,3.089091842412017e-05,0,2.1653942157979164e-05,0,7.151747597879825e-07,0,9.42878432397265e-06,0,1.316795896855183e-05,0
0,1,0.0017275200080474388,0,0.0,0,7.259746053023264e-05,0,3.2758423901914615e-05,0,5.746349215318327e-07,0,2.6336223527323455e-05,0,8.114927186397836e-05,0
0,1,2.4482225945625457e-05,0,0.0,0,0.00022411273675970733,0,4.111569403191124e-05,0,5.064076339820385e-06,0,8.263251220341772e-05,0,7.872107380535454e-05,0
0,2,0.18704790565382118,0,0.01,0,4.188652746961452e-05,0,2.935823545096062e-05,0,0.00033438491657892904,0,0.0004502807860262692,0,0.0003580719348974526,0
0,5,5.127968832915822e-05,0,0.01,0,0.00010448786633787677,0,3.0032688537559585e-05,0,3.7247923013442124e-06,0,2.169530671380926e-05,0,1.4670965356344823e-05,0
0,5,6.247075107561143e-06,0,0.0,0,2.992300687765237e-05,0,2.1557379152393865e-05,0,5.791541306300651e-07,0,5.482982942339731e-06,0,1.2981662621314172e-05,0
0,4,0.0035875891622440216,0,0.0,0,0.00013081345241516829,0,4.585918494533571e-05,0,4.061544959791175e-06,0,7.50919061829336e-05,0,6.926689820829779e-05,0
0,1,4.1114265594455745e-08,0,0.0,0,4.530143542069709e-06,0,2.955848515690179e-05,0,4.7302275314139606e-08,0,1.5633648217772134e-05,0,1.8435903257341124e-05,0
0,3,2.477551016718233e-06,0,0.02,0,0.00013453478459268808,0,0.00010636352384353006,0,4.106846879423581e-06,0,2.369107460253872e-05,0,2.967198997794185e-05,0
0,5,1.0841633990198452e-08,0,0.0,0,1.7250564269488677e-05,0,2.443043349804933e-05,0,9.072270726890038e-08,0,5.00654778079479e-06,0,1.2981662621314172e-05,0
0,2,0.0016598352277901404,0,0.01,0,3.0455636078841053e-05,0,3.533763988451885e-05,0,1.1451578037155468e-07,0,0.00028877105796709657,0,1.7157302863779478e-05,0
0,1,0.0006062427649035448,0,0.0,0,1.486485325585818e-05,0,3.639357097976526e-05,0,1.7384122065201409e-06,0,9.336991934105754e-05,0,5.285878432914615e-05,0
0,2,0.02227860544517399,0,0.0,0,9.662763659434859e-06,0,2.2836711543553417e-05,0,1.8814108218941597e-05,0,0.0002986185427289456,0,0.000668474764097482,0
0,3,1.2390027845641494e-06,0,0.0,0,1.0528628081374336e-05,0,2.1338326230168806e-05,0,1.128483990307313e-07,0,7.855050171201583e-06,0,1.2981662621314172e-05,0
0,5,0.002550930200062925,0,0.01,0,0.0002664003986865282,0,9.490203892353403e-05,0,0.0013330937980375055,0,0.0008284492651000619,0,0.0006450365763157606,0
0,2,0.5140909611662107,0,0.02,0,0.0001291255175601691,0,3.3862840693062435e-05,0,0.0004578662376213646,0,0.0026620314456522465,0,0.002895968034863472,0
0,5,1.3185798258120092e-07,0,0.0,0,4.663495474233059e-06,0,2.1510854262977006e-05,0,6.02652095166003e-08,0,5.297004918247694e-06,0,1.2981662621314172e-05,0
0,3,0.0003150039641168754,0,0.0,0,0.00011167299089720473,0,2.428241910700085e-05,0,1.3467325916641406e-05,0,0.00014336413005366921,0,9.740883251652122e-05,0
0,3,0.024813580517165305,0,0.0,0,4.045468085678294e-05,0,4.735297877115061e-05,0,5.551734708856302e-06,0,0.00033128028735518456,0,0.0002497360110282898,0
0,2,0.01962603973293735,0,0.0,0,0.0011412552557885647,0,5.5304228565976466e-05,0,4.0498589727665685e-05,0,0.007340371608734131,0,0.001890901243314147,0
0,4,6.568861553458763e-06,0,0.0,0,7.264358373504365e-06,0,2.0360582887935284e-05,0,2.1737994748118004e-07,0,3.3956635888898745e-05,0,2.0788500478374772e-05,0
0,2,2.126448113860465e-05,0,0.0,0,0.0001753809629008174,0,4.067971139173445e-05,0,1.983706024763845e-05,0,0.0006934771663509309,0,0.0008682546904310584,0
0,1,0.0008369112711949001,0,0.0,0,5.115003659739159e-05,0,2.787361805298322e-05,0,1.4870950809142879e-05,0,9.104291530093178e-05,0,0.000565853959415108,0
0,5,0.0014497832525667796,0,0.0,0,6.159101758385077e-05,0,2.385959426568359e-05,0,9.410668108046556e-06,0,2.063167266896926e-05,0,6.636914622504264e-05,0
0,4,0.012142533734845756,0,0.0,0,8.30973731353879e-05,0,5.163126669057499e-05,0,5.210001160709229e-05,0,0.006187334656715393,0,0.003766643116250634,0
0,2,0.5445782924656206,0,0.02,0,0.0009412609506398439,0,0.002966859485193303,0,0.024379596236147997,0,0.014254709705710411,0,0.007689253427088261,0
0,3,1.2551953697483e-06,0,0.0,0,2.1350773749873042e-05,0,2.4881427340341757e-05,0,1.7189030184859497e-06,0,5.9800473536597565e-05,0,1.600815994606819e-05,0
0,3,7.854228099538369e-06,0,0.01,0,2.8725614811264677e-06,0,2.0998468801526283e-05,0,4.941252728411391e-08,0,0.000146945210872218,0,6.634309102082625e-05,0
0,1,1.0626017309002596e-05,0,0.0,0,8.743868420424405e-06,0,2.0608921836522155e-05,0,1.310726573178135e-08,0,4.038966835651081e-06,0,1.3980102266941685e-05,0
0,1,1.2442676770915043e-05,0,0.0,0,1.2709470865956973e-05,0,2.1050121368835514e-05,0,7.260439298376406e-08,0,4.679320682043908e-06,0,1.3693852451979183e-05,0
0,2,0.007766133990571068,0,0.0,0,7.416027074214071e-05,0,4.6379847872699714e-05,0,0.004651846161860912,0,0.0006368246395140886,0,0.00046513951383531094,0
0,2,0.0017660366737535468,0,0.0,0,2.948651490441989e-05,0,4.100654563922643e-05,0,4.6372141662742025e-06,0,0.00024941936135292053,0,7.51137631596066e-05,0
0,5,9.612841230269005e-08,0,0.0,0,3.358801404829137e-05,0,2.150727144498889e-05,0,2.659976112437e-07,0,4.5150172809371725e-06,0,1.2981662621314172e-05,0
0,1,0.0007341601649773983,0,0.0,0,3.934288542950526e-05,0,9.47885033282685e-05,0,6.0591117893685153e-05,0,0.00043143579387106,0,0.0001914285821840167,0
0,5,0.0001018019902119851,0,0.0,0,7.791077223373577e-06,0,2.156183177853432e-05,0,6.173702127415918e-08,0,5.842325663252268e-06,0,1.3013939678785391e-05,0
0,4,2.5058897564020442e-05,0,0.0,0,1.6551866792724468e-05,0,2.5603396248885495e-05,0,1.3886936361415677e-07,0,2.2331110812956467e-05,0,4.6943074266891927e-05,0
0,4,0.00013890462941459157,0,0.0,0,3.3848533348646015e-05,0,3.630595577969046e-05,0,1.3064521127485366e-07,0,2.0357727407827042e-05,0,2.4288890926982276e-05,0
0,3,4.0007708634494676e-05,0,0.0,0,3.4595632314449176e-05,0,0.00010707519717181413,0,4.473057583402843e-06,0,1.73046955751488e-05,0,2.32210622925777e-05,0
0,5,0.00029601392934632014,0,0.0,0,3.61284583050292e-05,0,2.5479523454477624e-05,0,2.8233559960263884e-07,0,1.522114598628832e-05,0,1.6426838556071743e-05,0
0,2,9.439075406386851e-06,0,0.0,0,1.7498787201475352e-05,0,2.1149313097618036e-05,0,3.2223648073295764e-08,0,1.1344507583999075e-05,0,1.5244756468746345e-05,0
0,3,0.1993639142186574,0,0.0,0,1.1983152944594622e-05,0,2.109127439000834e-05,0,2.9863585806257047e-07,0,9.982807387132198e-05,0,0.0004067578702233732,0
0,5,0.00025719241837514567,0,0.0,0,8.459984201181214e-06,0,2.5889527625469278e-05,0,1.7683718190965587e-07,0,1.1737163731595501e-05,0,1.5004293345555197e-05,0
0,4,0.00016575500051046985,0,0.01,0,0.0005300137563608587,0,0.00023355856923107284,0,0.00010759059008442312,0,0.010825466364622116,0,0.005446027498692274,0
0,1,2.294850473606957e-07,0,0.0,0,9.516006684862077e-06,0,2.123283544591833e-05,0,1.4072834717051914e-07,0,5.438179414340993e-06,0,1.335647266387241e-05,0
0,4,2.28732865894701e-06,0,0.01,0,9.467208656133153e-06,0,2.1276484758779095e-05,0,5.176541042797835e-08,0,1.560407690703869e-05,0,1.616836743778549e-05,0
0,2,3.7238221541936066e-07,0,0.01,0,4.8529818741371855e-06,0,2.059531360133362e-05,0,1.5641938220887205e-07,0,9.20132424653275e-06,0,1.593198066984769e-05,0
0,5,0.0003884472589298921,0,0.01,0,0.00019483115465845913,0,2.4298121681935893e-05,0,3.1810882977080593e-07,0,9.972837870009243e-05,0,6.149702676339075e-05,0
0,1,7.984271127179536e-09,0,0.0,0,4.322787935961969e-05,0,2.1233784568442292e-05,0,5.36919528250273e-08,0,9.665209290687926e-06,0,1.4480409845418762e-05,0
0,4,1.1326585531645627e-05,0,0.0,0,3.707534779096022e-05,0,3.310384278944893e-05,0,1.469340048555506e-06,0,6.623088847845793e-05,0,7.202065899036825e-05,0
0,5,7.391492045352279e-05,0,0.01,0,6.433231646951754e-06,0,2.480711798515601e-05,0,1.0336441528505784e-06,0,0.00013400265015661716,0,9.987987868953496e-05,0
0,4,5.364751488420395e-05,0,0.03,0,0.0001373695704387501,0,6.540368193073735e-05,0,0.0001113667646201324,0,0.0006063560722395778,0,0.00033799675293266773,0
0,4,0.01681969780487475,0,0.01,0,5.8029148931382224e-05,0,2.871871114216946e-05,0,0.00027186510692837483,0,0.0017852690070867538,0,0.0016743779415264726,0
0,1,0.0316359857088345,0,0.0,0,1.2746042557409965e-05,0,2.0269171783737505e-05,0,1.1274269080112922e-05,0,0.0004267405311111361,0,0.0007193134515546262,0
0,5,0.007924170789779956,0,0.0,0,2.5400551749044098e-05,0,2.543448988878231e-05,0,7.469523940840475e-07,0,6.586354720639065e-05,0,7.285823812708259e-05,0
0,2,4.051127424289193e-06,0,0.01,0,1.6799116565380245e-05,0,2.9317653672771128e-05,0,5.336594062532388e-07,0,0.0012037766864523292,0,0.0004280824214220047,0
0,2,0.00010208186145569964,0,0.0,0,3.243324317736551e-05,0,2.0273502796036926e-05,0,1.3976921309481717e-06,0,6.647558620898053e-05,0,5.651068204315379e-05,0
0,5,0.0026948238904300507,0,0.0,0,0.0006135911680757999,0,7.191469757782575e-05,0,2.381177196252852e-05,0,0.003423092421144247,0,0.01001805067062378,0
0,2,0.0004762593926419065,0,0.0,0,8.991012691694777e-06,0,3.233304829346143e-05,0,4.0747698099589036e-06,0,0.0002567811752669513,0,0.00014571995416190475,0
0,2,0.0053221593914958495,0,0.0,0,1.6805959603516385e-05,0,2.032107743419726e-05,0,6.346361621015919e-06,0,8.344830712303519e-05,0,0.00014013744657859206,0
0,2,0.0024385122788133343,0,0.01,0,0.005135694518685341,0,3.6539747647218783e-05,0,0.0004281057809669247,0,0.002081500366330147,0,0.0014545032754540443,0
0,3,0.5611479011118161,0,0.01,0,6.597100582439452e-05,0,4.004641280767768e-05,0,0.0008522294540160047,0,0.0027074713725596666,0,0.0013544122921302915,0
0,3,0.025417297682997955,0,0.01,0,6.51007576379925e-06,0,4.627543730331788e-05,0,0.0005339617186020096,0,0.0025972735602408648,0,0.0010903344955295324,0
0,2,0.008486698911333818,0,0.02,0,7.959896174725145e-05,0,1.985909936189257e-05,0,3.53694144397822e-05,0,0.0010921742068603635,0,0.001621466246433556,0
0,5,4.3282821358782103e-08,0,0.0,0,4.6537108573829755e-05,0,4.260243617760937e-05,0,8.405991864768532e-06,0,0.0002501003327779472,0,0.0008505567675456405,0
0,2,0.3248318914129369,0,0.02,0,0.0005355847533792257,0,0.00030183095278546045,0,0.015085809482709597,0,0.030843183398246765,0,0.010136296041309834,0
0,4,0.7169945119435549,0,0.02,0,0.0004671649949159473,0,0.00023391988597102467,0,5.709174508794503e-05,0,0.005517538171261549,0,0.005910977721214294,0
0,4,0.4592385188165773,0,0.01,0,5.162611341802403e-05,0,0.00012269785280100972,0,0.0002040411922293984,0,0.002709974767640233,0,0.005501462612301111,0
0,2,0.03225223742955689,0,0.0,0,5.158910062164068e-05,0,5.603520553342516e-05,0,1.586096577211077e-05,0,0.0014482304686680436,0,0.0010460737394168973,0
0,2,0.10372539304112174,0,0.02,0,0.0023107994347810745,0,0.0006422937380635992,0,0.12422227682468047,0,0.03756777197122574,0,0.010026473551988602,0
0,5,7.01091576656164e-05,0,0.0,0,3.337145017212606e-06,0,2.2462656547508752e-05,0,3.323865285635621e-05,0,8.249597885878757e-05,0,8.264309872174636e-05,0
0,1,3.197076909699122e-07,0,0.0,0,3.4761721963150194e-06,0,2.0986680256134553e-05,0,8.901549051100152e-09,0,4.233637810102664e-06,0,1.518894532637205e-05,0
0,3,9.516131455116558e-08,0,0.0,0,4.3358272705518175e-06,0,2.928608180861666e-05,0,3.069459716754423e-07,0,1.6588093785685487e-05,0,1.6158792277565226e-05,0
0,5,4.776264169213602e-07,0,0.0,0,4.939917926094495e-05,0,2.1521079258779582e-05,0,5.128619053372684e-07,0,8.548910045647062e-06,0,1.3428448255581316e-05,0
0,5,0.0012872789478093666,0,0.02,0,4.9984264478553087e-05,0,0.00020439808153781993,0,0.0017102133087548007,0,0.001990529941394925,0,0.00040741081465967,0
0,2,0.002520077550059796,0,0.0,0,3.1997889891499653e-05,0,1.8928337870634193e-05,0,0.0005778221739619107,0,0.00023867898562457412,0,0.00035430857678875327,0
0,4,0.09164233540996446,0,0.01,0,0.00010142565588466823,0,6.908914889736117e-05,0,0.00010986144480291703,0,0.0010534668108448386,0,0.0009426086326129735,0
0,4,0.0067088399124274,0,0.0,0,2.3547650016553234e-06,0,2.460458325643966e-05,0,6.810946639624883e-07,0,0.0001651989878155291,0,7.902624201960862e-05,0
0,2,0.0012566619092045075,0,0.0,0,3.774881406570785e-05,0,3.0122847768130813e-05,0,1.8935443715731915e-06,0,0.0006864339811727405,0,0.0004727522609755397,0
0,1,1.1215196549890272e-05,0,0.0,0,2.8250185550859896e-06,0,2.066398801541885e-05,0,6.196145457835446e-07,0,3.0046761821722612e-05,0,6.995811418164521e-05,0
0,5,0.37145449596907315,0,0.0,0,5.993197555653751e-05,0,8.963535228057769e-05,0,0.009720434165910728,0,0.005043390206992626,0,0.003531834576278925,0
0,2,0.0008990159938986437,0,0.0,0,0.00010607474541757256,0,2.1166019902522115e-05,0,1.9797527206798753e-06,0,1.4409181858354714e-05,0,2.090406633215025e-05,0
0,2,7.487609042690792e-05,0,0.0,0,1.9849509044433944e-05,0,2.117220553502171e-05,0,1.4055955304534017e-07,0,6.851971193100326e-06,0,1.3024712643527891e-05,0
0,2,0.007819548368242018,0,0.01,0,0.000735644658561796,0,3.435730230967946e-05,0,3.5643856836459454e-05,0,0.00037017211434431374,0,0.00029980967519804835,0
0,3,0.0024821386228833947,0,0.0,0,2.499152969903662e-06,0,2.7883682857256743e-05,0,3.5428200102499254e-05,0,0.0002709786349441856,0,0.0013071926077827811,0
0,1,0.0017431944769426364,0,0.0,0,2.0777858935616678e-06,0,2.6296755691375274e-05,0,0.00046420773346161627,0,8.853700273903087e-05,0,0.0002762360672932118,0
0,1,0.07196508589633703,0,0.01,0,1.8517228454584256e-05,0,2.4962592510951814e-05,0,1.7920763129305631e-06,0,0.0003239349171053618,0,0.0005476882797665894,0
0,4,0.0004105354946332177,0,0.0,0,4.228342277201591e-06,0,2.2296797704397713e-05,0,1.9756181178231544e-06,0,1.8537179130362347e-05,0,6.788878818042576e-05,0
0,3,1.0825129980837126e-06,0,0.0,0,6.47916294838069e-06,0,3.061395089920173e-05,0,1.894705641684409e-07,0,1.968061587831471e-05,0,3.119284883723594e-05,0
0,3,4.906029734894384e-06,0,0.01,0,4.8886911827139556e-05,0,1.9390592578987418e-05,0,9.193582731399643e-07,0,4.229036494507454e-05,0,9.033041715156287e-05,0
0,1,0.13613218420057996,0,0.05,0,6.31274378974922e-05,0,9.18779766753864e-05,0,1.4326759813290683e-05,0,0.0011845056433230639,0,0.000895338540431112,0
0,1,0.0019148278687163788,0,0.02,0,0.0001438587496522814,0,0.00011078094960032167,0,3.733267885997265e-05,0,3.07529371639248e-05,0,0.00010590446618152782,0
0,2,0.0008891335600818824,0,0.0,0,3.786039542319486e-06,0,2.3864333623412422e-05,0,5.4649275062601946e-06,0,3.1595722248312086e-05,0,4.432279820321128e-05,0
0,2,0.00011036308436245493,0,0.0,0,1.4203915270627476e-05,0,2.3899179111966415e-05,0,3.467424709997478e-05,0,4.0789258491713554e-05,0,6.472988025052473e-05,0
0,3,0.0025353714661401077,0,0.01,0,0.00019616320787463337,0,4.93194921040741e-05,0,1.7342725859854127e-05,0,0.0017416984774172306,0,0.00999194011092186,0
0,5,0.12510041906107905,0,0.01,0,7.370660114247585e-06,0,3.031708724175454e-05,0,2.2662388572722844e-05,0,0.00011412203457439318,0,0.00048182602040469646,0
0,4,6.241473455887021e-05,0,0.02,0,3.8946936911088414e-06,0,2.3536396851988652e-05,0,4.3762256617195726e-05,0,0.0004065657558385283,0,0.0002507291210349649,0
0,4,0.2996864456588795,0,0.04,0,0.0006710494635626674,0,0.0001295640996600278,0,0.000709189194357701,0,0.009636485949158669,0,0.0017100800760090351,0
0,3,0.17525330614825005,0,0.0,0,0.00041099326335825026,0,2.309632339513549e-05,0,0.00014758427079563364,0,0.0009543703054077923,0,0.000958288786932826,0
0,1,0.0009005283649368424,0,0.01,0,2.097631477226969e-05,0,2.954508283034081e-05,0,4.4901648229092226e-05,0,0.0002639205486048013,0,0.0008583656745031476,0
0,5,0.005100695922923465,0,0.01,0,5.527095254365122e-06,0,8.662343756604663e-05,0,0.0008640531476619234,0,0.0005895536160096526,0,0.0006995885050855577,0
0,5,0.029978828601594176,0,0.0,0,0.0002666715590748936,0,3.6161657040211824e-05,0,0.001065182045459576,0,0.00039550181827507913,0,0.0009646706166677177,0
0,4,0.0035861792565320947,0,0.05,0,9.926161874318495e-05,0,0.00042268000578619437,0,3.647853848451809e-05,0,0.0005766277899965644,0,0.005246452055871487,0
0,1,0.05286230875162525,0,0.0,0,0.0002902914711739868,0,7.448930727049049e-05,0,9.030504479917172e-05,0,0.0026358910836279392,0,0.002971820067614317,0
0,5,0.02764999185741123,0,0.0,0,6.579904584214091e-05,0,2.1509099047293144e-05,0,4.5135692522876904e-07,0,2.17211309063714e-05,0,1.777994111762382e-05,0
0,4,0.00020612603407975575,0,0.0,0,1.4950222976040095e-05,0,3.298094287307507e-05,0,4.369431828555424e-06,0,0.00041298099677078426,0,0.00019633263582363725,0
0,2,8.757072821111321e-05,0,0.0,0,5.404096737038344e-05,0,2.117190066297102e-05,0,4.2308702296461405e-07,0,1.1443687071732711e-05,0,2.0742958440678194e-05,0
0,5,0.0028462830047082453,0,0.01,0,0.0002442281402181834,0,3.2594607996509956e-05,0,6.225525582081446e-05,0,0.00044744726619683206,0,0.0009140161564573646,0
0,1,0.9753476884948714,1,0.09,0,0.020377129316329956,0,0.012899917762956441,0,0.26460721451640457,1,0.06980521976947784,0,0.05735352262854576,0
0,4,2.6175057764610995e-05,0,0.0,0,1.5874051314312965e-05,0,3.299911905783794e-05,0,1.0299648550931922e-06,0,0.0001821844925871119,0,9.848151239566505e-05,0
0,5,1.0974826775128509e-08,0,0.02,0,0.00011120129056507722,0,2.5274996109024396e-05,0,2.0652378378598085e-08,0,4.8599067667964846e-05,0,0.00012762649566866457,0
0,1,0.00317562500718737,0,0.02,0,0.005168022587895393,0,0.0003378183704232048,0,0.030611415003902583,0,0.006465568207204342,0,0.007060352712869644,0
0,2,3.9892808451149654e-07,0,0.02,0,0.0001768391957739368,0,6.252047967236734e-05,0,6.755116851893629e-05,0,7.860086770961061e-05,0,0.00010713712981669232,0
0,2,2.9386967189175623e-07,0,0.0,0,3.933943298761733e-05,0,2.117289256201943e-05,0,9.011250705826364e-07,0,1.3863181266060565e-05,0,1.494523894507438e-05,0
0,3,4.165335078399134e-06,0,0.0,0,0.00010377867874922231,0,3.159741040132766e-05,0,8.14946898809719e-05,0,0.0007619673269800842,0,0.0023548821918666363,0
0,5,1.7041378896277626e-06,0,0.0,0,1.1843508218589704e-06,0,4.842299937379665e-05,0,1.1079976559248929e-08,0,6.517505426018033e-06,0,1.3408662198344246e-05,0
0,3,0.00014770018796971985,0,0.0,0,3.5138489238306647e-06,0,2.13264041942387e-05,0,4.171549870933671e-07,0,0.0001313920074608177,0,0.00011228377843508497,0
0,3,0.00014655144368048447,0,0.0,0,3.071927130804397e-05,0,2.985598960567884e-05,0,9.596979798351559e-06,0,0.0008122973958961666,0,0.00016484878142364323,0
0,3,0.0009902623815610833,0,0.01,0,0.00012887582124676555,0,2.1122123915750266e-05,0,1.859263752993058e-06,0,0.0002634362899698317,0,5.827700806548819e-05,0
0,1,0.4258715392072398,0,0.03,0,0.0004344567423686385,0,3.426957571884212e-05,0,0.0003524334403488192,0,0.0009053348912857473,0,0.001455827383324504,0
0,4,0.922326742958946,0,0.05,0,0.0030039844568818808,0,0.0010704522114520177,0,0.022441405500712903,0,0.062213387340307236,0,0.04277856647968292,0
0,3,3.7116426701463675e-06,0,0.0,0,4.605513458955102e-05,0,1.9662783217882754e-05,0,2.742609763774327e-05,0,5.189262083149515e-05,0,3.7671012250939384e-05,0
0,5,0.005119059498661447,0,0.0,0,1.057850840879837e-05,0,3.098079187540406e-05,0,2.7645590462789174e-05,0,0.0006015545804984868,0,0.0006246657576411963,0
0,1,1.255834622452582e-05,0,0.01,0,3.9312431908911094e-05,0,3.1569946661212265e-05,0,1.603336187515346e-05,0,4.9330781621392816e-05,0,7.270053174579516e-05,0
0,4,0.0010134906764026673,0,0.01,0,0.0012007858604192734,0,0.01191570959338136,0,6.608492706599422e-05,0,0.0009195776074193418,0,0.001846633735112846,0
0,5,0.000789717751131318,0,0.0,0,0.00019540044013410807,0,3.0426201732306725e-05,0,1.5143063815101044e-06,0,9.638096526032314e-05,0,3.267953434260562e-05,0
0,3,0.0002701018181746967,0,0.0,0,6.365498848026618e-05,0,2.1144724818420472e-05,0,6.074055080930518e-06,0,6.729823508067057e-05,0,5.697446977137588e-05,0
0,3,0.6553646544141957,0,0.01,0,0.0003377707034815103,0,3.0295407996129994e-05,0,4.485927191740778e-06,0,0.004343066830188036,0,0.0032153099309653044,0
0,4,0.008120570902200022,0,0.01,0,0.00036801156238652766,0,2.858087884212188e-05,0,0.00011612786184569086,0,5.999436689307913e-05,0,0.00012242204684298486,0
0,5,0.0037269073281440564,0,0.01,0,2.1957866920274682e-05,0,3.0473699019358674e-05,0,9.320032209886348e-07,0,8.14083541627042e-05,0,8.130131027428433e-05,0
0,5,3.1654168868435476e-05,0,0.0,0,5.022953700972721e-05,0,2.200773473920379e-05,0,7.03215643271323e-07,0,4.411218105815351e-05,0,1.7830387150752358e-05,0
0,3,2.2123408462257596e-05,0,0.0,0,6.828923505963758e-05,0,2.412359966882933e-05,0,3.974200146694623e-07,0,2.306534406670835e-05,0,2.6098668968188576e-05,0
0,1,0.035922478189953366,0,0.01,0,0.001445924281142652,0,4.815091888683208e-05,0,0.019351414654667994,0,0.0014425951521843672,0,0.005105848424136639,0
0,4,0.7099767512658128,0,0.05,0,0.00019552996673155576,0,7.503294265793393e-05,0,0.005055071880579665,0,0.008783110417425632,0,0.00708702253177762,0
0,1,0.00029602809260676226,0,0.0,0,5.849042281624861e-06,0,2.1072421704851233e-05,0,7.743971871729153e-07,0,5.078594767837785e-05,0,0.00018762073887046427,0
0,2,0.007316167691541569,0,0.0,0,1.7853171812021174e-05,0,2.009221837409111e-05,0,0.0001586626552202038,0,0.00020060088718309999,0,0.00025103334337472916,0
0,1,0.014558210192179354,0,0.0,0,9.313565897173248e-06,0,2.4379667641183246e-05,0,7.810559096414664e-06,0,0.000305850466247648,0,0.0004870419215876609,0
0,4,0.00018027650382089597,0,0.0,0,5.2003269956912845e-05,0,4.2580036916883445e-05,0,2.417811099684332e-06,0,2.8688233214779757e-05,0,3.790092159761116e-05,0
0,4,0.0030371782483137612,0,0.0,0,9.019963727041613e-06,0,2.7716985630446404e-05,0,3.945903090942333e-05,0,0.00026031999732367694,0,0.0002786329132504761,0
0,4,2.5115194370181326e-05,0,0.0,0,7.306614861590788e-06,0,2.5391778007363274e-05,0,4.2324915774678373e-08,0,6.958687208680203e-06,0,1.389607223245548e-05,0
0,2,1.7155131417036112e-05,0,0.0,0,4.088463538209908e-05,0,2.11687234822119e-05,0,4.2694215798014145e-07,0,6.77260368320276e-06,0,1.3348242646316066e-05,0
0,3,0.0010420990626595328,0,0.0,0,4.6758730604778975e-05,0,7.691092029543321e-05,0,9.452142919872184e-05,0,0.00027682032668963075,0,0.00014858206850476563,0
0,2,4.2945632640901366e-05,0,0.02,0,8.324172085849568e-05,0,2.470827697449355e-05,0,1.8459329682510073e-06,0,1.8656690372154117e-05,0,2.1071507944725454e-05,0
0,4,3.8011591332699774e-06,0,0.0,0,0.0001317886490141973,0,2.130409063889906e-05,0,6.531008170814143e-07,0,1.1452674698375631e-05,0,1.455280653317459e-05,0
0,5,9.700918472681632e-06,0,0.02,0,0.00010202883277088404,0,3.651798992909524e-05,0,7.621590354527426e-05,0,0.0008095093653537333,0,0.0010645496658980846,0
0,2,0.0009876166705081668,0,0.0,0,5.4013969929656014e-05,0,3.4434201589481364e-05,0,1.478849977431324e-05,0,2.6195926693617366e-05,0,6.223649688763544e-05,0
0,4,2.659257588436571e-06,0,0.01,0,5.084803888166789e-06,0,1.9850395673130814e-05,0,1.8849041853626622e-06,0,7.193972123786807e-06,0,1.596155016159173e-05,0
0,4,6.743116802669012e-05,0,0.0,0,0.0001563866826472804,0,4.7949137089111904e-05,0,5.246551138234313e-07,0,1.909181992232334e-05,0,2.9873079256503843e-05,0
0,2,0.0002945647380701338,0,0.0,0,1.3080221833661199e-05,0,2.0252774192168363e-05,0,4.376638192017583e-06,0,0.0005095158121548593,0,0.0003889292129315436,0
0,3,0.008636558427629254,0,0.01,0,0.00012012330262223259,0,0.00015163803194070193,0,0.0002521506531671419,0,0.0008561561116948724,0,0.0003486370260361582,0
0,1,0.0013258387301437336,0,0.01,0,8.815136425255332e-06,0,2.7923211788459064e-05,0,0.0003926475403062637,0,4.829918543691747e-05,0,0.00014399537758436054,0
0,5,0.00010665480447537074,0,0.0,0,0.00011675735004246235,0,2.151826959425092e-05,0,4.7534516187022593e-07,0,1.3526362636184786e-05,0,1.4864702279737685e-05,0
0,2,0.9769871580911558,1,0.01,0,0.0007667614263482392,0,5.738317845181009e-05,0,5.8572317470842266e-05,0,0.01495086308568716,0,0.012097848579287529,0
0,3,0.3629643994853819,0,0.05,0,0.0010791431413963437,0,8.225389866743147e-05,0,0.003783691903815722,0,0.012536529451608658,0,0.01901869848370552,0
0,1,0.5562565065256911,0,0.01,0,0.00012846625759266317,0,9.454045896438611e-05,0,0.00014296788519558803,0,0.004761815071105957,0,0.021642306819558144,0
0,3,0.016497052860960273,0,0.02,0,0.0001878670882433653,0,3.1050698689864085e-05,0,1.4971853317694272e-05,0,0.0002661106118466705,0,0.00024294359900522977,0
0,4,3.138068444179277e-05,0,0.0,0,0.00018162127526011318,0,5.904302239784465e-05,0,2.1004358609967643e-05,0,8.184277976397425e-05,0,0.00010329737415304407,0
0,5,4.9046321545928654e-05,0,0.01,0,1.7600978026166558e-05,0,2.6703647405383458e-05,0,1.1471806355924216e-06,0,3.9402544643962756e-05,0,2.0296189177315682e-05,0
0,4,9.638899286960249e-08,0,0.02,0,0.00011602827726164833,0,0.0006490102337318683,0,2.761326690004326e-06,0,4.418066964717582e-05,0,0.0003542780177667737,0
0,5,1.510960208677038e-05,0,0.0,0,4.4071693992009386e-05,0,2.1457388508541386e-05,0,5.5673311280583345e-08,0,6.7672558543563355e-06,0,1.5458943380508572e-05,0
0,1,0.013746565980971574,0,0.02,0,3.078419831581414e-05,0,2.8111299852144012e-05,0,0.0008039889886241677,0,0.0005549451452679932,0,0.0026480054948478937,0
0,3,0.010341711109410888,0,0.01,0,1.6469202819280326e-05,0,2.1369482169807212e-05,0,1.6661394930892828e-06,0,8.235147106461227e-05,0,0.00010811300307977945,0
0,5,6.0736919917986846e-06,0,0.0,0,6.234493412193842e-06,0,4.7036392057242216e-05,0,2.8831909269571757e-06,0,2.1855712475371547e-05,0,3.147433017147705e-05,0
0,2,1.2083829468195813e-08,0,0.01,0,1.1776712199207395e-05,0,2.11687234822119e-05,0,4.914886057767663e-06,0,1.8075816115015186e-05,0,2.1309024305082858e-05,0
0,1,0.39881424208593624,0,0.01,0,0.0008682452607899904,0,0.0002145011571721502,0,8.831341695327546e-06,0,0.0044785309582948685,0,0.009337709285318851,0
0,2,0.9057319941248607,0,0.06,0,0.007779924664646387,0,0.003357748708153067,0,0.03927415893492875,0,0.01315536443144083,0,0.026459842920303345,0
0,3,0.0002064515090763737,0,0.0,0,0.00010669112816685811,0,4.1029744495977864e-05,0,1.7114830243163477e-05,0,0.0007536074263043702,0,0.0008763149380683899,0
0,4,0.030099313554396295,0,0.01,0,1.4601136172132101e-05,0,3.2903106224795175e-05,0,3.3975054417379225e-05,0,0.002799335168674588,0,0.000731262902263552,0
0,1,0.007744523944278365,0,0.04,0,1.4776432180951815e-05,0,6.255987862286737e-05,0,6.997609115729308e-05,0,0.0007735862163826823,0,0.0007421179907396436,0
0,1,1.365514357215903e-05,0,0.0,0,0.0001404359209118411,0,9.203718718806193e-05,0,1.1284957513748358e-05,0,0.01582336239516735,0,0.0058735948987305164,0
0,2,0.8956623028467532,0,0.04,0,1.712322591629345e-05,0,2.3798080239499986e-05,0,5.7983953551565376e-05,0,0.003934865817427635,0,0.006268496159464121,0
0,5,0.00042151646893940877,0,0.0,0,1.8656674001249485e-05,0,2.152039888882144e-05,0,1.050020428691088e-07,0,6.945193035789998e-06,0,1.4130951967672445e-05,0
0,3,2.022417272975408e-05,0,0.01,0,1.4357179679791443e-05,0,2.4678614301262578e-05,0,2.503466645421053e-06,0,3.2451163860969245e-05,0,2.8863421903224662e-05,0
0,1,0.5174946863169496,0,0.01,0,2.769417187664658e-05,0,2.7927291955238694e-05,0,0.0003072874972213011,0,0.003294478403404355,0,0.021923890337347984,0
0,5,0.38672371761609464,0,0.1,0,0.007532946299761534,0,0.004044358564219968,0,0.022712506877537852,0,0.005993657745420933,0,0.005085553973913193,0
0,1,0.009635036078881717,0,0.0,0,1.2499156582634896e-05,0,2.633473941748197e-05,0,5.340674556120656e-06,0,0.0004787268699146807,0,0.0013926478568464518,0
0,2,4.133216013523095e-07,0,0.0,0,3.7506528315134346e-05,0,3.657982075303055e-05,0,9.978098564571508e-07,0,1.0567779099801555e-05,0,1.5464644093299285e-05,0
0,3,0.0003032288094436278,0,0.02,0,6.123390903667314e-06,0,2.269337996734771e-05,0,5.773641616241888e-05,0,0.00021454003581311554,0,0.0001317735732300207,0
0,5,0.0005081176433930907,0,0.02,0,6.082162872189656e-05,0,5.944114014585315e-05,0,0.0023116627384056083,0,0.0015217207837849855,0,0.00046469230437651277,0
0,3,9.776911474195237e-08,0,0.0,0,0.00013313636009115726,0,2.3896108680837316e-05,0,2.764779060622234e-05,0,0.0006851828657090664,0,0.00035495273186825216,0
0,1,0.02176040413043624,0,0.06,0,0.0016892103012651205,0,0.0005331568557106969,0,0.004395862306040141,0,0.02047753892838955,0,0.0076238545589149,0
0,1,2.4459993294694313e-08,0,0.01,0,0.0005228493828326464,0,0.0005555354259943562,0,4.128784766133831e-05,0,0.0019312695367261767,0,0.002435354283079505,0
0,1,0.0017419847940963991,0,0.02,0,0.0005509715410880744,0,0.0003389661201207049,0,4.8828277493319014e-05,0,0.0013415049761533737,0,0.000585127214435488,0
0,5,5.368588104164341e-05,0,0.0,0,1.0785791346279439e-05,0,9.60947931856983e-06,0,6.0422253296196164e-05,0,0.002169570419937372,0,0.005117128137499094,0
0,2,0.5107045447372108,0,0.01,0,0.011966897174715996,0,0.0002834307896303056,0,0.007485319726445245,0,0.012952310964465141,0,0.020004872232675552,0
0,1,7.886364509573655e-06,0,0.0,0,1.0685304914659355e-05,0,2.4991849614346885e-05,0,3.892002936548612e-07,0,6.458232292061439e-06,0,1.6657100786687806e-05,0
0,3,0.048504073165686064,0,0.0,0,7.547760469606146e-05,0,7.136383388779536e-05,0,1.999735514855348e-05,0,0.00011567248293431476,0,0.0002222941257059574,0
0,1,1.120054558251578e-05,0,0.01,0,1.676370266068261e-05,0,3.365889765357982e-05,0,2.289110332013166e-06,0,3.255609408370219e-05,0,4.804402851732448e-05,0
0,3,1.7661896573903183e-06,0,0.0,0,9.506700735073537e-06,0,2.020049446475815e-05,0,5.261332551084795e-07,0,9.196258361043874e-06,0,1.363541105092736e-05,0
0,2,0.0004913740332329399,0,0.0,0,5.592703746515326e-05,0,4.150864338700257e-05,0,1.8918394044786556e-06,0,3.051445855817292e-05,0,4.323271059547551e-05,0
0,1,0.8556724071758302,0,0.07,0,0.012036819010972977,0,0.0019294540585062419,0,0.5614351032696852,1,0.06204306334257126,0,0.03114761784672737,0
0,1,4.8110803289599334e-08,0,0.0,0,6.098401627241401e-06,0,2.8146812610939433e-05,0,4.0409578094100984e-07,0,6.7610035330289975e-06,0,1.952507591340691e-05,0
0,4,0.6825190589243674,0,0.02,0,0.05826403573155403,0,0.002708105235920522,0,0.20078665298845394,1,0.03780754655599594,0,0.012067276053130627,0
0,4,0.00020101578697781183,0,0.0,0,1.1106832971563563e-05,0,3.2754502605506434e-05,0,2.6423193426368093e-06,0,5.908285311306827e-05,0,5.7848079450195655e-05,0
0,2,0.031426371812131856,0,0.02,0,5.3666579333366826e-05,0,0.0005274677715785177,0,0.00013174327860431692,0,0.00281942798756063,0,0.0015891743823885918,0
0,4,1.1398448250383089e-05,0,0.0,0,0.0001543270336696878,0,2.4438207779460028e-05,0,2.7595700237750873e-06,0,5.258670717012137e-05,0,0.00010219404066447169,0
0,5,0.003974518269767572,0,0.02,0,0.00069241359597072,0,0.00031592709807050373,0,0.00028760492432319286,0,0.00018258902127854526,0,0.0007933018496260047,0
0,5,3.070539372438341e-05,0,0.0,0,2.9690860174014233e-05,0,3.363954211183914e-05,0,6.645701290171032e-07,0,1.1591302609303966e-05,0,2.4485520043526776e-05,0
0,3,0.003203056290300378,0,0.0,0,3.885978367179632e-05,0,4.670190891248563e-05,0,1.1395106701095076e-05,0,6.409231718862429e-05,0,0.00011048276792280376,0
0,4,0.0016729992970224428,0,0.01,0,0.004391821101307869,0,0.0007919696215008839,0,0.0008086384237618144,0,0.004035773687064648,0,0.0031652117613703012,0
0,4,0.003882151160897992,0,0.0,0,1.562950092193205e-05,0,2.7509326764087868e-05,0,3.458117431700309e-06,0,0.0001382807531626895,0,0.000130553831695579,0
0,3,0.0002945627658916179,0,0.0,0,3.426266857786686e-06,0,4.151466658524977e-05,0,5.282913163698691e-07,0,1.0646391274349298e-05,0,2.3563854483654723e-05,0
0,1,0.0045894086105658875,0,0.0,0,3.6944870771549176e-06,0,3.715702342184385e-05,0,1.4465262489943936e-06,0,0.00018023983284365386,0,0.0003560608020052314,0
0,1,0.00273136330005532,0,0.0,0,1.7292763004661538e-05,0,2.4424612453836238e-05,0,1.5103493670402969e-05,0,1.330928262177622e-05,0,0.00013568559370469302,0
0,1,0.24411256663198386,0,0.0,0,9.634235175326467e-05,0,0.00033232351204535656,0,0.0016609211766443247,0,0.004900543484836817,0,0.0030310675501823425,0
0,1,0.00018537614576543028,0,0.01,0,4.7195382649078965e-05,0,3.655277997285425e-05,0,0.00016813819347778807,0,0.0007607471197843552,0,0.002383987419307232,0
0,4,0.0006238513046208995,0,0.0,0,4.613618875737302e-05,0,2.967497990300608e-05,0,6.348105056475364e-07,0,1.2893723578599747e-05,0,3.85035018553026e-05,0
0,1,0.003792514600412169,0,0.01,0,1.5501160305575468e-05,0,7.004660382957789e-05,0,0.00035026398933572567,0,0.004636545665562153,0,0.011152283288538456,0
0,5,0.00014902947917701695,0,0.0,0,7.824306521797553e-05,0,3.395438721505473e-05,0,1.494604988202973e-06,0,7.313249807339162e-05,0,2.7727577617042698e-05,0
0,1,8.404727153962055e-08,0,0.0,0,3.5911277791456087e-06,0,2.084636334278951e-05,0,6.517714156140462e-08,0,3.7616925965267e-06,0,1.3579166079580318e-05,0
0,4,0.0007234896353192295,0,0.0,0,1.2987236004846636e-05,0,4.496213051459803e-05,0,5.684551470511871e-05,0,0.00033118194551207125,0,0.0004696253454312682,0
0,5,0.0017212849479195968,0,0.0,0,0.0001428758550900966,0,3.6024661719563936e-05,0,3.092243229418475e-06,0,2.5068280592677183e-05,0,3.785198350669816e-05,0
0,1,0.00027451664716455484,0,0.01,0,4.055758472532034e-05,0,2.08035280023645e-05,0,7.932496520613916e-07,0,1.5716374036855996e-05,0,4.210681072436273e-05,0
0,4,9.135629531161751e-07,0,0.0,0,1.6122427041409537e-05,0,2.0672998270316614e-05,0,1.029585826509236e-06,0,8.54622066981392e-06,0,1.3581518032879103e-05,0
0,1,9.345073574541724e-05,0,0.0,0,5.2038045396329835e-05,0,3.060770655605209e-05,0,3.28986816349506e-06,0,3.4888831578427926e-05,0,0.00010347372153773904,0
0,4,0.0364382559045448,0,0.01,0,0.00016875409346539527,0,2.0325665770826516e-05,0,4.8369233242341386e-05,0,0.001025323523208499,0,0.00026416050968691707,0
0,3,3.408764483998542e-07,0,0.0,0,4.900841668131761e-05,0,3.0244478031662472e-05,0,1.666298146232185e-05,0,0.00047117556096054614,0,0.0003376616514287889,0
0,5,0.07030024076223688,0,0.03,0,0.00028856820426881313,0,7.269506881121417e-05,0,0.0006563291389087884,0,0.0023484285920858383,0,0.0033718058839440346,0
0,1,0.0003970635302119433,0,0.02,0,0.002489043166860938,0,0.0002512327557887289,0,0.0005732485211041026,0,9.6307740022894e-05,0,0.0004574689664877951,0
0,4,0.8714689849850438,0,0.1,0,0.02521854266524315,0,0.020804985709956685,0,0.573006202115435,1,0.16965872049331665,0,0.16645054519176483,1
0,2,0.0010650841943184537,0,0.01,0,0.0008509441977366805,0,0.0004682744428504396,0,0.0005057110963227646,0,0.0003235243493691087,0,0.0014630644582211971,0
0,2,0.0008504349705293807,0,0.0,0,6.589513077415177e-07,0,2.9080742249675944e-05,0,2.7912793121803245e-08,0,1.1582058505155146e-05,0,4.537199856713414e-05,0
0,2,0.013566792536705896,0,0.0,0,3.123299029539339e-05,0,0.00012640766292424134,0,4.000815659994569e-06,0,0.00029486752464435995,0,0.00030382725526578724,0
0,2,0.8779959420547486,0,0.08,0,0.0003288804437033832,0,0.0008357327439168163,0,0.005840099383269677,0,0.025231381878256798,0,0.05745760351419449,0
0,4,0.00011020909480613796,0,0.0,0,0.00017449291772209108,0,0.0012979210535571828,0,4.87340776214931e-06,0,5.791652438347228e-05,0,0.0003503349726088345,0
0,1,0.018772902679183995,0,0.02,0,5.52503188373521e-05,0,2.8434809102733708e-05,0,3.6578289107727885e-05,0,0.00033824931597337127,0,0.0015855398960411549,0
0,2,9.799792224048764e-07,0,0.01,0,1.7374984963680618e-05,0,6.171176719614237e-05,0,4.268185247751888e-07,0,1.0105399269377813e-05,0,1.7202757589984685e-05,0
0,3,0.011315060799754627,0,0.0,0,0.00011240525054745376,0,4.450773635705446e-05,0,9.193876948770883e-05,0,0.001817186246626079,0,0.002472193446010351,0
0,4,0.00015436238230114152,0,0.01,0,7.705839379923418e-05,0,2.0652467781084696e-05,0,8.355317082235764e-08,0,6.343334825942293e-05,0,3.7612844607792795e-05,0
0,3,7.470365316313387e-06,0,0.01,0,2.8827027563238516e-05,0,2.0006798305689987e-05,0,2.0374545974730597e-05,0,2.8385300538502634e-05,0,3.925813143723644e-05,0
0,5,0.0024888485397321766,0,0.0,0,1.5970730601111427e-05,0,9.639194494892817e-05,0,0.0001623523808428343,0,3.054921762668528e-05,0,0.0002604904293548316,0
0,2,0.0014441874571329621,0,0.04,0,7.006873784121126e-05,0,0.0001216867517790373,0,0.0005028085274328614,0,0.0005077726091258228,0,0.006507097743451595,0
0,1,0.0039011705862093374,0,0.01,0,0.00019431150576565415,0,8.741818419650944e-05,0,0.0024128912539830905,0,0.0008201214368455112,0,0.00187776330858469,0
0,5,2.039972686487826e-05,0,0.01,0,1.292446813749848e-05,0,4.301309016512244e-05,0,3.1266921957546066e-07,0,9.437448170501739e-06,0,1.375395822833525e-05,0
0,1,0.28102349940662197,0,0.04,0,0.0013163841795176268,0,0.005838299516841551,0,0.016009449373892565,0,0.05988263338804245,0,0.062234241515398026,0
0,5,0.9817999059422883,0,0.05,0,0.202699214220047,1,0.019738678311735987,0,0.4478575897992525,1,0.28748753666877747,1,0.11892035603523254,0
0,5,5.77754270637639e-06,0,0.0,0,1.2749360394082032e-05,0,3.0008670899814204e-05,0,3.318800666117607e-07,0,6.241928531380836e-06,0,1.4370867575053126e-05,0
0,2,0.0017578852962703854,0,0.0,0,1.5730720406281762e-05,0,4.7466933782063584e-05,0,7.316716164805442e-05,0,0.00020912577747367322,0,0.0003020042204298079,0
0,1,0.003767364495474435,0,0.0,0,0.0006361654377542436,0,0.0002164752134070418,0,3.2696530053106268e-06,0,0.0008856921340338886,0,0.00034915711148642004,0
0,5,0.0006169884958933733,0,0.01,0,5.290677108860109e-06,0,4.4789334455636635e-05,0,7.505586306431298e-05,0,0.0025241782423108816,0,0.0012350695906206965,0
0,1,0.010873507957466293,0,0.0,0,6.717764335917309e-05,0,6.915815055261714e-05,0,0.0009503907795724451,0,0.0005140617722645402,0,0.002187458798289299,0
0,3,0.0018631861973436054,0,0.0,0,7.408015335386153e-06,0,3.993939339539997e-05,0,1.280564709438795e-05,0,0.00010529874271014705,0,0.0008409752626903355,0
0,1,0.0445825379733649,0,0.01,0,4.833038474316709e-05,0,4.54239701260036e-05,0,0.001195801709815517,0,0.0010914598824456334,0,0.005640693940222263,0
0,3,0.861184894703569,0,0.01,0,0.06668706238269806,0,0.008235787520242307,0,0.014870016410521204,0,0.05255131796002388,0,0.1101609617471695,0
0,4,8.948274500168821e-06,0,0.01,0,2.3236974811879918e-05,0,2.2512046892688463e-05,0,4.3714870317593045e-06,0,5.237474397290498e-05,0,0.00013780611334368587,0
0,1,0.18405451956967897,0,0.0,0,0.0004698322736658156,0,0.0010364912454291217,0,0.0034988627472447697,0,0.0017443055985495448,0,0.005876773037016392,0
0,3,1.8162675903266868e-05,0,0.0,0,3.512842158670537e-05,0,1.9977750762636607e-05,0,2.4966982932966388e-06,0,1.1762029316741973e-05,0,2.3133707145461813e-05,0
0,4,7.488097679576737e-05,0,0.0,0,6.308988304226659e-06,0,2.567977956089345e-05,0,4.8620964523544815e-08,0,4.661555067286827e-05,0,3.0486646210192703e-05,0
0,3,0.9131093587231511,0,0.08,0,0.0016160374507308006,0,0.0006686709705644525,0,0.03810150206809155,0,0.05026823282241821,0,0.14733676612377167,0
0,4,0.0037304796006956396,0,0.0,0,5.532502109417692e-05,0,0.0001503786863077887,0,6.299318149254785e-05,0,0.001591197680681944,0,0.003564343322068453,0
0,4,0.6316074945653986,0,0.02,0,0.000563062378205359,0,0.00010742539973256954,0,0.00019129909983263383,0,0.0012974338605999947,0,0.0003406809992156923,0
0,3,0.0001903183276347141,0,0.07,0,0.0019259628606960177,0,0.00029026258655188514,0,0.00010022359421590773,0,0.002464024582877755,0,0.004559018649160862,0
0,3,5.706814506124572e-06,0,0.0,0,4.7840741899563e-05,0,2.00212409113359e-05,0,6.910618089032798e-06,0,1.6535199392819777e-05,0,1.7756965462467633e-05,0
0,2,0.0012591680632680785,0,0.0,0,0.00011527208698680624,0,7.46579326529642e-05,0,4.015865551825003e-06,0,3.899619332514703e-05,0,3.8944428524700925e-05,0
0,2,9.771288991050561e-05,0,0.0,0,5.591434455709532e-05,0,6.80634442451853e-05,0,0.00012023128681049645,0,0.00011148949124617502,0,0.0008785619866102934,0
0,4,0.09321179221119254,0,0.0,0,7.282155274879187e-05,0,3.134499613788727e-05,0,0.000178188251118893,0,0.0026114543434232473,0,0.0010303300805389881,0
0,3,2.123411502421497e-07,0,0.0,0,2.1383724742918275e-05,0,2.0358133283175855e-05,0,4.625982692182011e-07,0,1.6469755792059004e-05,0,1.6155128832906485e-05,0
0,1,7.124519530674437e-05,0,0.0,0,8.487471495755017e-05,0,3.3178804656953095e-05,0,2.667565526953279e-07,0,2.437526563880965e-05,0,0.0001684943854343146,0
0,4,3.6512918213560295e-06,0,0.0,0,6.134359864518046e-05,0,2.4624696867459002e-05,0,6.203908394111191e-07,0,9.631775355956051e-06,0,1.6257956303888932e-05,0
0,5,9.435975897390981e-07,0,0.0,0,2.563176713010762e-05,0,4.30623240362657e-05,0,7.452527651116569e-07,0,1.0570858648861758e-05,0,1.368840275972616e-05,0
0,2,0.0006643400221932056,0,0.01,0,5.6912420404842123e-05,0,0.00035619349283059,0,0.0002373193300990846,0,0.0022666756995022297,0,0.0005789637798443437,0
0,1,0.00035253446060854794,0,0.0,0,1.5042792256281245e-06,0,2.0316525476028538e-05,0,0.00010596119214629293,0,8.585758041590452e-05,0,0.0006204898818396032,0
0,5,0.10332036397378729,0,0.02,0,9.190454875351861e-05,0,0.0005450923913224374,0,1.0433434660296628e-05,0,0.004083507228642702,0,0.0025617319624871016,0
0,3,9.927329986144598e-07,0,0.0,0,1.9591352611314505e-05,0,7.440485132926594e-05,0,2.9648395322992222e-06,0,7.595971692353487e-05,0,4.458334660739638e-05,0
0,4,0.0012072043642151044,0,0.0,0,0.00014948277384974062,0,2.500181920506531e-05,0,0.0007495818322059855,0,0.0022508285474032164,0,0.0011412956519052386,0
0,2,0.004376336224340795,0,0.0,0,3.550908149918541e-05,0,2.928214163631081e-05,0,2.417625976357997e-06,0,0.0004800626484211534,0,0.0007498983759433031,0
0,4,0.44855714672171704,0,0.04,0,0.00429866136983037,0,0.0012508350609221968,0,0.036225821750366316,0,0.014349625445902348,0,0.010698127560317516,0
0,1,0.20389530518700216,0,0.02,0,6.0163034504512325e-05,0,7.084408000754633e-05,0,0.001915367627928717,0,0.002317215781658888,0,0.012007713317871094,0
0,2,0.0029762315168635335,0,0.02,0,1.989998054341413e-05,0,5.559097045181746e-05,0,0.00021169611657045613,0,0.0006968798697926104,0,0.0018548188963904977,0
0,5,0.030004524936451185,0,0.03,0,0.0026445440016686916,0,0.017618246948754655,0,0.031316476276343486,0,0.07373350113630295,0,0.01201893575489521,0
0,3,0.013809996552794678,0,0.01,0,2.7245436285738833e-05,0,2.4868560443635076e-05,0,1.788560180573288e-05,0,0.0007914175512269139,0,0.0013957154005765915,0
0,5,0.0020703286105714543,0,0.0,0,7.858558092266321e-06,0,3.0374221068530612e-05,0,1.0629100298239929e-06,0,9.78688767645508e-05,0,8.073053322732449e-05,0
0,4,0.0009166100969533315,0,0.04,0,0.00023241124290507287,0,2.248199005046395e-05,0,2.0397167521492217e-06,0,0.0019516288302838802,0,0.0007538445643149316,0
0,2,0.1269127540564845,0,0.09,0,0.14410941302776337,0,0.020318360496204273,0,0.12571041804265415,0,0.09334725886583328,0,0.1679033637046814,1
0,2,7.5959284600356845e-06,0,0.0,0,4.639619874069467e-05,0,6.79797744997074e-05,0,2.024531061734789e-05,0,0.001006299164146185,0,0.0003342771087773144,0
0,1,0.0025927320204175495,0,0.01,0,9.165221854345873e-06,0,2.1966192076561734e-05,0,0.00016701240095763135,0,0.000226218908210285,0,0.0004510877770371735,0
0,1,0.0055948220600242045,0,0.0,0,8.601267836638726e-06,0,4.290827120967527e-05,0,0.000306731593571278,0,0.0002666751097422093,0,0.0005458327941596508,0
0,2,0.0004001370106854915,0,0.0,0,4.8130543291335925e-05,0,3.761246767033903e-05,0,0.00017841993939196965,0,0.0004209052713122219,0,0.00032963542616926134,0
0,4,0.09494726188590485,0,0.02,0,0.00021817651577293873,0,0.00023093987638277033,0,0.014753984635206066,0,0.019605383276939392,0,0.03545317426323891,0
0,3,0.04110616578582356,0,0.01,0,6.320254760794342e-05,0,0.00022226258052414244,0,0.004109996345988282,0,0.005754707846790552,0,0.0211294237524271,0
0,3,3.254323202820546e-05,0,0.02,0,0.0003473158576525748,0,8.288348192873397e-05,0,0.002555880968358726,0,0.0032026038970798254,0,0.0021817327942699194,0
0,5,0.0031543829639986342,0,0.02,0,0.00011648966756183654,0,3.2362804230426184e-05,0,0.0004309732955224866,0,0.00024517838028259575,0,0.0003673056198749691,0
0,4,0.019059181060780285,0,0.01,0,7.789413211867213e-05,0,0.00017229816403384945,0,0.003157525458821636,0,0.008805341087281704,0,0.0021339876111596823,0
0,4,0.005073959544031895,0,0.0,0,1.2797746421711054e-05,0,1.9629335207792738e-05,0,2.8081082189601507e-05,0,0.00021058939455542713,0,0.00018428309704177082,0
0,2,0.002265543087194981,0,0.0,0,2.2348227503243834e-05,0,1.9282825202449327e-05,0,6.087188973473659e-05,0,0.00012014611274935305,0,0.00014273778651840985,0
0,1,1.8261194244950572e-07,0,0.0,0,1.6618010704405606e-05,0,2.755568583041401e-05,0,4.2025855886642745e-07,0,1.0197109077125788e-05,0,2.0979339751647785e-05,0
0,5,1.0742681966643109e-06,0,0.0,0,2.3201833755592816e-05,0,1.6322192745470355e-05,0,6.553363894686814e-07,0,1.3181320355215576e-05,0,2.1891652068006806e-05,0
0,4,2.040088668949666e-06,0,0.0,0,1.5382773881356115e-06,0,2.052985213625143e-05,0,4.892000965437001e-07,0,3.323074633954093e-05,0,2.5545254175085574e-05,0
0,5,9.351577411437536e-05,0,0.0,0,4.057971455040388e-05,0,0.0005719524038762133,0,0.0014082281826827221,0,0.0010063514346256852,0,0.0004203112912364304,0
0,2,3.142688906789111e-05,0,0.0,0,4.5071366912452504e-05,0,6.97294247125107e-05,0,5.389189869716532e-07,0,2.1957792341709137e-05,0,3.5266304621472955e-05,0
0,2,3.2011028381785906e-07,0,0.0,0,4.953259576723212e-06,0,2.8656787682911712e-05,0,4.8736270159680475e-08,0,1.1228637958993204e-05,0,1.63319127750583e-05,0
0,1,0.0009714083997800728,0,0.03,0,3.303014091216028e-05,0,4.130344110197854e-05,0,0.0005767273789984009,0,0.0019517518812790513,0,0.001389005221426487,0
0,1,0.9935136893132911,1,0.13,1,0.010327963158488274,0,0.008791579723332742,0,0.4041967783963184,1,0.029547370970249176,0,0.15783709287643433,0
0,4,0.0019817670225397346,0,0.0,0,0.0003382769355084747,0,8.166147635185954e-05,0,1.3389485635660612e-05,0,0.00018247615662403405,0,0.0004795207642018795,0
0,2,0.0024237345516587828,0,0.0,0,0.0002451463951729238,0,3.699636263613757e-05,0,2.9694155713794148e-05,0,0.0002593493845779449,0,0.00016844700439833105,0
0,1,0.18683043238316638,0,0.03,0,0.013336756266653538,0,0.0011794052406832742,0,0.0016701822405588557,0,0.0017582690343260765,0,0.010773766785860062,0
0,1,0.02368334596760668,0,0.0,0,7.638997340109199e-05,0,0.0001117595098155227,0,0.0008954466497831679,0,0.0006144565413706005,0,0.0021529817022383213,0
0,2,0.42883011462992154,0,0.0,0,0.00015334509953390807,0,0.00016431886350127054,0,0.008283381223961911,0,0.0065266406163573265,0,0.005780734587460756,0
0,5,7.85514094787943e-06,0,0.0,0,9.280911035602912e-05,0,2.478004086644009e-05,0,1.6401135121955397e-06,0,6.615046913793776e-06,0,1.2981662621314172e-05,0
0,5,0.05898980536593092,0,0.0,0,8.107789471978322e-05,0,3.9599429851827654e-05,0,2.027093049623511e-06,0,0.0009597419411875308,0,0.0006911365198902786,0
0,3,0.33996292800729616,0,0.05,0,0.012651397846639156,0,0.004470850391707926,0,0.06767114313620468,0,0.004927287343889475,0,0.020570598542690277,0
0,1,0.3536363394191642,0,0.0,0,8.091916242847219e-05,0,3.452286525272981e-05,0,0.00013527486418236267,0,0.0010075537720695138,0,0.001112289261072874,0
0,5,0.9816893847763084,0,0.0,0,0.0010885819792747498,0,0.0007626819928199667,0,0.0072902625061014095,0,0.0030765568371862173,0,0.0028142123483121395,0
0,3,9.616259061379902e-05,0,0.01,0,5.798755228170194e-05,0,2.001712777847799e-05,0,7.967597044250734e-06,0,7.705774623900652e-05,0,5.769811832578853e-05,0
0,5,0.14121055162524856,0,0.03,0,0.0015982068143785,0,0.011200388607989383,0,0.016230924071749774,0,0.04166235774755478,0,0.016897963359951973,0
0,2,4.2017229964639244e-05,0,0.0,0,4.2003768612630665e-05,0,2.4377116109753753e-05,0,1.0858922599923612e-06,0,1.2294873158680275e-05,0,1.5365058061433956e-05,0
0,4,0.0013356557883309824,0,0.0,0,1.4053090126253664e-05,0,2.0679846537846596e-05,0,5.844359805774744e-07,0,8.115555829135701e-06,0,2.0985571609344333e-05,0
0,2,5.749690568690936e-08,0,0.01,0,5.531130591407418e-05,0,2.078237846457723e-05,0,3.8330756005569517e-07,0,1.4375767932506278e-05,0,1.524830895505147e-05,0
0,2,0.01737334368168587,0,0.03,0,0.010289229452610016,0,0.0004721397996001736,0,0.0063712038429544595,0,0.001620623515918851,0,0.016230164095759392,0
0,2,0.02385691625053981,0,0.03,0,0.00013288331683725119,0,0.0004477531801945987,0,0.004005746165331211,0,0.004992790520191193,0,0.00455138273537159,0
0,4,0.5455538491523919,0,0.01,0,3.50739574059844e-05,0,1.7755165966492755e-05,0,0.001667004970320646,0,0.007969620637595654,0,0.0017546331509947777,0
0,5,0.002682609381689244,0,0.0,0,2.879522980947513e-06,0,3.550693568068506e-05,0,4.101839140434655e-07,0,4.676633034250699e-05,0,3.198810372850858e-05,0
0,3,0.17097152288664902,0,0.09,0,0.0005985048483125865,0,0.0004067594421897762,0,0.004560365118805678,0,0.014663771726191044,0,0.09708404541015625,0
0,3,0.00045988540787679543,0,0.0,0,1.5276493286364712e-05,0,3.306772254372399e-05,0,2.5623421953160567e-06,0,8.716578304301947e-05,0,6.949671660549939e-05,0
0,5,0.00013636798509135197,0,0.0,0,0.00017767076496966183,0,3.590086904931039e-05,0,0.0008380079928066364,0,0.0008194745169021189,0,0.0001834644644986838,0
0,1,2.975987381673089e-08,0,0.09,0,0.0026980822440236807,0,0.0001459552607462375,0,9.171437305501105e-05,0,0.0004317833809182048,0,0.007305648177862167,0
0,4,7.62150492246451e-05,0,0.0,0,3.535186988301575e-05,0,4.318003002559142e-05,0,6.030229736172208e-07,0,2.7956912163062952e-05,0,4.63626638520509e-05,0
0,3,0.0021760294382299527,0,0.0,0,0.0006158286705613136,0,0.0009770719583783913,0,0.00026630754371730184,0,0.03801710903644562,0,0.050308242440223694,0
0,1,0.05473388894181102,0,0.11,1,0.0039027207531034946,0,0.0008330379823175047,0,0.007856057975761619,0,0.014275433495640755,0,0.0318417064845562,0
0,2,0.0003323706484213305,0,0.01,0,0.00011851157614728436,0,2.516175723366423e-05,0,2.6108724433757643e-07,0,1.0653741810529027e-05,0,2.1149397070985287e-05,0
0,5,0.12125082823867615,0,0.0,0,7.475072197848931e-05,0,0.00019967295008559846,0,5.493151816078381e-05,0,0.0002555561950430274,0,0.0009721650858409703,0
0,2,0.2698159323734347,0,0.02,0,0.0010454640723764896,0,0.0005200560457388488,0,9.99832625867912e-06,0,0.09460767358541489,0,0.033405546098947525,0
0,5,1.8015191001651794e-05,0,0.01,0,2.05315063794842e-05,0,1.1987362434705212e-05,0,0.00015102431463720736,0,0.00013559481885749847,0,0.0007599577074870467,0
0,1,9.665674101051629e-06,0,0.0,0,7.774710866215173e-06,0,2.0673107620140264e-05,0,9.068438743193263e-08,0,1.3357056559470948e-05,0,5.927143502049148e-05,0
0,3,0.001203561636199715,0,0.0,0,3.7647901081072632e-06,0,2.7303115260906013e-05,0,1.7901535517098481e-06,0,1.4634714716521557e-05,0,1.656530912441667e-05,0
0,3,0.04888869744901427,0,0.01,0,4.351197276264429e-05,0,5.009049425798608e-05,0,0.0014290724136767775,0,0.0011962271528318524,0,0.0014949999749660492,0
0,5,5.3071893022993585e-06,0,0.02,0,6.610387208638713e-05,0,3.4166119132217686e-05,0,8.31002798431784e-07,0,0.0002589923969935626,0,0.00015230741701088846,0
0,2,0.8511081343671176,0,0.09,0,0.0011018026852980256,0,0.008054225938065297,0,0.06313121404216511,0,0.031752992421388626,0,0.06608374416828156,0
0,2,0.014910185284589582,0,0.03,0,0.0006875283434055746,0,0.000395432790681216,0,0.0003146263139352241,0,0.0064291516318917274,0,0.013252339325845242,0
0,1,0.005740014917579798,0,0.01,0,4.848179378313944e-05,0,4.0746874263461104e-05,0,0.0015746903247597854,0,0.0004469937121029943,0,0.0011237924918532372,0
0,1,2.8497964755981712e-05,0,0.08,0,0.03247025981545448,0,0.001412792597455533,0,0.001820241633557812,0,0.020304091274738312,0,0.023208297789096832,0
0,4,0.037255066233660906,0,0.05,0,0.0001926603727042675,0,0.00020575984157088093,0,0.00013020224806525372,0,0.0015481577720493078,0,0.0023230959195643663,0
0,5,0.22788563533126904,0,0.04,0,0.0001253065565833822,0,0.0002254535367804823,0,0.016182836565335267,0,0.014212916605174541,0,0.018276145681738853,0
0,5,0.045634821268469516,0,0.04,0,6.482706521637738e-05,0,8.368971234222864e-05,0,0.012763243372509723,0,0.011600043624639511,0,0.03483600541949272,0
0,3,0.1941501898131618,0,0.02,0,0.0019348447676748037,0,5.25700330771106e-05,0,4.836685531323152e-05,0,0.0005033420748077333,0,0.0007498777122236788,0
0,2,0.006564700137667507,0,0.0,0,2.5115172320511192e-05,0,2.438285477681266e-05,0,7.344320368423458e-07,0,4.112963142688386e-05,0,7.658079994143918e-05,0
0,4,0.00234390198445937,0,0.0,0,1.32267962271726e-06,0,2.7387815720500015e-05,0,1.697986828996867e-05,0,0.00015266005357261747,0,0.00021977463620714843,0
0,5,0.00012340268694916739,0,0.0,0,6.441757432185113e-05,0,2.1809394658733778e-05,0,1.2326280048462458e-06,0,2.848687654477544e-05,0,1.5098496987775434e-05,0
0,5,0.010786831141818781,0,0.02,0,7.797549983479257e-07,0,6.660639236161684e-05,0,0.00017205262189271757,0,0.0003606211976148188,0,0.002599651925265789,0
0,2,0.0002828770644625744,0,0.0,0,2.510829654056579e-05,0,2.522975614700196e-05,0,3.222387741853578e-08,0,3.0540388252120465e-05,0,2.7532212698133662e-05,0
0,2,0.00414910907583156,0,0.0,0,6.738308729836717e-05,0,1.8289624770084135e-05,0,1.3718151771016244e-05,0,0.0011727651581168175,0,0.0015498175052925944,0
0,1,0.03430495725306427,0,0.0,0,1.2180020348750986e-05,0,1.55974309715522e-05,0,1.3285195503308538e-05,0,4.637946403818205e-05,0,0.000315411773044616,0
0,1,1.268648215050878e-07,0,0.03,0,0.0015909570502117276,0,0.006779729544508696,0,0.0052413551226299275,0,0.006247035227715969,0,0.004387777764350176,0
0,5,9.962824631048007e-06,0,0.05,0,0.0004247209581080824,0,4.365369676475837e-05,0,4.264915919364471e-05,0,4.40104995504953e-05,0,0.0003386156167834997,0
0,2,0.00017566423970897515,0,0.0,0,1.1363217709003948e-05,0,0.00010537244616750688,0,9.005448090158649e-05,0,0.00021061075676698238,0,0.00037308523315005004,0
0,5,7.55270327421575e-05,0,0.0,0,3.501866103761131e-06,0,2.3327296528887313e-05,0,3.2238161522961393e-06,0,1.189696467918111e-05,0,2.8955233574379236e-05,0
0,2,0.9843775177795251,1,0.03,0,0.06186189875006676,0,0.024248300478366305,0,0.10590351259131378,0,0.04394296556711197,0,0.09721016883850098,0
0,4,0.03302340846695987,0,0.01,0,0.00014846582780592144,0,0.0001233129972494543,0,1.9632456965817238e-05,0,0.0005606720224022865,0,0.007385278586298227,0
0,4,0.9697597113646175,0,0.16,1,0.1609283685684204,0,0.030336764504292176,0,0.4350417031287298,1,0.05149092525243759,0,0.10933306813240051,0
0,4,0.3747235148701172,0,0.02,0,0.0009692858438938856,0,0.000398761254450046,0,0.006540339952380175,0,0.01354678813368082,0,0.01273278333246708,0
0,4,0.00011800856961151469,0,0.0,0,1.0840165487024933e-05,0,2.373817813767497e-05,0,5.351823109121503e-07,0,0.00012916233390569687,0,0.00018952178652398288,0
0,2,3.364009697721206e-05,0,0.0,0,0.0002535133680794388,0,0.0001494091428583957,0,8.248249613158983e-06,0,6.955546996323392e-05,0,0.0005844716215506196,0
0,2,0.0051499455028735305,0,0.0,0,9.660481009632349e-05,0,3.493587504846e-05,0,8.788332641652922e-06,0,0.0010381682077422738,0,0.0006527958903461695,0
0,5,0.0018159606667043947,0,0.0,0,9.83618065220071e-06,0,2.292606497333282e-05,0,3.3321357360109867e-06,0,3.887282946379855e-05,0,2.423161822662223e-05,0
0,5,1.1979926731786056e-05,0,0.0,0,2.219806219727616e-06,0,2.3377526981375407e-05,0,5.162035095339348e-07,0,1.441307904315181e-05,0,2.1304738766048104e-05,0
0,1,0.0010778506549614184,0,0.0,0,6.7519072217692155e-06,0,1.7460638588071395e-05,0,2.3472795611757494e-05,0,0.002139453310519457,0,0.0009174395818263292,0
0,1,0.0017230204419509446,0,0.04,0,6.60003861412406e-05,0,0.00044243691596766304,0,0.002805555652230615,0,0.0001881524658529088,0,0.0027372250333428383,0
0,3,0.0068504942654670515,0,0.0,0,7.035482212813804e-06,0,2.234256747972234e-05,0,2.741273632360212e-06,0,1.608944876352325e-05,0,1.8110351447830908e-05,0
0,1,2.700950697831881e-06,0,0.01,0,0.00016019701433833688,0,2.9044897835265958e-05,0,2.1841453414564106e-07,0,9.284602128900588e-06,0,2.170903462683782e-05,0
0,4,4.146985778566442e-06,0,0.0,0,1.875795169326011e-05,0,2.0593711157530272e-05,0,1.0359716181521947e-06,0,1.4511888366541825e-05,0,2.5331682991236448e-05,0
0,3,0.8678711719594326,0,0.05,0,0.26240062713623047,0,0.019997641272759756,0,0.3747802700671073,1,0.04517589509487152,0,0.053336001932621,0
0,4,0.00010353587488933011,0,0.0,0,3.3270521271333564e-06,0,2.2340265263262795e-05,0,3.3338307485813116e-05,0,0.0010117394849658012,0,0.001340788439847529,0
0,5,8.636821143416851e-06,0,0.0,0,1.092480715669808e-06,0,1.9555365355027738e-05,0,4.59929856123711e-08,0,6.9957914092810825e-06,0,1.2981662621314172e-05,0
0,2,9.307453873936528e-06,0,0.02,0,5.2726940339198336e-05,0,2.3898503787963502e-05,0,3.1410740011419097e-06,0,0.00024041891447268426,0,0.0003789783804677427,0
0,4,0.0006140702082719306,0,0.03,0,2.158951247110963e-05,0,8.899853787626544e-05,0,1.797959379379963e-05,0,0.0002745589299593121,0,0.003322243457660079,0
0,4,0.017279304145762692,0,0.03,0,0.00018674871535040438,0,0.00011400274831373346,0,0.0001615169855543536,0,0.0037377490662038326,0,0.0014020433882251382,0
0,1,0.0003150310469304837,0,0.01,0,1.1666425962175708e-05,0,2.1419775450942858e-05,0,2.134431236841409e-06,0,0.00024827729794196784,0,0.00033056794200092554,0
0,2,0.05764273339485907,0,0.01,0,8.153222734108567e-05,0,4.6565910119973674e-05,0,0.0001254593449738026,0,0.006178230978548527,0,0.003401265013962984,0
0,4,6.216264806963744e-06,0,0.0,0,2.5154095055768266e-05,0,0.00015960857999914042,0,5.237102019811663e-06,0,0.0001082507660612464,0,0.00026499712839722633,0
0,5,1.2724061219974595e-10,0,0.02,0,0.00024518658756278455,0,0.00030984537747631176,0,2.1321476309879374e-06,0,0.0009384259465150535,0,0.0016747734043747187,0
0,5,2.00899615234129e-05,0,0.01,0,0.0009280876838602126,0,0.00016739297063933186,0,0.007257703119931697,0,0.0004640280967578292,0,0.0030589334201067686,0
0,2,4.933047183991165e-07,0,0.0,0,0.00031932868296280503,0,0.00029698524711357916,0,0.0002339684623315906,0,0.16644561290740967,0,0.009790430776774883,0
0,5,5.9856124107077985e-05,0,0.03,0,2.6951664040097967e-05,0,0.00010173942752609928,0,0.006006870551783925,0,0.0006334020290523767,0,0.011183025315403938,0
0,3,0.0037033062882996523,0,0.01,0,1.3754563951806631e-05,0,1.9145887750678518e-05,0,4.529524372093201e-05,0,0.00011003501276718453,0,0.0004941739607602358,0
0,1,0.03230903757540752,0,0.02,0,0.001233876682817936,0,0.00022473766930011706,0,0.047223632237497225,0,0.007969657890498638,0,0.010690640658140182,0
0,5,0.00014488419490018642,0,0.0,0,5.3157640650169924e-05,0,5.7274014429174646e-05,0,8.387700092202285e-07,0,5.909755054744892e-05,0,0.00012525820056907833,0
0,4,0.000309252254457112,0,0.0,0,1.701212204352487e-05,0,2.066345454656662e-05,0,9.611817016137927e-07,0,1.6466068700538017e-05,0,1.719104329822585e-05,0
0,5,1.285202320910175e-06,0,0.0,0,0.00022422666370403022,0,0.0004461881873449792,0,0.00018091814728304803,0,0.0022336735855787992,0,0.0013295693788677454,0
0,4,5.483351900319707e-07,0,0.0,0,2.8937585739186034e-05,0,4.177655458761884e-05,0,7.983064785552594e-07,0,2.8563385058077984e-05,0,2.333127304154914e-05,0
0,5,0.0010800015332026033,0,0.0,0,1.1308311513857916e-05,0,1.2229791615474885e-05,0,3.2410060874708665e-05,0,0.00011236710997764021,0,0.00011311190610285848,0
0,1,0.018736959415145887,0,0.0,0,5.7364431995665655e-06,0,4.1957403944188955e-05,0,1.2776514706756038e-05,0,2.425471211608965e-05,0,0.0002262243942823261,0
0,5,8.435672293175692e-07,0,0.0,0,7.15342684998177e-06,0,3.081374765847076e-05,0,1.0335127407478907e-06,0,1.4051714970264584e-05,0,2.316523386980407e-05,0
0,1,0.0001282681428755307,0,0.0,0,8.680946848471649e-06,0,4.079307295823985e-05,0,2.609950365515834e-07,0,2.4462220608256757e-05,0,0.00018574674322735518,0
0,2,9.448554357989361e-05,0,0.0,0,4.669142526836367e-06,0,2.5081493136016044e-05,0,1.4962155972776697e-08,0,9.235453035216779e-06,0,1.5985073332558386e-05,0
0,2,7.6360837277843e-07,0,0.0,0,8.28293923404999e-06,0,2.4378992701412317e-05,0,1.8497638463692988e-07,0,2.2053185602999292e-05,0,2.5798444767133333e-05,0
0,5,2.930922471841446e-05,0,0.0,0,1.4600162103306502e-05,0,2.3331710021946945e-05,0,2.794479505963662e-07,0,6.174012469273293e-06,0,1.2981662621314172e-05,0
0,3,0.09266484748500924,0,0.01,0,0.0004117982171010226,0,5.1473525346781905e-05,0,3.3247831848329675e-05,0,0.000325327884638682,0,0.001558226882480085,0
0,3,0.00025946741369735143,0,0.0,0,0.00010064103844342753,0,2.9088062078591115e-05,0,1.2531601341509833e-05,0,0.00016270623018499464,0,0.00012201598292449489,0
0,3,0.002573334522154273,0,0.05,0,0.0010523950913920999,0,0.0007914953916157174,0,0.007821880742290784,0,0.011391222476959229,0,0.010164582170546055,0
0,3,0.00599540505616062,0,0.1,0,0.04050175100564957,0,0.02776468485248738,0,0.03689388971736025,0,0.0051784939132630825,0,0.03237152472138405,0
0,5,0.001218977420748702,0,0.0,0,2.856136234186124e-06,0,2.2607098778493203e-05,0,1.7275889927951372e-05,0,0.00040675883064977825,0,0.0010347645729780197,0
0,1,0.0001730293273799382,0,0.0,0,6.525920070998836e-06,0,5.0835735771171715e-05,0,1.5240484462536862e-07,0,6.257657787500648e-06,0,1.94175481738057e-05,0
0,4,0.00022491152705796585,0,0.0,0,7.762814493617043e-05,0,3.111025352181953e-05,0,2.4842937549050033e-07,0,0.0001530312147224322,0,0.0010716156102716923,0
0,2,0.0005073941377317522,0,0.01,0,5.1395534683251753e-05,0,3.855090696685596e-05,0,2.5288993681668937e-06,0,2.624458647915162e-05,0,3.701686000567861e-05,0
0,3,7.812555570475434e-06,0,0.0,0,8.232616892200895e-06,0,2.0101336476155304e-05,0,9.19977475450313e-07,0,1.1812779121100903e-05,0,1.6698166291462258e-05,0
0,3,9.659560975517325e-08,0,0.0,0,2.3937820969877066e-06,0,2.3323397657647113e-05,0,4.185269657280828e-07,0,2.6278414225089364e-05,0,3.285666389274411e-05,0
0,1,1.5627399565124325e-05,0,0.01,0,5.583442543866113e-05,0,3.583269584013221e-05,0,0.00010657324355742072,0,0.00017981947166845202,0,0.001936564571224153,0
0,4,8.73516682531283e-06,0,0.0,0,0.00013655111251864582,0,0.00017008557962973917,0,0.0010896269237459248,0,0.0021246548276394606,0,0.007781523745507002,0
0,1,0.0025715453835812355,0,0.01,0,0.00016508952830918133,0,0.0001782561797413769,0,0.01403217490312737,0,0.0009469540673308074,0,0.001860650721937418,0
0,1,0.005368756282414182,0,0.02,0,0.001478539197705686,0,0.0004366423861941354,0,0.022975031979379782,0,0.0013152152532711625,0,0.012009922415018082,0
0,1,0.00044691048987515863,0,0.0,0,2.6474075639271177e-05,0,2.448574189768547e-05,0,3.050443617273353e-07,0,4.920210631098598e-05,0,0.00025882088812068105,0
0,1,7.704380877588466e-09,0,0.0,0,1.2811136684831581e-06,0,2.0836603901611266e-05,0,5.7683905486191196e-08,0,3.936305347451707e-06,0,1.314909150096355e-05,0
0,1,0.10858629021598867,0,0.04,0,0.00010014037252403796,0,0.0005158049662200302,0,0.03718987815267981,0,0.006149951834231615,0,0.005666445940732956,0
0,4,0.6785281206437594,0,0.07,0,0.0019048858666792512,0,0.0030868427876807607,0,0.002902915636752176,0,0.03032955899834633,0,0.02899213507771492,0
0,3,1.2803830904536166e-05,0,0.0,0,2.535419298510533e-06,0,2.0223886380646676e-05,0,5.984704935073068e-08,0,8.95004632184282e-06,0,1.3416917681752238e-05,0
0,3,8.909314059112152e-06,0,0.01,0,2.8375354304444045e-05,0,2.955209988905993e-05,0,3.1148212509827246e-07,0,1.3926175597589463e-05,0,1.689772579993587e-05,0
0,4,0.165305817040477,0,0.05,0,2.710717308218591e-05,0,7.50138095369882e-05,0,0.0018366049378469413,0,0.008292416110634804,0,0.019498439505696297,0
0,1,0.3917610567099393,0,0.0,0,0.004255401436239481,0,0.013553420989914139,0,0.020875148829173917,0,0.00256212055683136,0,0.004157332703471184,0
0,1,0.04869882236297512,0,0.04,0,0.00013068964472040534,0,0.0010474624873897183,0,0.0030292661151772138,0,0.002922740764915943,0,0.03592044115066528,0
0,3,0.0004708362529245252,0,0.01,0,0.0002058120589936152,0,0.00025247323660071343,0,0.00041689165278781183,0,0.004496556706726551,0,0.0028291132766753435,0
0,1,2.4526510215315292e-09,0,0.01,0,0.00012484141916502267,0,9.014598241098386e-05,0,1.764322986120894e-06,0,2.4862336431397125e-05,0,3.1158797355601564e-05,0
0,3,1.6406410566415223e-06,0,0.01,0,3.8520560337929055e-05,0,4.290720848837709e-05,0,1.6930856989200343e-05,0,7.979948713909835e-05,0,0.00041915112524293363,0
0,1,2.304265368057798e-05,0,0.01,0,4.219741640554275e-06,0,3.647204470070143e-05,0,9.842555177483549e-05,0,5.6194439821410924e-05,0,0.00037753820652142167,0
0,4,8.359285319545024e-07,0,0.0,0,3.321926487842575e-05,0,2.067053574220909e-05,0,5.450798255544894e-07,0,6.1842138165957294e-06,0,1.3483026123140007e-05,0
0,4,7.635618043613775e-07,0,0.03,0,2.5762285076780245e-05,0,2.4422596210125226e-05,0,1.384838030621439e-06,0,5.466698348755017e-05,0,4.600686224875972e-05,0
0,3,8.667011884972536e-05,0,0.01,0,8.56001497595571e-05,0,0.00021316229850405186,0,5.763317975869021e-05,0,5.58698084205389e-05,0,0.00038395344745367765,0
0,4,0.9607700138124771,0,0.1,0,0.00700144749134779,0,0.013110106111034274,0,0.1402603486613141,0,0.040613751858472824,0,0.10680672526359558,0
0,4,0.1992829011367218,0,0.04,0,0.0017927931621670723,0,0.006062410413679834,0,0.0013228417948050956,0,0.05568576231598854,0,0.026280339807271957,0
0,2,0.00017491936290765065,0,0.0,0,5.74342220716062e-06,0,1.6831250319085113e-05,0,9.133893409156331e-06,0,5.9062116633867845e-05,0,0.00011952026397921145,0
0,1,0.004446250209718722,0,0.01,0,0.0002189770166296512,0,0.00010498797674373636,0,0.00026212991059623464,0,0.0036513223312795162,0,0.012340395711362362,0
0,5,0.05118398686853144,0,0.02,0,0.0006025944021530449,0,8.41886150703e-05,0,8.733539375706307e-06,0,8.043263369472697e-05,0,0.0017131560016423464,0
0,3,0.0005608572841783748,0,0.01,0,0.00022793743119109422,0,3.9047274533496306e-05,0,2.4459569150782955e-06,0,0.0007498732884414494,0,0.0012215063907206059,0
0,2,0.0002260825857707538,0,0.0,0,8.914589670894202e-06,0,1.751938554548997e-05,0,2.4807473066145687e-06,0,0.00011663782788673416,0,0.00010232108616037294,0
0,1,9.889179454861988e-06,0,0.01,0,9.458520071348175e-05,0,6.539135695398411e-05,0,3.349893903772517e-05,0,6.93632973707281e-05,0,0.0002521772403270006,0
0,1,0.013661061126919935,0,0.02,0,0.005080343224108219,0,0.0023989173155767565,0,0.0010319613788880614,0,0.015641145408153534,0,0.019427001476287842,0
0,3,0.00031983393993765993,0,0.01,0,4.092766630492406e-06,0,2.0228847005679502e-05,0,1.2652759233959585e-07,0,1.7057125660357997e-05,0,1.4356362953549251e-05,0
0,2,0.009254983393752943,0,0.01,0,0.0006278264918364584,0,3.661863597673008e-05,0,0.0018921573667152252,0,0.0030673181172460318,0,0.0017459129448980093,0
0,3,0.0047946344186489106,0,0.0,0,5.56163904548157e-05,0,3.830490175564436e-05,0,0.00017170547737700712,0,6.675352778984234e-05,0,0.0003164145164191723,0
0,1,6.656685424078337e-05,0,0.01,0,1.783685183909256e-05,0,6.379241540518931e-05,0,0.0008465729916575096,0,4.4496053305920213e-05,0,0.0009677158668637276,0
0,2,1.3975219481845252e-06,0,0.0,0,5.693549610441551e-06,0,2.08758776008571e-05,0,3.0998197282199545e-08,0,7.86093733040616e-06,0,1.5099757547432091e-05,0
0,1,2.1770709356740728e-07,0,0.0,0,1.776172393874731e-05,0,2.52355545436811e-05,0,3.392457613780242e-08,0,6.759575171599863e-06,0,1.4837005437584594e-05,0
0,5,3.4120580061019256e-05,0,0.0,0,1.3399795761870337e-06,0,2.003206719166984e-05,0,1.9274764678401178e-07,0,5.847831744176801e-06,0,1.4174969692248851e-05,0
0,4,4.8167271310255264e-06,0,0.0,0,1.0775776900118217e-05,0,2.0669737308215155e-05,0,6.837271283483954e-08,0,5.8917330534313805e-06,0,1.2981662621314172e-05,0
0,1,0.06269930690544633,0,0.0,0,2.4226012101280503e-05,0,2.19016062144709e-05,0,0.00013814305829222404,0,0.002341954968869686,0,0.018878374248743057,0
0,4,0.0007574464583031306,0,0.02,0,3.180194471497089e-05,0,4.4917465464573735e-05,0,9.735198955579552e-05,0,0.0004188347957096994,0,0.00032491047750227153,0
0,4,0.004394731201900775,0,0.02,0,0.0011119605042040348,0,2.3479680936072265e-05,0,2.5916171276621084e-05,0,0.002471813466399908,0,0.002856170991435647,0
0,3,0.017892549835419738,0,0.02,0,0.04181322827935219,0,0.004638941886743417,0,0.0011044646172614042,0,0.028474386781454086,0,0.06744200736284256,0
0,2,0.018432272003070092,0,0.0,0,1.3835431673214771e-05,0,2.5661878134018727e-05,0,1.8547678790822525e-05,0,0.0023588661570101976,0,0.007116854190826416,0
0,1,2.1816796062162206e-05,0,0.0,0,0.00012045331095578149,0,3.7257398354678975e-05,0,5.85774611453243e-06,0,8.22955698822625e-05,0,0.0002192336251027882,0
0,1,4.953662552262417e-05,0,0.0,0,0.0007216741796582937,0,6.170415368442695e-05,0,8.360595997198457e-06,0,4.127135616727173e-05,0,0.000351968890754506,0
0,3,3.4676266356882873e-06,0,0.01,0,1.9682573110912926e-05,0,0.00010112763816576026,0,8.800779038865603e-05,0,0.00012496083218138665,0,0.0005219793529249728,0
0,3,0.00041746326128403203,0,0.0,0,3.6065015592612326e-05,0,2.330670014979556e-05,0,4.1480678949315534e-05,0,0.0001145524438470602,0,0.00026695799897424877,0
0,1,0.0004239035570543366,0,0.01,0,6.27316112513654e-05,0,5.624070158569059e-05,0,0.010945498934878986,0,0.000622774357907474,0,0.005194921046495438,0
0,4,0.1871437087644453,0,0.01,0,0.0009981637122109532,0,5.3665220033881566e-05,0,2.3705805676393315e-05,0,0.001003358280286193,0,0.005310581531375647,0
0,4,0.0003542983424116862,0,0.0,0,0.0001678017870290205,0,3.3511192924850335e-05,0,9.712991639441231e-05,0,0.00016977985796984285,0,0.00014191289665177464,0
0,4,1.4155664485673207e-05,0,0.05,0,0.005113015882670879,0,0.005349496682242438,0,0.00044896213435449743,0,0.006827254313975573,0,0.004588637035340071,0
0,1,0.0004569551043801135,0,0.02,0,0.0004618624516297132,0,0.0006364236983496443,0,0.0005516490124822281,0,0.005162223242223263,0,0.003312204498797655,0
0,3,1.0539593371211785e-05,0,0.0,0,5.627556674880907e-06,0,1.9988423041117242e-05,0,4.068797607125108e-07,0,1.770663948263973e-05,0,2.1473435481311753e-05,0
0,5,0.00033351237315127957,0,0.0,0,0.00022946621174924076,0,0.00024203611071206516,0,5.099309543238471e-06,0,0.00010105178807862103,0,0.00012921835877932608,0
0,4,8.983518759061261e-05,0,0.03,0,0.0006663478561677039,0,8.452180123793474e-05,0,0.0001582342217397567,0,0.0006823893636465073,0,0.0015739102382212877,0
0,2,4.670767734110413e-05,0,0.0,0,5.377253273763927e-06,0,2.9317487493067023e-05,0,5.949625737210044e-07,0,1.4498679774987977e-05,0,1.5093505680852104e-05,0
0,5,0.9052577797886499,0,0.04,0,0.0003606268437579274,0,0.0004651332693782774,0,1.5086845485463614e-05,0,0.002517108339816332,0,0.003299727337434888,0
0,2,2.6162311876627316e-09,0,0.0,0,1.550188426335808e-05,0,2.947391612405163e-05,0,1.517817655482883e-07,0,1.1488422387628816e-05,0,1.759715632942971e-05,0
0,2,0.0004220453521198936,0,0.02,0,9.219819730788004e-06,0,2.084102128867638e-05,0,5.009321756791033e-07,0,1.9699240510817617e-05,0,3.1252649932866916e-05,0
0,2,1.7369154702274055e-06,0,0.0,0,2.7649628464132547e-05,0,3.7343499683517035e-05,0,9.045330412467261e-06,0,4.4896663894178346e-05,0,0.0004248092882335186,0
0,1,4.4591626747233963e-08,0,0.0,0,9.539617167320102e-07,0,2.097986821382672e-05,0,7.095790462589583e-08,0,6.6890397647512145e-06,0,1.4139031918602996e-05,0
0,2,8.897875940411469e-06,0,0.0,0,0.0005914591602049768,0,0.00010008833636759515,0,9.625223094738494e-06,0,0.0006667827256023884,0,0.002112776506692171,0
0,2,0.0006535857362693628,0,0.01,0,9.905709703161847e-06,0,3.541949641338526e-05,0,4.7984778405335936e-05,0,4.0519924368709326e-05,0,0.00012537030852399766,0
0,1,0.04225021532898803,0,0.07,0,0.0020410751458257437,0,0.00019950874420924115,0,0.009898736372419814,0,0.008892856538295746,0,0.033935680985450745,0
0,4,1.9320460844219455e-07,0,0.0,0,0.00012385148147586733,0,2.420562181851265e-05,0,1.2411400737826987e-06,0,2.765992030617781e-05,0,3.5727221984416246e-05,0
0,3,2.3610013667720074e-06,0,0.02,0,1.7870461306301877e-05,0,3.039922448098819e-05,0,2.5942617706598127e-06,0,7.61667761253193e-05,0,3.568442480172962e-05,0
0,3,0.043805137575943134,0,0.01,0,0.0011158664710819721,0,3.87922259347539e-05,0,0.0006749230253709262,0,0.000455856992630288,0,0.006345885805785656,0
0,5,2.4801700151244636e-06,0,0.02,0,0.00033482557046227157,0,5.898669025174817e-05,0,4.676179632928352e-05,0,6.358470272971317e-05,0,3.0467215765384026e-05,0
0,4,0.015524814156479957,0,0.02,0,2.7912386940442957e-05,0,9.32099782540717e-05,0,5.891579012011794e-05,0,0.0016560116782784462,0,0.001353539526462555,0
0,3,0.04797317301541005,0,0.01,0,1.1800860193034168e-05,0,4.725571765300598e-05,0,5.317123530506674e-05,0,0.0008607846684753895,0,0.004335695877671242,0
0,3,0.009396355044629576,0,0.03,0,0.002055305987596512,0,0.0005774977853886098,0,0.006255140145505113,0,0.010954704135656357,0,0.012599047273397446,0
0,5,0.7700373119940862,0,0.08,0,0.05498311668634415,0,0.06712497660034382,0,0.1704953510317102,0,0.13684837520122528,0,0.13166293501853943,0
0,1,0.00039949545841664187,0,0.01,0,5.7729994296096265e-05,0,0.00010250145908063284,0,2.819746834719465e-07,0,0.00012490461813285947,0,0.00024660475901328027,0
0,3,0.0013298490229506261,0,0.0,0,3.5582132113631815e-05,0,2.9343406046683493e-05,0,2.53709965956101e-07,0,3.780313636525534e-05,0,3.059102164115757e-05,0
0,2,0.00016322180773075412,0,0.01,0,0.0011366864200681448,0,0.00019717927111585144,0,7.266857580925807e-05,0,0.00047592181363143027,0,0.0019404720515012741,0
0,5,1.493649897022614e-06,0,0.03,0,5.3986161219654605e-05,0,4.1079670321224916e-05,0,6.299243420932147e-06,0,6.439340359065682e-05,0,0.00022182938118930906,0
0,5,0.0006955237363606451,0,0.01,0,8.39463700685883e-06,0,2.068936014858923e-05,0,2.8347099665339883e-07,0,0.00024819071404635906,0,8.819828508421779e-05,0
0,1,0.14235021058404204,0,0.02,0,0.0003433224046602845,0,0.00013695470561993553,0,0.007077854306243224,0,0.012603518553078175,0,0.014484790153801441,0
0,5,0.01877400569191194,0,0.01,0,0.0001481780200265348,0,0.00017275835948986075,0,3.150337897748444e-05,0,0.00033796316711232066,0,0.0022455118596553802,0
0,3,2.0318175679790998e-05,0,0.0,0,1.5246526345435996e-05,0,4.083189960470543e-05,0,9.260601004332069e-06,0,9.689888247521594e-05,0,2.4373493943130597e-05,0
0,5,0.21070057580945972,0,0.0,0,0.0001359467423753813,0,3.757186861707848e-05,0,4.664410851540863e-06,0,0.00039954352541826665,0,0.000752562191337347,0
0,3,3.586860473901071e-06,0,0.0,0,2.039042328760843e-06,0,1.9956496876389144e-05,0,5.270264856312561e-07,0,1.943733514053747e-05,0,3.4970777051057667e-05,0
0,5,0.000816217888810432,0,0.05,0,0.0006204376695677638,0,0.00017488924870982597,0,0.000979828522342329,0,0.014071568846702576,0,0.011029170826077461,0
0,1,0.00015425311838032364,0,0.0,0,1.1596344847930595e-05,0,4.552029631952771e-05,0,0.0022583781463084746,0,0.004107294604182243,0,0.0030635588336735964,0
0,2,0.12209389401707209,0,0.03,0,4.052843360113911e-05,0,8.964988729532331e-05,0,0.0006177817477777992,0,0.012023684568703175,0,0.0036446747835725546,0
0,2,0.22386574787877417,0,0.02,0,0.06945198029279709,0,0.008791907587216688,0,0.04569472465462187,0,0.034610677510499954,0,0.033640891313552856,0
0,4,0.009381674442402304,0,0.0,0,0.00027176542789675295,0,0.0001502951786767386,0,0.0008506827415793272,0,0.0062083168886601925,0,0.010096795856952667,0
0,3,0.0001852514758150691,0,0.04,0,9.73354181041941e-05,0,0.0005109195609221393,0,2.413132962938429e-06,0,0.00146301812492311,0,0.010912640020251274,0
0,5,0.7231341605125796,0,0.0,0,3.124955765088089e-05,0,3.608821563056922e-05,0,1.5273203822227267e-07,0,0.0013498655753210187,0,0.0024351628962904215,0
0,3,0.31436360740306124,0,0.03,0,0.0001892796135507524,0,0.00019768422050759677,0,0.038260141616526286,0,0.02194865606725216,0,0.008511546067893505,0
0,2,0.5478320681026504,0,0.0,0,0.003063319018110633,0,3.484427784275748e-05,0,2.463381261635337e-05,0,0.001055725384503603,0,0.00030934426467865705,0
0,3,0.024489502468690357,0,0.02,0,2.377458440605551e-05,0,2.798308249926065e-05,0,0.0002989969545164163,0,0.000454026332590729,0,0.0017446537967771292,0
0,3,0.00232540204170369,0,0.07,0,0.0011879167286679149,0,0.003702691248425937,0,0.006605927476251552,0,0.01715661957859993,0,0.012931885197758675,0
0,3,0.6908295556724267,0,0.06,0,0.0014031629543751478,0,0.00419220484117411,0,0.0011838096076592997,0,0.035790566354990005,0,0.017313547432422638,0
0,3,0.00023831766248070816,0,0.0,0,4.0493119740858674e-05,0,3.500216105997122e-05,0,5.075799918134693e-07,0,8.43286034069024e-05,0,7.459886546712369e-05,0
0,4,0.00016732317751235208,0,0.02,0,3.0281380531960167e-05,0,0.00010068757191277917,0,3.546761179669103e-05,0,0.00036849264870397747,0,0.0007826727232895792,0
0,3,0.07406870031199045,0,0.05,0,0.022482065483927727,0,0.0018815052729820956,0,0.055585701065341664,0,0.07175438106060028,0,0.02716469019651413,0
0,4,0.0002580914975537658,0,0.02,0,6.661163206445053e-05,0,2.4806724935771747e-05,0,2.5962344682020228e-06,0,0.0003747910086531192,0,0.002281613415107131,0
0,5,0.5147624785258861,0,0.0,0,5.0933038437506184e-05,0,7.096920091258021e-05,0,0.00036527554174441536,0,0.0004997621290385723,0,0.0031887784134596586,0
0,2,0.20119869679174285,0,0.0,0,0.00041013903683051467,0,0.0003054936798856525,0,0.00011490864330710597,0,0.0033769861329346895,0,0.0035472288727760315,0
0,4,0.0009359859320671437,0,0.0,0,7.0395494731201325e-06,0,1.3117041946281702e-05,0,1.0960816980863129e-05,0,0.0017998963594436646,0,0.007449181750416756,0
0,4,3.059998516057519e-06,0,0.0,0,0.0002483809075783938,0,3.1479737906316184e-05,0,1.8972106354054812e-06,0,3.21037950925529e-05,0,2.022995613515377e-05,0
0,5,2.5759475966130893e-08,0,0.0,0,9.823712389334105e-06,0,1.985012306499624e-05,0,4.112329378572839e-07,0,1.4954990547266789e-05,0,1.3726243196288124e-05,0
0,3,0.0016816698446354692,0,0.01,0,4.3267104047117755e-05,0,2.9596314066481158e-05,0,0.00029747649502861936,0,0.003518761834129691,0,0.0006484698969870806,0
0,2,0.2377110634749563,0,0.01,0,0.00027114967815577984,0,0.00028047464659378807,0,0.0020652859855098946,0,0.0005974567611701787,0,0.001996622420847416,0
0,4,0.005543170973327059,0,0.01,0,0.0021133290138095617,0,0.00032084242570634073,0,0.015297545929001895,0,0.00584360072389245,0,0.003358653746545315,0
0,2,2.5065475641465607e-05,0,0.0,0,5.8918249123962596e-05,0,4.0469991369655254e-05,0,2.3263468752813856e-06,0,6.704623228870332e-05,0,5.8167835959466174e-05,0
0,2,4.262823001648286e-05,0,0.0,0,2.59287789958762e-05,0,0.00012805489090651277,0,5.957553794930299e-06,0,0.00012568860256578773,0,0.0002805510303005576,0
0,5,0.09148242681746899,0,0.0,0,1.1965429621341173e-05,0,1.823395811785461e-05,0,1.0576113505384067e-06,0,0.0003728653537109494,0,0.00031711740302853286,0
0,3,0.5301342278230338,0,0.03,0,0.0523797944188118,0,0.012877088333767191,0,0.020544968415192766,0,0.03889311105012894,0,0.10443577915430069,0
0,3,0.004426828047325349,0,0.0,0,3.506960638333112e-05,0,1.3033836829098943e-05,0,1.9266929741819345e-05,0,0.00038244889583438635,0,0.0003770344774238765,0
0,4,0.6729746745389322,0,0.02,0,3.5456905607134104e-05,0,0.0001391002787158534,0,0.0031965532631512378,0,0.00425619026646018,0,0.006143179256469011,0
0,3,0.1363833508506585,0,0.03,0,0.000950417947024107,0,0.0002245086730301587,0,0.0009595523127215562,0,0.0013048776891082525,0,0.0006995368748903275,0
0,5,0.985662961939097,0,0.14,1,0.031304731965065,0,0.02502966564081681,0,0.00720365927181796,0,0.02187635749578476,0,0.03709089756011963,0
0,4,0.9992870490173079,1,0.03,0,0.055317554622888565,0,0.00048515367584961265,0,0.06545801698296069,0,0.06796213984489441,0,0.1286512166261673,0
0,2,0.00030374308215916444,0,0.0,0,8.0768448242452e-05,0,2.4832893013141982e-05,0,2.1837129554623599e-07,0,2.132714871549979e-05,0,2.609281182230916e-05,0
0,5,0.5023796026103673,0,0.08,0,0.5691708326339722,1,0.4958787783249309,1,0.02335701112218685,0,0.061299070715904236,0,0.05749555677175522,0
0,1,0.008567436457155957,0,0.0,0,1.8525583072914742e-05,0,3.53204484224427e-05,0,6.778565059981503e-05,0,0.0007161441608332098,0,0.0008142267470248044,0
0,1,0.0004328794275012056,0,0.01,0,6.42899249214679e-05,0,8.999329607544497e-05,0,0.00018124098292629506,0,0.00037787173641845584,0,0.0002947865577880293,0
0,3,0.00021331103705076135,0,0.03,0,0.0001353867119178176,0,3.635469044056777e-05,0,0.00023730170679635336,0,0.0020805641543120146,0,0.002597720827907324,0
0,2,0.0008061304176142093,0,0.0,0,8.3468112279661e-06,0,2.9933375586698955e-05,0,6.758192481413049e-07,0,4.477284164750017e-05,0,9.836989920586348e-05,0
0,4,0.00011697781296257481,0,0.05,0,0.0015617291210219264,0,0.00035879850119407606,0,0.0046402282329377625,0,0.000524153932929039,0,0.006574144586920738,0
0,1,0.13567563868967863,0,0.04,0,0.02633475512266159,0,0.010171276909663213,0,0.007665801020197348,0,0.03665340319275856,0,0.07359497994184494,0
0,1,0.1129809762805565,0,0.01,0,0.000514370622113347,0,0.00015821512114795768,0,6.210136927985104e-06,0,0.0012554170098155737,0,0.0044234441593289375,0
0,1,0.004233442525633353,0,0.02,0,0.017593102529644966,0,0.0065741377720484806,0,0.0004983282555421424,0,0.003987553063780069,0,0.017727717757225037,0
0,5,1.3314135853876448e-07,0,0.0,0,1.272531562790391e-06,0,1.2340566023202266e-05,0,1.8569377796532541e-06,0,4.8259287723340094e-05,0,0.0001559722441015765,0
0,2,0.019425457806942267,0,0.0,0,2.189945735153742e-05,0,4.357254632543408e-05,0,1.955052003553362e-07,0,0.00013136665802448988,0,0.0001730350049911067,0
0,2,8.27355230126777e-05,0,0.01,0,0.0002459925599396229,0,4.6328325896381585e-05,0,2.374654880649787e-06,0,0.0026183549780398607,0,0.009202762506902218,0
0,3,2.788900797547462e-05,0,0.0,0,3.7388458622444887e-06,0,2.357777626891624e-05,0,1.6736850782659495e-06,0,1.2921183042635676e-05,0,1.5553130651824176e-05,0
0,1,0.03044766145792763,0,0.0,0,5.699476787413005e-06,0,2.2876951134825047e-05,0,0.000579148741137652,0,0.0008386120898649096,0,0.0020688879303634167,0
0,1,1.0137898534581053e-05,0,0.01,0,1.4152628864394501e-05,0,2.0836603901611266e-05,0,8.027182336264524e-08,0,7.728398486506194e-06,0,3.348215977894142e-05,0
0,4,3.98299976362589e-05,0,0.0,0,0.00018109196389559656,0,2.0603437536981576e-05,0,2.763921175111174e-06,0,0.0001051357903634198,0,0.00010816856956807896,0
0,1,0.04808595413726443,0,0.01,0,0.0009924571495503187,0,0.0023207478337458494,0,0.004849431674645067,0,0.13314807415008545,0,0.07997392863035202,0
0,5,0.001829014141729776,0,0.02,0,6.598660547751933e-05,0,0.0001891478934572305,0,0.0001626894975547905,0,0.0011179351713508368,0,0.004319887608289719,0
0,5,5.0530724651234864e-05,0,0.0,0,3.6280613130657e-05,0,2.761097440813321e-05,0,3.917876341301098e-07,0,7.71437626099214e-05,0,5.387989222072065e-05,0
0,2,0.0031659665692335475,0,0.0,0,0.008063612505793571,0,0.00020520549095232732,0,0.0003402637731949596,0,0.015565156005322933,0,0.054962120950222015,0
0,4,0.026577450479733835,0,0.04,0,0.0019026444060727954,0,0.0003521232550295143,0,0.0104358954208807,0,0.10375677794218063,0,0.11382409185171127,0
0,2,0.0056194480428998885,0,0.0,0,6.0944596043555066e-05,0,0.00020420101531810734,0,0.00016768572809221132,0,0.0013090339489281178,0,0.0023695165291428566,0
0,1,0.04879099069126982,0,0.04,0,0.0003235095355194062,0,5.391071182230904e-05,0,2.577144113677146e-05,0,0.0015518511645495892,0,0.00360293360427022,0
0,2,0.00019613098696478744,0,0.01,0,2.744469566096086e-05,0,5.048786891188295e-05,0,1.109739335103295e-06,0,6.600171764148399e-05,0,0.0004532976890914142,0
0,4,0.00011714905158229686,0,0.0,0,1.518819885859557e-06,0,3.0352907934319785e-05,0,3.2291942765444245e-07,0,7.807573274476454e-05,0,0.00024921781732700765,0
0,1,0.753388714327951,0,0.02,0,0.00481606088578701,0,0.0010125747667443636,0,0.00028750607774375494,0,0.0036065829917788506,0,0.0046807024627923965,0
0,2,0.991773799704411,1,0.03,0,0.302223801612854,1,0.07426520523104398,0,0.13148943317231204,0,0.0871686190366745,0,0.0649055615067482,0
0,3,4.052255429951576e-06,0,0.01,0,6.500943527498748e-06,0,2.4125393449147808e-05,0,1.3050838705023047e-06,0,1.567079743836075e-05,0,1.5981060641934164e-05,0
0,4,0.005191743397588427,0,0.02,0,0.0001422958157490939,0,0.00024512750453624095,0,0.0018862740933780731,0,0.002397836884483695,0,0.005014290101826191,0
0,5,0.0047182812774580985,0,0.01,0,1.8669685232453048e-05,0,3.5993543563526586e-05,0,2.4865446098599428e-06,0,0.00017508237215224653,0,0.000109079250250943,0
0,4,8.784895535761115e-06,0,0.0,0,1.1418336725910194e-05,0,2.0949261732359197e-05,0,3.137316602344345e-07,0,3.839052078546956e-05,0,2.41975903918501e-05,0
0,1,0.00012787460271393192,0,0.0,0,2.466186288074823e-06,0,1.75629954263715e-05,0,2.3490776751459655e-05,0,1.0868141544051468e-05,0,8.114239608403295e-05,0
0,3,0.26615847559252653,0,0.03,0,0.0020888724830001593,0,0.00026623405441132236,0,0.00411092693997971,0,0.033071041107177734,0,0.028331398963928223,0
0,5,0.43656090948962945,0,0.07,0,0.002504760166630149,0,0.000209516964637468,0,0.09829776644014146,0,0.015994934365153313,0,0.005492572207003832,0
0,5,0.0016634211749060681,0,0.01,0,0.00010138098150491714,0,0.00021888167847784222,0,7.79253487766024e-06,0,0.00014003280375618488,0,0.000143751225550659,0
0,2,0.0015966902091754142,0,0.02,0,2.595346813905053e-05,0,2.9968457374229705e-05,0,2.5687663415750177e-06,0,6.364608998410404e-05,0,3.216620098100975e-05,0
0,2,0.9778306946365782,1,0.15,1,0.8744508624076843,1,0.15600826987910618,0,0.18223337130853637,1,0.2436632663011551,1,0.11805731803178787,0
0,4,0.0060921416307303826,0,0.03,0,0.0012603026116266847,0,0.00037401590802833563,0,0.0017365155828552835,0,0.007725874427706003,0,0.026998229324817657,0
0,2,3.0768684650172058e-06,0,0.01,0,1.3229180694906972e-05,0,2.5046596276018728e-05,0,1.471406944423018e-06,0,1.2499133845267352e-05,0,2.1228863261057995e-05,0
0,2,8.309786719644254e-05,0,0.0,0,7.134563202271238e-05,0,4.176100575089894e-05,0,1.310553208180207e-05,0,0.0001599717215867713,0,5.194006735109724e-05,0
0,1,0.4986162848362527,0,0.02,0,0.00020105189469177276,0,0.0002379869372674386,0,0.046241179224186864,0,0.012999649159610271,0,0.03266208618879318,0
0,5,0.9098596575176802,0,0.03,0,0.46085652709007263,1,0.03492340113869538,0,0.2981858155789496,1,0.05710887908935547,0,0.061752647161483765,0
0,4,5.332598072263335e-06,0,0.0,0,1.4224438018572982e-05,0,2.065378462458556e-05,0,5.123880830077055e-07,0,3.5127941373502836e-05,0,6.959066377021372e-05,0
0,2,0.4533683641733378,0,0.0,0,0.0027627621311694384,0,0.00022777188370260844,0,0.000994552141276925,0,0.014501749537885189,0,0.03243729844689369,0
0,1,8.802867622985222e-05,0,0.01,0,0.0001108593205572106,0,3.4053188951539495e-05,0,1.8233222485097487e-06,0,3.172174183418974e-05,0,0.00017895991913974285,0
0,5,0.00800302823574463,0,0.0,0,6.782568561902735e-06,0,2.8105856506829324e-05,0,2.708624482263084e-07,0,7.91920829215087e-05,0,0.00019822470494545996,0
0,1,0.015654697945603317,0,0.01,0,1.0924570233328268e-05,0,9.163385391833326e-05,0,0.0007075122673884226,0,0.00037408602656796575,0,0.00404371228069067,0
0,1,0.0007269623199098128,0,0.01,0,0.00010069009294966236,0,3.4600013556624194e-05,0,7.619738424795383e-06,0,5.0061247748089954e-05,0,0.00013005596701987088,0
0,1,2.039527837280648e-06,0,0.0,0,6.203576049301773e-06,0,7.772125048365842e-05,0,3.307707650727702e-07,0,1.6398393199779093e-05,0,2.101917561958544e-05,0
0,3,0.8971182450757491,0,0.0,0,5.948756370344199e-05,0,2.683051045821828e-05,0,0.00033352631769594855,0,0.017014531418681145,0,0.016219133511185646,0
0,4,0.019179730378838626,0,0.04,0,0.01477359700948,0,0.0007483659680927758,0,0.006943840587861063,0,0.02217249944806099,0,0.006546935997903347,0
0,3,7.351888800749723e-05,0,0.0,0,1.6612386389169842e-05,0,1.7524526061811314e-05,0,1.694025489847788e-06,0,1.6369511286029592e-05,0,2.3090859031071886e-05,0
0,1,0.000324240920349533,0,0.04,0,0.0037290374748408794,0,0.007314029184029114,0,0.0006676519179726275,0,0.0025820950977504253,0,0.001671487232670188,0
0,3,0.04215009012920865,0,0.01,0,1.932404120452702e-05,0,2.316427316802499e-05,0,1.2895755163722994e-06,0,0.000688473111949861,0,0.0018937597051262856,0
0,3,0.00518256017719908,0,0.0,0,7.785781235725153e-06,0,1.967225838659665e-05,0,1.122191616633689e-06,0,2.9395774618024006e-05,0,1.7576017853571102e-05,0
0,5,0.12445787990101663,0,0.01,0,6.79332833897206e-06,0,2.0689159898399884e-05,0,1.1832621901683396e-05,0,0.0010384228080511093,0,0.0017836111364886165,0
0,4,0.8896758677755074,0,0.0,0,0.002872750861570239,0,0.0003538827049412943,0,0.0003850934833808047,0,0.031922321766614914,0,0.05308299884200096,0
0,2,0.001799360955010022,0,0.02,0,0.02359939180314541,0,0.0021886560434516912,0,0.01273339156953993,0,0.024350985884666443,0,0.01572984643280506,0
0,2,0.9367236742539445,0,0.06,0,0.014784512110054493,0,0.0035534469528317476,0,0.0807148151770354,0,0.0657544955611229,0,0.06264298409223557,0
0,2,0.13186840808339828,0,0.02,0,0.0020623235031962395,0,0.0002483750237094831,0,0.000848912089484622,0,0.0013994778273627162,0,0.001372391590848565,0
0,2,0.00174730338897006,0,0.0,0,7.802816980984062e-05,0,6.377972951700181e-05,0,6.767423451264111e-05,0,0.00038436439353972673,0,0.0005575637915171683,0
0,5,0.10212674454376951,0,0.02,0,3.9665810618316755e-05,0,2.069552074617656e-05,0,0.0020704609176961392,0,0.016214938834309578,0,0.012092674151062965,0
0,2,7.303754371832656e-08,0,0.0,0,2.321741521882359e-05,0,2.4995176821404327e-05,0,4.022952369477787e-07,0,1.02375906863017e-05,0,1.6144067558343522e-05,0
0,3,0.0621843515012899,0,0.0,0,5.162852175999433e-05,0,1.2622027322502901e-05,0,0.001091368423829949,0,0.006454821676015854,0,0.004162292927503586,0
0,4,0.8138583584912579,0,0.04,0,0.000239341810811311,0,0.000378911456223478,0,0.0004392012388964746,0,0.07111865282058716,0,0.04930776357650757,0
0,5,0.04029196102843627,0,0.0,0,0.00015179517504293472,0,2.8913930550281253e-05,0,8.48549242107232e-06,0,0.0021183022763580084,0,0.003543627681210637,0
0,1,0.009142244136416386,0,0.0,0,2.6919171432382427e-05,0,4.741790652413017e-05,0,0.003150798437006258,0,0.003770299721509218,0,0.004127042833715677,0
0,2,0.07356919688087624,0,0.0,0,0.00021248459233902395,0,0.0009800730770911819,0,0.0015108849547915376,0,0.004989646840840578,0,0.0055395555682480335,0
0,4,5.344650476609523e-05,0,0.0,0,1.791496470104903e-05,0,4.1975836179244034e-05,0,2.4653601120729815e-06,0,2.0932646293658763e-05,0,1.9475581211736426e-05,0
0,2,0.0011161010537466994,0,0.01,0,6.647438112850068e-06,0,5.503070016607198e-05,0,1.1760876394830656e-06,0,0.00011641373566817492,0,0.00027962535386905074,0
0,3,0.0019808618956483246,0,0.03,0,3.7537552998401225e-05,0,5.49296593710895e-05,0,0.0005765998784294317,0,0.0006806413875892758,0,0.0009343774290755391,0
0,3,0.00048658564274545163,0,0.0,0,4.701977741206065e-05,0,2.4541784174464463e-05,0,3.995555917510892e-06,0,0.00028533124714158475,0,0.0001226208551088348,0
0,3,0.0014268123735590738,0,0.0,0,1.993732621485833e-05,0,4.5466081484498614e-05,0,4.215061655155433e-06,0,2.9517372240661643e-05,0,6.874320388305932e-05,0
0,1,0.0034511587880003162,0,0.04,0,0.00045333305024541914,0,8.880355729398799e-05,0,3.454169086922137e-05,0,0.004801291506737471,0,0.0038541348185390234,0
0,5,7.914938271752246e-08,0,0.02,0,7.369675131485565e-06,0,8.089428005356548e-05,0,1.2906572594664488e-05,0,0.0002047919697361067,0,0.00027198766474612057,0
0,1,5.94630879273196e-05,0,0.01,0,0.0002484955475665629,0,0.00014510709124012272,0,0.0006775523624317572,0,0.000287609756924212,0,0.002914058743044734,0
0,5,0.9638465933101897,0,0.08,0,0.010926068760454655,0,0.000307938901835583,0,0.0011512937151294303,0,0.01589355617761612,0,0.08674456924200058,0
0,4,0.001566546749001467,0,0.0,0,0.0003503256884869188,0,7.716233082432134e-05,0,0.00013242366535700317,0,0.001492088194936514,0,0.0074035185389220715,0
0,4,2.091277927199153e-06,0,0.0,0,4.3053489207522944e-05,0,5.000353797688266e-05,0,7.199218890854846e-07,0,2.8432377803255804e-05,0,2.7139012672705576e-05,0
0,2,0.016570575502275108,0,0.0,0,7.662260941287968e-06,0,5.212389592705888e-05,0,2.009766148300246e-05,0,0.0007765829213894904,0,0.0006671801093034446,0
0,4,0.3935729134016206,0,0.03,0,0.004381005186587572,0,0.003136122896720071,0,0.03476073477626514,0,0.00993150845170021,0,0.007234015967696905,0
0,5,9.65330170230467e-06,0,0.0,0,4.386756700114347e-06,0,2.1285529133351057e-05,0,6.1772227277904375e-06,0,8.100720879156142e-05,0,0.0004608765011653304,0
0,1,0.003376662220807948,0,0.01,0,6.437562842620537e-05,0,2.4017890640605938e-05,0,2.938640903356251e-06,0,0.0004682032740674913,0,0.00040114467265084386,0
0,4,0.0012809112385066311,0,0.04,0,0.0007614186615683138,0,3.8416851592338794e-05,0,1.857155082772757e-05,0,0.00010313633538316935,0,0.0001265397440874949,0
0,4,0.002033304624643583,0,0.0,0,2.6471298042451963e-05,0,2.0152089020164893e-05,0,1.031745984648672e-06,0,0.00018761535466182977,0,0.00020461541134864092,0
0,4,5.807635705753331e-06,0,0.03,0,5.604193211183883e-05,0,3.523120457256644e-05,0,7.125733785502426e-06,0,7.180520333349705e-05,0,0.00024195529113058,0
0,2,2.5256651861798047e-06,0,0.0,0,2.834308907040395e-05,0,4.7356246126280623e-05,0,4.088177135677785e-07,0,1.735826845106203e-05,0,2.7468362532090396e-05,0
0,2,2.3788975237483905e-05,0,0.0,0,5.3795549320057034e-05,0,3.813172317576515e-05,0,8.025768622003662e-06,0,0.00017851698794402182,0,0.000576490187086165,0
0,1,0.0007312017639869657,0,0.0,0,4.831739261135226e-06,0,2.0966129079502623e-05,0,7.286521422634128e-08,0,1.44497525980114e-05,0,4.241977512720041e-05,0
0,3,0.00015679070799443459,0,0.0,0,2.4803766791592352e-05,0,2.755327210839949e-05,0,1.9402377108078466e-05,0,9.563161438563839e-05,0,6.898558785906062e-05,0
0,4,0.00037970617085596555,0,0.01,0,0.0002208660589531064,0,5.105825891444246e-05,0,3.064184354904983e-07,0,6.204473174875602e-05,0,9.587577369529754e-05,0
0,3,0.04769669596333058,0,0.0,0,7.574698247481138e-05,0,6.242578453294088e-05,0,0.00025736378564604977,0,0.0016190577298402786,0,0.00350890401750803,0
0,2,0.6731815085248529,0,0.04,0,0.0013805828057229519,0,0.0014287427086420467,0,0.053407711856541994,0,0.021191563457250595,0,0.01493709348142147,0
0,2,0.035905441542516216,0,0.04,0,0.0014263028278946877,0,0.001863019446708857,0,0.006175509699746531,0,0.00461677648127079,0,0.033481400460004807,0
0,1,0.01863085816825318,0,0.01,0,6.131599366199225e-05,0,2.3766125698715806e-05,0,5.795840977441329e-05,0,0.00015520083252340555,0,0.00022187484137248248,0
0,5,4.281749324613326e-05,0,0.0,0,1.1638605883490527e-06,0,1.952418913589153e-05,0,1.9584710886977736e-06,0,2.7295176550978795e-05,0,4.492825246416032e-05,0
0,2,3.72402939842345e-05,0,0.0,0,9.384177246829495e-06,0,2.0402271634959736e-05,0,1.1636369626116339e-05,0,0.00039038321119733155,0,0.0002948579494841397,0
0,4,0.9713735378981672,1,0.05,0,0.5129563808441162,1,0.051717205791015894,1,0.415698405332571,1,0.053244784474372864,0,0.09088587760925293,0
0,2,9.680272574389513e-05,0,0.02,0,5.248703928373288e-06,0,3.69304120225156e-05,0,7.513673251928581e-05,0,0.00015207575052045286,0,0.0008354221936315298,0
0,1,0.017042564242878054,0,0.01,0,5.8470141084399074e-05,0,0.0005620544997292461,0,0.0007384140887072296,0,0.0011218464933335781,0,0.012495225295424461,0
0,4,0.0001016926294753576,0,0.0,0,7.684456249990035e-06,0,2.1002659221560155e-05,0,4.674258817112256e-08,0,6.879631837364286e-05,0,6.244330143090338e-05,0
0,5,4.783246633364784e-05,0,0.0,0,8.858199726091698e-05,0,2.348146908059602e-05,0,3.3869007109639603e-06,0,7.29743333067745e-05,0,0.0002143700112355873,0
0,4,0.13867386701079232,0,0.01,0,0.006707801483571529,0,0.0021186688080837885,0,0.00018987066111294292,0,0.04422609880566597,0,0.0056906347163021564,0
0,3,0.0009649761404923064,0,0.0,0,2.1218429537839256e-05,0,1.7492295947623485e-05,0,5.430427093118757e-06,0,0.00017399991338606924,0,0.00030821774271316826,0
0,5,0.00014210222055655313,0,0.0,0,2.1435312191897538e-06,0,2.356655488461334e-05,0,2.1332735501156343e-07,0,4.9884332838701084e-05,0,7.281919533852488e-05,0
0,5,4.787737521984736e-07,0,0.01,0,0.0008204475743696094,0,8.319961704302582e-05,0,1.1568192921890858e-05,0,7.25257268641144e-05,0,3.487555295578204e-05,0
0,3,0.006893811472096819,0,0.0,0,2.2023443307261914e-05,0,2.0770700268928527e-05,0,7.958135650786553e-05,0,0.0002632722316775471,0,0.0008853019098751247,0
0,4,0.0006757399527670733,0,0.01,0,2.2608010112890042e-05,0,2.3565103714176623e-05,0,2.9198282187020953e-07,0,0.00014346890384331346,0,0.0001648194156587124,0
0,1,0.00038520358768577323,0,0.0,0,0.00014360493514686823,0,0.0001241512935900198,0,0.0007047765850211585,0,0.009709012694656849,0,0.010740527883172035,0
0,4,0.011356317202264977,0,0.01,0,0.00011069505853811279,0,3.577826721792659e-05,0,0.00023933452861150584,0,0.00048660559696145356,0,0.0006580192712135613,0
0,4,0.00014908265656071113,0,0.02,0,3.002173252752982e-05,0,2.2039531782323827e-05,0,6.780710479762043e-05,0,0.0031635118648409843,0,0.0017818680498749018,0
0,1,0.0059509645069991965,0,0.01,0,0.0004969793953932822,0,0.000232894247346875,0,0.0019576289056232855,0,0.010926924645900726,0,0.01397108193486929,0
0,3,0.0012469991781438698,0,0.04,0,5.615999907604419e-05,0,6.969207089754127e-05,0,0.007615907868126031,0,0.008552849292755127,0,0.009119470603764057,0
0,5,0.0032156361441262127,0,0.01,0,1.1671082802422461e-06,0,2.6643211040225618e-05,0,0.00038681260399382256,0,0.0010042586363852024,0,0.0013886255910620093,0
0,3,0.00082345648077235,0,0.0,0,0.0001465653913328424,0,6.125814750249782e-05,0,0.00013956313255871058,0,0.00030832155607640743,0,0.00035652643418870866,0
0,1,1.766838089803942e-08,0,0.0,0,1.193373350361071e-06,0,2.0787260736065614e-05,0,2.292776701026962e-07,0,1.7126189050031826e-05,0,3.081991235376336e-05,0
0,1,0.002831966252468159,0,0.0,0,1.3598404621006921e-05,0,2.082834710350482e-05,0,1.25117018016381e-07,0,1.5752653780509718e-05,0,3.080558963119984e-05,0
0,5,1.3382387483475388e-06,0,0.0,0,5.042563770984998e-06,0,1.9847466079964907e-05,0,2.4308488439911934e-07,0,7.958490641613025e-06,0,1.3003174899495207e-05,0
0,1,0.25300937492384035,0,0.02,0,0.00019558366329874843,0,0.000147779516599833,0,0.0009310884457518314,0,0.009774263016879559,0,0.013065425679087639,0
0,5,0.4975840258272212,0,0.01,0,9.592104470357299e-05,0,4.9030478440944404e-05,0,9.284932299635287e-06,0,0.0006408357876352966,0,0.00043192904558964074,0
0,1,0.06354591487635945,0,0.01,0,0.0007396875298582017,0,0.0009969535879005178,0,0.3566963695977983,1,0.0029179821722209454,0,0.008874107152223587,0
0,5,0.0001952379883641507,0,0.0,0,5.737455467169639e-06,0,1.969841188365706e-05,0,5.3131026585706504e-06,0,2.55220293183811e-05,0,6.602826761081815e-05,0
0,2,0.004560364875185135,0,0.0,0,6.21811750534107e-06,0,2.892786257971062e-05,0,1.2882700243251343e-05,0,0.00014465981803368777,0,0.0002887712907977402,0
0,4,0.022977336799411364,0,0.0,0,5.234563286649063e-05,0,0.00011376642982044177,0,0.04626143954643175,0,0.00828175712376833,0,0.003734168130904436,0
0,5,1.576734294037438e-06,0,0.0,0,4.130451998207718e-06,0,1.9653637213779927e-05,0,1.185083357336227e-06,0,4.863801950705238e-05,0,2.3507864170824178e-05,0
0,2,0.0004581386923721648,0,0.0,0,1.101015823223861e-05,0,3.678721956175412e-05,0,5.660157782645987e-07,0,2.055870572803542e-05,0,3.7712678022217005e-05,0
0,4,0.0001466629858647524,0,0.0,0,2.873036646633409e-05,0,7.799987002546862e-05,0,1.7035722705033153e-05,0,6.530936661874875e-05,0,7.527553680120036e-05,0
0,3,5.080505608073042e-07,0,0.0,0,1.12764464574866e-05,0,2.0303007166598937e-05,0,7.003316431070357e-07,0,1.2213316949782893e-05,0,1.403076748829335e-05,0
0,4,0.19801182110687252,0,0.03,0,0.00016100511129479855,0,0.0002030683654585333,0,0.004609766885402365,0,0.0037369129713624716,0,0.0020123645663261414,0
0,3,0.48255792435603223,0,0.01,0,0.01272803358733654,0,0.0014577941436890761,0,0.029146911145650236,0,0.06847675144672394,0,0.03178848326206207,0
0,5,1.6614935284165647e-05,0,0.0,0,1.3389371815719642e-05,0,4.059885693877702e-05,0,0.0003733846087241395,0,0.0012541799806058407,0,0.0001558000803925097,0
0,1,0.18894273308955334,0,0.11,1,0.009651889093220234,0,0.005774366614682642,0,0.38287243881012983,1,0.06507137417793274,0,0.06436869502067566,0
0,4,2.781280436302421e-06,0,0.0,0,1.0810784260684159e-05,0,2.428701796855955e-05,0,4.141087617407302e-07,0,1.7242960893781856e-05,0,2.031992335105315e-05,0
0,4,0.014731387151771948,0,0.02,0,4.486903708311729e-05,0,5.106083065055177e-05,0,0.0001503467516909839,0,0.002624987857416272,0,0.0018351608887314796,0
0,3,5.281195013072262e-06,0,0.0,0,2.4764862246229313e-05,0,2.8875370462681847e-05,0,2.8792527809095558e-06,0,1.281291861232603e-05,0,1.5781553884153254e-05,0
0,1,0.0014705398170824554,0,0.0,0,1.2483550563047174e-05,0,5.1287666117246504e-05,0,3.3074126309780077e-06,0,6.341436528600752e-05,0,0.0005832120077684522,0
0,3,0.0006294415414660591,0,0.0,0,3.634426320786588e-05,0,3.9351400714342665e-05,0,8.192769127995536e-06,0,2.8418065994628705e-05,0,2.3035245249047875e-05,0
0,2,0.0003389637946759918,0,0.0,0,9.516511636320502e-05,0,2.1880190727748157e-05,0,3.539851256379526e-06,0,3.486814966890961e-05,0,3.616628237068653e-05,0
0,2,0.003161339587877401,0,0.0,0,8.21054563857615e-05,0,7.631484107460036e-05,0,0.007131342783960962,0,0.003902880707755685,0,0.013593826442956924,0
0,4,0.2438825989751834,0,0.06,0,0.010820005089044571,0,0.0006784903651664893,0,0.07344782846964801,0,0.03773649036884308,0,0.004581782501190901,0
0,1,0.004292377204711458,0,0.02,0,6.7756386670225766e-06,0,2.8614064549642803e-05,0,0.0007959570129071064,0,0.0010979040525853634,0,0.0008757453178986907,0
0,1,0.28014177567159176,0,0.01,0,0.0003411689540371299,0,3.7405625028320494e-05,0,1.855275164946623e-05,0,0.003688829019665718,0,0.003112498437985778,0
0,1,0.3512436971134089,0,0.0,0,1.4011338862474076e-05,0,4.5306409360223693e-05,0,0.00018906161726438397,0,0.0009477044804953039,0,0.0023287488147616386,0
0,1,0.004078293343448742,0,0.0,0,0.00038450644933618605,0,5.1297510964681645e-05,0,0.0008730256719951257,0,0.0024409922771155834,0,0.0026710883248597383,0
0,1,0.5255035868363835,0,0.03,0,0.00016047678946051747,0,5.2156613669396034e-05,0,0.001463819906412183,0,0.007181280758231878,0,0.021562544628977776,0
0,1,2.263572131935138e-06,0,0.0,0,4.461293428903446e-06,0,2.496839310182902e-05,0,1.069908540055729e-06,0,1.3297963960212655e-05,0,2.1739739167969674e-05,0
0,2,4.197505716370377e-07,0,0.0,0,9.790388503461145e-06,0,4.476903603523867e-05,0,4.0589654929821693e-07,0,1.6998234059428796e-05,0,2.2701169655192643e-05,0
0,1,0.0001812737771452484,0,0.0,0,2.151087755919434e-06,0,4.216733248223059e-05,0,9.95360722614309e-06,0,0.0019732548389583826,0,0.0023413682356476784,0
0,4,0.00030815836163914116,0,0.0,0,8.140474528772756e-05,0,2.7399605961260915e-05,0,3.829039183227769e-05,0,0.0007805373752489686,0,0.0003088063094764948,0
0,1,0.08710185262185043,0,0.01,0,0.00014659250155091286,0,6.389965746338329e-05,0,6.91060628006439e-06,0,0.00031340093119069934,0,0.0032236080151051283,0
0,5,2.3529898326291878e-08,0,0.0,0,3.0008195608388633e-05,0,2.7520287982515013e-05,0,7.546288916833088e-07,0,4.4840962800662965e-05,0,0.00010212254710495472,0
0,2,0.000805462331797976,0,0.0,0,8.001151581993327e-05,0,0.00014586294880426825,0,0.002834799765818917,0,0.007994172163307667,0,0.008949724957346916,0
0,5,7.622211633062805e-05,0,0.02,0,0.00014781886420678347,0,6.575700352988831e-05,0,3.0473144289898582e-06,0,0.0004705652827396989,0,0.0003490815870463848,0
0,4,0.0035181204170168278,0,0.03,0,5.2500752644846216e-05,0,4.051217096584455e-05,0,0.0004784871514143615,0,0.0025287948083132505,0,0.0010800245217978954,0
0,2,0.0029201035543008212,0,0.01,0,6.372361531248316e-05,0,6.688976903792208e-05,0,1.1222336301166086e-05,0,0.00014915350766386837,0,0.0005553861265070736,0
0,5,1.2713732620663753e-10,0,0.01,0,4.3541717786865775e-06,0,4.322686007782574e-05,0,1.1833445697716205e-06,0,1.762145257089287e-05,0,2.0171186406514607e-05,0
0,2,0.024038620850598415,0,0.01,0,7.679512054892257e-05,0,5.061990744986032e-05,0,7.703818257836911e-05,0,0.001004854217171669,0,0.00286940042860806,0
0,1,9.599848773506156e-06,0,0.0,0,1.5889227142906748e-05,0,3.580495647228594e-05,0,0.00012172236340369423,0,4.487713158596307e-05,0,0.00027844798751175404,0
0,1,0.0007119025841458324,0,0.0,0,3.989628021372482e-05,0,2.411877424385782e-05,0,1.4363427222668587e-06,0,7.808113878127187e-05,0,0.00010077530168928206,0
0,3,0.1251764871598887,0,0.01,0,0.0033762515522539616,0,0.00019933787430912622,0,0.0024216108943870556,0,0.043377842754125595,0,0.03017599880695343,0
0,1,0.01282471074645671,0,0.02,0,4.0180391806643456e-05,0,3.4279717302610973e-05,0,1.071536444167302e-06,0,0.0002687967207748443,0,0.000975094037130475,0
0,4,0.5920737835209805,0,0.0,0,3.8606023736065254e-05,0,2.121779598635767e-05,0,2.7468255841304226e-05,0,0.0011932618217542768,0,0.0009972683619707823,0
0,1,0.17373340148694236,0,0.0,0,8.244619675679132e-05,0,2.9275225058745688e-05,0,0.00011094608828064967,0,0.000823406910058111,0,0.0005318284966051579,0
0,1,0.9984838821440017,1,0.02,0,0.0054886420257389545,0,0.00012485730276274692,0,0.0001431955209078855,0,0.5450537800788879,1,0.11737482249736786,0
0,4,2.778168837730724e-06,0,0.0,0,1.089909619622631e-05,0,2.0629560017581745e-05,0,1.0503259307234727e-07,0,1.9133402020088397e-05,0,1.8900376744568348e-05,0
0,3,2.8260593865123446e-05,0,0.0,0,7.370173989329487e-05,0,1.6618532080924346e-05,0,4.535955443646894e-06,0,0.0007183415000326931,0,0.0007922304794192314,0
0,2,0.0006133193490249443,0,0.0,0,5.361557850847021e-05,0,3.0331081211856225e-05,0,9.464696722031145e-07,0,6.386176391970366e-05,0,8.967378380475566e-05,0
0,2,2.691656128718332e-05,0,0.0,0,0.00010163312981603667,0,2.4952084048764694e-05,0,1.6625724422191096e-06,0,4.0995091694639996e-05,0,2.0020888769067824e-05,0
0,5,0.00021325367713222236,0,0.0,0,5.719233740819618e-05,0,4.938858347784299e-05,0,1.4354887449343807e-07,0,0.0004573686164803803,0,7.468220428563654e-05,0
0,1,0.15435059988575675,0,0.03,0,0.0004213687789160758,0,0.0003203252204261876,0,3.078310232061348e-05,0,0.0018178664613515139,0,0.019399108365178108,0
0,4,1.5116667667192255e-05,0,0.0,0,1.6903108189580962e-05,0,2.0688589734397298e-05,0,7.769707534467185e-07,0,2.0450001102290116e-05,0,3.426351031521335e-05,0
0,3,4.604344525302147e-06,0,0.02,0,2.316332029295154e-05,0,4.8780274387075897e-05,0,1.8903150244794936e-05,0,5.652231629937887e-05,0,3.955657302867621e-05,0
0,4,3.7953798027427676e-05,0,0.03,0,9.778112143976614e-05,0,1.5989791264797088e-05,0,2.0423273678326093e-05,0,0.001006067730486393,0,0.0010885926894843578,0
0,1,2.151481922497039e-05,0,0.0,0,6.223479431355372e-05,0,2.1827193808957594e-05,0,2.576183957866249e-06,0,7.780097803333774e-06,0,1.9560415239538997e-05,0
0,3,0.20921542117734138,0,0.01,0,0.019775187596678734,0,0.00019914878034927824,0,0.06952044400883363,0,0.014631664380431175,0,0.018454931676387787,0
0,2,0.1308452709213621,0,0.0,0,6.575130828423426e-05,0,5.025714725353334e-05,0,0.00057840834091471,0,0.004099369514733553,0,0.0030973099637776613,0
0,4,0.015261463065506568,0,0.01,0,1.7029669834300876e-05,0,2.748076820730941e-05,0,1.3870953667631977e-05,0,0.00011597346019698307,0,0.00023533836065325886,0
0,3,0.0004412253639324549,0,0.05,0,7.483916851924732e-05,0,0.00010743486437474145,0,0.0006871294407773498,0,0.0031248116865754128,0,0.0025352765806019306,0
0,4,0.13524705859427452,0,0.02,0,9.707439312478527e-05,0,0.000554469387380479,0,0.00014135833337409497,0,0.022039232775568962,0,0.016688603907823563,0
0,1,3.414529482596787e-05,0,0.01,0,3.3205233194166794e-05,0,4.103038034547267e-05,0,0.00014582574377607727,0,5.571363726630807e-05,0,0.00044678832637146115,0
0,1,0.3303094080252531,0,0.01,0,0.0003999238833785057,0,8.820252343087177e-05,0,0.03641554503446309,0,0.002275444334372878,0,0.007424137555062771,0
0,5,3.62993444325736e-06,0,0.0,0,8.528971193300094e-06,0,1.9969723625841683e-05,0,5.973549704585176e-07,0,1.184998473036103e-05,0,1.318711929343408e-05,0
0,1,0.00020218250343284592,0,0.01,0,4.538154826150276e-05,0,2.8869557458535094e-05,0,1.4534009946637077e-07,0,5.997066546115093e-05,0,6.951142859179527e-05,0
0,3,0.00124419453105232,0,0.0,0,2.389872179264785e-06,0,1.9852137141000164e-05,0,1.4244630460120453e-06,0,4.267975964467041e-05,0,6.093844058341347e-05,0
0,3,0.0021109681379059752,0,0.01,0,0.00052237743511796,0,4.148175449942005e-05,0,4.812626747698423e-05,0,0.0003102612972725183,0,0.00012303701078053564,0
0,2,3.979274618216401e-05,0,0.01,0,0.0011792256264016032,0,0.0004702633896866145,0,0.001089234796517593,0,0.0022182329557836056,0,0.0022819607984274626,0
0,3,1.1112177589153327e-05,0,0.0,0,6.971052698645508e-06,0,3.0297646223406914e-05,0,4.905672105555169e-06,0,5.0042595830745995e-05,0,6.682947423541918e-05,0
0,4,0.01687204430121512,0,0.0,0,3.665089752757922e-05,0,4.827244592160026e-05,0,1.0376173909670522e-05,0,0.0008658338338136673,0,0.002297326223924756,0
0,2,0.0001222719788488004,0,0.0,0,3.0939361749915406e-05,0,2.0588784026029463e-05,0,4.027762708206323e-07,0,1.967721436813008e-05,0,1.3446074262901675e-05,0
0,3,0.0033291025599129984,0,0.01,0,6.385611050063744e-05,0,3.767675078691288e-05,0,8.500220187952171e-05,0,0.0018596554873511195,0,0.007676912937313318,0
0,3,0.005622290455060307,0,0.03,0,0.00874429289251566,0,0.00882741360144233,0,0.0005344120964469374,0,0.011870624497532845,0,0.009865777567029,0
0,5,0.0016230749665435268,0,0.03,0,8.045727736316621e-05,0,3.0468051068685387e-05,0,8.861908904219231e-07,0,0.0001128214062191546,0,2.5872763217194006e-05,0
0,4,0.011002303896203056,0,0.02,0,6.660845974693075e-05,0,4.683288932427021e-05,0,6.592828201543315e-06,0,0.000331557122990489,0,0.00037881199386902153,0
0,2,0.0019685130734757132,0,0.02,0,0.0025046588853001595,0,0.00016718361549432822,0,0.0005279856061766912,0,0.005293043330311775,0,0.017488302662968636,0
0,5,0.011203382769549939,0,0.01,0,3.274166147093638e-06,0,4.213844429399904e-05,0,4.400112430756418e-05,0,0.0005403068498708308,0,0.0004754909314215183,0
0,5,0.05862196841769822,0,0.0,0,4.3670606828527525e-05,0,3.364148557279822e-05,0,2.5173094028017303e-06,0,0.0005248489906080067,0,0.00046395216486416757,0
0,1,0.2796250712110396,0,0.02,0,0.00292422017082572,0,0.0007289751880398122,0,0.002234831998741944,0,0.014812156558036804,0,0.06635260581970215,0
0,5,0.012563813268192102,0,0.0,0,7.550467125838622e-05,0,1.8688928092679346e-05,0,0.00038458711170200787,0,0.0011269273236393929,0,0.0041140406392514706,0
0,2,0.003963325012460206,0,0.02,0,3.307556107756682e-05,0,2.463554353894244e-05,0,6.631813487015752e-05,0,0.0008230990497395396,0,0.00046769011532887816,0
0,1,0.0008905303285637625,0,0.0,0,6.327660958049819e-05,0,2.5061036179832397e-05,0,0.00038855708472504207,0,0.00022298618569038808,0,0.00042666116496548057,0
0,3,0.0004510320145518726,0,0.0,0,0.00020728119125124067,0,0.00027634752302999434,0,0.0020189764871950937,0,0.006206863559782505,0,0.0053803143091499805,0
0,1,9.231720658246464e-06,0,0.01,0,1.1169651770615019e-05,0,3.724365676490356e-05,0,0.00012215531264264467,0,0.00019029088434763253,0,0.0020765229128301144,0
0,3,1.8749900155511763e-07,0,0.02,0,6.769185802113498e-06,0,4.991429530353859e-05,0,5.800619425150819e-07,0,0.00014271063264459372,0,7.272264338098466e-05,0
0,5,0.01699035129757704,0,0.0,0,9.823712389334105e-06,0,6.444915625056226e-05,0,0.0011609684387119618,0,0.0027827834710478783,0,0.0019523266237229109,0
0,5,0.9520729259437786,0,0.16,1,0.06773971766233444,0,0.008345546535667386,0,0.24309152488679459,1,0.18949642777442932,0,0.08902208507061005,0
0,3,0.0005635739392809259,0,0.01,0,0.00017569027841091156,0,0.00035131853181988456,0,0.0008495779860727802,0,0.0040786853060126305,0,0.014206397347152233,0
0,5,0.00032221629754428403,0,0.0,0,1.4029496014700271e-05,0,2.370003755525411e-05,0,0.00010738033837683888,0,0.0017105694860219955,0,0.008130969479680061,0
0,1,0.0006985215224969618,0,0.02,0,3.6128010833635926e-05,0,0.00019404123063007853,0,0.00018109020333293807,0,0.0009861020371317863,0,0.010521125048398972,0
0,1,0.018184863656439204,0,0.08,0,0.007680048700422049,0,0.004896687139580153,0,0.014957844977669063,0,0.009060592390596867,0,0.00626398017629981,0
0,2,0.00040930940868229374,0,0.0,0,2.12925788218854e-05,0,4.2850583974324665e-05,0,2.7112226645566946e-06,0,0.00044207173050381243,0,0.0007286345353350043,0
0,5,0.0005490185694994909,0,0.01,0,1.0724004823714495e-05,0,2.130657910366361e-05,0,5.604828401929085e-06,0,4.787430225405842e-05,0,8.650770178064704e-05,0
0,3,0.40054790447487965,0,0.03,0,0.0009349741158075631,0,0.0017470896272976503,0,0.008326482940599969,0,0.029956495389342308,0,0.12199752032756805,0
0,1,8.167404538036242e-09,0,0.0,0,2.4916923848650185e-06,0,4.2779761404151654e-05,0,1.146597228902256e-07,0,2.344595304748509e-05,0,2.048491660389118e-05,0
0,4,0.6097090970513481,0,0.02,0,0.003797683399170637,0,0.0004166705007295165,0,0.021626904488410238,0,0.041412245482206345,0,0.004726317245513201,0
0,1,0.13030196453147047,0,0.11,1,0.00039711297722533345,0,0.00012969605876586815,0,0.006856745437250546,0,0.038508180528879166,0,0.02152853272855282,0
0,1,4.19976866871484e-06,0,0.0,0,1.9130168311676243e-06,0,2.1007131849986225e-05,0,3.9153659039574754e-05,0,1.866254024207592e-05,0,7.404934876831248e-05,0
0,4,0.004746447052518438,0,0.0,0,7.89152763900347e-05,0,2.5721150666195266e-05,0,1.708121997691181e-05,0,0.00037138047628104687,0,0.0012508351355791092,0
0,1,0.01111977259273973,0,0.0,0,0.00017170983483083546,0,3.4617822432702654e-05,0,8.394721761850654e-07,0,0.0003290935419499874,0,0.0021758193615823984,0
0,5,0.00022062947109902732,0,0.01,0,6.307851435849443e-05,0,4.3444133498515166e-05,0,4.4672292274059935e-06,0,9.195473103318363e-05,0,3.555817966116592e-05,0
0,5,0.00012798277403558984,0,0.0,0,1.404898921464337e-05,0,2.893130626502993e-05,0,1.8393799510883967e-06,0,2.1983834812999703e-05,0,2.1424131773528643e-05,0
0,5,3.1383934073220784e-07,0,0.0,0,4.453696874406887e-06,0,2.8911055288867663e-05,0,1.3375568218488078e-06,0,7.93330036685802e-06,0,1.2981662621314172e-05,0
0,2,2.620283551110228e-06,0,0.0,0,2.191376916016452e-05,0,2.4731275503697195e-05,0,7.074133336706906e-07,0,2.3347423848463222e-05,0,1.5825862647034228e-05,0
0,1,2.7562285899853306e-05,0,0.01,0,1.566711148370814e-06,0,2.890689950726312e-05,0,1.9339231061237725e-05,0,1.9642266124719754e-05,0,0.00018147834634874016,0
0,1,8.594142106193673e-07,0,0.0,0,9.404557204106823e-05,0,2.086379256045028e-05,0,6.262454073202278e-07,0,1.6449943359475583e-05,0,2.6285602871212177e-05,0
0,2,0.0030106793329131385,0,0.02,0,9.263651008950546e-05,0,2.6235836100096203e-05,0,6.863424476403877e-07,0,0.00017759998445399106,0,0.000323603831930086,0
0,1,0.012595302521918749,0,0.0,0,1.3421511539490893e-05,0,0.00028080362455361405,0,0.00013675685882013356,0,0.00022534288291353732,0,0.001952835125848651,0
0,4,3.0836064878847135e-05,0,0.03,0,5.148260697751539e-06,0,1.7253155873631282e-05,0,7.620532166291647e-07,0,3.557308082235977e-05,0,0.00010403084888821468,0
0,1,1.3133487564208525e-07,0,0.0,0,4.457091563381255e-06,0,2.4838255798350517e-05,0,5.832676105285583e-07,0,2.0834322640439495e-05,0,6.229978316696361e-05,0
0,2,0.018246305242141655,0,0.02,0,0.0002420245873508975,0,8.003910319412563e-05,0,8.591051096809365e-06,0,0.00018462981097400188,0,0.00043262765393592417,0
0,5,0.10533937061557636,0,0.09,0,0.00043845645268447697,0,0.0008431527835418758,0,0.015018796557986948,0,0.0008092283387668431,0,0.0017003940884023905,0
0,4,4.077430500375001e-05,0,0.01,0,0.0006323728593997657,0,4.665261292697986e-05,0,1.0231251258497904e-06,0,0.0010415216675028205,0,0.001876572729088366,0
0,4,0.08480041284057799,0,0.1,0,0.007082468364387751,0,0.0010469214939000935,0,0.10784475781848309,0,0.004894498735666275,0,0.027466101571917534,0
0,5,0.07296782663716646,0,0.0,0,0.0002318448678124696,0,0.0001642980421401761,0,0.0013224523459473565,0,0.001997454557567835,0,0.002098686993122101,0
0,2,7.456526863795974e-05,0,0.01,0,0.00019647505541797727,0,3.688779245616526e-05,0,1.1051732961582612e-05,0,1.935788350237999e-05,0,2.2558204364031553e-05,0
0,3,0.011849991909186581,0,0.02,0,0.0018320445669814944,0,3.533506404457095e-05,0,0.0012830054961196317,0,0.006276253145188093,0,0.003007514402270317,0
0,4,0.01913327248890929,0,0.0,0,0.0007764613255858421,0,2.0999125143237417e-05,0,0.0002959738193216445,0,0.0018833872163668275,0,0.004573989659547806,0
0,2,0.00021797401141362212,0,0.0,0,3.23192507494241e-05,0,2.4083228257977925e-05,0,2.0728919901553527e-06,0,1.2584943760884926e-05,0,2.3342521672020666e-05,0
0,5,0.7510842950302485,0,0.03,0,0.0019137475173920393,0,0.0011997382182735291,0,0.00491128200464091,0,0.007862532511353493,0,0.059147655963897705,0
0,3,1.9833086156644467e-06,0,0.0,0,4.69090491606039e-06,0,2.319364745379255e-05,0,5.514389574468552e-07,0,1.4198131793818902e-05,0,1.7860797015600838e-05,0
0,3,2.653142094985247e-05,0,0.02,0,1.1924033060495276e-05,0,3.2754878957009354e-05,0,4.731738485531882e-06,0,4.5335742470342666e-05,0,0.00011521021951921284,0
0,2,0.000575100734352163,0,0.02,0,5.770115603809245e-05,0,4.0549796315387065e-05,0,3.34992076039105e-07,0,1.7446920537622645e-05,0,2.142505400115624e-05,0
0,2,1.5445695156969865e-05,0,0.0,0,4.17804812968825e-06,0,2.4667869861413456e-05,0,3.139859729341469e-06,0,1.3144574950274546e-05,0,2.5533008738420904e-05,0
0,5,0.03402832934130122,0,0.01,0,0.0012423984007909894,0,0.00025493542202686,0,0.0720649920841645,0,0.0069198161363601685,0,0.008994007483124733,0
0,5,0.006846534731705571,0,0.03,0,0.00012604404764715582,0,1.7286950664877843e-05,0,2.9196807247345473e-05,0,0.0004795099375769496,0,0.0005466968286782503,0
0,2,0.02227519613578728,0,0.02,0,0.0016997437924146652,0,0.0011706057707205875,0,0.0009994528448212124,0,0.007766686845570803,0,0.012202155776321888,0
0,1,0.002697316266149173,0,0.0,0,6.258742359932512e-05,0,0.00010986565593850067,0,0.0007539082437693871,0,0.003878336399793625,0,0.004887045361101627,0
0,1,0.026125990626703743,0,0.02,0,0.0002546475734561682,0,3.653659689061981e-05,0,0.0006945871201278153,0,0.0048811957240104675,0,0.0060836635529994965,0
0,4,0.033027832282294056,0,0.07,0,0.0034936717711389065,0,0.004806818034742621,0,0.0023434652668732994,0,0.01349498052150011,0,0.014659656211733818,0
0,2,0.13889093751078535,0,0.02,0,0.0012546511134132743,0,0.0008323143953296943,0,0.013447516257570683,0,0.005354698747396469,0,0.0183817557990551,0
0,1,0.012219380706178598,0,0.02,0,5.7449131418252364e-05,0,3.776358340712536e-05,0,0.004783652548231913,0,0.0049319397658109665,0,0.001927451929077506,0
0,4,0.003036716960133087,0,0.01,0,5.3619984100805596e-05,0,4.083239158652555e-05,0,0.0004347636131301063,0,0.004578685853630304,0,0.010121328756213188,0
0,2,0.008054368921544862,0,0.06,0,0.0007174808997660875,0,0.004325579982336175,0,0.0034695105712336982,0,0.001771896961145103,0,0.019132331013679504,0
0,4,0.7646935199358992,0,0.07,0,0.07728767395019531,0,0.00016185805614301506,0,0.029949332685901504,0,0.02321993187069893,0,0.01598295383155346,0
0,4,4.603633888164129e-07,0,0.01,0,8.069215255090967e-05,0,3.8769821129393275e-05,0,1.6888063944472575e-06,0,3.737926817848347e-05,0,2.895710895245429e-05,0
0,1,0.8350065815301667,0,0.33,1,0.795601487159729,1,0.7836528849760329,1,0.7580419276358353,1,0.4927521347999573,1,0.15598426759243011,0
0,4,0.00012023933217787353,0,0.08,0,0.0448601171374321,0,0.0001687673294148635,0,8.753327088565575e-05,0,0.0030958603601902723,0,0.0001611178886378184,0
0,3,2.234795255919815e-09,0,0.0,0,1.0710390597523656e-05,0,2.01057038947739e-05,0,5.037418330819487e-07,0,1.4623401511926204e-05,0,2.495904846000485e-05,0
0,3,0.9930524941701209,1,0.03,0,0.012857125140726566,0,0.0006328618712184748,0,0.01757401174057034,0,0.1816609650850296,0,0.182595357298851,0
0,4,0.0006533787929867354,0,0.0,0,0.0004921528161503375,0,4.265383639050783e-05,0,2.802597873591353e-06,0,0.0001265215832972899,0,0.00044839541078545153,0
0,5,0.020382065915167048,0,0.06,0,0.003576949704438448,0,0.0017761337812450663,0,0.023985050991903602,0,0.006128841079771519,0,0.017324835062026978,0
0,3,0.0002042851478173809,0,0.0,0,2.7838090318255126e-05,0,2.8487777286841967e-05,0,8.512390598948811e-07,0,8.488536695949733e-05,0,6.005062095937319e-05,0
0,3,0.008339255224555352,0,0.01,0,1.6053127183113247e-05,0,3.190300244594915e-05,0,0.0004799281381370412,0,0.0013240664266049862,0,0.0009303504484705627,0
0,3,7.89515530844972e-07,0,0.0,0,5.6629225582582876e-05,0,2.3730186826983945e-05,0,4.70648448381434e-06,0,0.00034595123725011945,0,0.00010131598537554964,0
0,1,0.0005951478001217009,0,0.02,0,0.0029015045147389174,0,0.004682380407034865,0,0.001362627226370009,0,0.006990695372223854,0,0.004135304596275091,0
0,4,0.0011349621218441212,0,0.0,0,8.553389488952234e-05,0,2.3492535039488623e-05,0,0.0002965171375409424,0,0.0006458577117882669,0,0.0006395879318006337,0
0,2,1.785972955597231e-05,0,0.0,0,0.00015951550449244678,0,3.0200031833825295e-05,0,1.9327799889458312e-05,0,0.0001159787061624229,0,0.0001424032961949706,0
0,1,2.5063241793072984e-05,0,0.01,0,0.00015636552416253835,0,5.077420120304349e-05,0,3.266531002601498e-06,0,0.0003604678204283118,0,0.0010842770570889115,0
0,1,0.010430941405341005,0,0.02,0,1.2320102541707456e-05,0,3.539295102722521e-05,0,0.0049968558838050375,0,0.012693184427917004,0,0.0017997472314164042,0
0,5,0.9424976807235227,0,0.01,0,4.449165135156363e-05,0,5.05350344906611e-05,0,6.453899204657935e-05,0,0.0016076782485470176,0,0.0024483019951730967,0
0,4,0.0008175881837287384,0,0.02,0,0.0006499332375824451,0,0.0001452030949243022,0,1.666463896234957e-05,0,0.0012753215851262212,0,0.006878104526549578,0
0,5,5.471959231093262e-06,0,0.0,0,3.534371353453025e-05,0,3.4586135873787716e-05,0,1.7040635613434413e-07,0,2.573736128397286e-05,0,1.4384582755155861e-05,0
0,4,0.05736619564990828,0,0.01,0,0.027444621548056602,0,0.00043911223424206034,0,0.0024323881428430084,0,0.0074592032469809055,0,0.003988172858953476,0
0,5,0.02623613168170651,0,0.08,0,5.248808884061873e-05,0,8.712648479255246e-05,0,0.008265618293817204,0,0.006792196072638035,0,0.009289159439504147,0
0,1,1.0665856650576576e-05,0,0.03,0,8.868257282301784e-05,0,5.647042243597216e-05,0,1.3695108740720052e-06,0,5.8035362599184737e-05,0,0.0003179139457643032,0
0,4,0.4191487661436549,0,0.01,0,0.0025655825156718493,0,0.01060111721357148,0,0.017432210942814403,0,0.06873313337564468,0,0.015871800482273102,0
0,5,0.0001384895165629253,0,0.01,0,0.00014701146574225277,0,0.00010013031761557173,0,3.144938577944152e-05,0,0.00013024566578678787,0,7.998936780495569e-05,0
0,1,8.43738946478654e-06,0,0.04,0,0.0009555685101076961,0,0.0003421112148512785,0,8.41622969473641e-05,0,0.0011050098109990358,0,0.007746805436909199,0
0,1,5.1988964046271514e-05,0,0.0,0,3.6126482427789597e-06,0,1.797221539507738e-05,0,0.00026681464542426496,0,0.00011037108197342604,0,0.0009008818306028843,0
0,2,0.003534396631416792,0,0.0,0,6.63849277771078e-05,0,4.125667564593094e-05,0,8.298519725430294e-07,0,0.00010634122736519203,0,0.00014778431796003133,0
0,5,4.119640871628167e-09,0,0.0,0,1.9838756998069584e-05,0,3.801905170102602e-05,0,1.262097815015459e-05,0,1.7943924831342883e-05,0,7.711088983342052e-05,0
0,2,0.0070927188449448645,0,0.01,0,0.00012751916074194014,0,2.4111058351444878e-05,0,1.9034017596202784e-06,0,8.703714411240071e-05,0,0.000859911204315722,0
0,5,0.10233887856206889,0,0.01,0,9.427223631064408e-06,0,3.992267033082373e-05,0,1.6319389653290466e-05,0,0.002002033172175288,0,0.0018496295670047402,0
0,3,0.004772893595785434,0,0.02,0,0.00012858782429248095,0,2.9177753340090825e-05,0,0.0005058031251990915,0,0.0029427215922623873,0,0.0007442224305123091,0
0,3,0.008302045977724163,0,0.0,0,5.008088191971183e-05,0,1.9820819700793424e-05,0,3.945610226747897e-05,0,0.00044836243614554405,0,0.0015501219313591719,0
0,2,0.256928916742845,0,0.01,0,0.00015227140102069825,0,2.199140596177522e-05,0,0.0030085342601515706,0,0.00187385780736804,0,0.011069363914430141,0
0,4,8.739002405965667e-05,0,0.0,0,4.146321771258954e-06,0,2.0696129180524753e-05,0,1.0643329301581359e-07,0,2.3617512852069922e-05,0,3.5669319913722575e-05,0
0,1,0.005561232817858151,0,0.0,0,3.553685928636696e-06,0,2.9195004048127648e-05,0,4.300766838300998e-05,0,0.00036868604365736246,0,0.00025222112890332937,0
0,3,0.18068092421031368,0,0.1,0,0.15525902807712555,0,0.2883316867796945,1,0.0032041560878801906,0,0.14783555269241333,0,0.20365604758262634,1
0,1,0.0025705565450063524,0,0.02,0,0.00199351878836751,0,6.0105539720453844e-05,0,2.2941327695750526e-05,0,0.0007319842115975916,0,0.000992759712971747,0
0,5,1.2616053464909248e-05,0,0.0,0,1.9861739929183386e-05,0,2.307658952645805e-05,0,8.112654863784035e-06,0,4.065506436745636e-05,0,3.770500552491285e-05,0
0,5,0.18774071147352525,0,0.0,0,0.0001230627385666594,0,7.627869658838419e-05,0,4.742423159698759e-06,0,0.0006197313196025789,0,0.0005370464059524238,0
0,4,0.0007996528305112544,0,0.0,0,4.6214925532694906e-05,0,2.991432285011833e-05,0,9.490481023266285e-07,0,2.103028236888349e-05,0,4.322608219808899e-05,0
0,5,0.025028854859561106,0,0.04,0,0.0006852734950371087,0,0.0004986397044409702,0,0.0017963643946726144,0,0.003947279881685972,0,0.0071948510594666,0
0,4,0.0536216581016463,0,0.05,0,0.1803421974182129,0,0.024441585054446987,0,0.055248560142567835,0,0.019850868731737137,0,0.1932055950164795,1
0,4,0.03461535250125473,0,0.01,0,0.00027150384266860783,0,0.0019328248673133072,0,0.0020933093947529875,0,0.008843756280839443,0,0.015727058053016663,0
0,4,0.04651709891745355,0,0.01,0,6.173207657411695e-05,0,6.650329622146456e-05,0,0.001412665365150224,0,0.0008218673756346107,0,0.0007954426691867411,0
0,2,0.8363438238488451,0,0.02,0,0.00017887439753394574,0,0.0002448442609397146,0,6.315363334241368e-05,0,0.03669845685362816,0,0.0507265143096447,0
0,4,0.0021871591180737684,0,0.01,0,0.0010119780199602246,0,8.246376253464089e-05,0,0.00120443537232592,0,0.002311114687472582,0,0.006489916238933802,0
0,5,9.68990282433413e-06,0,0.0,0,1.1973967048106715e-05,0,0.00018505798131041723,0,5.209075631605087e-06,0,4.3875479605048895e-05,0,4.1184779547620565e-05,0
0,1,0.018662117993608087,0,0.04,0,0.04361066222190857,0,0.009086569528300345,0,0.08521946919545148,0,0.007242059335112572,0,0.019441422075033188,0
0,4,0.044434237561936825,0,0.04,0,0.023235609754920006,0,0.0038697869477776143,0,0.0048367094917368975,0,0.051910750567913055,0,0.04534051939845085,0
0,2,1.523631909210022e-06,0,0.0,0,6.936330464668572e-05,0,2.8641494471191412e-05,0,4.510608431211868e-06,0,2.1097685021231882e-05,0,9.517795115243644e-05,0
0,5,0.2973525478697306,0,0.05,0,0.00014094596554059535,0,6.601370609676787e-05,0,0.0004085127151735927,0,0.004792301915585995,0,0.0071169608272612095,0
0,4,4.2221734069901905e-05,0,0.0,0,2.0417883206391707e-05,0,5.8172599590063144e-05,0,5.8857091660513566e-05,0,4.0093218558467925e-05,0,6.38214623904787e-05,0
0,5,7.178443461252492e-06,0,0.0,0,8.732135029276833e-06,0,3.886554216461095e-05,0,7.088801954196098e-07,0,2.4645596568007022e-05,0,2.8239246603334323e-05,0
0,1,2.117513782809979e-06,0,0.0,0,4.183722467132611e-06,0,1.794855592103342e-05,0,3.8095071799229894e-06,0,9.129216778092086e-06,0,2.3266422431333922e-05,0
0,1,0.45251606752068096,0,0.0,0,0.0005938477115705609,0,9.080376045550008e-05,0,0.0003158226816466814,0,0.004692741669714451,0,0.009348699823021889,0
0,3,5.785815977123147e-05,0,0.0,0,0.0001569926826050505,0,3.777250729399613e-05,0,4.826122395647631e-06,0,5.2335573855089024e-05,0,2.4198117898777127e-05,0
0,3,4.195375632965736e-08,0,0.0,0,5.776358375442214e-05,0,3.6072813603378845e-05,0,3.4062205112716735e-07,0,0.0008769299602136016,0,0.00039414316415786743,0
0,5,9.226464743012565e-06,0,0.0,0,3.076949360547587e-05,0,5.0918635047856555e-05,0,5.14966917075914e-05,0,0.00019605520355980843,0,8.605120819993317e-05,0
0,1,0.4159373885817131,0,0.08,0,0.0016115237958729267,0,0.0015810350113333264,0,0.06592589527394911,0,0.015271556563675404,0,0.07459048181772232,0
0,2,0.9161002409926738,0,0.02,0,1.0302817827323452e-05,0,5.586502609813987e-05,0,7.183342842094493e-05,0,0.05548993870615959,0,0.06342355161905289,0
0,5,1.4132234164458511e-06,0,0.0,0,2.9435068427119404e-05,0,1.9975134643155106e-05,0,1.2970931976697744e-06,0,1.3433591448119842e-05,0,1.4087095223658253e-05,0
0,3,0.013900934978377018,0,0.02,0,0.0012744901468977332,0,0.00016604644159391352,0,0.001590132298065025,0,0.008506592363119125,0,0.014423131942749023,0
0,3,0.002508244419020208,0,0.0,0,0.00024045963073149323,0,0.00019617782065416766,0,0.00012460212945631172,0,0.002224082825705409,0,0.0017438133945688605,0
0,1,0.019428823282577605,0,0.02,0,0.0003933330881409347,0,0.00015820322581722637,0,2.0025491356641415e-05,0,0.0011300434125587344,0,0.011449824087321758,0
0,2,0.2916612569857624,0,0.0,0,0.0009000521386042237,0,0.0002346287570886904,0,0.000976611085766117,0,0.04702703654766083,0,0.05433858186006546,0
0,3,6.627520479064878e-08,0,0.01,0,4.6410841605393216e-05,0,2.1826912231727417e-05,0,2.100031577565537e-05,0,5.030142710893415e-05,0,6.288509757723659e-05,0
0,4,0.00013178357830993454,0,0.01,0,7.520445069530979e-05,0,2.1021349407944165e-05,0,4.846608478205456e-06,0,0.00012424876331351697,0,0.000267021736362949,0
0,3,9.135609483836689e-06,0,0.01,0,4.5314689486986026e-05,0,0.00033462792914232346,0,0.00034758538995126,0,0.003628901205956936,0,0.0008316155290231109,0
0,2,0.0382370122372826,0,0.01,0,3.712961915880442e-05,0,0.0007666631331366818,0,7.31711358573646e-05,0,0.006588971707969904,0,0.01336066983640194,0
0,5,0.040114761187502984,0,0.01,0,1.9095490642939694e-05,0,6.497322785389865e-05,0,1.2903349232329824e-05,0,0.000736981863155961,0,0.0004414233844727278,0
0,1,0.47160732549379475,0,0.1,0,0.0072035822086036205,0,0.012565696288181315,0,0.9563279417629581,1,0.20265130698680878,0,0.05820411443710327,0
0,1,0.0036739671997505037,0,0.01,0,0.013673036359250546,0,0.01206352668018904,0,0.03391547091333096,0,0.03443043306469917,0,0.0755399763584137,0
0,5,1.564524537217109e-05,0,0.0,0,5.330150088411756e-05,0,3.530469375192154e-05,0,6.122249576465118e-07,0,0.00016305941971950233,0,0.0009151410195045173,0
0,2,3.529020228233579e-05,0,0.01,0,1.643627001612913e-05,0,6.458278947953726e-05,0,0.0023891970056515296,0,0.0008494374924339354,0,0.0006839658017270267,0
0,4,0.013341320231268128,0,0.03,0,0.000270122749498114,0,0.00010339287558592129,0,7.345321388900192e-05,0,0.0027571795508265495,0,0.001604418270289898,0
0,1,0.024985991936311243,0,0.02,0,9.769947064341977e-05,0,3.3296526786325134e-05,0,0.008244990031365777,0,0.004358553793281317,0,0.006900982465595007,0
0,3,0.0013323667883387985,0,0.01,0,6.584743823623285e-05,0,1.675496785193321e-05,0,0.00033559532459720724,0,0.0004886818933300674,0,0.0013838085578754544,0
0,4,0.3591100787534257,0,0.11,0,0.00031366400071419775,0,0.0002850738950489991,0,0.0006095326932465245,0,0.010154005140066147,0,0.023491960018873215,0
0,2,0.001097043468471055,0,0.0,0,4.519312824413646e-06,0,3.5076209591666906e-05,0,0.0003894335497152052,0,0.00039999361615628004,0,0.000267335562966764,0
0,2,0.8677552084204192,0,0.19,1,0.26351192593574524,1,0.12325008387006821,0,0.4601018331882593,1,0.2742575407028198,1,0.27081167697906494,1
0,5,0.005787785904300365,0,0.01,0,0.0012242653174325824,0,6.070554736877008e-05,0,0.00012537267101816207,0,0.008036578074097633,0,0.0022343136370182037,0
0,1,8.025323250522574e-08,0,0.0,0,6.935159035492688e-06,0,2.9156681136674173e-05,0,1.3300598153980134e-06,0,1.2676705409830902e-05,0,4.83941548736766e-05,0
0,2,0.004741162213523328,0,0.04,0,0.001650909660384059,0,0.00019044728276395483,0,0.0061813695574937785,0,0.011853010393679142,0,0.021370762959122658,0
0,4,0.0003828775379743293,0,0.01,0,9.422654693480581e-05,0,0.0001905743467837448,0,0.00011394729686058123,0,0.0004707152838818729,0,0.0035187853500247,0
0,5,4.271605544706565e-05,0,0.0,0,9.899732685880736e-05,0,1.966429068238658e-05,0,2.06406378301759e-06,0,5.29608441866003e-05,0,3.6463490687310696e-05,0
0,1,1.597004547977065e-06,0,0.0,0,2.201340794272255e-05,0,0.00010868108230303682,0,1.22062861957144e-06,0,6.130836118245497e-05,0,0.00011459952656878158,0
0,4,0.08275722375828182,0,0.06,0,0.0058824485167860985,0,0.0020094606270277095,0,5.783585604633415e-05,0,0.06754306703805923,0,0.013084609992802143,0
0,3,5.444357554459919e-05,0,0.0,0,1.9092212824034505e-05,0,2.145083619999895e-05,0,4.3271858157097333e-07,0,2.5709201509016566e-05,0,2.4552638933528215e-05,0
0,3,1.7217009631648907e-08,0,0.0,0,4.727028681372758e-06,0,4.0398148637595554e-05,0,8.59839452773873e-07,0,1.2375892765703611e-05,0,1.4098675819695927e-05,0
0,5,3.0637926958246196e-05,0,0.0,0,6.766176375094801e-05,0,2.5674956914743074e-05,0,3.214401257378059e-06,0,1.1182469279447105e-05,0,1.325623452430591e-05,0
0,2,0.14721862754524526,0,0.0,0,1.8538767108111642e-05,0,2.347297521131558e-05,0,4.9399383913958396e-05,0,0.001089219469577074,0,0.0004990880261175334,0
0,3,2.194326283032397e-10,0,0.0,0,7.920079042378347e-06,0,2.143712673576528e-05,0,1.8448672969508737e-06,0,1.9424138372414745e-05,0,1.8400342014501803e-05,0
0,1,0.0003659174236800646,0,0.01,0,0.00025051998090930283,0,4.527208257499232e-05,0,6.149731576228421e-06,0,1.9808905562967993e-05,0,6.228769052540883e-05,0
0,3,1.4398535650932112e-07,0,0.0,0,4.75519300380256e-06,0,2.1421535924422076e-05,0,3.062165366875319e-08,0,9.279340702050831e-06,0,1.3294936252350453e-05,0
0,3,0.0030966153662717543,0,0.01,0,2.2609174266108312e-05,0,3.778929542193121e-05,0,3.43607834291162e-05,0,0.0014546444872394204,0,0.0001955196785274893,0
0,2,0.0014882628084043222,0,0.02,0,0.00029802267090417445,0,0.00010026100405401321,0,0.0002574175708496257,0,0.007326036691665649,0,0.007277669385075569,0
0,3,1.3343517930781895e-05,0,0.0,0,2.5508477847324684e-05,0,1.9704067886596182e-05,0,1.9339472615087234e-06,0,1.5694788089604117e-05,0,1.8221177015220746e-05,0
0,1,6.603431296144928e-05,0,0.0,0,2.344943641219288e-05,0,3.3662330080409536e-05,0,1.951943351155565e-06,0,2.4440247216261923e-05,0,0.00015990939573384821,0
0,1,3.77594229512393e-08,0,0.0,0,3.096952787018381e-05,0,2.1043189690644968e-05,0,4.94662895243662e-08,0,3.5041189221374225e-06,0,1.2981662621314172e-05,0
0,1,0.011949486226060298,0,0.0,0,0.00018695362086873502,0,6.822521469135559e-05,0,0.002347098902837605,0,6.0084141296101734e-05,0,0.00029876825283281505,0
0,5,3.588367562876498e-08,0,0.0,0,5.582937319559278e-06,0,1.9930039426490326e-05,0,8.050853299298703e-07,0,6.757368282706011e-06,0,1.3990992556500714e-05,0
0,4,0.13704745568486668,0,0.01,0,0.00018773582996800542,0,7.083903215348657e-05,0,0.0001493876859209703,0,0.001121753011830151,0,0.00041272060479968786,0
0,4,0.0014570005526589693,0,0.01,0,2.8819440558436327e-05,0,5.561012076277402e-05,0,1.2904539567847191e-05,0,0.00017907231813296676,0,0.00012204665836179629,0
0,3,0.00018768265150252394,0,0.0,0,2.5486931917839684e-05,0,4.1043022160748395e-05,0,1.7604700136880784e-06,0,4.192179403617047e-05,0,7.217431266326457e-05,0
0,5,0.00019793562374147218,0,0.0,0,6.486316124210134e-06,0,2.204361362164282e-05,0,2.3207112508821657e-07,0,4.36556147178635e-05,0,1.4533372450387105e-05,0
0,4,0.0003772979567477872,0,0.0,0,1.5627503671566956e-05,0,2.4661275245098103e-05,0,3.33515040858836e-06,0,0.00022443175839725882,0,0.00021895697864238173,0
0,4,0.0008673374894185358,0,0.01,0,0.00010741520236479118,0,2.1337760781269318e-05,0,1.438812725941394e-06,0,4.884171357844025e-05,0,2.8371779990266077e-05,0
0,2,0.03535984636566909,0,0.01,0,0.0006227134726941586,0,0.0004158090933814064,0,0.0001934757485927831,0,0.0008849347359500825,0,0.0017999086994677782,0
0,1,0.025553161729643184,0,0.0,0,1.3434650099952705e-05,0,2.5052295160599328e-05,0,5.6159013396419765e-05,0,8.566854376113042e-05,0,0.00010806354111991823,0
0,2,0.0004478625572109667,0,0.02,0,4.6076176658971235e-05,0,3.93108665791464e-05,0,0.00024258701590637347,0,0.0008867699070833623,0,0.0004770168161485344,0
0,3,0.02189657595120205,0,0.01,0,4.814224666915834e-05,0,3.0822600761467744e-05,0,2.1820669852029443e-05,0,0.0006505846395157278,0,0.0011862339451909065,0
0,4,0.0010900293039217332,0,0.0,0,1.2733649782603607e-05,0,7.073864947781615e-05,0,0.0005366683018508739,0,0.0002373602765146643,0,0.0002351965958951041,0
0,2,0.0020002233107331677,0,0.0,0,0.0009170516859740019,0,9.620827954933808e-05,0,2.5994974583472276e-05,0,0.002096886280924082,0,0.007565388921648264,0
0,4,0.00016146263790364312,0,0.01,0,4.595808786689304e-05,0,5.0088993935946214e-05,0,3.500302681662407e-06,0,0.00019548548152670264,0,0.0006091873510740697,0
0,5,0.6068438432446286,0,0.01,0,7.867280510254204e-05,0,5.454867128130497e-05,0,0.005229950934645157,0,0.002698564901947975,0,0.0016154967015609145,0
0,3,7.99218702511694e-05,0,0.0,0,3.3354458537360188e-06,0,2.851804473083218e-05,0,2.2187985893199868e-07,0,1.4109731637290679e-05,0,1.6736254110583104e-05,0
0,1,7.418041987687734e-05,0,0.0,0,2.272757592436392e-05,0,4.314400216949028e-05,0,0.00032420740663660717,0,0.0009227467235177755,0,0.0009761330438777804,0
0,2,0.0018830999853557016,0,0.0,0,2.932445568148978e-05,0,2.0108621591580228e-05,0,9.458179358929916e-07,0,9.344697900814936e-05,0,6.436213152483106e-05,0
0,3,4.6412645906892705e-05,0,0.0,0,6.28987982054241e-05,0,2.098698501666043e-05,0,2.051710402658716e-06,0,1.724964749882929e-05,0,2.302251596120186e-05,0
0,4,0.03280450927673341,0,0.0,0,1.6814055925351568e-05,0,4.005858610524759e-05,0,0.00019144101385126916,0,3.091685721301474e-05,0,8.701239130459726e-05,0
0,3,0.3624986965797192,0,0.0,0,5.7886609283741564e-05,0,8.559155201865111e-05,0,0.0001617107617462716,0,0.001606528996489942,0,0.004670458380132914,0
0,4,0.0017222759735369593,0,0.0,0,8.701787737663835e-05,0,4.9841102994906304e-05,0,2.2255285375566795e-05,0,0.00022982848167885095,0,0.00017046809080056846,0
0,3,1.853732895739099e-05,0,0.0,0,5.732855242968071e-06,0,2.1026035665248365e-05,0,1.018925801396756e-05,0,4.779902155860327e-05,0,2.9050695957266726e-05,0
0,1,0.02627975170743224,0,0.02,0,0.00015712238382548094,0,4.452467024554797e-05,0,3.867015660018688e-06,0,0.00010285741882398725,0,0.00023238526773639023,0
0,5,3.040918935849951e-09,0,0.0,0,1.498657638876466e-06,0,2.1523910950131368e-05,0,1.1738791321559548e-08,0,5.6573380788904615e-06,0,1.2981662621314172e-05,0
0,4,6.777560296976409e-08,0,0.0,0,2.752102773229126e-06,0,2.1328882317770274e-05,0,9.826574508936339e-09,0,5.267918368190294e-06,0,1.3019323887419887e-05,0
0,3,1.840374265297845e-06,0,0.0,0,1.9228431483497843e-05,0,2.1096255282099868e-05,0,2.3972744289904876e-06,0,3.864305472234264e-05,0,5.487607995746657e-05,0
0,4,0.025841255491218396,0,0.05,0,0.0004221290291752666,0,0.0002197058285676907,0,0.14563860816748084,0,0.0035280915908515453,0,0.0007286337204277515,0
0,3,0.0026595574697547172,0,0.0,0,0.00018437643302604556,0,3.41823383564922e-05,0,4.659524688356608e-06,0,0.0006685972912237048,0,0.00026802843785844743,0
0,1,0.08716677444098891,0,0.04,0,0.00011991490464424714,0,8.659198089911615e-05,0,0.0007881640866665062,0,0.0009092317195609212,0,0.0007962681702338159,0
0,5,0.00012066355617979931,0,0.0,0,1.3898074030294083e-05,0,2.1507023608869785e-05,0,1.7604994495414966e-07,0,8.275015716208145e-06,0,1.5164190699579194e-05,0
0,3,0.0061485826886236074,0,0.01,0,0.00015848351176828146,0,3.193836953102364e-05,0,5.65380581660707e-06,0,0.0015773350605741143,0,0.00108957733027637,0
0,3,1.33389762426716e-08,0,0.01,0,5.520989361684769e-06,0,2.152014782596622e-05,0,4.803526069138781e-08,0,1.2241759577591438e-05,0,1.5711881133029237e-05,0
0,4,0.1891268852356672,0,0.01,0,0.00020545735605992377,0,0.00012124439902442368,0,4.666751530311654e-05,0,0.01769859343767166,0,0.003838570788502693,0
0,2,9.149172975395287e-05,0,0.0,0,6.78716844504379e-07,0,2.0292496104741504e-05,0,3.619429313338887e-08,0,3.3032883948180825e-05,0,5.106693788548e-05,0
0,2,1.319217979392902e-05,0,0.0,0,5.690672423952492e-06,0,2.117797534498003e-05,0,4.9268405535741134e-08,0,7.031004770396976e-06,0,1.3425231372821145e-05,0
0,5,0.001419642632679573,0,0.0,0,0.0001623970892978832,0,2.1314880593164396e-05,0,1.8743258970657662e-05,0,0.00014329614350572228,0,0.00011665322381304577,0
0,4,0.00011687578401158976,0,0.0,0,4.428123793331906e-05,0,9.396600297175391e-05,0,1.3078356079657899e-05,0,0.00020095099171157926,0,0.00028910653782077134,0
0,2,0.10809141586182501,0,0.0,0,2.53686448559165e-05,0,2.3610018180247383e-05,0,0.00039906886043455865,0,0.0002969644556287676,0,0.0002720126649364829,0
0,1,0.009991334586025614,0,0.01,0,0.013448047451674938,0,0.001691517803806015,0,0.0004625520913373172,0,0.0021334753837436438,0,0.0009573528659529984,0
0,5,9.08651902703453e-07,0,0.0,0,3.946745709981769e-05,0,2.1287351767860166e-05,0,2.198418879418334e-07,0,1.5720512237749062e-05,0,1.839799551817123e-05,0
0,3,2.8934734190513197e-07,0,0.0,0,7.302448921109317e-06,0,2.4877286952379907e-05,0,1.1302345953984139e-07,0,9.828648217080627e-06,0,1.3571571798820514e-05,0
0,1,3.146914745222307e-07,0,0.0,0,7.0028363552410156e-06,0,2.10349763471264e-05,0,1.72871981860093e-08,0,4.8810552470968105e-06,0,1.3225227121438365e-05,0
0,3,6.7095844398548e-07,0,0.01,0,2.528934601286892e-05,0,2.1427948664176003e-05,0,1.2610170854372254e-06,0,2.46236286329804e-05,0,2.7329610020387918e-05,0
0,4,0.07375836080073188,0,0.0,0,0.0003254745970480144,0,6.231153225723886e-05,0,0.0015141604366522795,0,0.001010905485600233,0,0.0010614972561597824,0
0,4,0.001173928915082172,0,0.0,0,9.063249308383092e-05,0,2.7164769410474714e-05,0,0.010133185370870785,0,0.00032542701228521764,0,0.0007737237610854208,0
0,4,0.006120954297943073,0,0.02,0,0.00013846068759448826,0,2.2924534705231534e-05,0,1.3060648316158504e-07,0,0.0026952330954372883,0,0.0002717818133533001,0
0,3,0.0002625850429928509,0,0.0,0,1.2238201634318102e-05,0,2.115810688015327e-05,0,2.761935254711922e-07,0,1.1190046279807575e-05,0,1.7544407455716282e-05,0
0,1,2.5934333212980695e-05,0,0.0,0,8.979975063994061e-06,0,2.0834817240537932e-05,0,1.5812158126729952e-06,0,1.9393015463720076e-05,0,3.930080129066482e-05,0
0,5,0.00022504742740551533,0,0.0,0,1.4993643162597436e-05,0,3.076465734251744e-05,0,2.084972477129171e-05,0,2.207071338489186e-05,0,2.4753098841756582e-05,0
0,5,0.020712727157382847,0,0.0,0,5.169912401470356e-05,0,2.862152260304504e-05,0,4.170819912442432e-06,0,6.962351471884176e-05,0,0.0003464152687229216,0
0,3,1.8157784801302323e-05,0,0.0,0,2.4258655685116537e-05,0,1.958947634777761e-05,0,1.2041388926904757e-06,0,2.746427162492182e-05,0,3.3661359339021146e-05,0
0,3,1.5962022554921737e-07,0,0.0,0,6.170028427732177e-06,0,2.144788646591449e-05,0,1.7773340305302154e-07,0,1.02409758255817e-05,0,1.4300480870588217e-05,0
0,4,2.813718677292468e-08,0,0.01,0,1.5139309653022792e-05,0,3.954268139919087e-05,0,1.691960590016447e-05,0,6.986971129663289e-06,0,1.6402473193011247e-05,0
0,3,7.834704900379596e-06,0,0.01,0,1.0401740837551188e-05,0,3.221550827343765e-05,0,1.011985373887157e-06,0,0.00044475984759628773,0,0.0002551564248278737,0
0,1,0.16417208435157618,0,0.03,0,0.00012059386062901467,0,0.00016376010051555266,0,0.0014706156286962966,0,0.0033362237736582756,0,0.0023129021283239126,0
0,2,1.4506127887889872e-05,0,0.0,0,6.087552719691303e-06,0,2.0420336369507952e-05,0,1.3340793302143991e-06,0,6.588201358681545e-06,0,1.337503272225149e-05,0
0,2,6.68152013217757e-05,0,0.0,0,5.014386624679901e-05,0,2.1113095187681114e-05,0,4.538358999907214e-06,0,1.6182821127586067e-05,0,2.0441162632778287e-05,0
0,5,0.004728787089305112,0,0.0,0,9.411232895217836e-05,0,2.1434906473039746e-05,0,4.7619874626938813e-07,0,2.359951031394303e-05,0,2.406280873401556e-05,0
0,5,2.6830027274973362e-05,0,0.01,0,2.2004318452673033e-05,0,2.158317177717932e-05,0,5.217485929593182e-07,0,9.180382221529726e-06,0,1.319799957855139e-05,0
0,2,6.285391835226623e-07,0,0.0,0,2.8102665510232328e-06,0,2.0056380991768888e-05,0,8.482055309762795e-07,0,7.248481324495515e-06,0,1.6189280358958058e-05,0
0,2,8.464433505689233e-05,0,0.0,0,0.00044125711428932846,0,5.156192562921428e-05,0,1.354941534902217e-05,0,0.0003221253282390535,0,7.718289270997047e-05,0
0,3,8.586750019844553e-07,0,0.0,0,3.460866992099909e-06,0,2.119180662572839e-05,0,3.2026805835130415e-07,0,1.050989612849662e-05,0,1.3955959730083123e-05,0
0,5,0.0002698442448729525,0,0.0,0,2.660105792529066e-06,0,2.1225479613990037e-05,0,5.292927604284198e-08,0,4.755851477966644e-06,0,1.2981662621314172e-05,0
0,4,0.0002587595815970807,0,0.0,0,2.069507900159806e-06,0,2.0212536211704113e-05,0,9.50507207681986e-06,0,8.446301762887742e-06,0,1.4189863577485085e-05,0
0,1,0.03398497849311079,0,0.02,0,0.002820664783939719,0,0.001885221468288051,0,0.02591967826313755,0,0.004157891031354666,0,0.002121193567290902,0
0,5,0.032608522513635774,0,0.0,0,1.16251776489662e-05,0,4.4521193384272804e-05,0,0.00019857871746114066,0,0.0004253084771335125,0,0.00017624316387809813,0
0,2,5.802669375968253e-05,0,0.0,0,0.00010835289867827669,0,5.596915636011427e-05,0,8.854979247810875e-05,0,0.00043669011211022735,0,0.0006824870361015201,0
0,1,0.00042207220067927204,0,0.0,0,4.8653269004717e-06,0,2.399177594993757e-05,0,3.951472284160836e-06,0,1.8391672711004503e-05,0,0.00010849639511434361,0
0,5,0.0010262454987153037,0,0.01,0,0.0001807478111004457,0,3.501551490929805e-05,0,7.4391162603251e-07,0,0.0003690205339808017,0,0.0005177065613679588,0
0,3,0.00047261765033620063,0,0.0,0,1.2649615200643893e-05,0,5.9275675633830666e-05,0,3.05771360931657e-05,0,0.0007994473562575877,0,0.0003220358048565686,0
0,2,1.0014587846322123e-07,0,0.01,0,1.162571061286144e-05,0,2.116190586498613e-05,0,2.9354077602765176e-08,0,1.03654783742968e-05,0,1.4251440006773919e-05,0
0,5,6.834035002633414e-08,0,0.0,0,8.873825208866037e-06,0,2.150983724805208e-05,0,8.74929094091512e-08,0,8.510837687936146e-06,0,1.2981662621314172e-05,0
0,4,0.7003286416355032,0,0.0,0,0.00019373578834347427,0,2.402210951235737e-05,0,0.00012120328522346686,0,0.002088813344016671,0,0.0013935824390500784,0
0,5,0.002699108297656149,0,0.0,0,2.3391095965052955e-05,0,3.7400206569262835e-05,0,9.623389843878929e-07,0,0.00019576911290641874,0,0.00010676559031708166,0
0,1,0.0021859592880544773,0,0.04,0,0.0007402977789752185,0,6.243799241263056e-05,0,6.879927375466485e-05,0,0.01672627218067646,0,0.013460073620080948,0
0,5,0.0003523077119413893,0,0.01,0,0.00010418948659207672,0,2.5572566070724107e-05,0,8.069053996482085e-06,0,0.0006453731330111623,0,0.0006250164587981999,0
0,4,0.00045514912274015996,0,0.0,0,7.477110921172425e-05,0,2.8877314755120464e-05,0,6.363067169199213e-07,0,1.053038977261167e-05,0,1.5488763892790303e-05,0
0,1,0.007805710222220606,0,0.0,0,2.9575052394648083e-05,0,2.101220178752854e-05,0,9.210498832444315e-06,0,0.0002476134686730802,0,0.0004494909371715039,0
0,4,0.004431953107813585,0,0.0,0,7.189439202193171e-05,0,3.075159590541297e-05,0,5.0577223358134906e-06,0,8.015502680791542e-05,0,0.0002986649633385241,0
0,2,2.0749956933659856e-05,0,0.0,0,5.135173341841437e-05,0,2.693279308580104e-05,0,1.574131517050884e-06,0,1.0100581675942522e-05,0,1.7180467693833634e-05,0
0,5,2.2623523606893964e-06,0,0.0,0,9.897815471049398e-05,0,2.160842432201812e-05,0,2.730512748805249e-07,0,1.3533550372812897e-05,0,1.4964663932914846e-05,0
0,3,3.7350362129921014e-05,0,0.02,0,0.000944582570809871,0,8.733681161350658e-05,0,1.9819532947379043e-05,0,3.2247378840111196e-05,0,6.987319648033008e-05,0
0,2,0.010214751081512546,0,0.0,0,0.00032616485259495676,0,0.00048037443777724815,0,0.00014213564277634405,0,0.0019397158175706863,0,0.0025942956563085318,0
0,1,0.6565785571499053,0,0.08,0,0.009085900150239468,0,0.0024907296625373758,0,0.0004004109942367558,0,0.014915415085852146,0,0.1978645920753479,1
0,1,0.00011744106880564895,0,0.01,0,2.539791057643015e-05,0,2.484989020042629e-05,0,9.35907549063663e-06,0,2.688922904781066e-05,0,4.431670095073059e-05,0
0,5,0.0001399340006740947,0,0.0,0,3.0923401936888695e-05,0,2.1502430146776066e-05,0,2.710747960703904e-07,0,8.718602657609154e-06,0,1.3130107618053444e-05,0
0,2,3.374896741408389e-05,0,0.0,0,1.6350286387023516e-05,0,2.004497582723265e-05,0,4.013758514939113e-06,0,6.735660281265154e-05,0,6.359276449074969e-05,0
0,5,0.00382849709018481,0,0.0,0,2.754829802142922e-05,0,2.4150867233114803e-05,0,0.0013185433692409244,0,0.0002893916389439255,0,0.0003766475128941238,0
0,1,6.74389548154571e-07,0,0.0,0,1.089945999410702e-05,0,2.173375931213123e-05,0,2.5182775830961624e-07,0,3.667116106953472e-05,0,0.00016147858696058393,0
0,4,0.45005268302248197,0,0.03,0,0.002742503769695759,0,0.01786995930403012,0,0.04488403767220112,0,0.012437177821993828,0,0.08591129630804062,0
0,4,0.0014684371494434957,0,0.0,0,9.732031685416587e-06,0,4.8813268320873944e-05,0,1.130229978964967e-05,0,3.1544950616080314e-05,0,4.614654608303681e-05,0
0,4,0.0775003121250939,0,0.02,0,6.38882047496736e-05,0,3.165698156088786e-05,0,3.73173238557479e-05,0,0.001130227348767221,0,0.0017075544456019998,0
0,3,0.0006094962058807495,0,0.02,0,0.0004064322274643928,0,0.00022459436840952825,0,0.003806588459072421,0,0.021743863821029663,0,0.015143334865570068,0
0,1,0.12662553221240658,0,0.03,0,0.00028184024267829955,0,0.0002050606391765076,0,0.04900142172534453,0,0.008089953102171421,0,0.006551568396389484,0
0,1,0.047003395626481585,0,0.03,0,0.0009184613591060042,0,8.707471147849256e-05,0,0.0001500188584930463,0,0.0075795408338308334,0,0.00753469904884696,0
0,1,0.815324115149682,0,0.01,0,0.00010540815856074914,0,2.4953986541477836e-05,0,4.801036227726319e-05,0,0.0027390439063310623,0,0.008808275684714317,0
0,1,2.7825891971384112e-05,0,0.0,0,0.0007125274860300124,0,6.220384970012283e-05,0,7.343636764661654e-05,0,0.0004031475691590458,0,0.000767232442740351,0
0,4,5.52388681590113e-06,0,0.01,0,0.00019989049178548157,0,8.712402337703058e-05,0,3.497167600386307e-06,0,1.4163570995151531e-05,0,1.6699632396921515e-05,0
0,3,2.8464661908572064e-06,0,0.0,0,1.0631037184793968e-05,0,2.0961200719688308e-05,0,4.935563358112971e-07,0,1.3400444913713727e-05,0,1.6317741028615274e-05,0
0,5,0.07622611795413314,0,0.03,0,4.609384268405847e-05,0,3.6062477965264204e-05,0,0.008313924495256331,0,0.006001712288707495,0,0.0022053548600524664,0
0,2,0.08080283742235987,0,0.01,0,3.402121728868224e-05,0,4.804186711405488e-05,0,3.7306809184044143e-05,0,0.0020290992688387632,0,0.001644875854253769,0
0,5,2.2505455092311037e-10,0,0.0,0,3.936408756999299e-05,0,2.1511689037451707e-05,0,3.980239661732916e-08,0,6.097593541198876e-06,0,1.2981662621314172e-05,0
0,5,0.0011174407530965926,0,0.02,0,6.416045653168112e-05,0,3.416616218794951e-05,0,8.797910432328491e-05,0,0.0007354785921052098,0,0.0009012751979753375,0
0,5,0.0009742265637605891,0,0.01,0,3.6648732930189e-05,0,2.3874497748675337e-05,0,4.128117755147314e-05,0,2.312083961442113e-05,0,4.022820940008387e-05,0
0,4,0.007426770847043988,0,0.01,0,9.624483209336177e-05,0,2.409716621569589e-05,0,6.637303501859828e-06,0,2.9403561711660586e-05,0,8.648897346574813e-05,0
0,4,5.589454115229212e-07,0,0.02,0,3.825800013146363e-05,0,2.4156853495845275e-05,0,1.9448014800300983e-06,0,2.6566980523057282e-05,0,1.6163532563950866e-05,0
0,1,0.005089252556318456,0,0.0,0,2.3264603441930376e-05,0,4.1035031327919957e-05,0,1.185819556075578e-06,0,2.1005471353419125e-05,0,0.00010193646448897198,0
0,3,1.0771468468378026e-08,0,0.0,0,9.132149716606364e-05,0,6.29313106457328e-05,0,6.607237722703375e-07,0,2.2717862520948984e-05,0,2.133728048647754e-05,0
0,5,0.20126227843607766,0,0.0,0,6.161038072605152e-06,0,2.115225452197918e-05,0,3.33327339340765e-07,0,5.625481571769342e-05,0,0.0002110138739226386,0
0,1,0.00033412595535887,0,0.0,0,4.172275112068746e-06,0,3.2949067928814855e-05,0,3.0014504304680126e-05,0,9.8627997431322e-06,0,4.402394552016631e-05,0
0,4,0.0003756919034923984,0,0.01,0,9.705328557174653e-05,0,8.133423564604948e-05,0,2.843836700706099e-05,0,7.410954276565462e-05,0,0.0017983205616474152,0
0,4,0.0002931909512673026,0,0.04,0,1.5765939679113217e-05,0,6.441296656941254e-05,0,2.3736932144149538e-05,0,0.0008303093491122127,0,0.0010408003581687808,0
0,5,0.004645432614479885,0,0.01,0,0.00038309910451062024,0,0.00020645606063931702,0,2.7968641641266e-05,0,0.002513705752789974,0,0.0014026077697053552,0
0,1,0.21770280481383264,0,0.02,0,0.0009108060621656477,0,8.779388044263871e-05,0,1.3454364617648896e-05,0,0.004815221298485994,0,0.0033103874884545803,0
0,4,0.006144105398963373,0,0.0,0,1.208744834002573e-05,0,2.327412009606399e-05,0,1.1955235696744943e-06,0,0.00022097531473264098,0,0.0002272213314427063,0
0,4,0.015864777183762998,0,0.0,0,2.261146073578857e-05,0,3.863557955518771e-05,0,0.00015221951070354848,0,0.0001348866062471643,0,0.0004146641003899276,0
0,2,4.074802939815981e-08,0,0.0,0,6.046763883205131e-05,0,2.115105609622232e-05,0,1.511958264693419e-08,0,7.744823960820213e-06,0,1.4498449672828428e-05,0
0,2,1.2280451764555922e-05,0,0.0,0,1.1076548616983928e-05,0,2.116190586498613e-05,0,1.2344967637742473e-08,0,9.19609192351345e-06,0,1.397104006173322e-05,0
0,4,0.21029633968581382,0,0.01,0,0.0010368890361860394,0,9.929140362327065e-05,0,0.00202257456523862,0,0.0014181839069351554,0,0.002403734950348735,0
0,1,1.7856278351573504e-05,0,0.0,0,2.4725522962398827e-05,0,3.463399585359766e-05,0,2.285023812617761e-06,0,2.9426035325741395e-05,0,4.196399459033273e-05,0
0,4,6.036733699614824e-08,0,0.0,0,6.9476914177357685e-06,0,2.1325926656708825e-05,0,2.643084642159781e-08,0,5.020041498937644e-06,0,1.3255224985186942e-05,0
0,3,0.0002544282126255377,0,0.0,0,5.961236183793517e-06,0,2.136044426119619e-05,0,5.089078045377151e-07,0,2.018325903918594e-05,0,3.0547729693353176e-05,0
0,4,0.0005028402190599645,0,0.01,0,1.0155052223126404e-05,0,2.0519719415977895e-05,0,1.9879441464175922e-05,0,0.0001416262675775215,0,0.0003567530948203057,0
0,1,2.023322064753962e-07,0,0.0,0,8.515007721143775e-06,0,2.123183610264642e-05,0,5.622207134843026e-08,0,4.252458893461153e-06,0,1.3439360373013187e-05,0
0,5,0.05638047880332184,0,0.01,0,2.4183009372791275e-05,0,2.5522429117532117e-05,0,5.001209397579706e-07,0,3.2472227758262306e-05,0,3.651829683803953e-05,0
0,4,6.58601719731052e-05,0,0.0,0,1.1910838111361954e-05,0,2.850524691721402e-05,0,1.0531080371058224e-05,0,8.533351501682773e-05,0,5.499491817317903e-05,0
0,1,0.0008975829845784399,0,0.0,0,6.09735470789019e-05,0,4.533392571012735e-05,0,1.311170333470648e-06,0,6.171350105432793e-05,0,0.00015704908582847565,0
0,5,1.831051081590394e-05,0,0.0,0,3.1141120416577905e-05,0,2.1462329899338975e-05,0,5.278599575321832e-07,0,1.6459613107144833e-05,0,1.5930207155179232e-05,0
0,5,0.00025250064413939006,0,0.01,0,9.6160511020571e-07,0,2.4742804446366116e-05,0,3.096998862190084e-07,0,1.339026857749559e-05,0,2.0428691641427577e-05,0
0,3,0.008570941684470907,0,0.0,0,0.00015146206715144217,0,6.436436981914885e-05,0,0.00029184580007644053,0,0.0008714736322872341,0,0.004739721305668354,0
0,3,2.721799673425436e-06,0,0.0,0,3.2490149806108093e-06,0,2.1515396032904218e-05,0,7.129723679827411e-08,0,1.59401934070047e-05,0,1.3640381439472549e-05,0
0,3,0.002417949321171329,0,0.0,0,6.938321894267574e-05,0,2.5261672313423806e-05,0,6.78732398518789e-05,0,0.0006210959982126951,0,8.49187999847345e-05,0
0,4,3.507857413640784e-06,0,0.0,0,1.2647565199586097e-05,0,7.444152339704832e-05,0,0.00014695909358247808,0,0.00027554266853258014,0,0.00015427533071488142,0
0,1,0.0030972208345241077,0,0.0,0,3.4621214126673294e-06,0,2.067666321992367e-05,0,6.268950311159697e-07,0,9.701354429125786e-06,0,2.0945790311088786e-05,0
0,1,0.012214006312964792,0,0.01,0,1.8268263374920934e-05,0,2.0931645479357874e-05,0,2.142498147838092e-05,0,0.00020557343668770045,0,0.00044786831131204963,0
0,5,0.9986287608859701,1,0.15,1,0.6778769493103027,1,0.4033342248978797,1,0.11002839252021548,0,0.08717565983533859,0,0.3603955805301666,1
0,3,0.0002231712617498255,0,0.01,0,0.00011616089614108205,0,5.3328369324077934e-05,0,1.1259937472584686e-05,0,0.00034039048478007317,0,0.0005157177802175283,0
0,1,0.00020765965465238087,0,0.01,0,1.80721290234942e-05,0,2.221631445663365e-05,0,4.8784191136080364e-05,0,0.00011187022755621001,0,0.00017682966426946223,0
0,4,0.00022846076099667097,0,0.0,0,0.0001680017594480887,0,3.416848361783737e-05,0,5.911761714230826e-07,0,0.00013996206689625978,0,0.00013315836258698255,0
0,2,0.035190331263793506,0,0.0,0,1.3256775673653465e-05,0,2.0338169472995405e-05,0,6.875473904195074e-05,0,0.00011370781430741772,0,8.620186417829245e-05,0
0,5,0.9834078152194209,0,0.0,0,0.0002458591479808092,0,9.52029512003738e-05,0,0.00981099131184552,0,0.00779177900403738,0,0.009443956427276134,0
0,2,0.0017697536556063017,0,0.0,0,3.923894473700784e-05,0,2.4018833000291066e-05,0,3.7049413638111e-05,0,0.0002663074410520494,0,0.0002452739281579852,0
0,1,1.2371408043177714e-06,0,0.0,0,6.619748546654591e-06,0,2.9230915418453076e-05,0,7.023351987045821e-08,0,4.515548425843008e-06,0,1.5096155038918369e-05,0
0,4,8.564346571676074e-05,0,0.02,0,1.654189509281423e-05,0,2.615910585764111e-05,0,0.0002167173194685846,0,2.8066437153029256e-05,0,4.627098678611219e-05,0
0,1,0.009834730218395338,0,0.02,0,0.00012742351100314409,0,6.608196002350573e-05,0,1.5567698630382254e-06,0,0.00022246813750825822,0,0.00042111039510928094,0
0,4,5.484876685302071e-05,0,0.01,0,0.00012434256495907903,0,5.208653816936266e-05,0,3.374332693566911e-07,0,1.2981633517483715e-05,0,1.593557135493029e-05,0
0,1,0.11965757780168355,0,0.02,0,4.296161569072865e-05,0,3.2037552616452895e-05,0,0.002949112980413286,0,0.0005241184844635427,0,0.002420517848804593,0
0,5,0.850097417309715,0,0.01,0,0.003843597136437893,0,0.0002870394230446165,0,0.04624227521236139,0,0.003772404743358493,0,0.005499664694070816,0
0,3,0.0017031581518467459,0,0.0,0,4.147557046962902e-05,0,3.863371710967655e-05,0,3.774731466330295e-05,0,0.0002863475529011339,0,0.00039945286698639393,0
0,3,0.0003253162251285,0,0.0,0,3.180962085025385e-05,0,2.476926379428487e-05,0,1.8337948477551925e-07,0,2.9691185773117468e-05,0,6.832885992480442e-05,0
0,4,0.0016191593234189316,0,0.01,0,0.00040975803858600557,0,3.5355017215167235e-05,0,0.00034781403812085326,0,0.0004084662941750139,0,0.0001050662249326706,0
0,2,1.9041369604736245e-06,0,0.0,0,3.710653982125223e-05,0,2.4903602382896858e-05,0,6.187374404369005e-07,0,7.595209808641812e-06,0,1.433130819350481e-05,0
0,5,0.0018856814881773635,0,0.01,0,0.000904901884496212,0,6.215072585670091e-05,0,0.0002833264605075162,0,0.0005106297903694212,0,0.00046135205775499344,0
0,5,1.4304215504072555e-06,0,0.0,0,1.3376543392951135e-05,0,2.152781751029657e-05,0,3.0965994077560994e-07,0,6.496910827991087e-06,0,1.2981662621314172e-05,0
0,5,1.006929447347358e-06,0,0.01,0,0.00017708016093820333,0,0.0005790715311040941,0,0.0006964772558957832,0,0.026402544230222702,0,0.0454464927315712,0
0,4,0.0011307687180290174,0,0.05,0,0.0019985930994153023,0,0.00012077966633186022,0,0.00016888832462141884,0,0.003786188317462802,0,0.0041948300786316395,0
0,5,0.0063514927030877385,0,0.0,0,0.00017425548867322505,0,2.159544433847641e-05,0,1.1973822367504681e-06,0,4.70570485049393e-05,0,4.914428427582607e-05,0
0,5,4.85439366842472e-05,0,0.01,0,2.2725167582393624e-05,0,2.7833238721996295e-05,0,2.736052811466659e-05,0,1.9077178876614198e-05,0,2.561319706728682e-05,0
0,5,9.90842338379947e-10,0,0.0,0,1.2041691661579534e-05,0,2.1454345254119932e-05,0,3.1928283185986924e-07,0,5.692373088095337e-05,0,3.8540263631148264e-05,0
0,1,0.042862083794130194,0,0.0,0,2.8690172257483937e-05,0,2.1043761585935638e-05,0,3.749647171804866e-05,0,0.0003253238392062485,0,0.00021485039906110615,0
0,5,0.10219849872742366,0,0.02,0,0.00010292628576280549,0,4.951153931988593e-05,0,0.0003004983374540459,0,0.020853765308856964,0,0.015890073031187057,0
0,5,2.0231718993996942e-05,0,0.02,0,5.84510707994923e-05,0,5.7355495162030555e-05,0,1.6616084105315792e-05,0,9.400579074281268e-06,0,2.628234142321162e-05,0
0,1,0.00016006648907917334,0,0.01,0,2.9734270356129855e-05,0,3.271260701979393e-05,0,1.372082596636026e-05,0,3.591359200072475e-05,0,0.00013549865980166942,0
0,5,4.653227194394193e-05,0,0.0,0,0.00044438379700295627,0,0.00017460702789237023,0,0.0006215563127859302,0,9.051937377080321e-05,0,0.00041225814493373036,0
0,4,3.1602490069992447e-06,0,0.0,0,3.1398831197293475e-06,0,2.4775277746885345e-05,0,1.830146068421353e-07,0,1.2507497558544856e-05,0,1.5560259271296673e-05,0
0,1,3.421542103968052e-07,0,0.0,0,7.471451681340113e-06,0,3.45701575754132e-05,0,9.318148293154096e-08,0,3.7140180211281404e-06,0,1.329494989477098e-05,0
0,2,0.32746885641141715,0,0.01,0,0.00038011642755009234,0,4.038608491027055e-05,0,0.0068043592528744855,0,0.004110598471015692,0,0.0012231802102178335,0
0,4,0.030767943989525398,0,0.01,0,0.00023282153415493667,0,0.005306591988155394,0,0.0013552046561617957,0,0.0010104239918291569,0,0.007435874082148075,0
0,3,1.598612590435841e-06,0,0.01,0,1.0156456482945941e-05,0,3.140360349023811e-05,0,3.2298815183532417e-07,0,2.127956395270303e-05,0,1.6968799172900617e-05,0
0,4,0.14942695964878644,0,0.02,0,1.007635273708729e-05,0,4.2681179230715935e-05,0,0.0009542130551278546,0,0.002261146903038025,0,0.0041056787595152855,0
0,2,0.07325176741491067,0,0.0,0,0.0002950915659312159,0,6.111858212447837e-05,0,0.0005542334326854532,0,0.0016382577596232295,0,0.0017154875677078962,0
0,5,0.00036877897972356286,0,0.0,0,2.355493234063033e-05,0,2.991289624984648e-05,0,7.967326232534812e-05,0,0.0012475468683987856,0,0.000781560258474201,0
0,3,2.7351485040916338e-06,0,0.0,0,3.6603844364435645e-06,0,2.1478126818770434e-05,0,8.971398866841744e-08,0,8.052146768022794e-06,0,1.303818771702936e-05,0
0,3,7.799844661673287e-07,0,0.0,0,1.1170813195349183e-05,0,2.5283333291234436e-05,0,1.4450623482122289e-07,0,9.249285540136043e-06,0,1.3403867342276499e-05,0
0,2,0.0020619575789199854,0,0.01,0,1.3162006325728726e-05,0,2.0302855687302956e-05,0,1.854645519583732e-05,0,4.700510544353165e-05,0,7.610237662447616e-05,0
0,2,8.067270115781138e-05,0,0.01,0,6.080446109990589e-05,0,2.117190066297102e-05,0,2.8963666834108294e-07,0,7.958932656038087e-06,0,1.4453427866101265e-05,0
0,4,0.0002305738589589475,0,0.0,0,2.406381827313453e-05,0,2.8393401813334437e-05,0,5.144449383252583e-05,0,9.956031135516241e-06,0,3.167071918142028e-05,0
0,4,0.004624703308267607,0,0.02,0,0.0026035653427243233,0,0.004025266408354272,0,0.0010996533347635649,0,0.002537075662985444,0,0.0021729448344558477,0
0,3,0.3216945556794289,0,0.0,0,0.00013666639279108495,0,2.4493823028996556e-05,0,5.361703879758248e-06,0,0.0005144149181433022,0,0.00021873082732781768,0
0,2,9.00572032500075e-08,0,0.0,0,2.1997122530592605e-05,0,2.117797534498003e-05,0,9.020825087525532e-07,0,7.670118975511286e-06,0,1.2981662621314172e-05,0
0,4,0.028845542542518685,0,0.0,0,9.850566857494414e-05,0,2.419499265104765e-05,0,5.2844231762020265e-05,0,0.00013703893637284636,0,8.124438318191096e-05,0
0,4,5.355213083838362e-07,0,0.0,0,2.756840331130661e-05,0,2.0265683152766805e-05,0,1.5126410578529141e-05,0,5.214793418417685e-06,0,1.5862595319049433e-05,0
0,4,9.603458044169038e-07,0,0.0,0,0.00014333461876958609,0,2.5343408694498933e-05,0,3.957478389117576e-07,0,1.8966913557960652e-05,0,3.0802802939433604e-05,0
0,4,0.03794066038214783,0,0.0,0,1.2450023859855719e-05,0,4.0839442185533286e-05,0,7.812112739437502e-06,0,0.0010601201793178916,0,0.002086648251861334,0
0,5,5.494990182106077e-06,0,0.0,0,3.59527584805619e-05,0,2.8448843253793292e-05,0,6.115242212102946e-07,0,9.569584108248819e-06,0,3.265205668867566e-05,0
0,4,0.34143480667424925,0,0.02,0,0.0004778747970703989,0,3.687773280391787e-05,0,6.25877748420277e-05,0,0.0013374524423852563,0,0.0017053778283298016,0
0,1,0.00038539622190959116,0,0.0,0,3.225837417630828e-06,0,7.756648037254107e-05,0,5.220743773758306e-07,0,0.0002749034611042589,0,0.00039572748937644064,0
0,3,0.00011212448474564355,0,0.0,0,1.2610289559233934e-05,0,2.5290653045873932e-05,0,4.613016961990173e-06,0,0.00010856119479285553,0,0.00015279646322596818,0
0,5,1.289790093019007e-06,0,0.0,0,9.053789653989952e-06,0,2.1391823341885967e-05,0,2.8889760523961315e-08,0,4.8848460210138e-06,0,1.3313931958691683e-05,0
0,1,7.072724016717938e-06,0,0.0,0,2.409941407677252e-05,0,2.5075995476926514e-05,0,4.0544922253076694e-07,0,2.323678563698195e-05,0,2.3878525098552927e-05,0
0,4,4.391070903263071e-06,0,0.0,0,8.831881132209674e-06,0,2.131270580033367e-05,0,1.8757358400904207e-08,0,7.479024134227075e-06,0,1.4735126569576096e-05,0
0,3,0.0023117350325396915,0,0.0,0,2.0337296518846415e-05,0,2.3018334108364668e-05,0,6.660028717705618e-06,0,7.369397644652054e-05,0,0.0002993629314005375,0
0,4,0.2713974980964715,0,0.06,0,0.006156472023576498,0,0.06301591506051248,1,0.008949105932420487,0,0.015360045246779919,0,0.012240014970302582,0
0,3,3.017845235288789e-05,0,0.01,0,4.163932317169383e-05,0,4.418244727569904e-05,0,1.09957255262073e-05,0,5.509237962542102e-05,0,0.00014497974188998342,0
0,1,0.0028729484581437505,0,0.0,0,2.353099625906907e-05,0,2.47210282696804e-05,0,3.082112318853084e-05,0,0.00022255039948504418,0,0.0003966873628087342,0
0,2,0.0032294436222802536,0,0.0,0,0.00033855324727483094,0,2.3189360533229327e-05,0,9.902758086653338e-05,0,0.0001899689232232049,0,9.34003182919696e-05,0
0,1,0.0003580537956069599,0,0.0,0,7.937311238492839e-06,0,2.692036228563247e-05,0,1.048857064388236e-05,0,4.290337528800592e-05,0,0.00018947466742247343,0
0,4,0.0005400618360488343,0,0.01,0,6.254399340832606e-05,0,2.020634914058622e-05,0,5.648653622670816e-07,0,8.19495107862167e-05,0,9.584819781593978e-05,0
0,5,3.424223987476696e-07,0,0.0,0,1.1056633411499206e-05,0,2.160774654107996e-05,0,9.782299463546914e-08,0,5.401839644036954e-06,0,1.2981662621314172e-05,0
0,3,0.004173927145522584,0,0.01,0,6.113896233728155e-05,0,5.040629529877448e-05,0,3.3786945323269606e-05,0,0.0002801066148094833,0,6.429562927223742e-05,0
0,5,0.0006788824756697796,0,0.0,0,0.0002635032287798822,0,4.3220296335740346e-05,0,4.757216426944103e-06,0,3.462239692453295e-05,0,7.072737207636237e-05,0
0,3,0.3118093059219457,0,0.02,0,0.0005067496676929295,0,9.426906342927441e-05,0,0.0055503460650307744,0,0.0032369433902204037,0,0.001545711886137724,0
0,1,0.00037215749428607764,0,0.0,0,2.877072438423056e-05,0,8.213096928172863e-05,0,4.088348895541738e-05,0,0.00013053638394922018,0,0.00021664262749254704,0
0,3,0.00011887815697055153,0,0.0,0,3.6459477996686473e-05,0,2.112680452022222e-05,0,8.138630077084998e-07,0,2.7233521905145608e-05,0,2.4271115762530826e-05,0
0,1,0.001104333606479363,0,0.0,0,7.163079317251686e-06,0,2.5794871111300085e-05,0,1.8649603750112516e-06,0,0.0003721577813848853,0,0.0007665444281883538,0
0,1,5.0019959049063164e-05,0,0.0,0,1.1757152606151067e-05,0,4.799694732734033e-05,0,1.0376039177880637e-06,0,2.6444940885994583e-05,0,4.785245982930064e-05,0
0,4,1.916805689499012e-05,0,0.0,0,8.188627361960243e-06,0,3.699677902347206e-05,0,6.487170547673075e-07,0,1.8639100744621828e-05,0,2.7125966880703345e-05,0
0,5,1.3675069103773566e-07,0,0.0,0,0.00010479240154381841,0,4.1522515104140826e-05,0,4.55009889044553e-05,0,0.00011468162119854242,0,4.4900942157255486e-05,0
0,5,0.002479430439754851,0,0.0,0,0.0003585725207813084,0,8.461006586094709e-05,0,5.7817038487320495e-06,0,0.0001209657930303365,0,8.704571519047022e-05,0
0,4,5.0228143794193e-06,0,0.02,0,3.645176184363663e-05,0,2.4805440759066015e-05,0,4.494396732624618e-07,0,7.562945029349066e-06,0,1.3876966477255337e-05,0
0,5,0.1446440940448923,0,0.01,0,0.0018987952498719096,0,0.00016681561423168253,0,2.1666474445109328e-05,0,0.028881078585982323,0,0.004323659464716911,0
0,3,8.66302793512444e-06,0,0.0,0,2.9357670427998528e-05,0,2.1166361885892523e-05,0,5.44262732728633e-06,0,2.9869508580304682e-05,0,4.345123306848109e-05,0
0,2,5.2496654038212485e-05,0,0.0,0,1.9099805285804905e-05,0,2.116190586498613e-05,0,6.060903423603942e-08,0,6.673859388683923e-06,0,1.2981662621314172e-05,0
0,1,0.0015142564375743824,0,0.0,0,1.5985191566869617e-05,0,5.576869759926927e-05,0,2.3468654980201602e-05,0,0.00025354386889375746,0,8.969236660050228e-05,0
0,5,0.003656337467807488,0,0.0,0,9.417959518032148e-06,0,3.695365227638034e-05,0,8.164798442432271e-05,0,2.8562360967043787e-05,0,3.766142253880389e-05,0
0,3,0.0002465079432716081,0,0.0,0,1.2991396943107247e-05,0,2.8453471590211553e-05,0,5.0314780213433926e-05,0,0.0003764595021493733,0,0.00017289011157117784,0
0,1,0.009161643020793059,0,0.01,0,0.00013655098155140877,0,0.00018663097286894024,0,3.698258299557579e-05,0,0.00015277414058800787,0,0.0009696747874841094,0
0,4,0.001570115734266401,0,0.01,0,3.271590912845568e-06,0,2.0512482602878127e-05,0,3.3490046949960154e-06,0,0.0006193654262460768,0,0.0006343323038890958,0
0,3,0.0008260839526565957,0,0.0,0,7.170891331043094e-05,0,2.092400753875936e-05,0,2.5949247835318716e-05,0,0.0001021570642478764,0,0.00014904873387422413,0
0,3,0.0010019955086477332,0,0.0,0,3.466947964625433e-05,0,2.1172866714711146e-05,0,1.544017843282435e-05,0,0.00021145949722267687,0,0.0002588155912235379,0
0,5,0.0012658216948885363,0,0.0,0,1.5866376998019405e-05,0,3.7027022929801276e-05,0,8.178807860062587e-07,0,7.490068128390703e-06,0,1.573514600750059e-05,0
0,5,2.175808965163003e-05,0,0.0,0,2.9690378141822293e-05,0,2.138158746524562e-05,0,2.677610568628807e-07,0,5.887075531063601e-06,0,1.5841293134144507e-05,0
0,4,0.03473363772082235,0,0.0,0,4.9169728299602866e-05,0,5.637024950355024e-05,0,7.763439363696867e-06,0,0.00011663224722724408,0,0.0001211122507811524,0
0,3,5.211990391770572e-06,0,0.0,0,4.12702638641349e-06,0,2.8731261296220568e-05,0,4.068608855050786e-08,0,1.2758072443830315e-05,0,1.597240407136269e-05,0
0,3,0.0005781528041699782,0,0.02,0,0.0001285923644900322,0,3.595429422073992e-05,0,5.661147559623776e-07,0,3.786621891777031e-05,0,2.9457331038429402e-05,0
0,2,9.065094067590347e-06,0,0.0,0,1.1944732705160277e-06,0,2.0023800515538997e-05,0,4.14484315631274e-07,0,3.355086664669216e-05,0,0.00011085371079389006,0
0,2,8.119861851215384e-05,0,0.0,0,3.703493348439224e-06,0,2.1172978486441628e-05,0,1.1985540686743171e-08,0,6.648330327152507e-06,0,1.3032795322942548e-05,0
0,3,0.017207014071280308,0,0.0,0,2.5602257665013894e-05,0,2.7306011872195097e-05,0,5.31737745220108e-06,0,4.872160207014531e-05,0,0.00014496197400148958,0
0,3,0.17698589048981545,0,0.0,0,8.752435678616166e-05,0,4.732240641458813e-05,0,3.7515734895172975e-06,0,0.0006799856782890856,0,0.001342479488812387,0
0,3,0.02117146308355071,0,0.0,0,3.551785630406812e-05,0,2.1167592076951027e-05,0,2.1144323030937763e-06,0,7.379632006632164e-05,0,3.328899038024247e-05,0
0,1,0.5927133073510382,0,0.07,0,0.0926179438829422,0,0.0005042193184529968,0,0.07756021587625357,0,0.01995638757944107,0,0.2549401521682739,1
0,4,0.09300406168351559,0,0.01,0,0.0010741292499005795,0,5.60486172037761e-05,0,0.0038246177362766137,0,0.0013365852646529675,0,0.0026346896775066853,0
0,2,1.4398098446181674e-05,0,0.0,0,2.723834586504381e-05,0,2.814698810832231e-05,0,8.014244256500354e-07,0,0.00012417667312547565,0,0.0022717739921063185,0
0,3,0.004131398697079932,0,0.0,0,9.209175186697394e-05,0,3.099823228889285e-05,0,4.647347785658921e-05,0,0.0001831606205087155,0,0.00012748436711262912,0
0,3,6.915457456628839e-09,0,0.0,0,4.129290118726203e-06,0,2.1313418926191718e-05,0,3.362047326180676e-08,0,1.8776965589495376e-05,0,1.3518063497031108e-05,0
0,1,0.09936780188364717,0,0.02,0,0.00010043980728369206,0,0.00010234994921905693,0,1.9861018586964885e-05,0,0.00042607635259628296,0,0.0004288165655452758,0
0,1,0.218338702914852,0,0.01,0,6.645593384746462e-05,0,2.544723100795233e-05,0,1.0769525502940306e-06,0,0.0007351624662987888,0,0.0021629920229315758,0
0,2,0.002414199964124799,0,0.0,0,0.0006213937303982675,0,5.003841634024582e-05,0,6.442773768954347e-05,0,0.0013748827623203397,0,0.0011078162351623178,0
0,1,6.117058477680645e-06,0,0.0,0,2.7959222279605456e-05,0,6.42829397041547e-05,0,3.841593359428721e-06,0,2.7299454814055935e-05,0,2.8420261514838785e-05,0
0,2,0.8374586910362042,0,0.07,0,0.04266705363988876,0,0.025824843397892847,0,0.5990203160596612,1,0.1227143183350563,0,0.07954858988523483,0
0,2,0.0020176171745210497,0,0.0,0,2.2048625396564603e-06,0,3.56686384745655e-05,0,8.077126381276201e-07,0,1.623650678084232e-05,0,2.782505180221051e-05,0
0,3,2.4555049284721864e-05,0,0.0,0,4.0391343645751476e-05,0,2.8652456596407584e-05,0,2.7073501858787477e-06,0,4.732211891678162e-05,0,0.00017983790894504637,0
0,5,0.7521104343442757,0,0.12,0,0.002280274173244834,0,0.0012646988094480271,0,0.008216581252456058,0,0.023680927231907845,0,0.16588431596755981,0
0,2,0.007776802866232873,0,0.01,0,3.3373740734532475e-05,0,5.600786996160925e-05,0,4.805890856215824e-07,0,0.00031246754224412143,0,0.0004358655714895576,0
0,4,0.00024968560109276723,0,0.0,0,2.1058489437564276e-05,0,2.478713556826199e-05,0,7.63656552138126e-06,0,4.3693475163308904e-05,0,2.8408529033185914e-05,0
0,4,0.03340564007324261,0,0.02,0,3.388393088243902e-05,0,5.269848904223612e-05,0,2.680424058014026e-06,0,0.004629914183169603,0,0.007095138542354107,0
0,3,4.128377693248365e-09,0,0.0,0,3.960695721616503e-06,0,2.1314560350171885e-05,0,7.90338277838319e-08,0,1.035710647556698e-05,0,1.314909150096355e-05,0
0,4,0.0008103859976654361,0,0.0,0,6.507494163088268e-06,0,2.7750866254239395e-05,0,0.0002173813218415414,0,8.66560876602307e-05,0,0.0001562960969749838,0
0,2,0.031254078415604604,0,0.01,0,0.0001288626663153991,0,0.00012162479128092223,0,0.00016422619083129479,0,0.000295513600576669,0,0.0005689530516974628,0
0,4,1.2024498503681214e-05,0,0.0,0,5.40365326742176e-05,0,2.39945550248947e-05,0,1.0283057791693357e-06,0,2.22926028072834e-05,0,6.638208287768066e-05,0
0,3,1.190782347620457e-09,0,0.0,0,7.3000751399376895e-06,0,2.142399856418062e-05,0,1.0413408618474035e-07,0,1.0349020158173516e-05,0,1.3403162483882625e-05,0
0,2,0.0006189017568553146,0,0.01,0,0.0005637400900013745,0,3.513445125872088e-05,0,3.589360064301998e-05,0,0.00040764815639704466,0,0.0004450429114513099,0
0,3,3.0232004197635228e-06,0,0.01,0,0.00039755122270435095,0,4.899966132960158e-05,0,0.00035698136860846816,0,7.852235285099596e-05,0,0.00010601112444419414,0
0,3,2.663928526922262e-07,0,0.0,0,3.3296962556050858e-06,0,2.3195329044680223e-05,0,5.183029105819083e-06,0,0.000144993988214992,0,9.539134771330282e-05,0
0,1,0.6616513911841807,0,0.03,0,0.008123095147311687,0,0.03215867217673289,0,0.008316134046856695,0,0.0038031635340303183,0,0.020605381578207016,0
0,3,2.523792829497293e-05,0,0.0,0,1.7229798686457798e-05,0,2.3075040131085207e-05,0,3.7459100077189916e-06,0,6.4142543124035e-05,0,3.277000359958038e-05,0
0,4,0.0004206313343114704,0,0.0,0,1.423623052687617e-05,0,8.629589211645489e-05,0,8.093959988743935e-06,0,4.94572777824942e-05,0,2.076181954180356e-05,0
0,4,0.003400580753637497,0,0.05,0,0.011145559139549732,0,9.553967978899145e-05,0,0.0022870636446137597,0,0.001863401965238154,0,0.003204320790246129,0
0,2,2.7866725828561383e-06,0,0.0,0,3.6362280297908e-06,0,3.654885352930385e-05,0,3.8769415044877877e-07,0,1.5042161976452917e-05,0,1.7376671166857705e-05,0
0,2,2.779085356088026e-07,0,0.0,0,2.6040218017442385e-06,0,2.028148026311342e-05,0,7.842199228121847e-07,0,1.1725550393748563e-05,0,2.1382733393693343e-05,0
0,3,5.894104248172459e-06,0,0.0,0,1.239071752934251e-05,0,2.9634985556836016e-05,0,1.0016437887547204e-06,0,6.589253462152556e-05,0,4.41287447756622e-05,0
0,3,0.039359077401575106,0,0.02,0,0.00023493704793509096,0,4.540976303011226e-05,0,1.8663749424139232e-05,0,0.000235820232774131,0,0.0001031630890793167,0
0,3,6.745591725394848e-08,0,0.0,0,1.2404810149746481e-05,0,2.1431633335783884e-05,0,1.491709072704653e-07,0,2.0418296116986312e-05,0,2.676841540960595e-05,0
0,2,0.0008299998913453508,0,0.0,0,1.0000837391999085e-05,0,2.379503347380393e-05,0,1.3901967051389755e-05,0,3.731465767486952e-05,0,7.663453288841993e-05,0
0,5,0.0005890956744029565,0,0.0,0,4.248205732437782e-05,0,2.4885268428547463e-05,0,9.417315358642972e-06,0,0.00016953027807176113,0,0.00019967676780652255,0
0,5,4.214396897183632e-10,0,0.0,0,1.614429129404016e-05,0,2.148607678849932e-05,0,1.0642883945256854e-08,0,2.659851270436775e-05,0,1.5108136722119525e-05,0
0,3,4.737753662414294e-07,0,0.01,0,5.943780251982389e-06,0,2.5073690617415095e-05,0,1.2861627904638204e-07,0,9.701708222564775e-06,0,1.3499913620762527e-05,0
0,1,0.006615322791219724,0,0.0,0,3.8048459828132764e-05,0,3.240859962509511e-05,0,0.00022706810853079468,0,0.0011984477750957012,0,0.0032380244228988886,0
0,3,9.067284062868752e-08,0,0.0,0,3.7536265153903514e-05,0,4.5835770760108716e-05,0,1.465301319266403e-06,0,5.959028203506023e-05,0,2.344697895750869e-05,0
0,2,1.1372912423523227e-08,0,0.0,0,2.632737732710666e-06,0,2.1152090550440583e-05,0,4.167123593531506e-08,0,7.441772595484508e-06,0,1.5215215171338059e-05,0
0,5,0.0033833799508871908,0,0.0,0,4.329116200096905e-05,0,2.4717560569007206e-05,0,1.388861434560416e-06,0,0.006253292318433523,0,0.0027941574808210135,0
0,1,7.787733484017078e-07,0,0.0,0,5.460546617541695e-06,0,2.4500460911264202e-05,0,5.0598229572300925e-08,0,6.757421488146065e-06,0,1.3541105545300525e-05,0
0,4,0.0006464402034201805,0,0.0,0,0.016331937164068222,0,0.0011706741839055262,0,0.001937122718829597,0,0.02290155552327633,0,0.019053662195801735,0
0,5,0.0003147443076457026,0,0.0,0,1.5441966070284252e-06,0,2.1488581889608934e-05,0,2.4499521591439254e-08,0,8.999521014629863e-06,0,1.2981662621314172e-05,0
0,3,0.00018503403051076437,0,0.0,0,1.498419533163542e-05,0,4.3452365005101044e-05,0,2.7971389056556706e-07,0,1.2771375622833148e-05,0,2.0078061425010674e-05,0
0,4,1.587145571853892e-05,0,0.0,0,2.380475780228153e-05,0,2.131882264757942e-05,0,1.1481925767664033e-07,0,4.251150130585302e-06,0,1.2997792509850115e-05,0
0,3,6.0795473147356754e-05,0,0.01,0,0.00033735603210516274,0,4.140956574386419e-05,0,1.6404363804035045e-05,0,3.978403765358962e-05,0,7.769685180392116e-05,0
0,5,0.0022670384829296844,0,0.02,0,0.0001560380042064935,0,2.6715439882747026e-05,0,1.6105507028062462e-05,0,0.00033574248664081097,0,0.001096460036933422,0
0,3,0.0014227903498075466,0,0.0,0,5.9452624554978684e-05,0,2.831183366882337e-05,0,6.648039289785994e-07,0,0.0003143234644085169,0,0.0008728174143470824,0
0,4,0.018353664442281734,0,0.0,0,6.097534787841141e-05,0,2.4007598810489806e-05,0,0.00018797845693848352,0,0.0006863067392259836,0,0.0017559159314259887,0
0,1,0.00011530211386250695,0,0.0,0,3.341896808706224e-05,0,2.0468377715002817e-05,0,2.493936290230892e-07,0,0.00028319310513325036,0,0.00018061404989566654,0
0,2,3.552215351680611e-05,0,0.01,0,7.607599400216714e-05,0,2.553749143553481e-05,0,2.8408294141403e-06,0,0.0026865978725254536,0,0.005072353407740593,0
0,5,7.949929970369629e-05,0,0.01,0,0.0002313268487341702,0,2.5392973703446658e-05,0,0.00014850123785384732,0,0.00019701541168615222,0,0.0002146223559975624,0
0,5,0.9927762570368804,1,0.13,1,0.137616828083992,0,0.0015664694825849753,0,0.0524701712333282,0,0.23303869366645813,0,0.1391177475452423,0
0,4,0.0003792525670145693,0,0.0,0,1.2248185157659464e-05,0,4.965731365413122e-05,0,7.772506273042497e-06,0,7.929634739411995e-05,0,4.577871004585177e-05,0
0,2,3.3460980651479076e-05,0,0.01,0,0.0006122167105786502,0,1.7184646519794542e-05,0,4.991298046832097e-06,0,5.0770282541634515e-05,0,0.00010807762009790167,0
0,2,0.0036878046613999646,0,0.01,0,1.30146108858753e-05,0,0.00010375488150666796,0,0.0010613137095417532,0,0.0030496034305542707,0,0.0032594206277281046,0
0,4,0.0009746786198017562,0,0.01,0,0.0011643569450825453,0,4.819997189933932e-05,0,1.920698082496368e-06,0,8.647475624457002e-05,0,5.3895259043201804e-05,0
0,4,1.529215166266531e-05,0,0.02,0,5.169045107322745e-05,0,3.726787461465265e-05,0,3.2842637702663413e-07,0,0.0002919427352026105,0,0.0001997685176320374,0
0,5,5.123605149750772e-06,0,0.01,0,7.206672307802364e-06,0,3.0403158892177654e-05,0,4.64712633168074e-07,0,3.0135381166473962e-05,0,8.140416321111843e-05,0
0,3,0.0015565065356011791,0,0.01,0,0.0011869672453030944,0,0.00019478357950002614,0,0.0002179331161446589,0,0.00029940425883978605,0,0.0009528350783511996,0
0,2,7.222040675297323e-05,0,0.0,0,3.366160672158003e-05,0,2.0674956219798095e-05,0,8.063334405609263e-06,0,3.29723370668944e-05,0,7.25574282114394e-05,0
0,5,3.2617382392785004e-09,0,0.0,0,2.3139960831031203e-05,0,3.20871289696499e-05,0,1.936749048474529e-07,0,7.200472282420378e-06,0,1.595725007064175e-05,0
0,5,1.4601650060601653e-05,0,0.02,0,0.00024371685867663473,0,2.9376551071192352e-05,0,1.689566462315641e-07,0,1.6843401681398973e-05,0,1.8158993043471128e-05,0
0,3,2.027942905942357e-09,0,0.01,0,2.4976996428449638e-05,0,2.977900714563226e-05,0,2.9927739817382016e-07,0,7.286115578608587e-05,0,3.0353176043718122e-05,0
0,2,0.00011968618929525953,0,0.01,0,4.501388957578456e-06,0,2.895544224386353e-05,0,4.713081641777491e-07,0,1.15148332042736e-05,0,2.0029667211929336e-05,0
0,1,9.393568558857417e-06,0,0.0,0,1.3100719115755055e-05,0,3.208184223447428e-05,0,1.134755345596047e-07,0,5.071093255537562e-06,0,1.704880742181558e-05,0
0,2,3.176587142611033e-07,0,0.01,0,3.0909217457519844e-05,0,2.8095453982850188e-05,0,1.6966399842782194e-07,0,3.653490784927271e-05,0,4.389352034195326e-05,0
0,4,2.0696570209767228e-07,0,0.0,0,8.556695320294239e-06,0,4.027616399506092e-05,0,1.6464019105048661e-06,0,5.370874987420393e-06,0,1.3062469406577293e-05,0
0,3,8.787428705248383e-07,0,0.01,0,4.916649413644336e-05,0,5.3446505687277733e-05,0,9.117055860471117e-07,0,0.00011365328828105703,0,8.957197132986039e-05,0
0,3,3.7932701510776086e-10,0,0.0,0,1.197459550894564e-05,0,2.1472887070788607e-05,0,4.968278842207537e-07,0,1.8763897969620302e-05,0,1.4729059330420569e-05,0
0,2,0.06971187585511236,0,0.09,0,0.003258468583226204,0,0.003569067176049035,0,0.014563564677470895,0,0.05777207389473915,0,0.0856420248746872,0
0,1,0.06929544205433424,0,0.0,0,0.0012265887344256043,0,0.00010278208599859936,0,0.0022091626885828116,0,0.014858271926641464,0,0.050886370241642,0
0,5,1.2857729245686356e-10,0,0.0,0,4.40493840869749e-06,0,2.152735448911371e-05,0,4.092862112576417e-08,0,1.1425240700191353e-05,0,1.3027405657339841e-05,0
0,3,0.9999524611629887,1,0.05,0,0.0029872963204979897,0,0.002056887220325577,0,0.00044289845157989663,0,0.08949276804924011,0,0.13681116700172424,0
0,1,6.423981006240667e-05,0,0.0,0,4.2190564272459596e-05,0,5.865031267566055e-05,0,1.7588322254929813e-06,0,8.101751154754311e-05,0,0.00031123028020374477,0
0,4,0.06796494568958063,0,0.01,0,5.683757262886502e-05,0,8.118946795349241e-05,0,0.00012032985979420403,0,0.008123545907437801,0,0.0051773665472865105,0
0,2,7.251629158471853e-09,0,0.0,0,1.1656016795313917e-05,0,2.9671597519349586e-05,0,1.7313757101889716e-08,0,6.965922239032807e-06,0,1.4067742085899226e-05,0
0,5,3.865798262125997e-06,0,0.01,0,1.2667964256252162e-05,0,1.9760927918254886e-05,0,8.065430708159986e-07,0,0.0002515199885237962,0,0.00010076964099425822,0
0,2,0.00013988133194135657,0,0.01,0,2.18642544496106e-05,0,4.466210648997601e-05,0,7.905916806552825e-05,0,0.0001734999823383987,0,0.0005264975479803979,0
0,2,0.061103075518331315,0,0.02,0,0.01160767488181591,0,0.14735930927500585,0,0.005836224825828176,0,0.021805929020047188,0,0.13404688239097595,0
0,2,0.00034952761783813176,0,0.0,0,8.16195552033605e-06,0,2.029681571040488e-05,0,2.058451230775534e-06,0,5.545603926293552e-05,0,8.801372314337641e-05,0
0,5,0.018977034660499496,0,0.0,0,1.0953718629025389e-05,0,3.524713443975023e-05,0,7.835817944844631e-05,0,0.00018925128097180277,0,0.0005626329802908003,0
0,5,0.18483047827511281,0,0.03,0,0.0007472880533896387,0,4.173078913605704e-05,0,0.0001954119746673564,0,0.007323578931391239,0,0.029812851920723915,0
0,1,4.933571824051815e-05,0,0.0,0,1.2492888345150277e-05,0,9.101741441581231e-05,0,1.1617702485678885e-06,0,0.00018147105583921075,0,0.0003621936193667352,0
0,1,4.59454691374346e-08,0,0.0,0,3.859880962409079e-06,0,2.1044135161535986e-05,0,1.5503980883445526e-07,0,5.768370556324953e-06,0,1.3383923942456022e-05,0
0,5,0.3743496039140645,0,0.0,0,0.00010458286124048755,0,0.00015138201010400241,0,4.725011407121669e-05,0,0.018052268773317337,0,0.004010815639048815,0
0,2,1.2125812402320268e-07,0,0.0,0,2.963330643979134e-06,0,2.112534227670876e-05,0,4.4843692163146085e-08,0,1.0422058039694093e-05,0,1.594011155248154e-05,0
0,3,1.0859430402009479e-05,0,0.0,0,7.295016075659078e-06,0,2.4984391093939484e-05,0,1.893170794509326e-07,0,1.848797910497524e-05,0,1.9427441657171585e-05,0
0,1,0.06843905466712383,0,0.06,0,0.4327929615974426,1,0.10450311082447189,1,0.019636673879729862,0,0.07051192969083786,0,0.05746088922023773,0
0,5,2.4834752180356547e-07,0,0.04,0,5.895320646231994e-05,0,2.498222352723916e-05,0,2.4523578831613706e-07,0,1.056639121088665e-05,0,1.6315221728291363e-05,0
0,3,0.01738925924264836,0,0.01,0,9.489435615250841e-05,0,1.9548859932064033e-05,0,0.0009463142265341404,0,0.0039229546673595905,0,0.02646089904010296,0
0,3,0.004503213964604027,0,0.0,0,0.0005469805910252035,0,8.717025730275492e-05,0,0.0011362801910012094,0,0.002920294413343072,0,0.0029509796295315027,0
0,1,0.2575131873444914,0,0.01,0,0.0006968798115849495,0,0.00025941814141819473,0,0.004478938984095421,0,0.018404774367809296,0,0.023866677656769753,0
0,1,0.0036253008333369694,0,0.0,0,2.92805543722352e-05,0,0.0001105289697098356,0,1.2034525389207612e-05,0,0.0011907251318916678,0,0.005021238699555397,0
0,1,0.014926873863063834,0,0.01,0,3.830063360510394e-05,0,0.0001614559027444556,0,0.0002841909448272692,0,0.001347667071968317,0,0.00279362965375185,0
0,5,0.0025576545259381675,0,0.0,0,2.4566911633883137e-06,0,2.5678980664033012e-05,0,7.583752988858243e-08,0,1.1644097867247183e-05,0,1.3763620700046886e-05,0
0,1,0.0001657571624035692,0,0.01,0,0.00016713576042093337,0,4.757532414431915e-05,0,1.5830618520618396e-06,0,0.0003509890811983496,0,0.00024152497644536197,0
0,1,0.005701855876411816,0,0.0,0,3.527458102325909e-05,0,2.7966694416627444e-05,0,3.1110036491700854e-05,0,0.0001654178195167333,0,0.000142864475492388,0
0,1,0.00018189725216843277,0,0.0,0,9.298992154072039e-06,0,3.846316522728579e-05,0,9.293583204119338e-07,0,5.1489038014551625e-05,0,0.00020745836081914604,0
0,3,0.2582645749141641,0,0.01,0,0.0006531040417030454,0,0.0008968881454960065,0,0.000852815085334681,0,0.004798516631126404,0,0.021770410239696503,0
0,5,4.0358071050551477e-07,0,0.0,0,3.391134669072926e-05,0,4.858618693969269e-05,0,7.026922738151933e-07,0,4.143011665291851e-06,0,1.2981662621314172e-05,0
0,2,3.190550569312706e-05,0,0.0,0,7.61846749810502e-05,0,3.43557071631063e-05,0,5.964097472656288e-07,0,1.0190077773586381e-05,0,2.4409670004388317e-05,0
0,3,1.930540275916986e-08,0,0.0,0,3.4188451536465436e-05,0,2.5104533546292615e-05,0,2.595829431678758e-07,0,1.2803552635887172e-05,0,1.7678914446150884e-05,0
0,1,1.564258853890101e-06,0,0.0,0,4.599486601364333e-06,0,2.820602232852183e-05,0,7.360068026411959e-08,0,9.902550118567888e-06,0,1.3273143849801272e-05,0
0,2,0.0005162324331857419,0,0.0,0,1.7805868992581964e-05,0,0.0001904426445145129,0,9.955023812916803e-07,0,1.2371273442113306e-05,0,2.2059943148633465e-05,0
0,3,1.2430098510939657e-06,0,0.0,0,1.136392165790312e-05,0,2.904328738939363e-05,0,4.207260570629403e-07,0,1.5016799807199277e-05,0,1.5279034414561465e-05,0
0,4,0.001203889037778815,0,0.0,0,1.287055874854559e-05,0,2.4168942793014115e-05,0,5.975636031558608e-06,0,8.041995897656307e-05,0,3.6458852264331654e-05,0
0,3,4.456250639580251e-06,0,0.01,0,5.153407983016223e-05,0,3.4145072532857154e-05,0,3.7344680368492204e-05,0,0.0003196442557964474,0,0.0008297956082969904,0
0,4,0.00016824374164273458,0,0.01,0,0.0003418839769437909,0,0.000125369943823805,0,4.731765876090259e-05,0,0.00017538304382469505,0,0.0006029375945217907,0
0,4,4.665150387040899e-06,0,0.01,0,4.2024123104056343e-05,0,7.382615796357165e-05,0,4.0339159413698855e-06,0,4.995781273464672e-05,0,0.000170603598235175,0
0,3,1.761483821733429e-07,0,0.0,0,6.638809736614348e-06,0,2.769146022624086e-05,0,2.1365925684199702e-07,0,1.9771545339608565e-05,0,2.1268162527121603e-05,0
0,2,2.190779704876844e-06,0,0.0,0,9.293229231843725e-05,0,2.1162940849832814e-05,0,5.712108633202519e-08,0,9.468300959269982e-06,0,1.4620146430388559e-05,0
0,5,1.4585746689022918e-05,0,0.01,0,0.0001920990616781637,0,7.185599217192361e-05,0,7.4808389030597105e-06,0,0.0005413371254689991,0,0.0015428432961925864,0
0,3,0.00012791417294724962,0,0.0,0,3.2263793400488794e-05,0,5.172210805950384e-05,0,6.613869284867021e-06,0,7.686373282922432e-05,0,0.00010105456021847203,0
0,3,0.0038968286356542907,0,0.01,0,4.2208353988826275e-05,0,0.0003557743439507434,0,0.0005464592441690465,0,0.0006923166220076382,0,0.0031821969896554947,0
0,5,0.0015246280010204382,0,0.01,0,0.0007372497348114848,0,7.989527378581653e-05,0,2.3054132835680166e-05,0,0.0003886572376359254,0,0.0005234021809883416,0
0,2,2.7942614307919266e-05,0,0.0,0,1.53606688400032e-05,0,2.825911622381028e-05,0,1.6608426887877312e-06,0,0.00012413588410709053,0,3.5849861887982115e-05,0
0,4,0.4200267773092345,0,0.06,0,0.0028947582468390465,0,0.00018823213088701307,0,0.024733841391500557,0,0.007915046997368336,0,0.004006526432931423,0
0,4,9.660511793672221e-06,0,0.0,0,6.108586967457086e-05,0,4.0838061969583854e-05,0,8.941052134268581e-06,0,0.00019949696434196085,0,2.8110098355682567e-05,0
0,5,0.7259814245199866,0,0.01,0,0.00021842315618414432,0,0.00021898487059222323,0,0.00950255088972226,0,0.0034101097844541073,0,0.005736576393246651,0
0,3,0.00012193154930362831,0,0.01,0,0.02048403024673462,0,0.0029252573368204957,0,0.004159740471106344,0,0.0024495983961969614,0,0.01128542423248291,0
0,2,0.0013725872670395747,0,0.01,0,5.123643859406002e-05,0,3.684247404064552e-05,0,6.296936677945109e-05,0,0.0008290708065032959,0,0.01257612369954586,0
0,4,0.03659885055153567,0,0.01,0,7.223064312711358e-05,0,2.048878503100378e-05,0,5.4615071896318164e-08,0,0.0001166250222013332,0,0.00016003652126528323,0
0,2,0.00041866386980579965,0,0.03,0,0.00012107710062991828,0,8.030645439408822e-05,0,2.0743233766451035e-05,0,0.0005647269426845014,0,0.011647161096334457,0
0,3,1.177916401620072e-05,0,0.0,0,5.932482508796966e-06,0,1.9888786677489006e-05,0,9.49020343509454e-07,0,5.5018703278619796e-05,0,0.00021370231115724891,0
0,5,1.853416361123928e-09,0,0.0,0,4.748712399305077e-06,0,2.815330964288657e-05,0,1.6332358105299614e-08,0,5.550274181587156e-06,0,1.2981662621314172e-05,0
0,3,0.8530537834622424,0,0.01,0,0.0008992544026114047,0,4.687001933005786e-05,0,0.0028474689315875316,0,0.005251893773674965,0,0.005844599567353725,0
0,4,0.0001951530787387133,0,0.0,0,5.3350828238762915e-05,0,4.727630581476941e-05,0,3.3139402268109525e-06,0,5.081437120679766e-05,0,0.00024836102966219187,0
0,2,0.12336802556889787,0,0.04,0,0.0005130236386321485,0,0.0004571280556395437,0,0.008414957038751369,0,0.017930611968040466,0,0.024838769808411598,0
0,5,0.00251491619762171,0,0.0,0,1.4075865692575462e-05,0,1.9087960689813923e-05,0,0.0006474778891747695,0,0.007217167876660824,0,0.010349370539188385,0
0,3,0.0006591030737565896,0,0.0,0,2.2412341422750615e-05,0,7.026555777981797e-05,0,5.38165040933528e-06,0,0.00029561869450844824,0,0.0002638626319821924,0
0,2,7.964165982214533e-05,0,0.0,0,3.6243196518626064e-05,0,2.117401401281575e-05,0,3.0511761521050315e-07,0,8.481321856379509e-06,0,1.4484588064078707e-05,0
0,5,0.0008681983315688495,0,0.0,0,0.0001250678178621456,0,0.00012103952307344334,0,0.00021707543130068094,0,0.0008049978641793132,0,0.001159333623945713,0
0,1,0.03280674015206472,0,0.01,0,8.072424679994583e-05,0,3.9006893391591824e-05,0,2.0238753869717696e-06,0,0.0007603768026456237,0,0.004334566183388233,0
0,1,0.017152388467119917,0,0.01,0,2.4677843612153083e-05,0,0.00022298151021642163,0,0.0010545524718707261,0,0.001039491151459515,0,0.0008581880247220397,0
0,2,0.00025896872089238414,0,0.0,0,2.4160073735401966e-05,0,1.9836650212604168e-05,0,3.0347907638871702e-06,0,0.00012133397831348702,0,0.00010939322964986786,0
0,4,3.784917251752554e-05,0,0.0,0,9.14238698896952e-05,0,2.5299853160030907e-05,0,1.9475932297134535e-05,0,0.0008056812803260982,0,0.0013069490669295192,0
0,4,0.9583766162150812,0,0.06,0,0.004337115678936243,0,0.002714973123715604,0,0.030129004256598396,0,0.11407993733882904,0,0.08959367126226425,0
0,1,0.01112501485370175,0,0.0,0,1.0488562111277133e-05,0,2.082998837995117e-05,0,0.00017630321233064896,0,0.0030125752091407776,0,0.0081707164645195,0
0,2,0.00216546906427776,0,0.0,0,4.894326411886141e-05,0,2.400474573464638e-05,0,5.154999911280211e-06,0,3.561654011718929e-05,0,3.799620026256889e-05,0
0,2,0.00023694714288004584,0,0.01,0,5.208421862334944e-05,0,5.025992539851506e-05,0,9.191071660700608e-07,0,0.0014741545310243964,0,0.0011670540552586317,0
0,5,0.03150792393965268,0,0.0,0,0.0006672727758996189,0,2.403965438018462e-05,0,3.124234544144034e-05,0,0.00274084135890007,0,0.003556786570698023,0
0,5,3.821088955097913e-06,0,0.0,0,9.13343028514646e-05,0,2.4251520123799304e-05,0,1.3688987039220422e-07,0,3.989121614722535e-05,0,3.401171852601692e-05,0
0,3,3.619533003780312e-05,0,0.01,0,4.028913099318743e-05,0,2.62814066023818e-05,0,1.9543042055184102e-07,0,7.563701365143061e-05,0,0.00016131679876707494,0
0,4,0.6419624165296441,0,0.04,0,0.01655842550098896,0,0.0037802890252990077,0,0.0016914185538424108,0,0.010786885395646095,0,0.002247459255158901,0
0,5,0.0004972855485621381,0,0.01,0,5.996313120704144e-05,0,7.20734468926629e-05,0,0.00024515389194143343,0,0.002266475697979331,0,0.001682296278886497,0
0,4,0.5148733180974565,0,0.02,0,0.0010730548528954387,0,0.0001293888533008221,0,0.006669485677298,0,0.004436581861227751,0,0.0020623260643333197,0
0,5,0.002436923552284411,0,0.01,0,4.3785701564047486e-05,0,8.130946367068162e-05,0,1.994680386606222e-06,0,0.00033678460749797523,0,0.00034860181040130556,0
0,3,0.275956494835042,0,0.01,0,0.0083916075527668,0,0.0020566032178566487,0,0.0019704479563388013,0,0.003861828241497278,0,0.043428685516119,0
0,1,0.9970044388978847,1,0.09,0,0.748930037021637,1,0.39974698047472157,1,0.3014858820474782,1,0.642663836479187,1,0.5856325626373291,1
0,2,0.00010895326509857673,0,0.0,0,7.617682422278449e-05,0,2.0973811569985996e-05,0,2.0496125364514944e-05,0,0.0003800388949457556,0,0.002070675604045391,0
0,1,0.1861961257388495,0,0.0,0,7.814710443199147e-06,0,1.967624825845041e-05,0,6.2691093945094325e-06,0,0.000582491047680378,0,0.0006032760138623416,0
0,4,0.9696851932171017,0,0.12,0,0.101000115275383,0,0.1730147672616866,1,0.4206613983911202,1,0.06886426359415054,0,0.11337919533252716,0
0,3,0.2374251282387197,0,0.0,0,0.0016505442326888442,0,4.225897346364636e-05,0,0.00011251309377871998,0,0.008947722613811493,0,0.0008118185796774924,0
0,5,1.0267577421974737e-07,0,0.01,0,7.104700216586934e-06,0,2.1491327519433725e-05,0,1.207599894038393e-07,0,8.489926585752983e-06,0,1.2981662621314172e-05,0
0,1,9.757200695139987e-07,0,0.0,0,4.886279384663794e-06,0,2.071548730978315e-05,0,1.348952721244365e-07,0,1.7621710867388174e-05,0,1.963619979505893e-05,0
0,1,0.004118414758265847,0,0.0,0,5.911979314987548e-05,0,2.989790841532217e-05,0,9.437169581082617e-05,0,6.561367627000436e-05,0,7.373533298959956e-05,0
0,1,0.0011913917402489819,0,0.01,0,6.207618298503803e-06,0,3.6451274065804726e-05,0,7.115052589701584e-06,0,0.00010073409794131294,0,0.000245294242631644,0
0,1,0.00013448287245053874,0,0.0,0,6.4993319028872065e-06,0,3.749515309118594e-05,0,5.414738513661764e-07,0,2.5954164811992086e-05,0,7.605543942190707e-05,0
0,3,1.778720482050784e-05,0,0.0,0,0.0001066379263647832,0,2.882123011971306e-05,0,8.17021299627084e-06,0,6.50520232738927e-05,0,3.941851173294708e-05,0
0,2,0.0126449584825966,0,0.01,0,0.0019035257864743471,0,8.039755354428979e-05,0,4.404486337291853e-05,0,0.003327692858874798,0,0.012969925999641418,0
0,3,0.00010919270357223921,0,0.01,0,3.4762019822665025e-06,0,1.9402716891884887e-05,0,1.3977358020909738e-05,0,0.00034201372181996703,0,0.000510905752889812,0
0,4,0.16559123910018736,0,0.01,0,0.0012781601399183273,0,0.001624343732341681,0,0.0027535141430510353,0,0.007871795445680618,0,0.00617937371134758,0
0,5,0.0001812386025843445,0,0.0,0,3.943961564800702e-05,0,4.126812211556027e-05,0,8.669930459424135e-06,0,0.00016830829554237425,0,8.763349615037441e-05,0
0,3,8.454272193302846e-08,0,0.0,0,1.464312390453415e-05,0,2.511065945524521e-05,0,3.8710442037636624e-07,0,1.7004836990963668e-05,0,1.9176486603100784e-05,0
0,5,4.043283676012358e-08,0,0.0,0,2.048772785201436e-06,0,2.1516059447898578e-05,0,1.9132447360956227e-08,0,5.278676326270215e-06,0,1.2981662621314172e-05,0
0,3,3.458554220985358e-06,0,0.01,0,3.1531788408756256e-05,0,4.067902131512007e-05,0,7.3099419240450445e-06,0,0.0019300448475405574,0,0.0007547215209342539,0
0,3,0.21284972443210465,0,0.0,0,9.938331641023979e-05,0,6.875027218440094e-05,0,0.0001221451194506267,0,0.0020507911685854197,0,0.0027561034075915813,0
0,3,0.3084861069400306,0,0.04,0,0.00982578657567501,0,0.02370485307157115,0,0.00908442886731456,0,0.006006568670272827,0,0.033585719764232635,0
0,2,0.0008888169955518615,0,0.05,0,8.917662489693612e-05,0,3.723194942271006e-05,0,0.0002555300782145474,0,0.0007268519839271903,0,0.0032469755969941616,0
0,2,0.06640809936109496,0,0.0,0,8.174538379535079e-05,0,5.8661452837081824e-05,0,0.0002945874945182707,0,0.0017622987506911159,0,0.0010975997429341078,0
0,5,2.01610736171009e-07,0,0.01,0,9.830553608480841e-06,0,2.1362227904379948e-05,0,5.5749294071806986e-08,0,1.449393130315002e-05,0,1.9444330973783508e-05,0
0,4,0.0017476648848571113,0,0.0,0,1.8666622054297477e-05,0,8.114937572028669e-05,0,4.345418174396884e-06,0,5.4003921832190827e-05,0,0.00017381133511662483,0
0,3,0.6485309326441048,0,0.06,0,0.12944340705871582,0,0.003909806097893875,0,0.12219388646266158,0,0.0924147292971611,0,0.06123222038149834,0
0,1,0.00038301975653090147,0,0.01,0,6.124791252659634e-05,0,2.0153319921490227e-05,0,8.653313364267821e-06,0,0.00011830364383058622,0,0.0005070649785920978,0
0,4,0.06556112840225234,0,0.05,0,0.40072864294052124,1,0.014356640958397504,0,0.0021644549997170124,0,0.01258767768740654,0,0.08034597337245941,0
0,4,0.0019479103599788514,0,0.0,0,2.9247259590192698e-05,0,6.802605121592419e-05,0,0.0010505659919097796,0,0.0004032932920381427,0,0.0005043424898758531,0
0,5,1.3512132048045082e-05,0,0.0,0,3.1668550946051255e-06,0,2.980449086977012e-05,0,3.452535724161372e-07,0,0.000210197817068547,0,0.000374211318558082,0
0,2,0.006793092431667654,0,0.03,0,0.000439257564721629,0,7.624691390804081e-05,0,0.0004196154243360855,0,0.001196201192215085,0,0.001651645521633327,0
0,1,0.1374819846493628,0,0.02,0,0.0011852240422740579,0,0.0001539759081346479,0,0.002537637754862586,0,0.0011532147182151675,0,0.02736193872988224,0
0,5,6.464559598768272e-07,0,0.0,0,1.5372010011560633e-06,0,4.480176841242599e-05,0,1.4118193733938098e-06,0,0.00010814484267029911,0,0.00014293580898083746,0
0,1,3.724048805119265e-08,0,0.0,0,3.282308898633346e-05,0,2.502522763441783e-05,0,1.4566373651450314e-08,0,4.797771453013411e-06,0,1.319528109888779e-05,0
0,5,0.2852901346097413,0,0.06,0,0.0027528952341526747,0,6.423830822019537e-05,0,0.005542366199829359,0,0.020908446982502937,0,0.03075634315609932,0
0,2,7.509376739795774e-05,0,0.0,0,2.754565684881527e-06,0,2.0065797097241895e-05,0,3.6370565258325945e-06,0,1.765926936059259e-05,0,3.262803147663362e-05,0
0,4,0.9964667729318994,1,0.07,0,0.017413783818483353,0,0.001830194747856019,0,0.024675224493355692,0,0.0376882366836071,0,0.16588108241558075,1
0,1,1.3059858750427082e-06,0,0.01,0,0.00019972074369434267,0,2.925314628552839e-05,0,2.164853377466626e-06,0,1.74938868440222e-05,0,0.00010581556125544012,0
0,2,0.009567135787672605,0,0.0,0,0.0001525508560007438,0,7.206352578708725e-05,0,2.0252561135511045e-05,0,0.0002563714806456119,0,0.0003263641847297549,0
0,3,0.00037932971972060774,0,0.04,0,3.3419473766116425e-05,0,3.981137396762432e-05,0,1.6254019409244015e-05,0,0.000264187139691785,0,0.00035047141136601567,0
0,1,0.005386969061196253,0,0.0,0,0.00011445270502008498,0,5.038264207789503e-05,0,4.353723611007953e-05,0,0.0006411799695342779,0,0.0010720626451075077,0
0,5,7.4471140902157294e-06,0,0.0,0,4.515603359322995e-05,0,2.142403083356107e-05,0,8.021311026355505e-06,0,1.8342450857744552e-05,0,2.8463060516514815e-05,0
0,1,0.0004493148347467608,0,0.0,0,2.2369849830283783e-05,0,0.00012033376520812164,0,3.52025531021298e-05,0,0.0005709879333153367,0,0.0031435841228812933,0
0,2,0.007137602998775508,0,0.0,0,0.0012654104502871633,0,0.0015976945451665768,0,0.0005362992089055535,0,0.0024452274665236473,0,0.005693147890269756,0
0,4,2.736744637831513e-09,0,0.0,0,2.5829317564785015e-06,0,2.131799917295399e-05,0,4.741650465722603e-08,0,5.003982096241089e-06,0,1.4403962268261239e-05,0
0,4,1.7550257582876925e-07,0,0.0,0,7.812497642589733e-06,0,2.130344076382829e-05,0,1.1794266537747501e-07,0,1.8011167412623763e-05,0,6.110793037805706e-05,0
0,5,0.0007529338785269459,0,0.0,0,1.160747433459619e-05,0,3.744309198626609e-05,0,8.175141036547262e-07,0,0.00022955273743718863,0,0.0001909468264784664,0
0,4,0.00040928165183787865,0,0.01,0,2.891855183406733e-05,0,2.1296790057718826e-05,0,2.299293252587428e-08,0,6.292503258009674e-06,0,1.4493434719042853e-05,0
0,5,0.00021584543408068371,0,0.09,0,0.0010301474248990417,0,9.116701032789796e-05,0,1.2222316110478257e-05,0,0.03589732572436333,0,0.006938963197171688,0
0,3,0.8747961358017727,0,0.02,0,6.255496555240825e-05,0,5.655832724185946e-05,0,9.58386687677214e-05,0,0.0017586576286703348,0,0.0042050741612911224,0
0,5,0.2856116745572455,0,0.02,0,0.00024837354430928826,0,5.0965908784017445e-05,0,0.0001301649353375746,0,0.00430261017754674,0,0.002385408617556095,0
0,3,0.00521417651408976,0,0.0,0,0.0008059335523284972,0,8.733373845060188e-05,0,0.0004217729071146865,0,0.0008508946048095822,0,0.0005757696344517171,0
0,4,0.10791862410970522,0,0.01,0,0.015004427172243595,0,0.0003598371064667015,0,0.024236272614615518,0,0.01664755307137966,0,0.02162788063287735,0
0,3,0.0026828596592844544,0,0.0,0,0.0001049004786182195,0,1.807745328791953e-05,0,1.3426028297344268e-05,0,0.001339245354756713,0,0.001481244689784944,0
0,4,0.0005970380208302205,0,0.02,0,7.239683327497914e-05,0,0.00015344677163405993,0,1.1971913261815287e-05,0,0.0006173882284201682,0,0.00032004292006604373,0
0,1,3.228893314397622e-06,0,0.0,0,1.761070052452851e-05,0,3.8963036377570836e-05,0,7.32953183033996e-07,0,0.0001904323580674827,0,5.3383253543870524e-05,0
0,3,0.008631229371240515,0,0.0,0,5.514651638804935e-05,0,2.1229163439112043e-05,0,1.4254702595332608e-06,0,8.527539466740564e-05,0,3.9675967855146155e-05,0
0,3,1.599209436408878e-07,0,0.0,0,1.2764373423124198e-05,0,3.0412830175241555e-05,0,3.053160626810279e-07,0,1.384182269248413e-05,0,1.419497039023554e-05,0
0,4,0.0001519381579706563,0,0.0,0,6.957927689654753e-05,0,4.650225422200437e-05,0,2.2335439812221264e-06,0,9.637267066864297e-05,0,5.686447912012227e-05,0
0,5,4.780083679399864e-06,0,0.0,0,9.39655365073122e-06,0,2.1420603771174002e-05,0,1.2700192328199866e-07,0,1.562836223456543e-05,0,1.6766227417974733e-05,0
0,5,0.004430960051281908,0,0.01,0,0.000797309388872236,0,0.0005587028732202541,0,0.0006466305264179636,0,0.018080037087202072,0,0.010515190660953522,0
0,5,3.742528253913414e-08,0,0.0,0,6.358479731716216e-05,0,3.3427853448148595e-05,0,6.247202459297002e-07,0,0.00011076408554799855,0,5.038495874032378e-05,0
0,2,0.0003540180187809971,0,0.01,0,0.00010828658560058102,0,2.7864278981503083e-05,0,4.5651488569828495e-07,0,9.82682904577814e-05,0,0.00011281431943643838,0
0,2,8.354244955061053e-05,0,0.01,0,3.937477686122293e-06,0,2.3566786474972025e-05,0,2.497250327925188e-07,0,1.4563983313564677e-05,0,2.493725514796097e-05,0
0,3,0.0004972559970932283,0,0.0,0,6.858415872557089e-05,0,4.209416750194478e-05,0,2.869191668660225e-06,0,8.372720185434446e-05,0,3.0288554626167752e-05,0
0,2,1.2388997671706752e-07,0,0.0,0,1.8491638911655173e-05,0,2.1179011115734945e-05,0,1.355873586684797e-07,0,1.0738380296970718e-05,0,1.6229303582804278e-05,0
0,2,3.998191029859408e-06,0,0.0,0,0.0002968421613331884,0,0.0001033363646305044,0,5.511229108629188e-07,0,1.1023520528397057e-05,0,1.9748908016481437e-05,0
0,3,0.00041612608322224713,0,0.0,0,1.4338830624183174e-05,0,7.495496686670623e-05,0,1.984935504596687e-05,0,0.0003408760530874133,0,0.0017504600109532475,0
0,3,3.742487398295477e-08,0,0.0,0,3.859766366076656e-06,0,3.0377330917627302e-05,0,4.93626418793278e-08,0,1.0482852303539403e-05,0,1.3057072465016972e-05,0
0,4,3.121425160248705e-07,0,0.0,0,7.697305591136683e-06,0,2.051773773836902e-05,0,2.4236036554684046e-08,0,5.375833552534459e-06,0,1.3307150766195264e-05,0
0,2,5.0516156608932665e-08,0,0.0,0,1.718072235235013e-05,0,2.1162940849832814e-05,0,1.224980335750125e-07,0,8.520508345100097e-06,0,1.4739714060851838e-05,0
0,4,4.243111254041507e-06,0,0.0,0,1.136823630076833e-05,0,2.7510550226394753e-05,0,1.0660582819572028e-07,0,1.1426059245422948e-05,0,1.320888532063691e-05,0
0,4,0.9707768795655185,1,0.02,0,0.0004639540275093168,0,6.636570442476557e-05,0,3.0923803196334246e-05,0,0.0009469911456108093,0,0.0023150923661887646,0
0,3,0.0005859663732090661,0,0.0,0,0.0004981449455954134,0,5.256413659381164e-05,0,4.8871814412356564e-05,0,0.0006786436424590647,0,0.0008419382502324879,0
0,2,0.0024861159299098753,0,0.02,0,0.0003612639266066253,0,7.519828785165947e-05,0,9.875030274581327e-05,0,0.000374560069758445,0,0.0016063058283179998,0
0,3,0.0010365856382360344,0,0.04,0,6.634651072090492e-05,0,0.0004981500723371474,0,8.117015055456992e-05,0,0.0024514610413461924,0,0.003473220393061638,0
0,1,0.0007904793394758992,0,0.0,0,0.0003811318601947278,0,7.929153240292461e-05,0,9.415739770161451e-07,0,0.0002736538299359381,0,0.001362901646643877,0
0,1,2.615722971083486e-07,0,0.0,0,2.0985156879760325e-05,0,2.102604716341015e-05,0,5.653449491333406e-08,0,6.965804914216278e-06,0,2.1358728190534748e-05,0
0,2,2.7498684822780382e-05,0,0.0,0,6.0865481827931944e-06,0,2.8682255591675727e-05,0,9.21144953938367e-07,0,1.2659697858907748e-05,0,3.858031050185673e-05,0
0,2,3.093918688112894e-08,0,0.0,0,4.1117054934147745e-06,0,2.1172936136632154e-05,0,1.0994124972481317e-08,0,7.346790425799554e-06,0,1.4123251276032533e-05,0
0,5,3.662538203754816e-07,0,0.0,0,0.0006839148118160665,0,0.002000419915109408,0,1.0703415167093573e-06,0,0.00024500719155184925,0,4.41476731793955e-05,0
0,4,0.6962193323934011,0,0.05,0,0.009449532255530357,0,0.0025034264230764974,0,0.0060701365333828755,0,0.03296348452568054,0,0.12058760225772858,0
0,1,0.002511012755534253,0,0.03,0,0.00042360235238447785,0,0.0001499071141650811,0,4.620843405455896e-05,0,0.006555882282555103,0,0.005924770142883062,0
0,3,0.00011548500566279037,0,0.0,0,1.916016572067747e-06,0,1.0465343070963293e-05,0,3.843250748631385e-05,0,0.0005192349781282246,0,0.0005232230178080499,0
0,1,0.0014285492092613794,0,0.0,0,2.749975010374328e-06,0,2.3021701837030033e-05,0,6.99958959705427e-07,0,1.203944793815026e-05,0,5.181578308111057e-05,0
0,1,4.7217167887452196e-05,0,0.01,0,0.00027173873968422413,0,3.909604271019637e-05,0,3.5132117337198317e-06,0,0.0001726762275211513,0,8.290130062960088e-05,0
0,2,4.819246982115398e-05,0,0.0,0,1.89454440260306e-05,0,2.375924654832974e-05,0,2.3033957754678615e-06,0,2.315641540917568e-05,0,4.198964961688034e-05,0
0,4,2.5002559588244616e-07,0,0.0,0,2.8364268018776784e-06,0,2.5388488952523308e-05,0,1.170383842019691e-08,0,5.144554506841814e-06,0,1.4132319847703911e-05,0
0,3,0.001078391090007477,0,0.0,0,0.0033355008345097303,0,6.470213577594117e-05,0,8.803441488388605e-05,0,0.0007633228087797761,0,0.002700574230402708,0
0,2,8.01836566670572e-06,0,0.0,0,3.6355388147057965e-05,0,2.1179011115734945e-05,0,5.889939797935094e-07,0,7.387408004433382e-06,0,1.4235853086574934e-05,0
0,1,3.584634871300354e-06,0,0.0,0,2.3253521703736624e-06,0,3.621707742972702e-05,0,1.8742251275392667e-06,0,4.409874236444011e-06,0,2.0573257643263787e-05,0
0,5,6.189598012072263e-12,0,0.0,0,2.1274554455885664e-05,0,6.045446037137421e-05,0,1.0987275457284941e-06,0,6.681260128971189e-05,0,4.124310362385586e-05,0
0,3,1.3144993540438192e-07,0,0.0,0,2.3771790438331664e-06,0,2.5080815842012698e-05,0,8.56729980269465e-08,0,1.4905628631822765e-05,0,1.7217680579051375e-05,0
0,5,1.3737813730650542e-05,0,0.01,0,3.0217395760701038e-05,0,6.753012471747204e-05,0,1.6095996000901875e-05,0,0.0001557793584652245,0,0.0001828517997637391,0
0,3,2.6936893982363963e-06,0,0.0,0,9.805338777368888e-06,0,2.124345874867196e-05,0,5.329096378287576e-08,0,2.2551712390850298e-05,0,2.3794096705387346e-05,0
0,5,8.339088157484249e-07,0,0.01,0,6.693899194942787e-05,0,3.9132554078476396e-05,0,7.976936238128113e-08,0,9.763866728462745e-06,0,3.447339258855209e-05,0
0,2,0.0022761290931790244,0,0.05,0,0.0008828102727420628,0,0.00034653966078300984,0,0.003666451454746976,0,0.07704945653676987,0,0.14321333169937134,1
0,2,0.03349605851619157,0,0.01,0,0.00017227497301064432,0,0.00010837722262646514,0,0.00016400047017640972,0,0.023159926757216454,0,0.009614508599042892,0
0,3,0.00021215971413933533,0,0.0,0,2.9356016966630705e-05,0,3.435099453260239e-05,0,1.694594886873349e-06,0,0.0002967219043057412,0,0.0002851362223736942,0
0,2,0.0010260372847478076,0,0.01,0,5.5773973144823685e-05,0,0.0006154956123273544,0,0.0006035105997254776,0,0.005544438026845455,0,0.0033537803683429956,0
0,1,1.872853478314232e-05,0,0.01,0,4.5491691707866266e-05,0,5.334915340584149e-05,0,9.818345943322616e-06,0,0.0005508172907866538,0,0.0010136812925338745,0
0,1,0.00032073663590889787,0,0.0,0,5.8663154050009325e-06,0,2.1030783782682928e-05,0,8.476236153615543e-09,0,1.3531662261812016e-05,0,5.0444374210201204e-05,0
0,5,3.7538018506025514e-05,0,0.0,0,5.435752882476663e-06,0,2.1272460758125293e-05,0,9.317210037567498e-08,0,1.165880348708015e-05,0,1.4101248780207243e-05,0
0,3,0.003561143128478594,0,0.0,0,0.00015759321104269475,0,0.0001868205750936446,0,0.00030171286549721615,0,0.0013983180979266763,0,0.0013933111913502216,0
0,2,0.00034250798337331364,0,0.01,0,0.00038009247509762645,0,0.0005329423684924515,0,0.0170292158304244,0,0.020316004753112793,0,0.020349249243736267,0
0,5,1.367746084159377e-07,0,0.0,0,5.400147529144306e-06,0,3.091132721008499e-05,0,6.84147988296218e-08,0,5.154936843609903e-06,0,1.2981662621314172e-05,0
0,4,0.0027386583176818744,0,0.0,0,5.8865851315204054e-05,0,2.4028411874826076e-05,0,8.140768800031662e-06,0,4.196050940663554e-05,0,9.281665552407503e-05,0
0,5,8.438334356322197e-07,0,0.0,0,8.18874377728207e-06,0,2.148607678849932e-05,0,3.883903564378706e-08,0,7.810134775354527e-06,0,1.2981662621314172e-05,0
0,1,1.3040092625853329e-06,0,0.0,0,6.64294520902331e-06,0,2.87481895455254e-05,0,5.470993607105647e-08,0,1.0901002497121226e-05,0,1.4242649740481284e-05,0
0,3,2.6448494797302004e-07,0,0.0,0,1.2672218872467056e-05,0,2.1311249219804556e-05,0,1.485907128837555e-07,0,3.463175380602479e-05,0,3.612622822402045e-05,0
0,4,0.011842360029860373,0,0.01,0,0.00018423952860757709,0,7.716725806320813e-05,0,0.0001610062892092359,0,0.0013059424236416817,0,0.0005434476770460606,0
0,5,0.00016653594713922983,0,0.0,0,5.1039714890066534e-05,0,2.9547481833796332e-05,0,1.9347672406501434e-06,0,2.3794034859747626e-05,0,2.3264090486918576e-05,0
0,2,0.01381145774774358,0,0.0,0,5.78040862819762e-06,0,1.9859695316088147e-05,0,1.0556631476000828e-06,0,0.00016662052075844258,0,0.0003494981210678816,0
0,5,0.0006735271081716059,0,0.01,0,0.00013878241588827223,0,6.99011596103287e-05,0,3.104845810717246e-05,0,0.0015853962395340204,0,0.005012839566916227,0
0,1,0.028775146958571893,0,0.01,0,0.00021181344345677644,0,3.965845017144826e-05,0,6.251315196615927e-06,0,0.0006062212050892413,0,0.002708704909309745,0
0,3,0.03872322260188777,0,0.0,0,0.00020722232875414193,0,3.1180032653513936e-05,0,4.86587897308257e-05,0,6.831790960859507e-05,0,0.0004470201092772186,0
0,1,3.444184640093623e-06,0,0.0,0,5.9115678595844656e-05,0,2.3882373893204798e-05,0,9.53816817265938e-08,0,1.4652237950940616e-05,0,1.6984822650556453e-05,0
0,2,0.00013543114691330803,0,0.0,0,3.3177660952787846e-05,0,2.117053166258384e-05,0,1.7705008421290498e-06,0,1.598604467289988e-05,0,2.3400320060318336e-05,0
0,2,0.0030577435620350486,0,0.0,0,4.368077134131454e-05,0,2.4300244037347758e-05,0,1.6678678339827992e-06,0,3.285910133854486e-05,0,3.3762295061023906e-05,0
0,1,0.003551467659534489,0,0.02,0,0.00036547431955114007,0,6.464018533168376e-05,0,6.304859047779121e-05,0,0.00015142231131903827,0,0.0007075667381286621,0
0,5,4.394830753242399e-07,0,0.0,0,2.760358938758145e-06,0,2.1523093535131033e-05,0,2.952921072230172e-08,0,4.5725696509180125e-06,0,1.2981662621314172e-05,0
0,5,2.9748233647081305e-06,0,0.0,0,1.1815714060503524e-05,0,2.1495989543201872e-05,0,3.220274884159534e-08,0,5.720979515899671e-06,0,1.2981662621314172e-05,0
0,2,0.6313979224529684,0,0.03,0,0.0032842704094946384,0,0.0015878711623498077,0,0.003282855724141995,0,0.07333353906869888,0,0.06999606639146805,0
0,3,4.3041321514471185e-05,0,0.02,0,0.00011781581270042807,0,4.312209962211873e-05,0,4.622429784902541e-05,0,0.00011403422831790522,0,6.215231405803934e-05,0
0,1,0.8605441207073292,0,0.05,0,0.0001494669559178874,0,5.517032637618399e-05,0,4.4822687814531044e-05,0,0.011206538416445255,0,0.09135575592517853,0
0,5,2.208711272390459e-06,0,0.0,0,5.146748662809841e-06,0,2.523518140726115e-05,0,1.2229194487635002e-08,0,4.572070338326739e-06,0,1.2981662621314172e-05,0
0,3,0.0002910544853590218,0,0.0,0,2.6191513825324364e-05,0,2.9599269047636426e-05,0,9.942545172809505e-07,0,3.397247564862482e-05,0,7.022129284450784e-05,0
0,4,4.143777539133929e-05,0,0.0,0,3.3210235415026546e-05,0,2.0190413374763952e-05,0,2.949069262028501e-07,0,3.75294875993859e-05,0,0.00014531939814332873,0
0,5,9.226036493992216e-06,0,0.0,0,1.1723234365490498e-06,0,2.1166518602157983e-05,0,2.7153294779570792e-06,0,5.058001079305541e-06,0,1.358543613605434e-05,0
0,3,0.9799682047603825,1,0.14,1,0.5577822327613831,1,0.588158409400107,1,0.8872532682802368,1,0.1786007285118103,0,0.23730820417404175,1
0,1,3.305017650391002e-05,0,0.0,0,4.605029971571639e-05,0,4.546935018820431e-05,0,6.195219326079523e-08,0,1.437039827578701e-05,0,3.523704799590632e-05,0
0,3,7.411204865545574e-07,0,0.0,0,6.355715595418587e-05,0,2.3433363982059534e-05,0,9.96382111858449e-06,0,3.833986556855962e-05,0,3.662911331048235e-05,0
0,5,0.007971142285913684,0,0.06,0,0.001741402200423181,0,7.888715110841696e-05,0,7.060506915583104e-05,0,0.0003507843939587474,0,0.000465742195956409,0
0,5,0.033942623224904094,0,0.03,0,9.43542254390195e-05,0,0.00035423560365636404,0,0.00024171255996782931,0,0.006710491608828306,0,0.025258414447307587,0
0,2,1.8994894650666606e-07,0,0.0,0,3.3454773529228987e-06,0,2.2769432173357998e-05,0,1.0281567564745204e-07,0,7.942842785269022e-06,0,1.52603788592387e-05,0
0,5,0.09821678174983574,0,0.01,0,2.646307257236913e-05,0,2.3857340896689395e-05,0,5.729297923249128e-05,0,0.0004971107700839639,0,0.0037391928490251303,0
0,1,0.005016877588446241,0,0.0,0,4.866775270784274e-06,0,2.0999915501714264e-05,0,2.3147894439157848e-05,0,0.00011223005276406184,0,9.17679353733547e-05,0
0,3,0.04722988197134971,0,0.0,0,0.00016159447841346264,0,3.144148529190328e-05,0,7.704002691088734e-05,0,0.00028839302831329405,0,0.0005586690967902541,0
0,1,0.065887913518611,0,0.07,0,0.0007425909861922264,0,0.0025905319803866712,0,0.0326445769602135,0,0.008469590917229652,0,0.01730361022055149,0
0,3,0.00037024389425500915,0,0.0,0,5.5933225667104125e-05,0,3.490065540088995e-05,0,9.777164692964055e-07,0,2.4080150978988968e-05,0,2.2671305487165228e-05,0
0,3,0.00012025644563577228,0,0.0,0,0.00047157020890153944,0,3.3943890169951446e-05,0,5.309572939600299e-05,0,6.377076351782307e-05,0,0.0006781850825063884,0
0,2,0.0018522270662119258,0,0.02,0,0.00012054040416842327,0,6.816459461604967e-05,0,1.1511301673188487e-05,0,0.0001111276651499793,0,0.0009110094397328794,0
0,1,0.0014878227458204032,0,0.0,0,1.67753933055792e-05,0,2.0792033741425114e-05,0,1.4679141343906086e-06,0,0.00015976825670804828,0,0.0005622303579002619,0
0,3,0.010505368915089524,0,0.01,0,0.00021371345792431384,0,3.20355434077516e-05,0,0.00024892530885698235,0,0.0031691528856754303,0,0.0019409691449254751,0
0,4,0.0025974516063045463,0,0.01,0,0.0002128897758666426,0,0.006546765303567707,0,0.0011664950232118693,0,0.0009124083444476128,0,0.0005995164974592626,0
0,4,5.749400982101252e-06,0,0.11,0,0.051884036511182785,0,0.170444976930257,1,0.0008432531186446121,0,0.0037670680321753025,0,0.051500868052244186,0
0,2,0.00017658327053045366,0,0.01,0,3.9486320019932464e-05,0,4.492348554522059e-05,0,0.00013289575193260958,0,0.0016522371442988515,0,0.002273032907396555,0
0,4,4.314610216639928e-07,0,0.0,0,1.2148084351792932e-05,0,3.3502667522153586e-05,0,5.842506152773789e-09,0,5.455222435557516e-06,0,1.2981662621314172e-05,0
0,5,0.007793151793117983,0,0.01,0,0.0005052858032286167,0,6.258488885132466e-05,0,0.008727433608186614,0,0.003555064322426915,0,0.006777323316782713,0
0,4,0.0003126297397230339,0,0.0,0,2.861014763766434e-05,0,2.1317292546515458e-05,0,6.72894463437204e-08,0,9.67806681728689e-06,0,2.346983274037484e-05,0
0,2,0.00027230105898919083,0,0.01,0,3.4886979847215116e-05,0,2.0827581182746696e-05,0,2.45243608787486e-06,0,6.326315633486956e-05,0,0.00012239061470609158,0
0,4,0.0027857345275509797,0,0.0,0,2.0385645257192664e-05,0,4.505959878670843e-05,0,1.8002115288097626e-05,0,0.0007132726022973657,0,0.00016097708430606872,0
0,2,9.283374621868299e-06,0,0.0,0,2.6491828975849785e-05,0,2.0603745658303568e-05,0,1.003696805106234e-06,0,9.810895789996721e-06,0,2.9704127882723697e-05,0
0,5,0.00020198346568821296,0,0.0,0,2.6794925361173227e-05,0,2.1630516770680184e-05,0,1.3588384570796e-06,0,1.837117633840535e-05,0,2.134071291948203e-05,0
0,5,4.0862343085353756e-05,0,0.03,0,0.0008125896565616131,0,8.740550767815899e-05,0,2.255480752884654e-06,0,0.00019923585932701826,0,0.0017784037627279758,0
0,4,0.333078453203498,0,0.06,0,0.006174619309604168,0,0.0019604704250643485,0,0.013093014116677662,0,0.028747135773301125,0,0.2495095133781433,1
0,3,0.00898337616963218,0,0.01,0,0.0023827485274523497,0,0.00022576632719292317,0,0.0013763664937790354,0,0.0010682974243536592,0,0.000532880425453186,0
0,5,3.487458359156982e-08,0,0.0,0,5.066955964139197e-06,0,2.1523093535131033e-05,0,4.563818083208771e-08,0,8.813310159894172e-06,0,1.3968488019600045e-05,0
0,2,2.5538848619927468e-05,0,0.0,0,1.0946221664198674e-05,0,3.4999655543051986e-05,0,1.1360277610234921e-07,0,1.0264172487950418e-05,0,1.588461054780055e-05,0
0,5,5.57314792348865e-05,0,0.01,0,0.002148890867829323,0,0.0005907480455734248,0,0.0034090753385573524,0,0.0015125899808481336,0,0.006309227552264929,0
0,3,1.484050186959227e-05,0,0.0,0,5.561426587519236e-05,0,2.1523943364218238e-05,0,2.519150349807069e-07,0,3.5855791793437675e-05,0,3.5714714613277465e-05,0
0,1,0.025388313224930424,0,0.0,0,9.837649849941954e-05,0,2.0918433583329324e-05,0,0.0003151737696994583,0,0.0015074058901518583,0,0.0017775320447981358,0
0,1,0.00035963747447527965,0,0.03,0,5.901536496821791e-05,0,0.0004509669901372998,0,0.0044031833750601225,0,0.0023386965040117502,0,0.0038005365058779716,0
0,1,0.12065570974695947,0,0.02,0,0.0017015929333865643,0,0.002531472960974039,0,0.010026247015303599,0,0.0017468383302912116,0,0.013634313829243183,0
0,5,0.0007764446712896491,0,0.04,0,0.0003715450002346188,0,0.000684565106428435,0,1.41117974700208e-05,0,0.009968653321266174,0,0.03625567629933357,0
0,2,0.14629282099877877,0,0.01,0,0.001079848618246615,0,0.00048592610686008965,0,4.074344946239665e-06,0,0.00020811105787288398,0,0.000348717556335032,0
0,2,8.940950174857221e-05,0,0.0,0,1.2265812074474525e-05,0,3.446463017976015e-05,0,6.709326672010454e-07,0,4.323010944062844e-05,0,7.783602632116526e-05,0
0,1,0.00044225986368327434,0,0.02,0,2.960149140562862e-05,0,0.0005658838314262455,0,8.029599335451526e-05,0,0.0005901085678488016,0,0.0018191002309322357,0
0,5,0.05986368524450971,0,0.08,0,0.009584276005625725,0,0.004354949609798695,0,0.1439319220754968,0,0.00927046313881874,0,0.027883363887667656,0
0,2,8.791019529207121e-05,0,0.0,0,1.952232742041815e-05,0,2.4016817867003328e-05,0,2.518812075899337e-06,0,3.5596742236521095e-05,0,4.3458552681840956e-05,0
0,4,0.00034086618235730374,0,0.0,0,3.748514427570626e-05,0,2.8090670248495075e-05,0,2.162241668870746e-08,0,2.4162920453818515e-05,0,2.796544140437618e-05,0
0,2,0.3805330399018052,0,0.23,1,0.23672200739383698,1,0.013356782760000794,0,0.39185099185030436,1,0.03639896959066391,0,0.250739723443985,1
0,2,0.13153541369845603,0,0.03,0,9.491245145909488e-05,0,2.8960477811194423e-05,0,0.0021743227739564504,0,0.004066159948706627,0,0.008409176021814346,0
0,1,0.0015342249655729287,0,0.05,0,0.0005671443068422377,0,0.00022187122558826064,0,0.009799214168317515,0,0.00846494548022747,0,0.01368819922208786,0
0,1,0.013917001869354446,0,0.02,0,0.0019213275518268347,0,2.7647803772505647e-05,0,1.5220934548767285e-05,0,0.0016324996249750257,0,0.016639461740851402,0
0,5,0.05917250940689205,0,0.0,0,5.406310265243519e-06,0,3.383099989689165e-05,0,8.456051373502905e-06,0,0.0016692543867975473,0,0.0008591479272581637,0
0,4,0.020462375765860446,0,0.01,0,0.003812923328951001,0,4.245558244056002e-05,0,9.194201883951843e-05,0,0.00030161169706843793,0,0.0003608079277910292,0
0,5,0.140104295848267,0,0.05,0,0.0006738859810866416,0,4.96983778632377e-05,0,0.0004486543645728416,0,0.0017466351855546236,0,0.005798397585749626,0
0,5,0.9877140333359241,0,0.01,0,0.00030265410896390676,0,0.00010025561613893327,0,7.318402174721961e-07,0,0.004267668817192316,0,0.009087593294680119,0
0,4,0.00012547809199920878,0,0.0,0,0.0018428574549034238,0,4.8060840471860054e-05,0,1.3231889028930123e-05,0,0.0002448701998218894,0,0.00020633565145544708,0
0,5,7.809475600679073e-05,0,0.0,0,3.9476476558775175e-06,0,2.1440261840267057e-05,0,3.3509399526915556e-08,0,1.378821525577223e-05,0,1.9364211766514927e-05,0
0,4,0.00011779121871625572,0,0.0,0,6.307322473730892e-05,0,2.3182856611970917e-05,0,4.031281368675256e-06,0,9.391597268404439e-05,0,9.537388541502878e-05,0
0,1,0.18163920062095265,0,0.0,0,1.826924017223064e-05,0,5.249468789069844e-05,0,0.0003754360129407021,0,0.0008149486384354532,0,0.0013602998806163669,0
0,5,2.4233715444638957e-05,0,0.0,0,7.594560429424746e-06,0,2.537047759678604e-05,0,1.0087764083478358e-08,0,1.3238163774076384e-05,0,1.9063250874751247e-05,0
0,3,0.2301357298876669,0,0.11,0,0.009686216711997986,0,0.001505222020169092,0,0.03780373506174082,0,0.0349380224943161,0,0.06205197796225548,0
0,3,0.13098831282726106,0,0.01,0,0.0012925065821036696,0,4.298902690807967e-05,0,0.00014624133150410113,0,0.001144335139542818,0,0.003818231401965022,0
0,2,0.016421415268012517,0,0.01,0,0.00019891229749191552,0,0.00011639627685386519,0,0.001161556962805002,0,0.0004941915976814926,0,0.0011421384988352656,0
0,4,1.873288503578758e-06,0,0.0,0,0.00024808483431115746,0,3.0086072476718793e-05,0,4.0849572906038345e-07,0,1.162550597655354e-05,0,1.6012065316317603e-05,0
0,4,0.0013145515262670123,0,0.01,0,7.441786146955565e-05,0,2.7383238060284995e-05,0,1.9630560785184525e-05,0,0.0004058752383571118,0,0.0008700111065991223,0
0,2,0.05779612657325478,0,0.02,0,0.00012427096953615546,0,3.1150544059397765e-05,0,4.909819455900874e-05,0,0.005687071476131678,0,0.0010912753641605377,0
0,2,0.3528049342900662,0,0.0,0,6.91280365572311e-05,0,0.00023451156042963458,0,0.015182063249418376,0,0.01294748391956091,0,0.008627143688499928,0
0,2,5.626999356210857e-05,0,0.0,0,7.2613038355484605e-06,0,2.1173928084191257e-05,0,9.765432645718409e-08,0,9.652615517552476e-06,0,1.5847503163968213e-05,0
0,5,9.974079726865979e-05,0,0.01,0,0.0014916870277374983,0,9.934823751065833e-05,0,0.00024038100860219598,0,0.00015156317385844886,0,0.00036150767118670046,0
0,1,0.012565321854237659,0,0.0,0,9.371541818836704e-05,0,3.211191316983757e-05,0,5.65227539254417e-06,0,0.0005299447802826762,0,0.0008677390869706869,0
0,2,1.167875564621355e-07,0,0.0,0,3.870747605105862e-06,0,2.4867490242442247e-05,0,3.716716485317435e-08,0,1.2566302757477388e-05,0,1.7849099094746634e-05,0
0,1,1.8132829102447162e-06,0,0.01,0,3.011193712154636e-06,0,2.06311633995628e-05,0,8.312961010148515e-08,0,1.889961822598707e-05,0,1.5853751392569393e-05,0
0,5,0.01825848472802419,0,0.01,0,6.809264505136525e-06,0,2.418154350238039e-05,0,4.292101005586221e-06,0,0.0001822064514271915,0,0.00039496790850535035,0
0,2,2.1123470650896157e-07,0,0.0,0,2.478038368280977e-05,0,2.0389073776035852e-05,0,1.503744080791302e-07,0,7.638018360012211e-06,0,1.5684205209254287e-05,0
0,2,0.00023220823888086653,0,0.0,0,0.00028234696947038174,0,6.624461040798913e-05,0,1.6069995350784007e-06,0,5.374631655286066e-05,0,4.151978646405041e-05,0
0,4,1.8579768326013008e-09,0,0.0,0,5.903175406274386e-06,0,2.1322853052126608e-05,0,2.7611852260408562e-08,0,5.9464941841724794e-06,0,1.4912541701050941e-05,0
0,3,2.4993564149414943e-06,0,0.0,0,7.154518971219659e-05,0,3.630108987856949e-05,0,1.0783129321055355e-06,0,0.00013425001816358417,0,0.0002784999960567802,0
0,4,0.004882720126351816,0,0.0,0,2.332335861865431e-05,0,1.9907213820427236e-05,0,2.038105679621658e-06,0,9.815716475713998e-05,0,8.019054075703025e-05,0
0,2,0.004649769130227724,0,0.0,0,5.885973223485053e-06,0,2.0081771272786837e-05,0,6.27506226203029e-07,0,5.671165126841515e-05,0,3.340898183523677e-05,0
0,2,1.2909550872860245e-05,0,0.0,0,8.342751243617386e-05,0,2.1139503623726e-05,0,9.899193757102365e-08,0,8.060737854975741e-06,0,1.8682663721847348e-05,0
0,3,2.3044280842121648e-05,0,0.0,0,3.925536020688014e-06,0,2.1522784303007087e-05,0,1.7688676271905937e-07,0,9.943089935404714e-06,0,1.396121115249116e-05,0
0,3,0.004858999006007876,0,0.01,0,0.00013587830471806228,0,2.111666816134478e-05,0,1.7752385336453816e-06,0,7.221217674668878e-05,0,0.00018669365090318024,0
0,2,7.718850364930833e-06,0,0.0,0,0.0004549393488559872,0,0.00026820835428097487,0,7.114906490012857e-05,0,0.0004034129960928112,0,0.0019419853342697024,0
0,2,9.585472895627572e-07,0,0.0,0,9.512167707725894e-06,0,2.1013507266838818e-05,0,6.33437247445538e-07,0,9.562918421579525e-06,0,1.7116055460064672e-05,0
0,4,0.13139816903957277,0,0.01,0,0.0002415623894194141,0,0.0006465508578613346,0,0.0009087572024627171,0,0.004608906339854002,0,0.003468297189101577,0
0,4,0.00011291124337851736,0,0.01,0,0.001075654523447156,0,0.00024001556582171335,0,0.0008077934867350239,0,0.00028858339646831155,0,0.0020008159335702658,0
0,3,0.9999824578238767,1,0.1,0,0.42858636379241943,1,0.05926080246954262,0,0.23487672156489017,1,0.6916173100471497,1,0.7479889988899231,1
0,1,1.614331653440951e-05,0,0.0,0,1.0364410627516918e-05,0,5.088108989944615e-05,0,2.293719542185034e-07,0,5.054384746472351e-05,0,0.00021654168085660785,0
0,5,0.00039628288577421984,0,0.03,0,0.00048810598673298955,0,2.814676122844425e-05,0,0.000376410028734077,0,0.0006359822582453489,0,0.008538252674043179,0
0,1,0.037014351842481204,0,0.03,0,0.0018703395035117865,0,7.54474628455044e-05,0,0.011030797214231646,0,0.026405423879623413,0,0.02098696306347847,0
0,2,2.8202750967558086e-05,0,0.0,0,0.0010285098105669022,0,2.690267183151384e-05,0,2.4327274369473937e-05,0,0.00010557338828220963,0,0.00014394168101716787,0
0,4,0.00010881276491726518,0,0.0,0,8.546026947442442e-05,0,3.5701845770603444e-05,0,5.541131731814112e-06,0,4.3135070882271975e-05,0,3.589375410228968e-05,0
0,3,9.402443624060988e-06,0,0.01,0,7.96171480033081e-06,0,2.112229183238124e-05,0,9.365413497992543e-07,0,5.383459574659355e-05,0,5.43154455954209e-05,0
0,3,2.5105183941549286e-06,0,0.0,0,8.067658200161532e-06,0,1.552071088855334e-05,0,2.248779728733413e-06,0,0.00010652099444996566,0,7.402049232041463e-05,0
0,2,3.051847734262246e-07,0,0.0,0,3.5957113141193986e-05,0,2.1162940849832814e-05,0,6.041275433428139e-08,0,1.1814174285973422e-05,0,2.0736730220960453e-05,0
0,3,1.2519648465465508e-05,0,0.0,0,6.706300155201461e-06,0,2.1181956089339558e-05,0,8.765618972583795e-06,0,9.446132025914267e-05,0,7.387637015199289e-05,0
0,2,0.0005927185302217619,0,0.0,0,0.000792067963629961,0,0.00011146078480887023,0,7.296688581921937e-05,0,0.0037016398273408413,0,0.01694837585091591,0
0,4,0.0002161245983522636,0,0.01,0,7.968970749061555e-06,0,3.23873937921245e-05,0,6.098793897380164e-05,0,0.0005054267821833491,0,0.0014087052550166845,0
0,4,0.00034655548088806203,0,0.0,0,0.0001535700139356777,0,4.2357214107290357e-05,0,0.0001448090029020817,0,0.0003319454554002732,0,0.00019121277728118002,0
0,3,0.10510744524702394,0,0.0,0,0.010961044579744339,0,9.684372552781791e-05,0,0.0007428303235936715,0,0.0011339627671986818,0,0.0009853256633505225,0
0,5,2.6692086668752376e-05,0,0.0,0,1.892578075057827e-05,0,2.1426467141771295e-05,0,1.993602456204282e-07,0,1.4726687368238345e-05,0,1.5177261957433075e-05,0
0,4,2.632163884034594e-06,0,0.0,0,5.789594524685526e-06,0,2.131882264757942e-05,0,1.683536508290013e-07,0,7.341795480897417e-06,0,1.8104816263075918e-05,0
0,1,0.0002010396322103057,0,0.0,0,4.6161938371369615e-05,0,6.343098065919187e-05,0,1.4382470810369387e-06,0,0.00017054815543815494,0,0.00048748048720881343,0
0,4,9.393142795833012e-06,0,0.02,0,0.0002397126954747364,0,6.658837750059167e-05,0,4.44237146532206e-06,0,8.143285958794877e-05,0,0.0003306605212856084,0
0,3,3.355812296966777e-06,0,0.01,0,2.8525691959657706e-05,0,2.1103354949934328e-05,0,3.631635730943545e-07,0,2.271760968142189e-05,0,2.324888191651553e-05,0
0,1,2.1477277730258536e-06,0,0.0,0,2.8505987756943796e-06,0,2.827952159993479e-05,0,7.475345773982054e-05,0,0.00018344746786169708,0,0.0006457643467001617,0
0,2,1.1571038957635837e-05,0,0.0,0,6.525951175717637e-05,0,2.9771640868729548e-05,0,6.295108969403156e-07,0,0.00015866522153373808,0,6.001731162541546e-05,0
0,3,8.572029834283644e-05,0,0.0,0,0.00010334919352317229,0,6.719307816382463e-05,0,1.2142273811522788e-05,0,0.001010349951684475,0,0.0024718553759157658,0
0,5,8.990229508926824e-06,0,0.0,0,0.00023304317437577993,0,2.5366144895640605e-05,0,1.8367409296242297e-07,0,1.366937613056507e-05,0,3.655592809082009e-05,0
0,5,0.007443253565528047,0,0.01,0,9.6526273409836e-05,0,2.4421662223276343e-05,0,2.9418147203157336e-06,0,0.0002612677635625005,0,0.002641394268721342,0
0,1,4.185247854398448e-07,0,0.0,0,6.321268756437348e-06,0,2.0608921836522155e-05,0,6.042874631589137e-08,0,7.098205060174223e-06,0,1.3525577742257155e-05,0
0,5,8.025109482310665e-06,0,0.0,0,3.442525485297665e-05,0,2.383492588943486e-05,0,2.6249638778059577e-05,0,4.2681484046624973e-05,0,3.806776294368319e-05,0
0,5,4.549650307933026e-06,0,0.0,0,4.800845999852754e-06,0,2.523878282583246e-05,0,1.870137977072948e-07,0,1.9356455595698208e-05,0,3.4793600207194686e-05,0
0,2,2.0999961686459372e-05,0,0.01,0,1.2016396794933826e-05,0,2.0305467608278883e-05,0,1.1893895115190697e-07,0,1.9832492398563772e-05,0,2.5513483706163242e-05,0
0,5,0.005311341660328211,0,0.01,0,1.981181776500307e-05,0,3.142260356779481e-05,0,0.00010511339592412731,0,0.0003201326762791723,0,0.0009170966222882271,0
0,1,3.944197541509609e-08,0,0.0,0,1.5551324395346455e-05,0,3.403060651724298e-05,0,1.226375433062554e-07,0,7.19451736586052e-06,0,1.5019266356830485e-05,0
0,4,1.2940809779046132e-05,0,0.0,0,1.3402466720435768e-05,0,3.579722255627021e-05,0,7.895039318804743e-08,0,6.025979018886574e-06,0,1.3751532605965622e-05,0
0,3,0.2712428225294678,0,0.02,0,0.0056640454567968845,0,5.597790582209425e-05,0,0.0008021449350463274,0,0.0025402281899005175,0,0.015990033745765686,0
0,3,1.1362221841403954e-08,0,0.01,0,1.0996160199283622e-05,0,2.1153237736979922e-05,0,3.552986482600797e-07,0,4.343799810158089e-05,0,3.378887049620971e-05,0
0,4,0.00044273708631101515,0,0.0,0,6.68326101731509e-05,0,2.1310757924516253e-05,0,2.2810568653852905e-06,0,1.2793737369065639e-05,0,2.2718411855748855e-05,0
0,4,0.003105623405724649,0,0.0,0,3.478035068837926e-05,0,3.936636905275455e-05,0,1.6509759564396207e-05,0,6.786300946259871e-05,0,9.066936036106199e-05,0
0,4,0.00242316726220769,0,0.0,0,9.518265869701281e-06,0,3.486564260773169e-05,0,1.2892329737488946e-05,0,2.3675791453570127e-05,0,2.243737253593281e-05,0
0,5,1.909218247310789e-05,0,0.01,0,0.0010144844418391585,0,0.00013091311644981225,0,4.162225989025257e-05,0,0.0011877923971042037,0,0.0002778235066216439,0
0,5,9.051490946429177e-07,0,0.05,0,0.0007645119330845773,0,0.00047420430333129383,0,0.0007030297721805003,0,0.008683828637003899,0,0.011465901508927345,0
0,3,2.434812029979923e-08,0,0.0,0,1.3575405318988487e-05,0,2.8525133578383766e-05,0,5.214889729488655e-07,0,2.2183034161571413e-05,0,2.338159356440883e-05,0
0,2,9.540420051220966e-05,0,0.0,0,4.9141559429699555e-05,0,0.0003380465996841034,0,1.628660203163228e-05,0,0.0005005096318200231,0,0.001254981616511941,0
0,5,0.0004187934737854037,0,0.01,0,6.8978129093011376e-06,0,8.909745787215824e-05,0,2.3373871468423908e-05,0,8.837946370476857e-05,0,0.0005789835704490542,0
0,2,0.0026458286422799504,0,0.01,0,5.6651530030649155e-05,0,3.4022206213836765e-05,0,7.13673311355076e-05,0,0.0004301448061596602,0,0.0002961697173304856,0
0,3,0.0005578845427389528,0,0.0,0,1.8085653437083238e-06,0,1.995940066448881e-05,0,1.5578248128017442e-07,0,1.747618443914689e-05,0,1.8075605112244375e-05,0
0,3,0.011141805762846931,0,0.0,0,0.0015792963095009327,0,3.365125704681401e-05,0,0.0005319088914986372,0,0.007521364837884903,0,0.0010505139362066984,0
0,3,0.1263234530420037,0,0.0,0,1.2853765838372055e-05,0,2.098482262630022e-05,0,1.697115065532151e-05,0,0.0007949144928716123,0,0.0002635231357999146,0
0,4,0.0005706541187976606,0,0.0,0,4.1443490772508085e-06,0,1.9771526578976205e-05,0,1.583316428306087e-07,0,0.00014023741823621094,0,5.008745574741624e-05,0
0,1,0.02324451043265429,0,0.0,0,2.2122272639535367e-05,0,3.536508957742149e-05,0,1.0234494945457437e-05,0,0.00035447307163849473,0,0.0009839683771133423,0
0,3,0.001773001133466906,0,0.0,0,2.4929327992140315e-05,0,2.511893979125743e-05,0,1.4729575585754868e-06,0,0.0002026224392466247,0,5.606872582575306e-05,0
0,4,2.13214111045726e-06,0,0.01,0,0.0002115294773830101,0,6.547209459942595e-05,0,9.207245344156173e-06,0,9.761451656231657e-05,0,8.790979336481541e-05,0
0,1,0.8395317837521011,0,0.06,0,0.00042444877908565104,0,0.00010181307357554633,0,0.0761713022286937,0,0.0048675136640667915,0,0.026386911049485207,0
0,1,1.053723081843845e-06,0,0.0,0,4.448514118848834e-06,0,2.100903763323262e-05,0,1.996944518617168e-07,0,7.1326771831081714e-06,0,1.3138240319676697e-05,0
0,4,0.010108960761003816,0,0.0,0,2.6076322683366016e-05,0,2.4271298431848242e-05,0,1.3727854017015227e-06,0,3.3308846468571573e-05,0,6.004266833770089e-05,0
0,2,0.0002088692028400476,0,0.0,0,2.0682015019701794e-05,0,2.0071430607132824e-05,0,6.531244578391572e-07,0,1.496882123319665e-05,0,2.8982643925701268e-05,0
0,1,0.00202855929016637,0,0.02,0,0.0010538026690483093,0,0.00010128333612116282,0,5.430496128884311e-05,0,7.589542656205595e-05,0,0.0007851095288060606,0
0,4,0.15313151174203057,0,0.04,0,0.001972202444449067,0,0.0006964944271926857,0,0.00015655606155856318,0,0.030767954885959625,0,0.03161031752824783,0
0,4,0.0002350201821811402,0,0.0,0,1.1723732313839719e-05,0,2.5472021780608783e-05,0,8.719584938846465e-06,0,0.0003960654139518738,0,0.0002915749209932983,0
0,1,0.2569146310094355,0,0.01,0,0.0014014584012329578,0,6.982047539801229e-05,0,0.001742210887789765,0,0.011809897609055042,0,0.05404314026236534,0
0,1,0.13282237617092713,0,0.07,0,0.013052773661911488,0,0.0038112302619232583,0,0.002440902740729587,0,0.013332115486264229,0,0.22616492211818695,1
0,1,0.0018512291549964254,0,0.0,0,1.6644136167087709e-06,0,2.0360414293319616e-05,0,4.788744950387944e-06,0,2.3069693270372227e-05,0,2.8993188607273623e-05,0
0,4,0.002532355248837532,0,0.01,0,0.00018122790788765997,0,0.00010496710951628043,0,0.0007568616133459618,0,0.0055011906661093235,0,0.006706533022224903,0
0,2,0.39925419045181226,0,0.02,0,0.00045500200940296054,0,0.004271903093604689,0,0.004679700931809679,0,0.029726536944508553,0,0.03826522454619408,0
0,5,9.792746365405548e-07,0,0.0,0,8.960812920122407e-06,0,3.6329624079667105e-05,0,3.409323517661279e-07,0,4.100074875168502e-06,0,1.2981662621314172e-05,0
0,5,6.541530005558691e-05,0,0.0,0,1.77832644112641e-05,0,2.1409829082685593e-05,0,1.159637142618115e-07,0,1.8659746274352074e-05,0,2.013558696489781e-05,0
0,3,8.477360347380197e-08,0,0.0,0,1.0462787031428888e-05,0,2.1338326230168806e-05,0,1.1520058669312769e-07,0,1.067174434865592e-05,0,1.3799925000057556e-05,0
0,5,1.8695364523638752e-05,0,0.0,0,1.4048199773242231e-05,0,2.1235331541549208e-05,0,1.9306607011550785e-07,0,6.632287295360584e-06,0,1.531589077785611e-05,0
0,3,3.552992789088087e-07,0,0.0,0,1.1760482266254257e-05,0,2.016196441134847e-05,0,2.714596701867758e-06,0,1.7062387996702455e-05,0,1.6561894881306216e-05,0
0,1,0.013215957541819088,0,0.0,0,4.4514886212709825e-06,0,6.807241732586279e-05,0,1.763845675932335e-05,0,3.742885746760294e-05,0,0.0005400825757533312,0
0,3,0.10781003428770838,0,0.0,0,0.00022349943174049258,0,2.4953172541784164e-05,0,9.554903375982134e-07,0,9.475573460804299e-05,0,0.0001369504607282579,0
0,4,0.999353818442594,1,0.12,0,0.10984574258327484,0,0.2661433926106547,1,0.09666401166160055,0,0.09056364744901657,0,0.37162163853645325,1
0,4,0.13278192842229858,0,0.02,0,0.003953386563807726,0,0.00013307793845239357,0,0.0759150275954465,0,0.005948637146502733,0,0.0021258376073092222,0
0,5,2.006488996001436e-05,0,0.0,0,1.286401766265044e-05,0,2.139712524601139e-05,0,8.181845757348527e-08,0,5.995099854771979e-06,0,1.3794385267829057e-05,0
0,3,0.00011732403846406687,0,0.0,0,1.8014776287600398e-05,0,2.1047456126299098e-05,0,3.2317535086023243e-06,0,4.854171857004985e-05,0,2.4932938686106354e-05,0
0,5,0.014792684943286477,0,0.0,0,2.3251050151884556e-05,0,2.4759820035012013e-05,0,1.0791272614905637e-06,0,6.564601062564179e-05,0,3.793550422415137e-05,0
0,2,0.012967527085551721,0,0.0,0,8.662703294248786e-06,0,1.987359950857244e-05,0,2.293661881178492e-05,0,0.00020129022595938295,0,0.00027312591555528343,0
0,4,9.312904648830682e-07,0,0.0,0,4.634093329514144e-06,0,2.126917958314876e-05,0,3.610134891118106e-08,0,5.222071649768623e-06,0,1.2981662621314172e-05,0
0,4,0.00013951337796476134,0,0.0,0,5.581723598879762e-06,0,1.641422457541327e-05,0,1.8528566986986906e-07,0,0.0001242634461959824,0,3.99017590098083e-05,0
0,3,0.39984742939717977,0,0.0,0,5.539756239159033e-05,0,9.708949283487838e-05,0,3.978863220272706e-06,0,0.0021592495031654835,0,0.0017608037451282144,0
0,4,0.04939146238676256,0,0.01,0,0.0005034836358390749,0,5.052929055439904e-05,0,0.003176297228860848,0,0.0013806913048028946,0,0.001343275886029005,0
0,2,5.632104924182461e-05,0,0.0,0,3.6325691326055676e-05,0,1.7490087746034516e-05,0,1.6589443220301704e-07,0,8.626971975900233e-06,0,1.4704367458762135e-05,0
0,3,2.2907203514633084e-07,0,0.0,0,1.2601416528923437e-05,0,2.571391850952896e-05,0,2.0022802162431295e-07,0,9.608109394321218e-06,0,1.3695635061594658e-05,0
0,4,0.003261961905067109,0,0.0,0,2.612297066661995e-06,0,2.0574515574420325e-05,0,3.8077335158870677e-05,0,7.382417970802635e-05,0,3.536730946507305e-05,0
0,5,0.4429558633790033,0,0.02,0,0.000504679570440203,0,0.0004690051995971585,0,0.00019821573657600292,0,0.00852253194898367,0,0.01569155976176262,0
0,2,0.007958410030656117,0,0.02,0,0.00028549370472319424,0,2.5818284377632586e-05,0,5.6228462226241844e-05,0,0.00017012734315358102,0,0.00013273084186948836,0
0,1,0.0007838908728252162,0,0.01,0,4.0047874790616333e-05,0,5.123342231678776e-05,0,2.7799780375402766e-05,0,0.0005773612065240741,0,0.0018923409515991807,0
0,4,0.007448564307658888,0,0.02,0,0.0006266103009693325,0,4.372704670944294e-05,0,1.527669632090476e-05,0,0.0009533406118862331,0,0.0014583587180823088,0
0,1,2.6727535967183874e-07,0,0.0,0,9.664621529736905e-07,0,2.4288813643036364e-05,0,9.832582969495189e-08,0,4.378158791951137e-06,0,1.4237142750062048e-05,0
0,5,2.352180928868933e-06,0,0.0,0,7.000639470788883e-06,0,2.1503368613149347e-05,0,5.702342560033785e-08,0,4.646973138733301e-06,0,1.2981662621314172e-05,0
0,1,8.473240350025934e-08,0,0.02,0,6.249456782825291e-05,0,0.00019733478758843757,0,1.933971920430242e-05,0,0.002587097929790616,0,0.0051818289794027805,0
0,3,0.1149065503929017,0,0.03,0,7.664036274945829e-06,0,2.4539019864830907e-05,0,2.088347076447684e-06,0,8.620818698545918e-05,0,8.053906640270725e-05,0
0,4,0.00010055309312003437,0,0.0,0,4.9456310080131516e-05,0,2.0369712026374036e-05,0,6.117338495354841e-05,0,2.4140575987985358e-05,0,5.341466749086976e-05,0
0,5,7.627598375068769e-06,0,0.01,0,0.0001465472305426374,0,2.215889093787996e-05,0,5.970766553045396e-07,0,0.0002528698241803795,0,0.00011389352584956214,0
0,2,0.035794628505223636,0,0.04,0,0.7810906171798706,1,0.4142649469459837,1,0.7326328943744858,1,0.2655927836894989,1,0.2654702961444855,1
0,1,2.2041854336160228e-07,0,0.0,0,1.0556715324128163e-06,0,2.0979067138609478e-05,0,9.746477354336677e-09,0,4.631689080270007e-06,0,1.482601510360837e-05,0
0,3,6.065851475453586e-06,0,0.0,0,9.925082849804312e-05,0,3.56805863819838e-05,0,9.527143131471481e-05,0,0.000333860341925174,0,0.00043853261740878224,0
0,2,0.007020549500059309,0,0.0,0,0.00012019755376968533,0,0.0001498840741146492,0,0.00019280734309989997,0,0.0055166929960250854,0,0.0035088530275970697,0
0,3,1.6276042837122655e-05,0,0.0,0,3.161043059662916e-05,0,3.955606790575395e-05,0,2.4209473817323487e-06,0,1.7962338461074978e-05,0,2.1692478185286745e-05,0
0,4,0.0008631863282094544,0,0.01,0,0.00013309242785908282,0,7.021111752221347e-05,0,2.500010644562942e-05,0,0.0002256090665468946,0,0.0006594046135433018,0
0,4,0.35697757609170677,0,0.0,0,0.0001483454107074067,0,5.576166516173011e-05,0,0.0005157523507542708,0,0.0006581945926882327,0,0.00048293426516465843,0
0,5,0.6860978332472357,0,0.04,0,0.018341394141316414,0,0.013784067384134594,0,0.0015722541564240921,0,0.011022863909602165,0,0.051388923078775406,0
0,3,0.00014960982072109523,0,0.0,0,0.00013806068454869092,0,2.8671915609809166e-05,0,6.820420277378965e-05,0,7.020100019872189e-05,0,0.00016394061094615608,0
0,5,2.9171213456812074e-07,0,0.0,0,4.175388676230796e-05,0,1.9288522082109497e-05,0,1.8193750603812462e-06,0,3.6864556022919714e-05,0,3.3037522371159866e-05,0
0,5,8.343495012752114e-08,0,0.0,0,0.0002429248415865004,0,2.612160308167503e-05,0,1.0026215158833918e-06,0,6.782876153010875e-05,0,0.00021142097830306739,0
0,2,0.0003744628068463694,0,0.0,0,0.0015136603033170104,0,4.960433158540389e-05,0,0.0002774619290279751,0,0.00045684960787184536,0,0.000129738386021927,0
0,5,0.0002503239138250249,0,0.01,0,0.0002353895251872018,0,0.00013383075686615578,0,0.00012819820018923958,0,0.000606213347055018,0,0.0008380479412153363,0
0,3,3.5213321508560335e-07,0,0.01,0,0.0012011800426989794,0,0.000223035496030932,0,1.5635688179801317e-05,0,0.0003685262054204941,0,0.0003727787989191711,0
0,3,1.19354237179471e-05,0,0.0,0,1.0473419024492614e-05,0,6.791027003741656e-05,0,2.951851850565288e-07,0,0.00011200238805031404,0,4.903101944364607e-05,0
0,3,1.2131062728105125e-06,0,0.0,0,2.0397079424583353e-05,0,2.1391463893378317e-05,0,2.3468598457014448e-07,0,1.3955039321444929e-05,0,1.3750670404988341e-05,0
0,5,0.21195913878392642,0,0.04,0,0.00013983820099383593,0,2.9481248951439695e-05,0,6.431940192745365e-05,0,0.005350035149604082,0,0.003918697126209736,0
0,4,0.02826387983292267,0,0.02,0,2.2415464627556503e-05,0,4.0717578144387944e-05,0,1.957794111426014e-06,0,0.0007742950692772865,0,0.00034847663482651114,0
0,3,1.7227993431705953e-05,0,0.0,0,3.6573665056494065e-06,0,2.1302622138265747e-05,0,7.189123594777277e-08,0,1.9793798855971545e-05,0,1.6358082575607114e-05,0
0,4,0.001876425597722114,0,0.0,0,8.48665786179481e-06,0,1.933494446136359e-05,0,1.7362725663046336e-05,0,0.00020156268146820366,0,5.037149821873754e-05,0
0,5,7.764546439844231e-08,0,0.0,0,3.37714736815542e-05,0,2.5346320381317393e-05,0,7.038121364093709e-08,0,4.319498657423537e-06,0,1.3427925296127796e-05,0
0,4,0.2231238228632841,0,0.03,0,0.005286358762532473,0,0.024957376078309758,0,0.004045401846837458,0,0.01021902821958065,0,0.01247718557715416,0
0,4,1.1964676627221857e-06,0,0.0,0,5.711516132578254e-05,0,3.001022605841953e-05,0,2.1793209798732223e-07,0,0.00013057241449132562,0,2.3015320039121434e-05,0
0,3,0.9680202672174639,1,0.02,0,0.000447759754024446,0,0.003538163188320018,0,0.01138062438569285,0,0.02483837679028511,0,0.061409950256347656,0
0,4,0.00664905369751874,0,0.05,0,0.0007528777350671589,0,0.0002637537652091593,0,0.00012535861228550027,0,0.000336045166477561,0,0.001241352641955018,0
0,2,0.06204537695113564,0,0.01,0,6.901981396367773e-05,0,2.811934647640225e-05,0,0.00017579687082546364,0,0.0007051138090901077,0,0.0003818497061729431,0
0,5,9.71152690309736e-07,0,0.0,0,1.46975651205139e-06,0,1.9787032057205146e-05,0,2.8821749874410645e-08,0,5.271956524666166e-06,0,1.2981662621314172e-05,0
0,4,0.0010141708246689382,0,0.01,0,0.00018553578411228955,0,6.146644859392181e-05,0,4.115831875412688e-05,0,0.001120107714086771,0,0.0007079553324729204,0
0,3,0.3929771928514983,0,0.0,0,0.0007910500862635672,0,0.0001130950956071402,0,0.0009831720266414567,0,0.008320831693708897,0,0.007899033837020397,0
0,1,0.000398149047745402,0,0.02,0,0.0008898297674022615,0,0.0006634948833768105,0,0.006417318841475254,0,0.004026228561997414,0,0.0034668040461838245,0
0,2,2.7086717755083176e-05,0,0.02,0,2.2890037143952213e-05,0,6.839689572758638e-05,0,3.093031411684335e-05,0,0.0049968925304710865,0,0.0037425141781568527,0
0,4,0.00016880785337670772,0,0.05,0,0.0004627722955774516,0,0.00143629235259862,0,0.00017966067308049314,0,0.01933378167450428,0,0.07379092276096344,0
0,4,0.0299438842545681,0,0.01,0,9.180188499158248e-05,0,2.756921756585277e-05,0,5.0956240264410944e-05,0,0.0004307544440962374,0,0.0005870269378647208,0
0,5,0.9643126261265919,0,0.11,0,0.1980963796377182,1,0.044778441498473674,0,0.6847524515729979,1,0.19242462515830994,0,0.2906252443790436,1
0,4,0.7714250808982995,0,0.07,0,0.017200341448187828,0,0.0014377632820720594,0,0.03813730865354282,0,0.032158900052309036,0,0.011754128150641918,0
0,1,4.8434588056303404e-05,0,0.0,0,2.6050076940009603e-06,0,2.0584674861985605e-05,0,2.847377272353575e-08,0,7.853378519939724e-06,0,1.4552302673109807e-05,0
0,3,0.00023993139149461616,0,0.0,0,3.297021976322867e-05,0,2.271330223995269e-05,0,1.430720721016469e-06,0,1.4832784472673666e-05,0,1.7980373741011135e-05,0
0,1,0.0005304743773969965,0,0.03,0,1.3266171663417481e-05,0,4.451953033245148e-05,0,0.0008225464063264034,0,0.0003197406476829201,0,0.0018420248525217175,0
0,2,1.846718451760658e-06,0,0.0,0,0.0001347741053905338,0,2.4927368295194672e-05,0,8.182586351996322e-07,0,7.270590685948264e-06,0,1.3973773093312047e-05,0
0,2,0.0010539462943895887,0,0.0,0,0.00013295456301420927,0,2.3768370540438688e-05,0,5.156633222498169e-07,0,7.564929546788335e-05,0,0.00011604602332226932,0
0,1,0.20333029618596324,0,0.03,0,0.00010556900087976828,0,6.89698455742725e-05,0,0.0012201076288581541,0,0.003931485116481781,0,0.04126373678445816,0
0,2,1.5379342585994804e-07,0,0.01,0,2.950018460978754e-05,0,0.00018866469497629026,0,9.011622243595784e-07,0,0.003481441643089056,0,0.0050281560979783535,0
0,2,0.013587227504121871,0,0.01,0,0.0005818989593535662,0,3.588169687441776e-05,0,2.5884806965260974e-06,0,0.00026345407241024077,0,0.002624470740556717,0
0,3,6.221305573830394e-05,0,0.01,0,8.869610610418022e-05,0,2.108883853015892e-05,0,2.1133868681188958e-05,0,2.1271949663059786e-05,0,4.203907155897468e-05,0
0,1,0.0002352796472050133,0,0.0,0,4.246567641530419e-06,0,2.0900548142737007e-05,0,3.8420028674284434e-08,0,6.129831490397919e-06,0,2.139064235961996e-05,0
0,1,1.4673688934993126e-06,0,0.0,0,5.094817424833309e-06,0,2.0509374344898277e-05,0,5.752602891012395e-06,0,7.380993338301778e-05,0,0.0001719626015983522,0
0,5,2.718044360069018e-05,0,0.0,0,1.364760464639403e-05,0,4.071722049177342e-05,0,5.827547260885706e-05,0,0.000513578241225332,0,0.0019143003737553954,0
0,4,0.00039802931672487657,0,0.01,0,1.730965777824167e-05,0,3.5931231486996474e-05,0,7.93200804931371e-06,0,0.00023755394795443863,0,0.0001976033381652087,0
0,1,0.07766448196999083,0,0.0,0,4.238443125359481e-06,0,3.243449381951707e-05,0,9.307584615639648e-06,0,2.1290030417731032e-05,0,0.00014946586452424526,0
0,1,1.6145263901191314e-05,0,0.0,0,0.00021726997510995716,0,0.0003298553500186301,0,1.0539612758313852e-05,0,0.0002720230841077864,0,0.00032863629166968167,0
0,5,0.021349109969636897,0,0.0,0,3.494595148367807e-05,0,2.0464696126567796e-05,0,8.024712517700829e-06,0,0.00011244085180805996,0,0.00014025470591150224,0
0,5,0.07402850546387577,0,0.01,0,0.00020155594393145293,0,0.00014666135198371873,0,0.00018613889813862337,0,0.0061486633494496346,0,0.01090955175459385,0
0,1,1.7246969756715937e-06,0,0.0,0,1.19391529551649e-06,0,2.0653916673084112e-05,0,2.5965770541703797e-07,0,3.835108600469539e-06,0,1.6495128875249065e-05,0
0,5,0.000690465687072035,0,0.0,0,0.004012604244053364,0,5.9158890464332626e-05,0,3.8743741290959385e-06,0,0.00040983568760566413,0,0.0011133900843560696,0
0,5,0.011718112458908693,0,0.0,0,1.5192055798252113e-05,0,2.3326910011340852e-05,0,8.77727689776445e-05,0,0.000173649110365659,0,0.00018735622870735824,0
0,5,0.005887506144926325,0,0.0,0,3.960503818234429e-05,0,6.337104762894469e-05,0,0.00044169822978157563,0,0.005601380951702595,0,0.005703448783606291,0
0,1,0.1841129197940515,0,0.0,0,8.666145845381834e-07,0,2.0454071136708707e-05,0,8.108005336746898e-05,0,4.3990374251734465e-05,0,0.00022830527450423688,0
0,1,3.895858231167682e-07,0,0.0,0,4.326653652242385e-06,0,3.37595078659456e-05,0,4.860896604960139e-08,0,7.087048743414925e-06,0,1.486938890593592e-05,0
0,1,0.0003369614746405244,0,0.0,0,0.00014687849034089595,0,6.534023281028214e-05,0,6.4144282434284e-08,0,0.0002065424487227574,0,0.0007975738844834268,0
0,3,9.254181576008965e-05,0,0.01,0,6.424481398425996e-05,0,3.523652414474898e-05,0,6.040843581603809e-07,0,4.0463921322952956e-05,0,2.4167056835722178e-05,0
0,4,0.18550514523231526,0,0.04,0,0.009207282215356827,0,0.012827899014976902,0,0.024108950896714988,0,0.02161034755408764,0,0.01219635084271431,0
0,3,5.108264179766545e-07,0,0.0,0,1.8493014067644253e-05,0,2.1504546970987616e-05,0,5.742040639699358e-08,0,1.457701455365168e-05,0,1.3549411050917115e-05,0
0,3,6.864302365527738e-07,0,0.01,0,2.8543681764858775e-05,0,2.1312110289818265e-05,0,1.746777012965558e-07,0,1.022757714963518e-05,0,1.310302013735054e-05,0
0,4,0.0005650219417372988,0,0.01,0,0.0002824199036695063,0,5.820743976679706e-05,0,0.00035697371585900257,0,0.0017562154680490494,0,0.003015586407855153,0
0,2,9.97257833288788e-05,0,0.0,0,1.5541376342298463e-05,0,2.115105609622232e-05,0,1.9002651021692713e-07,0,8.389125468966085e-06,0,1.4759828445676249e-05,0
0,2,1.2826294580593642e-06,0,0.0,0,1.2717011486529373e-05,0,2.117797534498003e-05,0,2.829240324425234e-07,0,6.642026164627168e-06,0,1.3189840501581784e-05,0
0,4,0.010042110019059662,0,0.0,0,6.136320007499307e-05,0,3.33391120228196e-05,0,2.0028160261756924e-05,0,0.0006144989165477455,0,0.0003593498549889773,0
0,1,2.6459929122941228e-05,0,0.0,0,0.00015922251623123884,0,3.005844020864965e-05,0,1.672381783150068e-07,0,4.198674560029758e-06,0,1.3249768926471006e-05,0
0,4,1.6461083989989335e-07,0,0.0,0,7.99567442300031e-06,0,2.1303881676887412e-05,0,3.08156747366606e-08,0,4.868752512265928e-06,0,1.309760773438029e-05,0
0,4,0.339650559666516,0,0.0,0,2.396707895968575e-05,0,2.5076770639944543e-05,0,0.00018246103330254,0,0.00021019609994255006,0,0.0001319797447649762,0
0,5,0.0070043838505695595,0,0.0,0,9.498180588707328e-05,0,2.818830052127248e-05,0,9.850083097467755e-06,0,0.001379229361191392,0,4.174298737780191e-05,0
0,1,2.4331906309565907e-06,0,0.01,0,4.7712579544167966e-05,0,4.297617437054298e-05,0,5.6790012620586755e-06,0,0.00010810991079779342,0,0.000208556855795905,0
0,2,0.1255401003228981,0,0.0,0,0.0003597347531467676,0,0.0001902076579091296,0,0.0005194154824334878,0,0.016742540523409843,0,0.02128356136381626,0
0,3,0.005398988897170374,0,0.02,0,0.0006522120675072074,0,0.00017865173723258034,0,0.0002077769821805011,0,0.009326654486358166,0,0.01411393377929926,0
0,2,0.04270971121921698,0,0.0,0,0.001681443420238793,0,0.0004597206024743209,0,0.021849853749022225,0,0.017831262201070786,0,0.02469903789460659,0
0,1,1.3494714975099348e-06,0,0.0,0,4.8568390411674045e-06,0,2.1029092356863065e-05,0,7.19485195201183e-08,0,3.8086125186964637e-06,0,1.3832299373461865e-05,0
0,3,7.853140542857401e-05,0,0.02,0,4.565939434542088e-06,0,3.066216912581476e-05,0,6.287755278937376e-07,0,9.396832319907844e-05,0,0.00014955972437746823,0
0,5,1.334420796504645e-09,0,0.0,0,2.173059101551189e-06,0,2.145314948173586e-05,0,5.435154216014758e-08,0,4.145009370404296e-06,0,1.2981662621314172e-05,0
0,4,0.7129258676278539,0,0.02,0,0.014783441089093685,0,0.001683928841332795,0,0.04351299527661508,0,0.10044655948877335,0,0.028814012184739113,0
0,3,0.8734480075183181,0,0.01,0,0.0002612107200548053,0,6.733207035827923e-05,0,2.5401632950270653e-05,0,0.001566780381835997,0,0.0008109754417091608,0
0,5,0.023243601994240713,0,0.01,0,0.00040345947491005063,0,4.575651918702547e-05,0,9.409767837944853e-05,0,0.0009289254667237401,0,0.001339814974926412,0
0,5,4.7869926500525435e-06,0,0.0,0,6.57832933939062e-05,0,2.337095884745634e-05,0,3.348010243804071e-06,0,0.0013797443825751543,0,0.00018171210831496865,0
0,3,0.17847848394008348,0,0.08,0,0.01425162237137556,0,0.0004366729971361135,0,0.0017920221399687223,0,0.0014458581572398543,0,0.03640419617295265,0
0,1,7.203772882771324e-05,0,0.0,0,1.8538554286351427e-05,0,3.8151757490668695e-05,0,1.693696219407569e-05,0,5.0106980779673904e-05,0,4.758348222821951e-05,0
0,3,4.772928655692047e-08,0,0.01,0,1.0916103747149464e-05,0,2.4319564444102456e-05,0,4.517040887930864e-07,0,1.0603851478663273e-05,0,1.3290346032590605e-05,0
0,2,0.0001801821888563213,0,0.01,0,0.00015247116971295327,0,9.895113807564436e-05,0,0.009261274909854667,0,0.007467313203960657,0,0.004310506395995617,0
0,1,8.979639675251175e-08,0,0.0,0,0.0001900116039905697,0,4.590034643758561e-05,0,2.1332764166718166e-05,0,0.00023730332031846046,0,0.0015684554819017649,0
0,3,0.9522825992544076,1,0.03,0,0.00034409016370773315,0,5.136767560841245e-05,0,0.0008510389873672075,0,0.012734029442071915,0,0.034422989934682846,0
0,5,0.18184070236761293,0,0.02,0,0.007858364842832088,0,7.305848368179388e-05,0,0.0004814336811408627,0,0.0005491853225976229,0,0.005695441272109747,0
0,4,7.601891946565747e-09,0,0.0,0,4.934932348987786e-06,0,2.4816282195883927e-05,0,1.161022369364241e-08,0,5.655062523146626e-06,0,1.3162662980903406e-05,0
0,1,3.208196896723067e-05,0,0.0,0,5.933945794822648e-05,0,4.731612737745028e-05,0,6.654729514020742e-08,0,1.3866831977793481e-05,0,1.9617396901594475e-05,0
0,4,0.8878877953394995,0,0.1,0,0.04293389618396759,0,0.006332563552281986,0,0.011752021836622075,0,0.08051203936338425,0,0.07073933631181717,0
0,2,0.00033810819524005703,0,0.0,0,8.425258420174941e-05,0,2.040673557042303e-05,0,1.5519327932218565e-06,0,8.764684025663882e-05,0,8.707480446901172e-05,0
0,3,0.0005089815096007721,0,0.0,0,5.245506690698676e-05,0,2.098331062983855e-05,0,1.3266295376535332e-05,0,0.00030362638062797487,0,0.000139613650389947,0
0,1,4.372730043901943e-05,0,0.0,0,2.2907115635462105e-05,0,2.923739305795495e-05,0,5.312626519000607e-08,0,7.382780040643411e-06,0,3.981898044003174e-05,0
0,3,0.0019653321180580427,0,0.0,0,6.555561412824318e-06,0,2.1123575286550694e-05,0,6.274043797178117e-06,0,0.00020123600552324206,0,0.00013099904754199088,0
0,2,0.00017767266668105683,0,0.01,0,9.013935596158262e-06,0,2.407538960497699e-05,0,1.0419644701745769e-06,0,6.377914542099461e-05,0,5.168511052033864e-05,0
0,3,0.07054987717389688,0,0.03,0,5.4644384363200516e-05,0,5.9233986890213654e-05,0,0.001113542713667107,0,0.0070243882946670055,0,0.003926961217075586,0
0,5,1.0718045482173027e-06,0,0.0,0,1.5174275176832452e-05,0,2.1509842574108188e-05,0,2.793701345159971e-07,0,5.45464445167454e-06,0,1.3094903806631919e-05,0
0,5,0.9982465516599051,1,0.03,0,0.003845339175313711,0,0.0019475919261719827,0,0.003598686831394684,0,0.08658653497695923,0,0.14926952123641968,0
0,4,0.009470873092054403,0,0.01,0,2.69870770353009e-06,0,6.339037916824598e-05,0,1.7395910029693012e-05,0,0.002599678235128522,0,0.003952707163989544,0
0,3,0.12159676301624371,0,0.01,0,0.0004429300024639815,0,3.604858636985162e-05,0,0.001904491888944729,0,0.011290546506643295,0,0.006801453419029713,0
0,2,2.995035671272258e-07,0,0.0,0,3.937663132091984e-05,0,2.1169496306512293e-05,0,6.217098374501828e-08,0,6.632189524680143e-06,0,1.309760773438029e-05,0
0,1,0.5179035814323854,0,0.06,0,0.2181454598903656,1,0.5560798557189998,1,0.05272311920924343,0,0.18408815562725067,0,0.1835852861404419,1
0,2,0.0003716820120547677,0,0.02,0,0.0005761244683526456,0,4.29383621700022e-05,0,0.0007891221506917913,0,0.0004909301642328501,0,0.0005957870744168758,0
0,3,0.00012000015447397005,0,0.0,0,1.483814230596181e-05,0,2.1122644813552276e-05,0,4.1556309478181205e-06,0,0.0001823616330511868,0,0.0005341227515600622,0
0,1,0.009451139351601417,0,0.0,0,4.981695019523613e-05,0,1.8907044713827568e-05,0,4.4003159692232025e-05,0,0.0011785581009462476,0,0.002581819426268339,0
0,4,7.37158262718106e-07,0,0.0,0,2.0124933143961243e-05,0,2.1303175518390707e-05,0,4.877122834428351e-08,0,7.415233994834125e-06,0,1.336393142992165e-05,0
0,4,1.339094697794428e-07,0,0.0,0,2.0810597561649047e-05,0,2.4454526787139744e-05,0,1.5137934890321795e-05,0,0.001300497679039836,0,0.0004011058190371841,0
0,5,0.005868946887042973,0,0.02,0,0.004449665546417236,0,0.0012639720929739074,0,0.06408656966164765,0,0.0300776157528162,0,0.026406772434711456,0
0,3,0.17186486703861642,0,0.01,0,0.0005556271644309163,0,7.475233222906974e-05,0,9.694311916141469e-05,0,0.0012893080711364746,0,0.001011813641525805,0
0,1,0.006522301722746881,0,0.0,0,1.1673961125779897e-05,0,1.6908218366305796e-05,0,0.00031765985762307957,0,0.00039250191184692085,0,0.0013677817769348621,0
0,3,0.0010296775765475533,0,0.01,0,0.0001971297460841015,0,4.941443167046814e-05,0,0.00014035282807076148,0,0.000324718450428918,0,0.0006744119455106556,0
0,1,0.07831203607159194,0,0.01,0,0.00018601777264848351,0,7.893310265794283e-05,0,0.025916974675627414,0,0.00023860532382968813,0,0.0010575748747214675,0
0,2,1.6646750067851643e-06,0,0.01,0,3.981258851126768e-05,0,4.023793310393343e-05,0,1.5067055472047416e-05,0,2.4563190891058184e-05,0,3.918640868505463e-05,0
0,1,1.0661769043381361e-07,0,0.0,0,1.4458746591117233e-05,0,2.5060028455704316e-05,0,1.5956745584415762e-08,0,6.701859092572704e-06,0,1.3587135981651954e-05,0
0,5,8.452971932529119e-05,0,0.01,0,3.8115081224532332e-06,0,3.846981308730207e-05,0,2.3291055805268817e-05,0,1.5102574252523482e-05,0,4.869835538556799e-05,0
0,1,9.723689102114206e-06,0,0.01,0,4.279983841115609e-06,0,3.419008706329087e-05,0,9.719429976195945e-05,0,2.8782447770936415e-05,0,0.00032043358078226447,0
0,5,0.21829523097330983,0,0.02,0,0.0031678907107561827,0,0.0023261828080174637,0,0.010333705719675935,0,0.020154094323515892,0,0.10485848039388657,0
0,1,0.006493721670999286,0,0.01,0,0.00039059214759618044,0,0.002120022329730317,0,0.00033402841277233974,0,0.00016006860823836178,0,0.0009169433615170419,0
0,4,0.0028883208348836503,0,0.0,0,0.00033001898555085063,0,9.158640973480453e-05,0,1.2306323078205504e-05,0,0.0003208804700989276,0,0.00037553542642854154,0
0,5,0.01864364439726507,0,0.05,0,0.00045719495392404497,0,6.311416179593168e-05,0,7.144907240979738e-05,0,0.009163359180092812,0,0.02046995237469673,0
0,2,3.170740888174881e-05,0,0.0,0,4.465211168280803e-05,0,2.1171101035661047e-05,0,5.924768791146771e-07,0,8.11310292192502e-06,0,1.469253038521856e-05,0
0,3,0.0022657204020310497,0,0.0,0,2.686408333829604e-05,0,2.559256218599435e-05,0,2.0766121986148397e-05,0,0.0006852580700069666,0,0.0003807334287557751,0
0,5,4.323679128504423e-05,0,0.0,0,2.1597543309326284e-05,0,2.2903207478882037e-05,0,1.2501480159484011e-05,0,5.8406418247614056e-05,0,0.00026936817448586226,0
0,2,3.9196079937338505e-07,0,0.0,0,1.5615853044437245e-05,0,2.493793784500841e-05,0,3.067358123938718e-07,0,1.4763010767637752e-05,0,2.047081579803489e-05,0
0,3,8.704448906535054e-05,0,0.0,0,1.1411380910431035e-05,0,2.5933121436681925e-05,0,1.773408031385731e-07,0,1.5512005120399408e-05,0,1.9355349650140852e-05,0
0,3,4.501786167590289e-05,0,0.01,0,0.0002705395163502544,0,3.45576056442628e-05,0,0.00012806247013441251,0,0.0006173611036501825,0,0.0018957031425088644,0
0,2,0.003988472167855694,0,0.0,0,1.802735641831532e-05,0,2.9565218854918453e-05,0,7.570793407128222e-05,0,3.642294541350566e-05,0,0.0001275283721042797,0
0,1,0.06746436820157972,0,0.03,0,0.0024059114512056112,0,0.0008130152691129935,0,0.0010962835487407592,0,0.02450219728052616,0,0.039767034351825714,0
0,4,3.564361001983385e-05,0,0.01,0,0.00036022771382704377,0,2.0575338548668116e-05,0,1.1972744040191215e-05,0,0.0017857594648376107,0,0.012830939143896103,0
0,5,0.03634864099438736,0,0.0,0,7.797105354256928e-05,0,4.226322804766502e-05,0,9.292797171198991e-05,0,0.0005492855561897159,0,0.00665294099599123,0
0,5,0.08404620129521442,0,0.02,0,0.021117260679602623,0,0.010555504275656295,0,0.002066927013337684,0,0.002769466256722808,0,0.10278794169425964,0
0,1,1.0642422331220433e-07,0,0.0,0,3.596184615162201e-05,0,2.1233784568442292e-05,0,1.1301332588705232e-07,0,1.024051925924141e-05,0,1.6128704373841174e-05,0
0,4,0.000221541072172993,0,0.0,0,0.0004435510782059282,0,6.94270163974333e-05,0,0.00012254424913362634,0,0.000533333804924041,0,0.0035440735518932343,0
0,5,6.131836860449031e-07,0,0.02,0,1.6417283404734917e-05,0,5.550034003951312e-05,0,2.6887864535676135e-07,0,9.748313459567726e-06,0,1.645831980567891e-05,0
0,1,0.002151558605905103,0,0.0,0,8.625839109299704e-05,0,2.406856427395369e-05,0,0.00017643359893889746,0,0.0001033942389767617,0,0.00010891213605646044,0
0,1,0.0022289377222288486,0,0.01,0,8.963241270976141e-06,0,7.858108420503822e-05,0,1.7905490457498896e-05,0,0.002640798222273588,0,0.005103559233248234,0
0,4,0.006398666640811937,0,0.02,0,0.0011803066590800881,0,0.0016234684110755565,0,9.100088467231643e-05,0,0.019347289577126503,0,0.014871122315526009,0
0,3,1.4934131033966488e-06,0,0.0,0,0.00012080562009941787,0,2.0098256852744575e-05,0,2.378681912850906e-06,0,1.8431726857670583e-05,0,3.1695180950919166e-05,0
0,1,0.129232158711302,0,0.01,0,2.1462217773660086e-05,0,2.757849070700819e-05,0,0.0003472088949675358,0,0.0007146725547499955,0,0.0011767077958211303,0
0,4,7.635760821190037e-05,0,0.0,0,0.001046837423928082,0,3.340729785569283e-05,0,1.696442503765669e-05,0,5.7900255342246965e-05,0,5.3779098379891366e-05,0
0,2,0.00726314902748805,0,0.0,0,0.0004401358892209828,0,8.614875605306727e-05,0,0.00025174229530149837,0,0.008072766475379467,0,0.0006792678032070398,0
0,2,0.1743898302560599,0,0.03,0,0.00017272168770432472,0,4.073192459990345e-05,0,1.5936702927860185e-06,0,0.0005220251623541117,0,0.00045968926860950887,0
0,4,0.007342611062119344,0,0.0,0,1.2575221262522973e-05,0,2.8543737753783592e-05,0,4.1088467728104894e-05,0,0.00011036614159820601,0,0.00013478705659508705,0
0,5,0.0026374468567802053,0,0.01,0,2.9549933969974518e-05,0,6.719064054115504e-05,0,2.875630204336508e-06,0,0.001297212322242558,0,0.001906012650579214,0
0,1,0.025598202240283613,0,0.03,0,0.0020138744730502367,0,0.00032931486197849535,0,0.02200202421123303,0,0.020961161702871323,0,0.049300361424684525,0
0,5,0.02238770447753018,0,0.05,0,0.003605104982852936,0,9.73812375539808e-05,0,5.3409075454347594e-05,0,0.0013159221271052957,0,0.0058797369711101055,0
0,3,0.0053168462530708725,0,0.01,0,2.3264336050488055e-05,0,2.384895585119229e-05,0,6.819499705331444e-05,0,4.828357123187743e-05,0,7.463362999260426e-05,0
0,5,0.2277963726381237,0,0.04,0,0.08932988345623016,0,0.009798539932659047,0,0.20118500713536414,0,0.027022024616599083,0,0.06370212137699127,0
0,5,0.3619089811838576,0,0.03,0,8.103924483293667e-05,0,1.8698942684793825e-05,0,1.2081058810865905e-05,0,0.0006587005918845534,0,0.010861548595130444,0
0,5,0.0002559598648682603,0,0.0,0,0.00010817935253726318,0,1.99096814721892e-05,0,1.7703300456895296e-06,0,1.6242280253209174e-05,0,4.28579660365358e-05,0
0,2,2.2995986138212666e-05,0,0.0,0,2.8625267077586614e-05,0,2.1172978486441628e-05,0,2.5255253493227912e-08,0,7.34791183276684e-06,0,1.345614691672381e-05,0
0,2,1.0162924716661141e-06,0,0.0,0,1.118619638873497e-05,0,2.1172978486441628e-05,0,4.629568604999628e-08,0,8.031421202758793e-06,0,2.0713765479740687e-05,0
0,4,0.0005652032550027828,0,0.0,0,7.434217695845291e-05,0,2.9005424247453365e-05,0,4.0333095354460474e-05,0,0.0006382570136338472,0,0.0003974699357058853,0
0,2,3.9084812364938524e-06,0,0.01,0,0.00016395485727116466,0,4.056846727608534e-05,0,1.2947718860340219e-06,0,0.00013587623834609985,0,0.0001972826721612364,0
0,5,7.498689302350645e-07,0,0.02,0,2.0985018636565655e-05,0,3.124311055370342e-05,0,1.7965281767247125e-06,0,0.0008567834738641977,0,0.0005666299257427454,0
0,1,0.026231316929459732,0,0.0,0,1.1053123671445064e-05,0,1.997625915450118e-05,0,9.050516163344418e-06,0,0.0003166462411172688,0,0.0005161404842510819,0
0,4,0.461340549143752,0,0.03,0,0.0008027855074033141,0,3.718299615696643e-05,0,0.0004201059566488899,0,0.005916906520724297,0,0.03946670889854431,0
0,1,0.002832971096578244,0,0.01,0,1.711785444058478e-05,0,2.468752266393835e-05,0,8.831522017124155e-07,0,1.590594183653593e-05,0,0.00011055824143113568,0
0,4,3.866293573980987e-06,0,0.0,0,6.0713955463143066e-05,0,2.0586359348183773e-05,0,1.9779644440066496e-07,0,2.3201360818347894e-05,0,2.5573839593562298e-05,0
0,4,4.944188857734122e-05,0,0.0,0,1.4643891518062446e-05,0,2.1303312490631173e-05,0,4.0634822411502525e-08,0,1.0159050361835398e-05,0,1.683780283201486e-05,0
0,3,0.00016177853095769712,0,0.03,0,0.0001298654096899554,0,7.428463545393316e-05,0,1.548765885155307e-05,0,0.00042601628229022026,0,0.0006809463957324624,0
0,4,0.002010245933637949,0,0.01,0,0.00031381534063257277,0,3.3619421880425476e-05,0,3.3504413789550614e-05,0,0.0008515135268680751,0,0.001564656849950552,0
0,5,0.03947350658229071,0,0.01,0,8.882475958671421e-05,0,1.3064184016638892e-05,0,2.8693525443412846e-06,0,0.0007295437389984727,0,0.002263868460431695,0
0,3,0.00011408101647940278,0,0.0,0,8.513554348610342e-06,0,2.1449203439230134e-05,0,1.1472207912194417e-07,0,1.2590925507538486e-05,0,1.3955668691778556e-05,0
0,3,5.4126219375586486e-05,0,0.01,0,1.898883783724159e-05,0,3.157483023459787e-05,0,1.2534377858216113e-06,0,2.9159173209336586e-05,0,2.3602093278896064e-05,0
0,1,1.3000922320095395e-06,0,0.0,0,4.310172244004207e-06,0,2.0682142602965978e-05,0,7.585873881151827e-08,0,3.852210738841677e-06,0,1.313010579906404e-05,0
0,3,0.9135845170709298,0,0.05,0,0.005316749680787325,0,0.0006422605665780991,0,0.006789122393401129,0,0.08557167649269104,0,0.164259672164917,0
0,4,0.0003207877498204614,0,0.0,0,7.009791715972824e-06,0,2.273386783154086e-05,0,2.0293324735442059e-07,0,1.350183902104618e-05,0,2.7390376999392174e-05,0
0,1,3.8074723231420195e-05,0,0.0,0,3.397966565898969e-06,0,2.4501653878558136e-05,0,1.1291304572295484e-07,0,5.418055025074864e-06,0,1.5892950614215806e-05,0
0,4,0.00026556033634395494,0,0.0,0,1.1305864063615445e-05,0,2.8733618631615482e-05,0,3.3048298336575527e-06,0,9.420597780263051e-05,0,0.00012669904390349984,0
0,5,0.0002842172163172347,0,0.02,0,0.0006466598133556545,0,7.86766905280914e-05,0,6.810524409478792e-05,0,0.0014786276733502746,0,0.0016945600509643555,0
0,2,0.525988359025911,0,0.03,0,0.007853477261960506,0,0.007891771698827028,0,0.0004980892381553851,0,0.07680045813322067,0,0.06710256636142731,0
0,2,2.67590642194566e-07,0,0.0,0,1.3136838788341265e-05,0,2.1149313097618036e-05,0,4.195933987978668e-08,0,7.325422757276101e-06,0,1.3411712643573992e-05,0
0,5,2.3376003030702274e-05,0,0.01,0,4.0610877476865426e-05,0,4.611928313069548e-05,0,6.915716441407479e-07,0,1.3060001037956681e-05,0,3.799714249907993e-05,0
0,5,0.2013524705647836,0,0.08,0,0.03749167546629906,0,0.008483820284221302,0,0.6060974683344086,1,0.04253777861595154,0,0.06894813477993011,0
0,4,0.0021546648444153516,0,0.01,0,0.0007691045175306499,0,9.780464449654129e-05,0,0.0002850354313318942,0,0.0006936477147974074,0,0.0007363127660937607,0
0,2,1.1932319865424967e-08,0,0.01,0,6.421780562959611e-05,0,7.587685734862486e-05,0,6.577499907387683e-07,0,0.00018387964519206434,0,0.00018314816406928003,0
0,4,0.0004730692329750471,0,0.0,0,0.0006712551112286747,0,7.986899410108695e-05,0,2.277270021061715e-05,0,0.00027097397833131254,0,0.0002804886316880584,0
0,5,0.001618200908344329,0,0.0,0,0.00011141973664052784,0,2.061528292460672e-05,0,9.249033513745636e-06,0,5.840458834427409e-05,0,8.234780398197472e-05,0
0,2,0.0001709597849810987,0,0.0,0,1.3853968084731605e-05,0,2.4031937114274198e-05,0,2.4657662932379606e-05,0,2.693551141419448e-05,0,3.309216845082119e-05,0
0,3,0.045542152472896405,0,0.06,0,0.022595597431063652,0,0.0033060743026122404,0,0.02778865961665821,0,0.018339786678552628,0,0.010379433631896973,0
0,2,0.011762439341774308,0,0.01,0,0.00011776918836403638,0,2.654260639152997e-05,0,0.00021711047200148395,0,0.0006731729954481125,0,0.0007710385834798217,0
0,4,8.299358654720904e-06,0,0.01,0,6.0730217228410766e-06,0,5.293825686895451e-05,0,1.1871862506988188e-05,0,0.0004677619144786149,0,0.0005395177868194878,0
0,3,0.0077008833193528085,0,0.01,0,0.0019922356586903334,0,0.0018292961800121473,0,0.0006490977197493744,0,0.0006388318142853677,0,0.006393789313733578,0
0,5,0.009025398344620423,0,0.0,0,2.1933921743766405e-05,0,2.4754675311799828e-05,0,6.305571778982337e-05,0,7.469797128578648e-05,0,0.00013294209202285856,0
0,4,0.053345070799330305,0,0.0,0,7.2952221671585e-05,0,4.508500722441557e-05,0,3.2561762633055714e-05,0,7.035448652459309e-05,0,0.0013341255253180861,0
0,5,0.012280001088961618,0,0.04,0,0.00012578578025568277,0,0.00033888340786745384,0,1.2771895810730294e-05,0,0.0007158317603170872,0,0.010386073961853981,0
0,4,0.5427222794130901,0,0.05,0,3.5462519008433446e-05,0,6.32373372512469e-05,0,0.0011541003011598444,0,0.010147305205464363,0,0.005859761964529753,0
0,3,0.0006718109712772663,0,0.01,0,0.000569273775909096,0,1.3416862485385262e-05,0,0.00015801164554538576,0,0.002236903179436922,0,0.0024029442574828863,0
0,4,0.005210510675061648,0,0.0,0,1.1896341675310396e-05,0,2.0654299701824904e-05,0,9.682492419232334e-06,0,7.082890078891069e-05,0,0.00010652797209331766,0
0,5,0.00017960270424672125,0,0.03,0,0.01651768572628498,0,0.2856375059706249,1,0.0012158723604178045,0,0.03178462013602257,0,0.007374411448836327,0
0,1,0.2575486144322471,0,0.05,0,0.03897508606314659,0,0.015193876486752547,0,0.04686624825265793,0,0.014841925352811813,0,0.018657781183719635,0
0,1,0.0005725249823114093,0,0.0,0,8.981284918263555e-05,0,2.4526099801579715e-05,0,5.631321059675553e-07,0,0.0001177813537651673,0,0.0002885142166633159,0
0,4,0.014770312700726899,0,0.0,0,0.00019070968846790493,0,3.30097279736431e-05,0,5.4254722227212894e-06,0,0.0004452496359590441,0,0.0006263340474106371,0
0,4,0.00012359978734713072,0,0.03,0,0.0006179322954267263,0,0.00020729547803423942,0,0.00033370736386599813,0,0.0032823653891682625,0,0.0024037794210016727,0
0,2,0.00015827431007740513,0,0.0,0,1.919717396958731e-05,0,2.435911927340167e-05,0,9.177648522169681e-07,0,9.030802175402641e-05,0,9.06396089703776e-05,0
0,5,0.9654887033631105,0,0.14,1,0.028255315497517586,0,0.02337160140257137,0,0.06550414717253564,0,0.023241225630044937,0,0.06269410997629166,0
0,5,7.355295823214174e-05,0,0.01,0,0.00021070697403047234,0,3.371657781421463e-05,0,2.2126548007781326e-05,0,0.00016861897893249989,0,8.042273839237168e-05,0
0,3,5.592046935752132e-06,0,0.0,0,4.660987997340271e-06,0,2.1134769861017815e-05,0,2.0491356083310836e-06,0,7.215193181764334e-05,0,8.384154352825135e-05,0
0,2,0.9753836063496479,1,0.05,0,0.012064964510500431,0,0.003725838502583226,0,0.25368277709428283,1,0.16227547824382782,0,0.20183376967906952,1
0,3,0.0003067777503266157,0,0.0,0,9.357334056403488e-05,0,2.7634745656625343e-05,0,3.7594912247111286e-05,0,0.00028996868059039116,0,0.0003285900747869164,0
0,1,0.9171556161315875,1,0.05,0,0.0014758657198399305,0,0.00017214322540393337,0,0.04505353703849816,0,0.05507674813270569,0,0.1013522744178772,0
0,2,0.00033604030789051675,0,0.0,0,1.5977249859133735e-05,0,2.030828496893945e-05,0,6.705440258128717e-07,0,4.443134457687847e-05,0,3.854123497148976e-05,0
0,2,0.0011632824309435487,0,0.0,0,0.00011271018593106419,0,2.0289140829921928e-05,0,4.891398850391083e-06,0,9.530736861051992e-05,0,0.0001446511159883812,0
0,3,0.002354141012066969,0,0.0,0,1.0269044651067816e-05,0,2.131648035112972e-05,0,8.218236875122371e-07,0,8.546817116439342e-05,0,0.00018433629884384573,0
0,4,0.0018293053680584663,0,0.0,0,1.1960979463765398e-05,0,4.8035841174484454e-05,0,4.966862192806719e-06,0,6.612219294765964e-05,0,5.801012957817875e-05,0
0,1,0.03061699466947633,0,0.03,0,1.3866909284843132e-05,0,0.00019721926430649422,0,6.75947779802597e-05,0,0.0007389532984234393,0,0.0009031394147314131,0
0,2,9.24745530345636e-05,0,0.0,0,1.4785030543862376e-05,0,5.85023868544852e-05,0,3.199488846023969e-06,0,0.0004556786152534187,0,0.0003340509138070047,0
0,2,0.0017554428267277085,0,0.01,0,0.00042056216625496745,0,0.000210279986109532,0,0.0006384186513918513,0,0.0009423514711670578,0,0.0030433344654738903,0
0,3,0.11456032450094729,0,0.01,0,0.00016803780454210937,0,3.60713258659542e-05,0,0.0001487260072134193,0,0.029922660440206528,0,0.020569786429405212,0
0,1,0.00010383051463880066,0,0.0,0,2.0591842257999815e-05,0,2.3324298816051302e-05,0,1.2933383540008441e-07,0,4.199196155241225e-06,0,1.742369931889698e-05,0
0,2,0.00017361749332433628,0,0.01,0,1.2887655429949518e-05,0,2.115105609622232e-05,0,1.3832834705920216e-07,0,8.604822141933255e-06,0,1.359930683975108e-05,0
0,3,0.00369956383580787,0,0.02,0,1.755521589075215e-05,0,2.1358369640725937e-05,0,4.340413147503938e-07,0,4.453034853213467e-05,0,2.501956441847142e-05,0
0,4,0.13853814827239386,0,0.02,0,0.0017487643053755164,0,0.0018922422462799432,0,0.006372523597105744,0,0.007228080183267593,0,0.007494660094380379,0
0,5,0.45265327640071784,0,0.1,0,0.0017964080907404423,0,0.0007111682492922916,0,0.002136536324525481,0,0.01999826915562153,0,0.03155383840203285,0
0,2,5.533185540196867e-07,0,0.0,0,0.00016629196761641651,0,2.116190586498613e-05,0,3.5436992665119275e-07,0,6.817996109020896e-06,0,1.3084084457659628e-05,0
0,4,6.910524929161282e-06,0,0.0,0,6.928112725290703e-06,0,2.7861102689753998e-05,0,1.602898041682877e-07,0,5.002788384445012e-06,0,1.304627767240163e-05,0
0,1,0.00035569149268593826,0,0.0,0,4.296095994504867e-06,0,2.1048879454270936e-05,0,6.596920976085758e-08,0,6.029278210917255e-06,0,2.2453277779277414e-05,0
0,4,0.007880966346296306,0,0.02,0,8.298239117721096e-05,0,2.9419721830346798e-05,0,1.777782090948263e-06,0,0.0014323662035167217,0,0.0019591550808399916,0
0,2,9.211047822242352e-09,0,0.0,0,2.6039197109639645e-05,0,2.117797534498003e-05,0,3.295851068210815e-08,0,6.985435447859345e-06,0,1.31653787320829e-05,0
0,1,3.6584432751347993e-06,0,0.0,0,5.861371391802095e-06,0,2.4178798660019088e-05,0,3.9508276125888236e-07,0,1.1517556231410708e-05,0,2.1771724277641624e-05,0
0,3,0.018007898351986178,0,0.0,0,0.00014393613673746586,0,2.063031817913874e-05,0,3.83275999278364e-06,0,8.466313738608733e-05,0,3.198726335540414e-05,0
0,3,1.8025223233707064e-05,0,0.03,0,0.011732741259038448,0,0.0002991904544889144,0,0.0045697398144971466,0,0.013116629794239998,0,0.0028077492024749517,0
0,5,0.0005242314011708014,0,0.0,0,7.108658792276401e-06,0,2.1440773758570736e-05,0,6.084378524546729e-08,0,6.085143922973657e-06,0,1.7047412256943062e-05,0
0,1,3.7803262758744224e-06,0,0.0,0,7.427837317663943e-06,0,2.078273642543052e-05,0,1.9545407617928316e-07,0,2.137217961717397e-05,0,8.088641334325075e-05,0
0,5,6.839446111930992e-07,0,0.03,0,0.000631854054518044,0,6.950959233828049e-05,0,6.514773902961895e-05,0,0.0005721228662878275,0,0.001134757767431438,0
0,5,0.0007427524644688683,0,0.01,0,3.862660832965048e-06,0,5.046016184492128e-05,0,9.703193774634128e-08,0,2.4845578082022257e-05,0,2.5788100174395368e-05,0
0,4,8.870530623153997e-08,0,0.01,0,0.0002745583187788725,0,8.772031259790952e-05,0,4.071543286363679e-05,0,0.0022794201504439116,0,0.002477839821949601,0
0,1,0.0051254095503434636,0,0.0,0,3.6093300877837464e-05,0,4.868148207701801e-05,0,2.7872097654470925e-05,0,0.0001194038413814269,0,0.00031345055322162807,0
0,4,0.012155855601716085,0,0.0,0,5.036206130171195e-05,0,2.462091278060223e-05,0,9.984325839114818e-06,0,5.615520785795525e-05,0,6.256314372876659e-05,0
0,2,2.32516552918841e-06,0,0.0,0,2.0027138816658407e-05,0,2.7862238062495483e-05,0,1.418449034130972e-06,0,6.908628711244091e-05,0,7.422378985211253e-05,0
0,3,1.5368899109524994e-05,0,0.0,0,1.224505376740126e-05,0,2.8570469766265783e-05,0,8.816717413252572e-06,0,3.2997118978528306e-05,0,5.288786633173004e-05,0
0,2,4.6015068573769836e-07,0,0.0,0,4.2903968278551474e-05,0,2.085580741748934e-05,0,5.811389398661422e-07,0,1.2516679817053955e-05,0,1.950889236468356e-05,0
0,4,4.565211918368951e-06,0,0.0,0,7.14127418177668e-06,0,3.2561123286254925e-05,0,1.6311185241397298e-05,0,0.00017650709196459502,0,0.0003356663801241666,0
0,1,0.025177519477495663,0,0.0,0,9.70625569607364e-06,0,2.389868463605621e-05,0,6.325184108550254e-05,0,1.9711786080733873e-05,0,0.00023333336866926402,0
0,5,0.031956097731151094,0,0.0,0,4.484259625314735e-05,0,3.097581730055418e-05,0,2.4507547722321935e-06,0,0.0004525248659774661,0,0.0019330845680087805,0
0,5,0.005103938451455024,0,0.01,0,0.00012873407104052603,0,0.00012242866809417932,0,1.7628220912275287e-05,0,0.0003220339713152498,0,0.0004776528221555054,0
0,3,2.701363817643545e-05,0,0.0,0,1.3126306839694735e-05,0,2.1125136754117415e-05,0,1.3847149957165985e-06,0,6.835586100351065e-05,0,8.040096872719005e-05,0
0,1,0.05983411314426937,0,0.0,0,1.2961745596840046e-05,0,4.401578629273909e-05,0,0.0007304502503441472,0,0.00028952007414773107,0,0.0004248732584528625,0
0,5,0.03814630982738216,0,0.0,0,2.1648413166985847e-05,0,0.0001178748034986578,0,6.879240526145842e-06,0,0.0008482436533086002,0,0.0009551800903864205,0
0,3,2.98495832825805e-06,0,0.03,0,0.000126328130136244,0,7.911197055698098e-05,0,2.027151791540068e-06,0,4.686375905293971e-05,0,4.396886652102694e-05,0
0,4,7.405122752983573e-07,0,0.0,0,3.3537896797497524e-06,0,2.132754539530318e-05,0,6.193349100200847e-08,0,6.459087217081105e-06,0,1.5604853615514003e-05,0
0,2,0.0027860779322243295,0,0.0,0,7.716871550655924e-06,0,2.6661370888795507e-05,0,6.297484693745917e-07,0,3.982153793913312e-05,0,8.388503920286894e-05,0
0,4,2.5324694878359453e-05,0,0.01,0,2.5467690647928976e-05,0,2.0623610022337872e-05,0,7.571662396343263e-06,0,0.00010302025475539267,0,4.958212957717478e-05,0
0,4,4.4290645847781334e-05,0,0.01,0,0.0005796296754851937,0,0.00013696614658294278,0,1.076641595962766e-05,0,0.00016053466242738068,0,5.514483927981928e-05,0
0,2,0.0070095088281297135,0,0.01,0,0.0004531485610641539,0,4.2622381100369306e-05,0,0.00019799025040929884,0,0.006949598900973797,0,0.00017076512449420989,0
0,5,0.006760010995794726,0,0.0,0,3.9706501411274076e-05,0,2.1367167046071905e-05,0,5.314341870283305e-08,0,0.00010581177048152313,0,0.00019178152433596551,0
0,2,0.027687543346778924,0,0.0,0,0.00049992447020486,0,2.247370510406757e-05,0,0.00010835072068152813,0,0.002224929630756378,0,0.0012126776855438948,0
0,4,8.338752039813429e-05,0,0.0,0,0.00016637903172522783,0,3.465591046236187e-05,0,0.00010593974319018321,0,0.00024611272965557873,0,0.00022322972654365003,0
0,4,0.049625535989528916,0,0.0,0,0.00013079424388706684,0,4.249333111597421e-05,0,0.0009459453824532716,0,0.0007371708052232862,0,0.0010252052452415228,0
0,5,0.0019089661090704697,0,0.03,0,0.004994235932826996,0,0.012255607353167266,0,0.00861740856612212,0,0.008760237134993076,0,0.02229837141931057,0
0,4,0.0006184129587615061,0,0.0,0,2.860199128917884e-05,0,4.23111495000978e-05,0,3.916611202936832e-06,0,8.972589057520963e-06,0,2.003966255870182e-05,0
0,4,0.8023985073007747,0,0.0,0,5.946821693214588e-05,0,4.706152910509161e-05,0,7.819601506921505e-05,0,0.0001804881467251107,0,0.0001973283215193078,0
0,2,4.197842346514331e-05,0,0.02,0,7.169653690652922e-05,0,6.623357048038282e-05,0,1.9615433268980183e-07,0,5.1299924962222576e-05,0,3.459602885413915e-05,0
0,1,0.00023681977717301942,0,0.03,0,9.331973706139252e-05,0,3.4503278900569155e-05,0,0.005735282172553628,0,0.00031257077353075147,0,0.0009477363200858235,0
0,5,3.368455883498125e-06,0,0.0,0,8.472869922115933e-06,0,2.1507322372881366e-05,0,1.6007689240116447e-06,0,6.642022526648361e-06,0,1.947886630659923e-05,0
0,4,0.8393772777923929,0,0.08,0,0.38458240032196045,1,0.2765173902254632,1,0.22074069007508368,1,0.0763731449842453,0,0.1822812706232071,1
0,5,0.053726208589683175,0,0.09,0,0.0015960376476868987,0,0.005982973250467296,0,0.08532989580969703,0,0.008975042961537838,0,0.10276609659194946,0
0,5,9.54132917326536e-07,0,0.01,0,2.707761495912564e-06,0,2.9398631317939802e-05,0,2.6247081410350454e-06,0,9.262238017981872e-05,0,0.0004536804626695812,0
0,1,1.8557291583820967e-05,0,0.0,0,1.3344881153898314e-05,0,2.9739547560787996e-05,0,4.817081105283987e-06,0,6.974842108320445e-06,0,2.750544808804989e-05,0
0,2,0.00031447780043010633,0,0.0,0,4.714931856142357e-05,0,2.9298517026599905e-05,0,4.533616522697748e-06,0,7.433300925185904e-05,0,0.00027334142941981554,0
0,3,0.7220853892404221,0,0.06,0,0.05690554901957512,0,0.012159472062375137,0,0.1984757266871887,1,0.063619464635849,0,0.04639421030879021,0
0,4,9.745470969811103e-05,0,0.0,0,6.083119660615921e-05,0,0.00019214498694650106,0,8.596324496902424e-05,0,0.0031821096781641245,0,0.00024005035811569542,0
0,2,0.019572465095622417,0,0.02,0,0.00024392282648477703,0,4.5746957935564414e-05,0,0.0029752330585564647,0,0.01176256500184536,0,0.007296267431229353,0
0,3,0.0015423375852729971,0,0.02,0,3.1154278985923156e-05,0,4.465564299300641e-05,0,3.934800523958279e-05,0,0.0009730731253512204,0,0.0009951050160452724,0
0,4,0.00010082092596443318,0,0.0,0,0.00010520259820623323,0,2.5983160356137076e-05,0,9.267186750227884e-06,0,0.0005117449909448624,0,4.652715870179236e-05,0
0,3,0.0004198653497591851,0,0.0,0,5.288017200655304e-05,0,7.941324041806589e-05,0,5.4330168877549094e-05,0,0.0006561254267580807,0,0.0007258865516632795,0
0,2,0.008833369965655287,0,0.04,0,0.0021164061035960913,0,0.0004340438886136032,0,0.01897730398359792,0,0.0022249503526836634,0,0.002919641090556979,0
0,2,0.0035554655869704513,0,0.04,0,0.00020512637274805456,0,1.922506027767665e-05,0,0.0008683751383578298,0,0.01611362025141716,0,0.037953346967697144,0
0,5,0.00013489031806175294,0,0.01,0,0.001168001675978303,0,3.787061931365118e-05,0,3.738084485303477e-05,0,3.727959847310558e-05,0,4.8010693717515096e-05,0
0,5,0.0002663783427510875,0,0.01,0,0.05981634557247162,0,0.00019914942390428914,0,2.285006582432422e-05,0,0.0008649633964523673,0,0.0006457277340814471,0
0,4,0.0021860583175741847,0,0.0,0,1.049548609444173e-05,0,4.910084454576642e-05,0,9.101219344515213e-07,0,0.0027818307280540466,0,0.00327649456448853,0
0,5,0.7074697558282722,0,0.02,0,0.000858785177115351,0,0.0002274916214284996,0,0.00011524785004750491,0,0.018513329327106476,0,0.0038516120985150337,0
0,3,0.021688452360219882,0,0.02,0,0.00011026344873243943,0,2.527019086457794e-05,0,4.3213643479150355e-06,0,0.001184919849038124,0,0.0014987378381192684,0
0,4,2.215610539897575e-05,0,0.0,0,3.0195213184924796e-05,0,2.3518588505482787e-05,0,1.7631686308781729e-06,0,2.647007022460457e-05,0,2.9033099053776823e-05,0
0,2,0.023171023789311903,0,0.0,0,8.696632903593127e-06,0,7.969400570664383e-05,0,3.596739538825961e-05,0,0.0007568885921500623,0,0.0012382096610963345,0
0,3,0.0004609037573071656,0,0.01,0,0.00033113715471699834,0,0.0001389784008189719,0,0.001770550092507791,0,0.0003607654944062233,0,0.0004004411166533828,0
0,3,0.00010412246073108919,0,0.0,0,0.00042000348912552,0,6.73865162931083e-05,0,2.747770896821413e-05,0,0.0012696695048362017,0,0.0024686388205736876,0
0,4,0.29674120701130857,0,0.0,0,0.00021988817024976015,0,5.187977879762241e-05,0,0.000202095376673235,0,0.0036249395925551653,0,0.00531691312789917,0
0,4,1.1840083760196534e-06,0,0.05,0,0.04184101149439812,0,0.0016233198566749378,0,0.008688751458563784,0,0.0012922659516334534,0,0.000983270350843668,0
0,2,1.629200493398814e-05,0,0.01,0,4.085216914972989e-06,0,2.115105609622232e-05,0,1.5425539117705436e-08,0,7.587073469039751e-06,0,1.3799979569739662e-05,0
0,2,2.2710734299875883e-05,0,0.0,0,1.823865204642061e-05,0,1.9869245410548127e-05,0,3.078097686368722e-07,0,3.2553063647355884e-05,0,5.730235716328025e-05,0
0,5,1.1992599169467163e-07,0,0.0,0,3.0489557047985727e-06,0,2.4991327993104416e-05,0,7.488247312463307e-08,0,5.748217517975718e-06,0,1.2981662621314172e-05,0
0,4,0.08138610087968627,0,0.06,0,6.572591519216076e-05,0,0.00023762143223268588,0,0.0027966815809442463,0,0.0072433557361364365,0,0.013505246490240097,0
0,2,0.02821308666734737,0,0.01,0,1.8747830836218782e-05,0,0.00017071261141301722,0,1.1355149640385185e-05,0,0.010883022099733353,0,0.019458262249827385,0
0,2,9.597773422598422e-05,0,0.04,0,0.00013543732347898185,0,4.736940830978784e-05,0,3.3417351075956464e-06,0,0.00030644735670648515,0,0.00021503753669094294,0
0,5,0.0016126349432392787,0,0.01,0,0.00014215953706298023,0,3.9099221289093637e-05,0,4.491639056827978e-05,0,0.00011826338595710695,0,0.0001290541549678892,0
0,1,5.605972708838248e-06,0,0.0,0,4.978294964530505e-05,0,2.1875769785006043e-05,0,3.8102664853963276e-06,0,4.880111646343721e-06,0,1.9008641174877994e-05,0
0,3,9.180070169292723e-05,0,0.01,0,0.00016036130546126515,0,4.917339899801097e-05,0,1.6550330775639784e-05,0,0.00017210020450875163,0,0.00018331484170630574,0
0,1,0.0064723334151901455,0,0.0,0,1.2999377759115305e-05,0,2.960005324261871e-05,0,3.356925684239132e-05,0,3.267457941547036e-05,0,0.00023327050439547747,0
0,2,0.1333230776417866,0,0.0,0,0.00019921656348742545,0,0.00015220566942716375,0,0.00036240497842754903,0,0.007162012159824371,0,0.014630426652729511,0
0,1,1.556283606270712e-05,0,0.01,0,0.0001268600026378408,0,0.0007800029876530265,0,5.561719443625033e-05,0,0.00017269153613597155,0,0.0005736611201427877,0
0,5,5.986773210737267e-08,0,0.0,0,4.6833436499582604e-05,0,1.9856696034024034e-05,0,1.535790162999849e-07,0,6.506591034849407e-06,0,1.37056085804943e-05,0
0,1,4.598380284669137e-08,0,0.0,0,5.36181414645398e-06,0,2.121862322445546e-05,0,4.738443750974759e-08,0,4.122399332118221e-06,0,1.3282538020575885e-05,0
0,5,0.0011038791350326353,0,0.02,0,0.00011701804760377854,0,3.2358482416832465e-05,0,1.4542568530842468e-06,0,0.00023454910842701793,0,0.0002446119033265859,0
0,1,4.671185687432669e-06,0,0.0,0,2.36909108934924e-05,0,2.1049239848070195e-05,0,1.5902451818131492e-08,0,4.3504587665665895e-06,0,1.2981662621314172e-05,0
0,2,0.007571577728642358,0,0.0,0,5.596304981736466e-05,0,4.2059383234684375e-05,0,7.817702707434481e-05,0,8.536990935681388e-05,0,3.936636494472623e-05,0
0,4,0.009893209911704497,0,0.0,0,1.9834351405734196e-05,0,5.445719849593722e-05,0,0.00015454048472171407,0,0.0006241709925234318,0,0.0004307150957174599,0
0,3,4.872843006928606e-05,0,0.01,0,0.001200730912387371,0,0.00015764921756230532,0,0.00028277942448189623,0,0.0025452892296016216,0,0.0048300460912287235,0
0,2,0.0007013750873075396,0,0.01,0,6.520470833493164e-06,0,2.0779060112404833e-05,0,1.8743820626740484e-06,0,2.7779793526860885e-05,0,4.569090742734261e-05,0
0,3,0.0006289751214763858,0,0.0,0,6.9902089308016e-05,0,2.9399882469240454e-05,0,2.894095681578744e-07,0,2.7388838134356774e-05,0,2.8896432922920212e-05,0
0,3,6.500065515332763e-07,0,0.0,0,0.000670882873237133,0,8.992414181067505e-05,0,0.00016798793963529945,0,0.0016142023960128427,0,0.0007963517564348876,0
0,1,0.10910577499047468,0,0.0,0,1.1794695637945551e-05,0,3.626049752153828e-05,0,0.00039301535031277025,0,0.0009109111269935966,0,0.0012971701798960567,0
0,4,0.002014767995289296,0,0.01,0,0.00014751542767044157,0,0.0008845712824685525,0,6.390512958529558e-05,0,0.0005626389174722135,0,0.004542882088571787,0
0,3,0.752979241049029,0,0.02,0,0.0020224505569785833,0,0.0012694741167092877,0,0.011752301215787487,0,0.022414574399590492,0,0.055131446570158005,0
0,5,1.3890601222880952e-05,0,0.0,0,3.086156357312575e-05,0,2.1564404090468354e-05,0,2.6273475282705252e-08,0,4.87718170916196e-06,0,1.2981662621314172e-05,0
0,4,0.0007589425497936354,0,0.01,0,0.00022523307416122407,0,2.0056264571463268e-05,0,6.896409617631513e-05,0,6.624559318879619e-05,0,0.0001753047836245969,0
0,5,0.002084598199871909,0,0.01,0,1.4399727660929784e-05,0,3.722843024632143e-05,0,0.00012110856771856509,0,3.286087667220272e-05,0,9.397139365319163e-05,0
0,1,5.904456605791538e-07,0,0.01,0,1.0827292499016039e-05,0,1.4217358358873459e-05,0,2.691460212052149e-06,0,4.2166499042650685e-05,0,6.650134309893474e-05,0
0,4,0.009933859426712046,0,0.01,0,0.00012561211769934744,0,4.21838001464806e-05,0,5.343901495024892e-05,0,0.002415392082184553,0,0.0015317562501877546,0
0,3,0.0910149866424481,0,0.0,0,5.20114554092288e-05,0,2.116112651254017e-05,0,2.9048655097281638e-05,0,0.00015904000611044466,0,0.00015586800873279572,0
0,4,4.059237359049771e-05,0,0.01,0,4.2486517486395314e-05,0,3.5897410086329415e-05,0,4.38489859089075e-06,0,8.863840776029974e-05,0,0.0002914544311352074,0
0,5,0.8666469099174875,0,0.03,0,0.003994246944785118,0,0.0015447218169337507,0,0.007982197844241073,0,0.021438756957650185,0,0.032647185027599335,0
0,5,0.0028830333423399686,0,0.02,0,6.243804091354832e-05,0,5.248062538720307e-05,0,3.568976934177745e-05,0,0.0006909153307788074,0,0.00012779842654708773,0
0,1,0.00043858362782301535,0,0.0,0,4.36339132647845e-06,0,5.237391943270003e-05,0,6.525956683256254e-05,0,2.149085412384011e-05,0,0.00016292434884235263,0
0,2,0.00212948124916426,0,0.0,0,6.679516900476301e-06,0,2.7928056787095802e-05,0,1.1612820121735104e-06,0,1.2407499525579624e-05,0,2.9882887247367762e-05,0
0,3,7.259816469813091e-07,0,0.0,0,0.00048071128549054265,0,2.0989624560449265e-05,0,4.3786269406304364e-05,0,0.00020958291133865714,0,7.93952276580967e-05,0
0,2,2.7497124025324475e-06,0,0.0,0,9.47468652157113e-06,0,2.1110576681052445e-05,0,1.0084264846631663e-06,0,9.876795047603082e-06,0,1.4651368474005722e-05,0
0,3,0.0005822066951173213,0,0.0,0,3.982967882620869e-06,0,2.1162492307326556e-05,0,9.943542877483977e-07,0,1.1202737368876114e-05,0,1.443890778318746e-05,0
0,1,0.001512839466819305,0,0.0,0,0.00010703371663112193,0,2.7862873535049527e-05,0,0.00014551673468165153,0,0.0002510755730327219,0,0.00011760280176531523,0
0,4,0.0003875846037039673,0,0.0,0,1.862259887275286e-05,0,2.4564191824387447e-05,0,4.380045921762494e-07,0,4.178561721346341e-05,0,0.00023019120271783322,0
0,3,0.012265285890177112,0,0.0,0,0.00045906842569820583,0,3.770191042236128e-05,0,0.006908068769116579,0,0.009913630783557892,0,0.012946680188179016,0
0,1,3.9060176593951775e-06,0,0.0,0,2.0705560928035993e-06,0,0.00011289109643114034,0,3.9431895156527586e-07,0,1.3839101484336425e-05,0,8.528634498361498e-05,0
0,1,7.920242777831307e-09,0,0.0,0,4.376489869173383e-06,0,2.3845226959707744e-05,0,1.6999516684318912e-08,0,4.585209808283253e-06,0,1.638721914787311e-05,0
0,5,1.718461236780109e-07,0,0.0,0,6.864594524813583e-06,0,1.9658839252966063e-05,0,6.716210474801688e-08,0,1.3163476978661492e-05,0,5.2977433369960636e-05,0
0,4,0.19759513421523797,0,0.01,0,0.00016852078260853887,0,0.00014000621745743517,0,0.00011677852247234134,0,0.0044832550920546055,0,0.0007134823827072978,0
0,5,0.006586107886433275,0,0.01,0,3.7207264540484175e-06,0,2.7152148922437536e-05,0,0.00045051652594523244,0,0.000236366773606278,0,0.00028548348927870393,0
0,2,0.00017498797112221507,0,0.0,0,9.593760296411347e-06,0,4.940669476878848e-05,0,2.1946158395563034e-06,0,0.00014145078603178263,0,6.24544481979683e-05,0
0,1,0.016277106358288766,0,0.05,0,0.00012682237138506025,0,6.96544899907794e-05,0,0.0001348661435799869,0,0.0007595812785439193,0,0.01357334479689598,0
0,1,0.011100814747464821,0,0.01,0,0.0004444013466127217,0,5.135315648350087e-05,0,0.0008077831210574654,0,0.019671723246574402,0,0.011281851679086685,0
0,1,3.272436629171313e-05,0,0.02,0,0.00028901229961775243,0,3.675640368576601e-05,0,0.00011097983145352664,0,7.269019988598302e-05,0,0.000267449882812798,0
0,2,0.4036231650538008,0,0.04,0,0.006522366311401129,0,0.031223236946984374,0,0.009693855913817401,0,0.01338715385645628,0,0.04452506825327873,0
0,4,0.0029533752377329915,0,0.0,0,6.406232569133863e-05,0,2.035747783984097e-05,0,7.997312217318153e-06,0,0.0009806210873648524,0,6.416359974537045e-05,0
0,5,0.31092787459096044,0,0.0,0,0.000287149305222556,0,0.002042709489612612,0,2.607417515313646e-05,0,0.012423103675246239,0,0.015442932024598122,0
0,4,0.0013184245791488275,0,0.02,0,0.0003063093463424593,0,5.9339896331445286e-05,0,5.719479852934131e-05,0,0.002163106808438897,0,0.004999779164791107,0
0,5,0.0012483189878645569,0,0.0,0,5.065770892542787e-05,0,5.966773536879731e-05,0,2.2878980815267628e-07,0,7.443537469953299e-05,0,0.00024008119362406433,0
0,1,0.0011609945372458965,0,0.0,0,3.1217355171975214e-06,0,2.103071144976058e-05,0,3.1137547262564544e-07,0,4.1561725083738565e-05,0,0.00020457321079447865,0
0,2,1.5392034484989221e-06,0,0.01,0,0.00018375022045802325,0,2.9820222255127062e-05,0,1.3688668517995968e-06,0,1.611529842193704e-05,0,3.719046071637422e-05,0
0,5,7.385344529249934e-08,0,0.0,0,1.0475036106072366e-05,0,2.738495346946264e-05,0,5.784810436203279e-07,0,1.9990155124105513e-05,0,1.956111918843817e-05,0
0,1,2.321796968380456e-05,0,0.0,0,5.5511158279841766e-05,0,2.9704705499734593e-05,0,5.899500114195099e-08,0,2.7546546334633604e-05,0,4.200263720122166e-05,0
0,5,8.701756064815987e-05,0,0.0,0,1.8634839307196671e-06,0,2.349582997649891e-05,0,1.035740280382613e-05,0,2.259097709611524e-05,0,0.00020403225789777935,0
0,2,0.0003282179694597056,0,0.0,0,1.622838681214489e-05,0,5.8457316430486725e-05,0,4.044514736135785e-06,0,2.8476340958150104e-05,0,0.00020237729768268764,0
0,4,0.39869660556655023,0,0.03,0,2.5473471396253444e-05,0,5.242632256081843e-05,0,4.561092997639464e-05,0,0.002365224761888385,0,0.006228802725672722,0
0,3,1.4300429712731749e-05,0,0.0,0,1.4446522072830703e-05,0,2.5611359061170966e-05,0,2.764140019105788e-06,0,3.381619535502978e-05,0,4.004337824881077e-05,0
0,4,0.0013990674151484264,0,0.01,0,0.0004976034397259355,0,0.0015610304517190497,0,8.820620903687638e-05,0,0.0005988053162582219,0,0.002967857290059328,0
0,2,0.000449799424883566,0,0.01,0,0.00028661213582381606,0,4.672735456982944e-05,0,1.070458566943497e-05,0,0.004222986754029989,0,0.012911761179566383,0
0,4,0.004002161159878237,0,0.0,0,0.00020447476708795875,0,0.0001200266914269398,0,3.586545951214402e-06,0,0.0019897264428436756,0,0.0001821593614295125,0
0,4,0.0004731838445597308,0,0.01,0,3.5612480132840574e-05,0,8.706660911159348e-05,0,0.0003481071675475355,0,0.0028112700674682856,0,0.005169326439499855,0
0,2,0.13688680212347593,0,0.03,0,0.0008219601586461067,0,0.011219789898630988,0,0.04281119681717559,0,0.1171252429485321,0,0.007010020315647125,0
0,2,0.001536709832361784,0,0.01,0,0.0005003754631616175,0,8.433360636883587e-05,0,0.0007749469853954367,0,0.0035600841511040926,0,0.0022612763568758965,0
0,4,0.0996002111460455,0,0.02,0,0.0006439310382120311,0,0.00018543679157702157,0,0.011343540737147636,0,0.01773318648338318,0,0.010709119029343128,0
0,1,4.559797800802474e-06,0,0.0,0,1.6534608221263625e-05,0,2.1172155248959867e-05,0,3.943385658987989e-07,0,5.414239421952516e-05,0,9.216902253683656e-05,0
0,4,0.0004807836609507479,0,0.01,0,0.00019169067672919482,0,0.0001385523931884192,0,0.00024572606175603267,0,0.0022186043206602335,0,0.000406275677960366,0
0,1,0.00059532325573874,0,0.01,0,0.0005110939382575452,0,0.00018456464659093402,0,0.0014547350630572428,0,0.011281793005764484,0,0.01703711412847042,0
0,3,0.0001509185309560218,0,0.0,0,5.5660642829025164e-05,0,2.134730823468716e-05,0,0.00013734308705396148,0,5.18642264069058e-05,0,8.470018656225875e-05,0
0,2,0.8008378159788382,0,0.02,0,0.0001559859374538064,0,0.00022697770378446187,0,0.005614452474918857,0,0.023347318172454834,0,0.021941566839814186,0
0,2,0.8525001305447983,0,0.08,0,0.01877106912434101,0,0.010342518664482991,0,0.07411556273409445,0,0.17520594596862793,1,0.12841647863388062,0
0,3,0.0043779292024120455,0,0.04,0,0.0005216355784796178,0,6.824139972635682e-05,0,0.0006977253774583638,0,0.0004209253238514066,0,0.001068323035724461,0
0,3,2.3303211111262163e-05,0,0.0,0,3.4055658034048975e-05,0,2.127373589938166e-05,0,3.2625928345330154e-07,0,2.8340502467472106e-05,0,1.4468212611973286e-05,0
0,3,4.625851282979893e-05,0,0.0,0,7.59678368922323e-05,0,2.9810960470282962e-05,0,5.479890533695977e-07,0,2.411577952443622e-05,0,3.2800955523271114e-05,0
0,1,0.005089315266281418,0,0.0,0,0.000264152477029711,0,0.000190401863592975,0,3.369376772473746e-05,0,0.00033541081938892603,0,0.0002805268159136176,0
0,3,0.2610832944192186,0,0.01,0,9.837715333560482e-05,0,2.140698446685042e-05,0,6.980517380144572e-07,0,0.00031330710044130683,0,0.00010673893120838329,0
0,3,0.0005400185723615849,0,0.0,0,1.911950676003471e-05,0,2.100210637164565e-05,0,8.228863624516445e-05,0,5.242567931418307e-05,0,2.9696546334889717e-05,0
0,1,0.009252606185623407,0,0.08,0,0.0013041184283792973,0,0.00025379030000765895,0,0.0003802282613714873,0,0.0013612209586426616,0,0.0032325787469744682,0
0,3,0.00041211881402847337,0,0.0,0,5.797501216875389e-06,0,2.10141021015039e-05,0,4.102277883473722e-06,0,5.058849274064414e-05,0,3.8773516280343756e-05,0
0,3,1.0854726786243116e-06,0,0.0,0,2.1853624275536276e-05,0,2.1338326230168806e-05,0,2.661448202702686e-07,0,1.9470573533908464e-05,0,1.5524463378824294e-05,0
0,1,4.4501876984651714e-05,0,0.0,0,2.722780300246086e-05,0,2.0666332301622754e-05,0,2.4372557376468564e-06,0,1.7152253349195234e-05,0,3.47600580425933e-05,0
0,4,0.003241610333885916,0,0.02,0,2.88674946204992e-05,0,3.476717547452518e-05,0,6.742855771029065e-07,0,6.104468775447458e-05,0,0.00014847147394903004,0
0,4,1.0654869954849313e-05,0,0.0,0,2.2612388420384377e-05,0,9.239671105452896e-05,0,1.123433954932709e-05,0,0.00014594188542105258,0,4.305224501877092e-05,0
0,4,0.0001548256460193797,0,0.02,0,3.879454015986994e-05,0,2.6275634312180616e-05,0,1.3028634641336991e-06,0,0.00010890269913943484,0,0.00016932233120314777,0
0,2,0.008804204825957824,0,0.01,0,0.0004710409848485142,0,0.00012834422198906818,0,0.011837822601797502,0,0.005573849659413099,0,0.00495319114997983,0
0,2,1.9450734615443114e-05,0,0.01,0,2.0950523321516812e-05,0,3.0274679479994726e-05,0,6.994884976505722e-06,0,0.00022760203864891082,0,0.00018344548880122602,0
0,2,6.730829657245606e-07,0,0.0,0,2.5580389774404466e-05,0,3.672895887302318e-05,0,6.673637132528212e-08,0,1.0278937224939e-05,0,1.3590010894404259e-05,0
0,5,0.00036752653508570265,0,0.0,0,2.3564121875097044e-05,0,3.3925184351894107e-05,0,5.173315447413798e-08,0,3.301695687696338e-05,0,1.9996918126707897e-05,0
0,3,3.2585673428340714e-05,0,0.0,0,3.3480053389212117e-05,0,7.195569811510413e-05,0,1.1391286039148361e-07,0,1.2295767191972118e-05,0,1.5954048649291508e-05,0
0,3,1.4366231645683011e-09,0,0.0,0,5.741982022300363e-06,0,2.1299121410628432e-05,0,9.341364923216841e-08,0,2.3331291231443174e-05,0,1.4848241335130297e-05,0
0,1,0.1200256805235788,0,0.01,0,2.3088887246558443e-05,0,3.410414538631966e-05,0,0.0004582588241125458,0,0.006014010403305292,0,0.0058216494508087635,0
0,2,0.001743845155676024,0,0.0,0,1.799152778403368e-05,0,4.1991178575924886e-05,0,4.299098895584654e-05,0,7.083606760716066e-05,0,0.0014267900260165334,0
0,1,0.047482388695885405,0,0.01,0,0.001408919459208846,0,6.0405641513499794e-05,0,0.0049851084106938585,0,0.002659255638718605,0,0.01817183382809162,0
0,3,0.009306247518194026,0,0.0,0,0.0003049256338272244,0,3.3218180214750444e-05,0,8.984151644230443e-05,0,0.00048196714487858117,0,0.0004330411902628839,0
0,3,1.2119572280946034e-05,0,0.0,0,7.430146979459096e-06,0,2.144788646591449e-05,0,1.4541090037993508e-07,0,3.395849125809036e-05,0,2.9106380679877475e-05,0
0,3,7.313703686844055e-05,0,0.02,0,6.143563223304227e-05,0,3.032665067104395e-05,0,3.6005475896220303e-06,0,0.0006739442469552159,0,0.00032096137874759734,0
0,2,0.03507208737546928,0,0.05,0,0.0024678853806108236,0,6.949321340773012e-05,0,2.2692702237163576e-05,0,0.00018005662423092872,0,0.00015025254106149077,0
0,1,0.0013239834289941724,0,0.02,0,0.003037033835425973,0,0.00027793544599130957,0,0.0010568885363570054,0,0.0019004232017323375,0,0.006161629222333431,0
0,3,2.371092688410608e-10,0,0.04,0,0.0005366997793316841,0,0.0002333293710956471,0,8.057729599083566e-06,0,0.0004937583580613136,0,0.00013665674487128854,0
0,5,0.0001856153526847619,0,0.0,0,0.0002481387637089938,0,9.001044573598072e-05,0,2.9043184698417236e-07,0,0.00016303223674185574,0,4.773135151481256e-05,0
0,5,0.042170028880292316,0,0.0,0,0.0002318136830581352,0,0.00011329009101126445,0,7.645733178048367e-06,0,0.0006500429008156061,0,0.0017433511093258858,0
0,4,2.3420551538979123e-05,0,0.01,0,5.372695522964932e-05,0,2.4397918809644352e-05,0,8.371305253093461e-06,0,0.00048669325769878924,0,0.0010782134486362338,0
0,5,5.809469590906719e-07,0,0.0,0,9.827307803789154e-05,0,0.00292997876064487,0,2.4679515126988365e-07,0,2.7757612770074047e-05,0,4.989928493159823e-05,0
0,2,0.0032606571666693182,0,0.01,0,0.00011861127859447151,0,0.0015980855927011583,0,1.2094548357960153e-06,0,0.0001128647054429166,0,9.154524013865739e-05,0
0,5,0.03782373145961407,0,0.0,0,2.023810156970285e-05,0,3.41137577893875e-05,0,1.2664325798595186e-06,0,0.0010965311666950583,0,0.0014832585584372282,0
0,3,0.00085951557031052,0,0.01,0,0.00011582807928789407,0,3.2668513891680084e-05,0,6.140225890885684e-06,0,0.00013752900122199208,0,0.00033309924765489995,0
0,3,3.032150199647188e-06,0,0.0,0,7.198282401077449e-05,0,3.140422343526917e-05,0,4.672664038012697e-07,0,0.0001498053316026926,0,5.947330282651819e-05,0
0,1,0.0011575177991066498,0,0.0,0,9.026642146636732e-06,0,2.0832757026758144e-05,0,3.041479565133483e-05,0,0.0003147156967315823,0,0.0008384446264244616,0
0,2,1.3867605884011774e-06,0,0.03,0,0.00017714363639242947,0,0.00018067083600924286,0,0.00015351283278527373,0,0.0011415270855650306,0,0.002415955998003483,0
0,1,0.6043926644611411,0,0.01,0,0.0013185705756768584,0,0.00018980247255261193,0,1.2077434453391426e-05,0,0.004402438178658485,0,0.04235336184501648,0
0,3,0.003184196831017373,0,0.01,0,0.00041893438901752234,0,6.514248817671053e-05,0,4.985571133151086e-05,0,0.0010982077801600099,0,0.0005004851263947785,0
0,4,0.0007703649492342438,0,0.01,0,0.0006561301997862756,0,0.00023611441576199845,0,0.001005017082837517,0,0.0033782264217734337,0,0.013694057241082191,0
0,4,0.0007111703508706646,0,0.0,0,6.796723482693778e-06,0,3.409419605848228e-05,0,1.666886585753699e-05,0,0.0006368323811329901,0,4.139515294809826e-05,0
0,5,0.19468541134594844,0,0.05,0,0.002122245030477643,0,0.0016881834691735063,0,0.08493479546981564,0,0.010174458846449852,0,0.020395072177052498,0
0,1,1.6852972640917095e-06,0,0.0,0,1.585802783665713e-05,0,2.4269221469377394e-05,0,8.520949316023487e-06,0,8.100943523459136e-05,0,0.0003215002943761647,0
0,4,0.00028473863936009453,0,0.0,0,2.395832780166529e-05,0,0.00010892748948694503,0,5.397664647406685e-06,0,4.416309093357995e-05,0,6.5582302340772e-05,0
0,4,0.009014962835830828,0,0.02,0,0.00018081796588376164,0,4.6675211023146124e-05,0,0.00016692778015747653,0,0.00031468234374187887,0,0.0003900416486430913,0
0,1,3.38471954339826e-08,0,0.0,0,6.891113116580527e-06,0,3.300734957056395e-05,0,8.352121161357637e-07,0,1.5552812328678556e-05,0,0.0002451398759149015,0
1,1,0.905113461694082,1,0.25,1,0.9812219738960266,1,0.9969131738843942,1,0.9905020755774467,1,0.6475147604942322,1,0.3298211097717285,1
1,1,0.9955219758163255,1,0.36,1,0.9955278038978577,1,0.9984468030383012,1,0.99909470543434,1,0.5147994160652161,1,0.4792221188545227,1
1,2,0.9897086365044148,1,0.12,1,0.02640274167060852,0,0.00974279673322937,0,0.1505413017833526,0,0.14233629405498505,0,0.1571643054485321,1
1,2,0.9999998022249601,1,0.27,1,0.9872276782989502,1,0.9753739652312123,1,0.9998277954661897,1,0.9438188076019287,1,0.842975378036499,1
1,2,0.8501603355499562,0,0.29,1,0.8472176790237427,1,0.45860487667735406,1,0.24120866887039435,1,0.8130875825881958,1,0.6711534857749939,1
1,3,0.9999766114706085,1,0.29,1,0.9895225167274475,1,0.9927554689763666,1,0.962553937430257,1,0.9088114500045776,1,0.7418621778488159,1
1,5,0.9999746794311496,1,0.25,1,0.9620604515075684,1,0.868321724487062,1,0.7905193207799013,1,0.5196481943130493,1,0.3105015754699707,1
1,1,0.017156831073989017,0,0.18,1,0.44698429107666016,1,0.655182757668282,1,0.4586026008043285,1,0.9179688096046448,1,0.3153642416000366,1
1,4,0.9999999609589547,1,0.13,1,0.5000251531600952,1,0.17763540303433054,1,0.8731712854712068,1,0.9090335369110107,1,0.722474992275238,1
1,1,0.33222899087744473,0,0.04,0,0.012346590869128704,0,0.0025307365094167458,0,0.0008367321364903731,0,0.022152893245220184,0,0.03500313311815262,0
1,2,0.9327346671948267,0,0.01,0,0.000545638962648809,0,0.0012040150966376505,0,0.0005355305548640092,0,0.5939563512802124,1,0.1560087651014328,1
1,1,0.0001706122869187144,0,0.1,0,0.7303501963615417,1,0.04908751762587159,0,0.599012884200214,1,0.5494688153266907,1,0.15264761447906494,0
1,1,0.03535064895044053,0,0.12,1,0.9864636659622192,1,0.8938068737126813,1,0.1277452844058311,1,0.6796814799308777,1,0.21845315396785736,1
1,4,0.018066476371072827,0,0.05,0,0.2101232409477234,0,0.03453371298195788,0,0.3331664862844251,1,0.8129087686538696,1,0.31152594089508057,1
1,2,0.1215334084245707,0,0.0,0,2.4042830773396417e-05,0,2.993737045892168e-05,0,4.92753013958402e-06,0,0.021158000454306602,0,0.04459286108613014,0
1,2,0.06938873951950057,0,0.19,1,0.905584454536438,1,0.8766512377842997,1,0.8757726522009449,1,0.23704880475997925,1,0.11698745936155319,0
1,4,0.74265873095846,0,0.09,0,0.9297196269035339,1,0.30933651856392097,1,0.7916913505794435,1,0.8618918657302856,1,0.3918140232563019,1
1,2,0.5680827303136687,0,0.02,0,2.21355239773402e-05,0,7.51619163435888e-05,0,0.00034520520881417907,0,0.008195200935006142,0,0.012875077314674854,0
1,3,0.0007093568354267338,0,0.0,0,5.5388409236911684e-06,0,0.00010157345353924153,0,0.0007204882564969568,0,0.0021622879430651665,0,0.012800521217286587,0
1,3,0.9983756548208956,1,0.08,0,0.6944030523300171,1,0.07964831857350523,1,0.9379481549871734,1,0.5749821066856384,1,0.49782606959342957,1
1,3,0.9382715109702251,0,0.08,0,0.018785499036312103,0,0.07358621355139223,1,0.2044051887424078,1,0.2606114447116852,0,0.46789970993995667,1
1,2,0.9806847546569553,1,0.17,1,0.9926924705505371,1,0.9964388712162102,1,0.9625242143447595,1,0.9030390977859497,1,0.710475742816925,1
1,5,0.9914043684090271,1,0.0,0,0.004662440158426762,0,0.01075888461134313,0,0.0023751877103774127,0,0.10845476388931274,0,0.19536501169204712,1
1,3,0.9916140793482073,1,0.09,0,0.00480503449216485,0,0.006269838035873931,0,0.04847705169363225,0,0.17006251215934753,0,0.2479131519794464,1
1,4,0.9996216970401757,1,0.29,1,0.9917513728141785,1,0.9982769536120325,1,0.9913922315473389,1,0.9416571259498596,1,0.7789513468742371,1
1,2,0.9964497312238982,1,0.27,1,0.2590025067329407,1,0.6049672142003047,1,0.8828860866758065,1,0.2069215476512909,1,0.40767329931259155,1
1,4,0.5988417961086117,0,0.09,0,0.6408651471138,1,0.2568377354625014,1,0.7701112252385152,1,0.1999736726284027,0,0.13591048121452332,0
1,4,0.980956928715531,1,0.05,0,0.31728917360305786,1,0.04932450698465174,0,0.19160393348827268,1,0.2862505614757538,0,0.09516748040914536,0
1,5,0.5099685627468169,0,0.03,0,0.0013203469570726156,0,0.0005744346567831868,0,4.252390197850595e-05,0,0.26126304268836975,1,0.17855264246463776,1
1,2,0.7342098672025542,0,0.1,1,0.0012085536727681756,0,0.0008396407107482817,0,0.014561692661177936,0,0.10273564606904984,0,0.13913467526435852,1
1,5,0.9781547766311078,0,0.3,1,0.6789728999137878,1,0.9220872624102646,1,0.8043562633611228,1,0.8904944658279419,1,0.5099714994430542,1
1,4,0.9961912760987639,1,0.15,1,0.5827775001525879,1,0.7158110896071361,1,0.9747805931767999,1,0.648068368434906,1,0.4119768440723419,1
1,2,0.2570541564674914,0,0.06,0,0.6192063093185425,1,0.7594783225825225,1,0.5835085803825419,1,0.7458741664886475,1,0.1567591428756714,1
1,5,0.01725191702453633,0,0.02,0,2.55192080658162e-05,0,5.6899816363302755e-05,0,0.0017718433361203218,0,0.004907713737338781,0,0.002047825837507844,0
1,3,0.5532219121871877,0,0.21,1,0.5059652328491211,1,0.10179616558339435,1,0.7197427081247155,1,0.0935763567686081,0,0.1624736487865448,0
1,3,0.01482157533391306,0,0.01,0,3.438643761910498e-05,0,0.00017886451953672176,0,0.00012902420178660976,0,0.12237896770238876,0,0.14170444011688232,0
1,4,0.926790337145054,0,0.02,0,0.17036108672618866,0,0.14575309554549457,1,0.0017475065480767036,0,0.3498011529445648,1,0.12379759550094604,0
1,1,0.03194579567342914,0,0.04,0,0.002968312008306384,0,0.0020666509179945096,0,0.04283756019041904,0,0.19575579464435577,0,0.052236948162317276,0
1,2,0.9942265672583591,1,0.1,1,0.9739296436309814,1,0.9217142430677765,1,0.2379537254082722,1,0.6443349719047546,1,0.1992173194885254,1
1,3,0.9565893056537761,1,0.12,1,0.9913234710693359,1,0.9756645048888707,1,0.6064041091390692,1,0.9088989496231079,1,0.7010220885276794,1
1,1,0.9855352951425109,1,0.01,0,0.470085084438324,1,0.13939942334611885,1,0.4449171483486016,1,0.8146204352378845,1,0.33617961406707764,1
1,2,0.12344590014622236,0,0.03,0,0.03973717615008354,0,0.004001388237307075,0,0.05458587256812086,0,0.10716486722230911,0,0.05133505165576935,0
1,4,0.49448385739845707,0,0.07,0,0.0010746839689090848,0,0.0002337918237023585,0,0.006794538656807383,0,0.23865394294261932,0,0.20658239722251892,1
1,5,0.9687360163711759,0,0.2,1,0.9995505213737488,1,0.5287912790026484,1,0.9573315844110902,1,0.8506647348403931,1,0.7041563391685486,1
1,5,0.703759725192532,0,0.14,1,0.5894510746002197,1,0.0022886728878855262,0,0.005224626504226083,0,0.10773525387048721,0,0.12053560465574265,0
1,5,0.0013238509435734922,0,0.15,1,0.21902737021446228,1,0.5572691022342756,1,0.17387668854245159,0,0.8600588440895081,1,0.3037889301776886,1
1,1,0.9992117828788744,1,0.28,1,0.9975650310516357,1,0.9981150775529001,1,0.9998146487486396,1,0.9785063862800598,1,0.7794489860534668,1
1,3,0.16260125590813762,0,0.23,1,0.9936394095420837,1,0.9812454924735731,1,0.9589495706150322,1,0.6249154210090637,1,0.240092933177948,1
1,1,0.9947801112236877,1,0.02,0,0.7905474901199341,1,0.06864520818696945,1,0.28688513938829596,1,0.8553497791290283,1,0.2045302391052246,1
1,4,0.9999691628591475,1,0.14,1,0.9882768988609314,1,0.9631905574922383,1,0.9762677618077861,1,0.7536914944648743,1,0.5227238535881042,1
1,2,0.9915788494607631,1,0.1,1,0.8540757894515991,1,0.8756767437456894,1,0.7267964770848402,1,0.822245717048645,1,0.4407587945461273,1
1,5,0.7316803630706492,0,0.13,1,0.3044033944606781,1,0.11778570145566404,1,0.8510156015091856,1,0.5959068536758423,1,0.2984318435192108,1
1,4,0.999126563251135,1,0.31,1,0.9996767044067383,1,0.9985653136371961,1,0.9958510723197046,1,0.9640729427337646,1,0.6431947946548462,1
1,3,0.6374846381493031,0,0.19,1,0.8450003862380981,1,0.734978279343486,1,0.967258600539293,1,0.8545156121253967,1,0.5664616823196411,1
1,4,0.8390635555899026,0,0.03,0,0.0029828331898897886,0,0.009791872918713819,0,0.0018074638759940922,0,0.7284991145133972,1,0.2351268231868744,1
1,3,0.9877032539714518,1,0.08,0,0.6861938238143921,1,0.48995674693622104,1,0.6551497812361838,1,0.7802513241767883,1,0.7058368921279907,1
1,3,0.0328087656918791,0,0.03,0,0.0007296642870642245,0,0.0003788959212279786,0,0.0051985981367229355,0,0.5134111046791077,1,0.14282701909542084,0
1,5,0.9999921358900798,1,0.12,0,0.9726483821868896,1,0.7019578825349824,1,0.9260435557204988,1,0.8621731400489807,1,0.7490488886833191,1
1,1,0.47043643023187665,0,0.14,1,0.7967869639396667,1,0.5723408468758827,1,0.08650040058968864,0,0.49575141072273254,1,0.15986508131027222,0
1,5,0.9995721005941216,1,0.09,0,0.011599521152675152,0,0.016013785124664753,0,0.0005338476093469816,0,0.3031359016895294,1,0.1319633424282074,0
1,1,0.21417860658288915,0,0.15,1,0.9189810752868652,1,0.6127923140018208,1,0.27211981440927707,1,0.9206488728523254,1,0.34567785263061523,1
1,5,0.9996937754308288,1,0.08,0,0.03904704004526138,0,0.057634992404829,0,0.1707126547728758,0,0.38098806142807007,1,0.16491828858852386,0
1,5,0.7890827094072322,0,0.19,1,0.051703426986932755,0,0.024182178634496777,0,0.07936572374299827,0,0.8273677229881287,1,0.18337871134281158,1
1,5,0.9860961913061108,0,0.04,0,0.002425732323899865,0,0.00039827682062302584,0,0.02061719219264159,0,0.5453000664710999,1,0.14264073967933655,0
1,1,0.07932032338372967,0,0.01,0,0.00024618260795250535,0,0.0005891639434988891,0,0.03497230187635575,0,0.1257849484682083,0,0.05776320397853851,0
1,3,0.5270880195739833,0,0.2,1,0.1818663626909256,0,0.17632742577826035,1,0.48441399524179635,1,0.07907784730195999,0,0.100126251578331,0
1,4,0.13456434742635057,0,0.11,0,0.9962931275367737,1,0.8913314727204716,1,0.2981469967659492,1,0.8728747963905334,1,0.4267508089542389,1
1,4,0.9734636239043559,1,0.1,0,0.7832648754119873,1,0.5929019595832543,1,0.40313999572330367,1,0.21602694690227509,0,0.35882246494293213,1
1,2,0.5013168685050707,0,0.12,1,0.9041300415992737,1,0.9939739584417898,1,0.8574486968815964,1,0.8977771401405334,1,0.5730246305465698,1
1,5,0.842393709147835,0,0.21,1,0.9728059768676758,1,0.9857540145701852,1,0.08944504843580178,0,0.6705800294876099,1,0.338108092546463,1
1,1,0.9644321524626647,1,0.11,1,0.9900059103965759,1,0.8905389037889093,1,0.8835263820927001,1,0.9483674764633179,1,0.5629366040229797,1
1,4,0.023441508342140874,0,0.07,0,0.016797393560409546,0,0.0072168302950146625,0,0.016606765068751406,0,0.046116121113300323,0,0.012926170602440834,0
1,3,0.9993069154026984,1,0.11,0,0.5327841639518738,1,0.11258028760404952,1,0.8997823176227193,1,0.24782156944274902,0,0.36984413862228394,1
1,4,0.8444559383542595,0,0.18,1,0.9643945693969727,1,0.06989351422544984,1,0.14375385359744206,0,0.4993688762187958,1,0.0815240740776062,0
1,1,0.9978128632390791,1,0.3,1,0.9888578653335571,1,0.873875555712533,1,0.8529279536461962,1,0.44532471895217896,1,0.5010765790939331,1
1,5,0.9999363636844597,1,0.26,1,0.9797220230102539,1,0.9635198032192305,1,0.8724018397658625,1,0.5373855233192444,1,0.4828118085861206,1
1,2,0.9928901004894349,1,0.22,1,0.6860781311988831,1,0.3322539618255862,1,0.8726793877640985,1,0.20473216474056244,1,0.11964737623929977,0
1,3,0.9949553535212589,1,0.11,0,0.11594957113265991,0,0.004148738973984072,0,0.4185432066656705,1,0.2156069129705429,0,0.12436625361442566,0
1,5,0.9985254431787647,1,0.22,1,0.9824126958847046,1,0.9474839148960608,1,0.8059543282576085,1,0.48765215277671814,1,0.6617037653923035,1
1,3,0.6824213934472688,0,0.11,0,0.9684593677520752,1,0.21474097507238837,1,0.9051658164725119,1,0.5404490828514099,1,0.40293657779693604,1
1,1,0.3804360855972285,0,0.06,0,0.5448811650276184,1,0.37134965347038734,1,0.6196521745588704,1,0.29393723607063293,0,0.15639491379261017,0
1,3,0.17793817978430854,0,0.0,0,0.000752519816160202,0,0.0035516083148523004,0,0.004242491573827832,0,0.01285069715231657,0,0.014219719916582108,0
1,4,0.9996073676684049,1,0.13,1,0.9739412665367126,1,0.721914057121264,1,0.9874280438140886,1,0.7101793885231018,1,0.7620903849601746,1
1,3,0.005105460359213757,0,0.0,0,0.002259117318317294,0,0.0008179380884119092,0,0.007846618083390988,0,0.5157343745231628,1,0.15558573603630066,0
1,5,0.002300302239836233,0,0.14,1,0.04335769638419151,0,0.7864352219611959,1,0.47011223398491886,1,0.6327871680259705,1,0.27556324005126953,1
1,2,0.5924504170269446,0,0.14,1,0.23352324962615967,0,0.4140772496517177,1,0.12222234921916143,0,0.6926357746124268,1,0.26106786727905273,1
1,1,0.41838759702367523,0,0.17,1,0.8061228394508362,1,0.5218614443624257,1,0.012240632750477395,0,0.3089926540851593,0,0.17777925729751587,1
1,2,0.1933987125706055,0,0.19,1,0.26054349541664124,1,0.8263050541127186,1,0.9221601570984029,1,0.8223016262054443,1,0.2852996587753296,1
1,4,0.8496039598088521,0,0.12,0,0.38764098286628723,1,0.2612895427455609,1,0.8464076598473022,1,0.8055262565612793,1,0.26125988364219666,1
1,5,0.9874257045625976,0,0.11,0,0.9918630123138428,1,0.875063915233807,1,0.920060438330348,1,0.9323459267616272,1,0.584114670753479,1
1,1,0.9864749623275155,1,0.24,1,0.9374288320541382,1,0.9884879408379909,1,0.8559723493603117,1,0.9374139904975891,1,0.49439311027526855,1
1,4,0.9987422162445839,1,0.09,0,0.6861869096755981,1,0.8461732541366027,1,0.9077073198584241,1,0.8876651525497437,1,0.2756359279155731,1
