pr_auc_mean,pr_auc_std,roc_auc_mean,roc_auc_std,f1_mean,f1_std
0.774665759991969,0.056672090234659786,0.9795831287841597,0.005288346246250327,0.32212582738898526,0.028497701033228573
