y,fold,logistic_regression_prob,logistic_regression_pred,random_forest_prob,random_forest_pred,xgboost_prob,xgboost_pred,lightgbm_prob,lightgbm_pred,catboost_prob,catboost_pred,tabpfn_thinking_mode_prob,tabpfn_thinking_mode_pred,tabpfn_prob,tabpfn_pred
0,1,0.06155236645767766,0,0.0,0,0.0006403950974345207,0,6.927890060122878e-05,0,5.394560254256479e-06,0,0.00021738337818533182,0,6.938762817298993e-05,0
0,4,0.0008870511224234641,0,0.02,0,7.413807179545984e-05,0,0.00012744244733192304,0,4.242569631702257e-06,0,0.001990171615034342,0,0.00042538155685178936,0
0,1,6.668967364185877e-10,0,0.0,0,2.3651269657420926e-05,0,2.522076251607433e-05,0,2.709619320441835e-07,0,3.495931741781533e-05,0,4.245158197591081e-05,0
0,4,0.844045092284945,0,0.05,0,0.008338107727468014,0,0.00036719071358929403,0,0.01541209588738639,0,0.13711713254451752,0,0.04997921362519264,0
0,1,0.6713491720265898,0,0.05,0,0.22255469858646393,1,0.010035778657059163,0,0.07813770937540648,0,0.14960481226444244,0,0.03680276870727539,0
0,3,1.1341456815686561e-05,0,0.01,0,2.8193366233608685e-05,0,4.3517156610887626e-05,0,5.311568005423453e-05,0,0.028083667159080505,0,0.00650896318256855,0
0,2,0.00028116215535959206,0,0.0,0,7.172984624048695e-05,0,2.2558678517150106e-05,0,1.4716537893296985e-06,0,0.008559556677937508,0,0.017010163515806198,0
0,4,6.704944386434981e-06,0,0.0,0,3.844704770017415e-05,0,3.872190747991233e-05,0,4.7162739682612137e-07,0,0.00017697940347716212,0,8.77633283380419e-05,0
0,3,9.207867114980969e-07,0,0.0,0,6.62439051666297e-05,0,2.006410760479075e-05,0,8.888973894577461e-07,0,5.793741001980379e-05,0,6.649846909567714e-05,0
0,2,0.005278844504008814,0,0.03,0,0.006062525324523449,0,0.0007308293434618824,0,0.030248503497318634,0,0.016132086515426636,0,0.014629085548222065,0
0,1,0.0029076549860227573,0,0.0,0,0.00016762620361987501,0,0.0005406856583766286,0,0.0018135827658379558,0,0.0003710218006744981,0,0.0005460238899104297,0
0,1,0.9809254635620972,1,0.08,0,0.017746735364198685,0,0.005114274904510284,0,0.06456388726197203,0,0.20874573290348053,0,0.5649762153625488,1
0,3,5.68228722249502e-06,0,0.0,0,8.946306479629129e-05,0,2.395004920113506e-05,0,2.205525169149698e-06,0,0.00019149185391142964,0,5.7529381592758e-05,0
0,3,8.56646611442292e-07,0,0.0,0,8.358289960597176e-06,0,2.4269092156589337e-05,0,3.0818424393214386e-07,0,7.549801375716925e-05,0,4.569212978822179e-05,0
0,2,0.03263877843087723,0,0.02,0,2.5257169909309596e-05,0,2.1973880177278055e-05,0,0.0024077637062558206,0,0.008246665820479393,0,0.005716596730053425,0
0,1,0.00026681281663706077,0,0.03,0,0.003786788322031498,0,0.001386010919185469,0,0.016190047193439985,0,0.07596592605113983,0,0.16311927139759064,0
0,2,0.05594726174676811,0,0.01,0,0.00019342995074111968,0,0.0010473275477082256,0,0.0015202882701816423,0,0.0037834676913917065,0,0.002329254522919655,0
0,1,3.4802713170229804e-07,0,0.0,0,2.6741316105471924e-05,0,2.4978322444705892e-05,0,2.9671587781472796e-07,0,7.405145152006298e-05,0,6.757827213732526e-05,0
0,3,0.00011873947998600221,0,0.0,0,9.206857066601515e-05,0,1.993288121041102e-05,0,1.0023068427456456e-06,0,5.952786159468815e-05,0,4.9543712520971894e-05,0
0,2,0.012390823342769518,0,0.0,0,2.187741301895585e-05,0,5.319452197473535e-05,0,5.300955796185109e-07,0,0.012349315918982029,0,0.010185169987380505,0
0,3,3.754541685474719e-05,0,0.03,0,0.00017970641783904284,0,0.0006511430560783794,0,0.0004516761866047479,0,0.00024181007756851614,0,0.0003037253045476973,0
0,4,0.0004038865343679715,0,0.01,0,0.00016185230924747884,0,0.00011299488701664233,0,0.0003446743737309204,0,0.007508336566388607,0,0.0054507507011294365,0
0,1,6.278062042650807e-07,0,0.0,0,6.427478365367278e-05,0,2.529418476903999e-05,0,5.98453954814138e-08,0,2.7822899937746115e-05,0,4.010486736660823e-05,0
0,2,3.1943895875756444e-07,0,0.01,0,9.869541099760681e-05,0,2.0090322190580434e-05,0,1.0904630150944084e-05,0,0.0009113488486036658,0,0.0012632295256480575,0
0,5,0.00016879486319205505,0,0.01,0,5.63751518711797e-06,0,1.7421598104847572e-05,0,5.847681311744247e-07,0,0.0005180828738957644,0,0.0015906745102256536,0
0,2,0.14591923950809488,0,0.02,0,0.0005194298573769629,0,0.0005565825924892336,0,0.0012898187541251287,0,0.017475076019763947,0,0.006453364621847868,0
0,1,7.834630177182784e-06,0,0.0,0,1.5478262866963632e-05,0,2.066036770248138e-05,0,9.388153776778134e-08,0,6.0181158914929256e-05,0,0.0001013263245113194,0
0,2,2.4151633162879447e-06,0,0.0,0,1.2829284969484434e-05,0,4.70011310636546e-05,0,1.0635597888259998e-07,0,3.8074587791925296e-05,0,3.999311229563318e-05,0
0,1,0.03866126594058577,0,0.0,0,2.438232331769541e-05,0,8.832815359974188e-05,0,0.00012194848041333709,0,0.019611341878771782,0,0.01971055194735527,0
0,4,0.40574298412381604,0,0.06,0,0.00036701845237985253,0,7.550035421463505e-05,0,0.0007580794685298377,0,0.030033379793167114,0,0.017853321507573128,0
0,1,0.00043745028361980845,0,0.0,0,3.1913441489450634e-05,0,1.746579811644496e-05,0,0.0010803235754268128,0,0.000594775250647217,0,0.0015979271847754717,0
0,5,0.00010623694902609826,0,0.01,0,2.7897725885850377e-05,0,2.3908079882840897e-05,0,9.84646278302439e-05,0,0.029208941385149956,0,0.028245383873581886,0
0,3,1.333546094838337e-08,0,0.0,0,7.539689249824733e-05,0,2.414382476772741e-05,0,1.6332682156921205e-07,0,0.00024535658303648233,0,0.00011091116175521165,0
0,1,0.02368480455442022,0,0.02,0,0.0006107707158662379,0,8.142321468311961e-05,0,0.0035004990805493612,0,0.012195133604109287,0,0.022525161504745483,0
0,5,0.00033029275633644843,0,0.04,0,0.0005504862638190389,0,0.00013776135274219035,0,0.005964725434245304,0,0.043302856385707855,0,0.03738963231444359,0
0,3,0.014295061218782427,0,0.02,0,0.0003866199404001236,0,0.00026388272926845986,0,0.00027028608827979386,0,0.007094194646924734,0,0.023396987468004227,0
0,5,0.03008245811719579,0,0.02,0,0.0008059749961830676,0,0.0001586570307711349,0,0.0011482622082502406,0,0.0861268863081932,0,0.23206382989883423,0
0,4,0.7037820840641711,0,0.06,0,0.0032469620928168297,0,0.00769492818572972,0,0.011812544044988464,0,0.01711021549999714,0,0.01114693470299244,0
0,4,2.510021924490541e-07,0,0.0,0,1.5405661542899907e-05,0,2.067092226117983e-05,0,1.7229348783272913e-08,0,9.05386550584808e-05,0,4.165444988757372e-05,0
0,1,0.008520482438969787,0,0.01,0,1.2137211342633236e-05,0,3.4418271258656983e-05,0,0.0015559752116512987,0,0.0017015952616930008,0,0.002688982989639044,0
0,4,3.880238327702869e-09,0,0.0,0,3.160447022310109e-06,0,2.0579029946983885e-05,0,4.484625025938164e-07,0,7.95209634816274e-05,0,4.193754284642637e-05,0
0,1,0.0023650033679986195,0,0.02,0,4.272778460290283e-05,0,3.7914263919188075e-05,0,2.447386876193928e-07,0,6.18356789345853e-05,0,5.4437674407381564e-05,0
0,2,0.9900304118972076,1,0.02,0,0.0003675359475892037,0,0.00011278720925285075,0,0.00012495655189489788,0,0.03324778378009796,0,0.015011264942586422,0
0,1,0.004752089194907244,0,0.0,0,4.726118277176283e-06,0,3.060165227006207e-05,0,1.9144911233062918e-05,0,0.0018923203460872173,0,0.015142547897994518,0
0,1,3.139425317583997e-05,0,0.0,0,3.655128239188343e-05,0,7.254239260504271e-05,0,6.541415546165533e-06,0,0.0001226844178745523,0,8.02910071797669e-05,0
0,4,0.7374321686550945,0,0.09,0,0.005804018117487431,0,0.0031134194476610086,0,0.29727137141358195,1,0.03786464035511017,0,0.0106326499953866,0
0,1,0.0005545662665883299,0,0.0,0,5.405805040936684e-06,0,2.411802868774676e-05,0,6.264798525840469e-07,0,4.460863783606328e-05,0,6.114177813287824e-05,0
0,2,1.8887643258189495e-06,0,0.0,0,7.980689588293899e-06,0,2.085658220434612e-05,0,8.765665950521121e-08,0,3.7642454117303714e-05,0,3.999311229563318e-05,0
0,3,7.802779844295695e-08,0,0.0,0,0.00022416467254515737,0,2.4128080156598783e-05,0,4.3784569562465835e-05,0,0.0023009483702480793,0,0.0020227553322911263,0
0,1,0.010488724596241991,0,0.0,0,0.00041450688149780035,0,4.4703675364384225e-05,0,1.611486919756791e-05,0,0.00016276203677989542,0,8.683274063514546e-05,0
0,5,0.00022966626760170756,0,0.02,0,7.983355317264795e-05,0,6.340076926756336e-05,0,8.876058973281863e-05,0,0.0047723520547151566,0,0.018784765154123306,0
0,4,0.00024006898426572957,0,0.0,0,1.00752286016359e-05,0,3.731191173761072e-05,0,3.467683249891013e-06,0,0.00023432672605849802,0,0.00023222599702421576,0
0,3,0.13626007013124808,0,0.02,0,0.00011643525795079768,0,2.9851077636362585e-05,0,0.0003090654852180065,0,0.0007834169082343578,0,0.0017570776399224997,0
0,3,1.1275756708035597e-05,0,0.01,0,2.072061033686623e-05,0,3.854579434316471e-05,0,1.3580133940429692e-06,0,0.00017567974282428622,0,0.00014308396202977747,0
0,4,0.020508408168905496,0,0.01,0,9.275159754906781e-06,0,2.2085169646416953e-05,0,4.729643073620063e-05,0,0.0013783213216811419,0,0.003756196703761816,0
0,2,1.2764305392037371e-05,0,0.0,0,3.228881541872397e-05,0,2.4467894349430724e-05,0,1.0529372403185287e-07,0,3.767946327570826e-05,0,3.999311229563318e-05,0
0,4,2.8760947033314124e-05,0,0.0,0,3.5575073979998706e-06,0,3.94366938346019e-05,0,3.043258868131957e-07,0,0.00015638372860848904,0,5.0005557568510994e-05,0
0,4,0.0018795346056127286,0,0.01,0,0.0001085991898435168,0,5.2774650923719676e-05,0,8.661834137415242e-05,0,0.0022138224449008703,0,0.002233870094642043,0
0,4,0.034708062250998074,0,0.03,0,0.033244188874959946,0,0.0007721667686328568,0,0.0004895169127056455,0,0.053089115768671036,0,0.0052663227543234825,0
0,5,0.0010318792268045266,0,0.01,0,0.0013004173524677753,0,2.9301187422206623e-05,0,7.345122543942188e-05,0,0.0018703972455114126,0,0.0012343282578513026,0
0,1,0.8618949517211368,0,0.01,0,0.006097325589507818,0,0.0033255739532362617,0,0.0045331118840031695,0,0.005656000692397356,0,0.008624750189483166,0
0,3,0.5953323635454507,0,0.07,0,0.019006578251719475,0,0.01390690944836393,0,0.06198316137419903,0,0.0193647313863039,0,0.03353270888328552,0
0,4,0.0032505252704538305,0,0.03,0,3.348305472172797e-05,0,0.0009622425389884266,0,1.0112660327840209e-06,0,0.02479788288474083,0,0.05366811156272888,0
0,5,0.005798194750516229,0,0.0,0,2.6554711439530365e-05,0,2.3511108952374926e-05,0,0.00010510104161016374,0,0.0005151925724931061,0,0.0009591184207238257,0
0,1,0.00021039588884835453,0,0.0,0,1.7019066945067607e-05,0,3.7442682219050524e-05,0,4.198537141502174e-05,0,0.0011003516847267747,0,0.00020920367387589067,0
0,2,0.0031386064453828148,0,0.0,0,1.007182800094597e-05,0,2.6653481336418945e-05,0,2.7007213929125087e-05,0,0.00033935229294002056,0,0.00033108412753790617,0
0,1,0.00015643843042828135,0,0.0,0,7.515293418691726e-06,0,3.547663883568898e-05,0,1.3691372236743642e-06,0,0.00016066535317804664,0,0.0001248186599696055,0
0,5,0.2741322017968543,0,0.04,0,7.843823368602898e-06,0,0.000488371397185715,0,7.118841489385572e-05,0,0.16443371772766113,0,0.10791762918233871,0
0,3,3.4314212380293674e-09,0,0.0,0,4.977599019184709e-06,0,5.501985072150731e-05,0,6.622830480726267e-06,0,0.0002652095281518996,0,6.683354877168313e-05,0
0,2,6.2389253290451666e-09,0,0.0,0,8.735916708246805e-06,0,3.853144632932738e-05,0,1.411473763409811e-07,0,3.5291071981191635e-05,0,4.0343260479858145e-05,0
0,4,0.25503749487498245,0,0.05,0,9.074508852791041e-05,0,0.0005167645805771732,0,0.001048842453975108,0,0.018249358981847763,0,0.03745890408754349,0
0,2,0.007572527717775414,0,0.0,0,0.0002068590692942962,0,1.762553585391924e-05,0,0.00022295849099217591,0,0.0006353086209855974,0,0.0005046509322710335,0
0,5,0.00014868420097693166,0,0.01,0,4.102058301214129e-05,0,4.102809668990588e-05,0,1.2346143680840082e-07,0,3.9066617318894714e-05,0,0.00016078496992122382,0
0,4,0.7504316899546574,0,0.02,0,0.007590459194034338,0,0.0014681373199577743,0,0.0044142225174552355,0,0.07478873431682587,0,0.007319241762161255,0
0,5,0.00036632289965780966,0,0.03,0,0.0001038906630128622,0,0.000401629820986944,0,0.011413432574207816,0,0.0008074126671999693,0,0.005212442483752966,0
0,4,8.584821188813254e-05,0,0.0,0,2.7606063213170273e-06,0,2.0680785369972576e-05,0,6.435891927723315e-09,0,9.601695637684315e-05,0,7.238910620799288e-05,0
0,5,5.8790349897271894e-05,0,0.0,0,9.055698683368973e-06,0,1.2105265473701736e-05,0,5.027812201863298e-05,0,0.0008112512878142297,0,0.0015264531830325723,0
0,3,0.0002650371485474449,0,0.0,0,2.7263187803328037e-05,0,0.0001863863735489708,0,0.0009438251293345493,0,0.006914389785379171,0,0.012146202847361565,0
0,5,0.011646797164280276,0,0.01,0,1.2222362784086727e-05,0,2.2864415443730114e-05,0,1.5436837631943915e-05,0,0.025105180218815804,0,0.03827739879488945,0
0,2,0.11218746027797939,0,0.01,0,0.00012815877562388778,0,4.1314029049888943e-05,0,9.426388841695235e-05,0,0.0036379348021000624,0,0.047677718102931976,0
0,4,0.010856918653700419,0,0.03,0,0.010813546366989613,0,0.008454639143246826,0,0.0023245178948165498,0,0.00943479873239994,0,0.002817929722368717,0
0,1,0.022824363673797973,0,0.0,0,2.811676313285716e-05,0,6.432033295473921e-05,0,0.00049534878602909,0,0.007238201797008514,0,0.020168406888842583,0
0,1,1.5585538534187462e-06,0,0.0,0,0.00011596213153097779,0,8.165734815813411e-05,0,1.293169703820178e-05,0,7.046417886158451e-05,0,7.145805284380913e-05,0
0,4,0.027996313834325333,0,0.03,0,0.012292805127799511,0,0.014126979715404319,0,0.004760887918386262,0,0.0919073149561882,0,0.03642010688781738,0
0,1,3.9580997458666794e-07,0,0.0,0,1.5058788449096028e-05,0,2.9647878662021288e-05,0,1.8220344731986882e-07,0,4.105677726329304e-05,0,0.00011689120583469048,0
0,3,6.751637900128585e-07,0,0.02,0,4.944004467688501e-05,0,4.506257007253672e-05,0,0.0003241621129407045,0,0.0002480188268236816,0,0.00011001533130183816,0
0,5,0.006498005701295443,0,0.0,0,8.084517503448296e-06,0,2.4932067874278244e-05,0,7.317002329194577e-06,0,0.008220670744776726,0,0.011504813097417355,0
0,3,0.8778201953425367,0,0.06,0,0.002003324683755636,0,0.006094855832734383,0,0.01770955461936997,0,0.10805336385965347,0,0.2594653069972992,0
0,5,0.8527035774829231,0,0.01,0,0.0007266415632329881,0,0.0003890056716995132,0,1.938855391320782e-05,0,0.07410433143377304,0,0.1458131968975067,0
0,5,0.007762495033626704,0,0.02,0,2.688540735107381e-05,0,4.290730780036069e-05,0,0.0002905444508351105,0,0.0001396419684169814,0,0.0004821677866857499,0
0,5,4.90545675803757e-05,0,0.0,0,3.370410195202567e-05,0,3.377055530084138e-05,0,3.3659026563374454e-06,0,0.0005590635119006038,0,0.0008562201983295381,0
0,1,0.871738374365675,0,0.01,0,5.8368856116430834e-05,0,7.888519655922609e-05,0,0.00025746469243710993,0,0.016188841313123703,0,0.012073355726897717,0
0,5,1.0240362940609204e-05,0,0.0,0,1.9091219201072818e-06,0,3.4258528303489744e-05,0,2.1916888019277158e-07,0,3.4579170460347086e-05,0,5.1889888709411025e-05,0
0,4,0.001452257512652826,0,0.0,0,2.5826315322774462e-05,0,2.0578703777481193e-05,0,1.288925780089589e-07,0,0.00011019586963811889,0,4.122979225940071e-05,0
0,5,0.5021854450525572,0,0.03,0,0.00011361542419763282,0,3.4514975555825584e-05,0,0.005857935949074244,0,0.004051749128848314,0,0.018294677138328552,0
0,1,0.16865261822311226,0,0.16,1,0.012004612013697624,0,0.0013802449545180324,0,0.003247540305043294,0,0.08163166791200638,0,0.13860322535037994,0
0,4,0.0002631203771770944,0,0.0,0,1.2803178833564743e-05,0,2.0646573638877087e-05,0,1.3176412414479278e-07,0,9.120022150455043e-05,0,4.531974991550669e-05,0
0,3,4.768256781578656e-05,0,0.01,0,2.704079270188231e-05,0,3.884612493405119e-05,0,3.185987046932663e-05,0,0.0003385569725651294,0,0.0002627056383062154,0
0,5,0.12252095957089859,0,0.02,0,0.0001559005759190768,0,0.00011912172595488636,0,0.0034303599869679735,0,0.012145469896495342,0,0.011212131008505821,0
0,2,0.06684636765369839,0,0.05,0,0.08806546032428741,0,0.002562613341881221,0,0.0017680487922231622,0,0.11374595761299133,0,0.06920361518859863,0
0,5,7.114898091651237e-05,0,0.02,0,0.0009381808340549469,0,8.61186727440054e-05,0,4.357527381063315e-06,0,0.0036911785136908293,0,0.0023561972193419933,0
0,1,0.0034415641609525133,0,0.01,0,3.808701512753032e-05,0,3.4186906319728374e-05,0,7.084149418672776e-05,0,0.0008282015332952142,0,0.0024337403010576963,0
0,4,0.05310598977436096,0,0.02,0,1.2850224266003352e-05,0,3.518895636706112e-05,0,2.112644454242077e-06,0,0.00010134733747690916,0,4.2287672840757295e-05,0
0,2,6.589529622217225e-07,0,0.0,0,5.2783081628149375e-05,0,2.9470362168679843e-05,0,2.6967327098461016e-07,0,6.480189767898992e-05,0,3.999311229563318e-05,0
0,3,0.00048339649754680446,0,0.01,0,1.03288002719637e-05,0,1.577625646344885e-05,0,1.8012865310831543e-05,0,0.0001815791183616966,0,8.673589763930067e-05,0
0,3,0.011435530380619955,0,0.05,0,0.00011741663911379874,0,0.007914288632530853,0,0.0015234272470115399,0,0.0006791189080104232,0,0.0013117067283019423,0
0,2,7.67896675450577e-06,0,0.0,0,6.309542368398979e-05,0,8.539378090727212e-05,0,4.9729068671755146e-08,0,5.530242924578488e-05,0,3.999311229563318e-05,0
0,2,8.534025495221299e-06,0,0.0,0,3.883595854858868e-05,0,3.2353196594602034e-05,0,1.7720166425672727e-06,0,8.980671555036679e-05,0,5.676845466950908e-05,0
0,2,0.027540710404103625,0,0.01,0,2.9932854886283167e-05,0,1.9530085534988493e-05,0,4.56409493797669e-06,0,0.0018308124272152781,0,0.0106204804033041,0
0,3,4.9192234868595234e-05,0,0.0,0,3.5899898648494855e-05,0,2.0248757462571293e-05,0,1.9934645825282844e-06,0,3.7872006942052394e-05,0,3.999311229563318e-05,0
0,4,0.0044086649557753795,0,0.02,0,3.489749360596761e-05,0,0.00010718712719391328,0,0.0002310634820454774,0,0.004315463826060295,0,0.001563729252666235,0
0,3,0.0023047790627397286,0,0.04,0,0.0035428351256996393,0,0.04135791425665797,0,0.019214251295650967,0,0.018093299120664597,0,0.012244712561368942,0
0,1,0.2770563178732709,0,0.06,0,0.06665922701358795,0,0.005459257698841012,0,0.022691350103979827,0,0.04912542179226875,0,0.16516265273094177,0
0,1,0.00453878004152927,0,0.01,0,4.8968846385832876e-05,0,3.691618319861895e-05,0,0.00011569714209575002,0,0.004356234334409237,0,0.008861533366143703,0
0,5,0.000610073127798228,0,0.04,0,0.0005274118157103658,0,0.016412673992448595,0,5.035650533398212e-06,0,0.0058723813854157925,0,0.013520115986466408,0
0,4,0.8023817865874339,0,0.12,0,0.009225591085851192,0,0.011430688454287742,0,0.2091123927856014,1,0.4740578532218933,1,0.6211929321289062,1
0,4,0.6431021575697274,0,0.18,1,0.18194982409477234,0,0.0178276666107796,0,0.3135987609092655,1,0.06295888125896454,0,0.02015332318842411,0
0,2,0.053573286391132895,0,0.04,0,0.0002425237762508914,0,0.0004870769111879964,0,0.005344405694043331,0,0.0057311090640723705,0,0.00031083132489584386,0
0,3,0.030124391427484114,0,0.0,0,7.172820187406614e-05,0,2.686482268325585e-05,0,5.9326942086734545e-05,0,9.499422594672069e-05,0,5.048246021033265e-05,0
0,5,5.761633096311509e-08,0,0.01,0,4.711811925517395e-05,0,4.199950377374427e-05,0,6.318969291129375e-07,0,3.53730283677578e-05,0,4.1371349652763456e-05,0
0,3,1.545177255536e-07,0,0.0,0,1.002358112600632e-05,0,2.0122299383392966e-05,0,1.5939497854923845e-06,0,3.8104673876659945e-05,0,6.919767474755645e-05,0
0,2,5.3081783018032915e-06,0,0.01,0,4.614468343788758e-05,0,2.436992205586839e-05,0,7.478343962481002e-07,0,4.61692143289838e-05,0,5.180021980777383e-05,0
0,3,0.0765234486853058,0,0.03,0,0.0004946122062392533,0,8.537405129822892e-05,0,0.00035462006608431347,0,0.006803437601774931,0,0.0003411116194911301,0
0,4,0.13042592289824412,0,0.03,0,7.00772216077894e-05,0,6.119254915888118e-05,0,0.0010227725990046602,0,0.011416038498282433,0,0.009302516467869282,0
0,4,0.5884122395308409,0,0.0,0,0.0002532036742195487,0,4.3172246194004046e-05,0,4.0760632686705404e-05,0,0.0032799686305224895,0,0.015918077901005745,0
0,3,0.0005066582564942996,0,0.01,0,1.2731270544463769e-05,0,3.188930854449097e-05,0,7.809684949275426e-05,0,0.002657148987054825,0,0.0008590903598815203,0
0,3,0.0010720118923268674,0,0.0,0,6.835289241280407e-05,0,2.1567338630018898e-05,0,0.0002766697355422015,0,0.001876697177067399,0,0.003157034981995821,0
0,1,6.212090381108868e-05,0,0.01,0,2.2006355720805004e-05,0,1.2669400398786799e-05,0,1.9663881489214634e-05,0,0.0017153095686808228,0,0.0028241844847798347,0
0,1,0.007503705387292033,0,0.05,0,0.0008984481683000922,0,0.002471194666619117,0,0.0038220463434018126,0,0.0064437477849423885,0,0.019132954999804497,0
0,5,6.796991908524114e-05,0,0.04,0,0.002451922046020627,0,0.002086173670210322,0,2.392626162407573e-06,0,0.0022326153703033924,0,0.0019614053890109062,0
0,1,0.020851478888984837,0,0.0,0,0.00012891538790427148,0,1.8149581264445944e-05,0,6.424708758529933e-06,0,0.011646394617855549,0,0.004926611669361591,0
0,3,0.25872263544142626,0,0.05,0,8.824095857562497e-05,0,1.886674969318296e-05,0,0.00030681516234151983,0,0.011844952590763569,0,0.037100378423929214,0
0,3,0.00010820560888463672,0,0.0,0,4.5831249735783786e-05,0,2.2265222143652825e-05,0,0.0002022566172243271,0,6.945864879526198e-05,0,0.00017356099851895124,0
0,1,0.03614719531855353,0,0.01,0,0.00011539042316144332,0,5.975839233261775e-05,0,0.0008923821641528601,0,0.011481856927275658,0,0.012570520862936974,0
0,4,3.069657290362709e-07,0,0.0,0,2.4217257305281237e-05,0,2.6094218972664306e-05,0,1.0875487977424947e-06,0,0.00043163224472664297,0,0.00022585023543797433,0
0,3,2.0429347001402866e-07,0,0.0,0,9.47415355767589e-06,0,2.025387308282981e-05,0,1.2285777071026536e-07,0,4.001195338787511e-05,0,4.5736880565527827e-05,0
0,2,0.0008283266574858646,0,0.02,0,3.4453728403605055e-06,0,1.5572263127967134e-05,0,0.00029058280369267746,0,0.0048147570341825485,0,0.007923689670860767,0
0,5,3.4004828988095795e-05,0,0.0,0,1.5357196616605506e-06,0,1.9420413244435328e-05,0,1.5686824080756073e-07,0,3.3667991374386474e-05,0,3.999311229563318e-05,0
0,3,0.000146235009624091,0,0.02,0,6.209033017512411e-06,0,2.4176790887259892e-05,0,1.0669720052960183e-05,0,0.00037079802132211626,0,0.0006880482542328537,0
0,1,0.20449124267495988,0,0.01,0,0.00044657840044237673,0,0.00011388816969101419,0,0.012536599752901141,0,0.02455517090857029,0,0.006887906230986118,0
0,3,0.5364033400543743,0,0.05,0,0.02253156341612339,0,0.0024471906252229356,0,0.006897601230924419,0,0.08952666074037552,0,0.24771355092525482,0
0,4,0.0012786121107093954,0,0.05,0,0.02668777108192444,0,0.018418734576284918,0,0.002202367549269099,0,0.017863726243376732,0,0.06343446671962738,0
0,4,0.022651424052904396,0,0.01,0,0.0010769376531243324,0,0.00012347510898461127,0,0.00016673354596138015,0,0.0022642698604613543,0,0.0023374157026410103,0
0,5,1.0662316981339964e-06,0,0.0,0,1.153517314378405e-05,0,8.67054331982966e-05,0,6.40432685183655e-07,0,4.626152804121375e-05,0,0.00011010206799255684,0
0,5,0.0025988673986612736,0,0.01,0,0.0023051933385431767,0,0.00012221172306145595,0,2.4055064224012108e-05,0,0.0007082581287249923,0,0.0006777418311685324,0
0,4,0.6153270949327377,0,0.0,0,8.334895937878173e-06,0,4.866398174020198e-05,0,8.942159010197201e-06,0,0.002842867048457265,0,0.0008151403744705021,0
0,3,0.009470179004650506,0,0.02,0,0.00010006218508351594,0,0.00024716641712658127,0,0.0010691088870171041,0,0.015849770978093147,0,0.021262796595692635,0
0,5,5.653513634100857e-08,0,0.0,0,2.3250475351233035e-05,0,2.3920800942409785e-05,0,1.2602882045184555e-07,0,3.200678474968299e-05,0,3.999311229563318e-05,0
0,2,0.05228387620233336,0,0.01,0,4.639473627321422e-05,0,3.347912416782393e-05,0,1.1431578867824635e-05,0,6.069820301490836e-05,0,7.493102020816877e-05,0
0,2,3.813262416520974e-06,0,0.01,0,2.316089876330807e-06,0,9.277366764103983e-05,0,0.00011301163744996225,0,0.00010740657307906076,0,5.1644063205458224e-05,0
0,1,0.002039465192954025,0,0.0,0,0.0018674585735425353,0,4.249701118738485e-05,0,0.0014746579374219973,0,0.004592081997543573,0,0.004244319163262844,0
0,5,0.00010371083941966966,0,0.01,0,3.661655500764027e-05,0,2.8387675963413937e-05,0,3.4195584196201805e-06,0,0.004342260770499706,0,0.007221050560474396,0
0,3,8.821613287582625e-06,0,0.0,0,3.6608839764085133e-06,0,2.4457930634833888e-05,0,2.5201342829554806e-06,0,3.6816309147980064e-05,0,3.999311229563318e-05,0
0,2,0.08656002818999854,0,0.0,0,0.00016230791516136378,0,5.0055707548960435e-05,0,4.938185897371824e-05,0,0.013582057319581509,0,0.02353549748659134,0
0,5,2.5123529532026673e-05,0,0.01,0,0.00015207129763439298,0,6.629653939000837e-05,0,1.8150712677489453e-06,0,0.0002531764912419021,0,0.0009375531226396561,0
0,4,2.970795498057808e-06,0,0.02,0,0.0004534311592578888,0,4.1247323341468624e-05,0,3.951503991742027e-06,0,0.003407241078093648,0,0.00793725810945034,0
0,3,2.270534466837403e-06,0,0.0,0,5.779989805887453e-06,0,2.0226467164305042e-05,0,7.767205881818e-08,0,4.131661989958957e-05,0,3.999311229563318e-05,0
0,2,1.9903720916922305e-05,0,0.03,0,0.00013944153033662587,0,9.359859960766654e-05,0,2.1090556920001645e-05,0,0.0016740807332098484,0,0.004265753086656332,0
0,2,6.0650262166651985e-06,0,0.0,0,2.8466722142184153e-05,0,2.4768211889952182e-05,0,3.691327616245035e-08,0,7.452309364452958e-05,0,4.5498523832065985e-05,0
0,5,0.7066242391415994,0,0.03,0,0.000937957433052361,0,0.0010531407272687105,0,0.02085037338216426,0,0.05230657756328583,0,0.03318110108375549,0
0,4,0.0009869274063062582,0,0.0,0,8.116383469314314e-06,0,2.097234968073465e-05,0,2.871931800476542e-07,0,0.0004536236228886992,0,0.000598660612013191,0
0,4,0.00029961879817574157,0,0.0,0,0.0012440989958122373,0,0.00014401368224341323,0,0.0002193468129267492,0,0.002893629018217325,0,0.003582925070077181,0
0,1,4.056383599681707e-06,0,0.0,0,0.00020693444821517915,0,4.112212428546708e-05,0,2.8950157547256493e-06,0,3.6979650758439675e-05,0,6.82914032950066e-05,0
0,1,1.0530093878736791e-05,0,0.0,0,7.472941069863737e-05,0,2.9673639258478304e-05,0,1.5791611040120425e-06,0,8.324586815433577e-05,0,8.925955626182258e-05,0
0,5,0.0016906232001556133,0,0.04,0,0.0005973114748485386,0,0.00025148101358480734,0,2.8413629222371195e-05,0,0.005742453504353762,0,0.007244654931128025,0
0,1,0.014481931887435332,0,0.01,0,8.829733815218788e-06,0,2.8688478624441106e-05,0,2.5342180379628273e-07,0,0.00011416391498642042,0,0.00015369891480077058,0
0,5,0.03779304236926108,0,0.01,0,0.005148102529346943,0,0.00019463499962719589,0,8.850025578687403e-07,0,0.12799054384231567,0,0.07314030081033707,0
0,5,7.710032255299873e-07,0,0.0,0,1.890947601168591e-06,0,2.3387197667831693e-05,0,8.268297557753003e-08,0,3.627795376814902e-05,0,4.1244697058573365e-05,0
0,1,3.226599157804654e-05,0,0.0,0,8.381149200431537e-06,0,5.415951476853767e-05,0,3.323523503664239e-07,0,0.0004023847868666053,0,0.0005376290646381676,0
0,1,0.5354599986608986,0,0.05,0,0.048682212829589844,0,0.0062805893486030705,0,0.20142459326912626,1,0.009437344036996365,0,0.005280214361846447,0
0,1,7.833217249097327e-05,0,0.01,0,1.1435718988650478e-05,0,9.307784950503572e-05,0,0.0006529559514467999,0,0.00048206912470050156,0,0.00015731152961961925,0
0,2,0.00010887867319771244,0,0.0,0,4.3865015868505e-06,0,3.116625613757199e-05,0,7.521595683342607e-06,0,0.0002573894744273275,0,6.000981375109404e-05,0
0,5,0.00034674142794919975,0,0.02,0,3.626062243711203e-05,0,3.808971098380135e-05,0,8.1938995627371e-05,0,0.03787592053413391,0,0.02860352396965027,0
0,4,0.0003852000435458275,0,0.0,0,9.666864571045153e-06,0,1.975260954756617e-05,0,1.576146424898701e-05,0,0.0002011557517107576,0,0.00014307974197436124,0
0,1,0.020925247298252,0,0.0,0,2.7140074962517247e-05,0,2.033976188834378e-05,0,4.162747701298823e-06,0,0.000638167024590075,0,0.0008337477338500321,0
0,5,8.45345147961928e-05,0,0.01,0,6.760778342140839e-05,0,2.3538019530134024e-05,0,1.2104465682533037e-05,0,0.00038114030030556023,0,0.0007536904886364937,0
0,3,0.0038262657521487722,0,0.03,0,0.002090292517095804,0,0.0013505005923395116,0,0.001660405130558195,0,0.00028188343276269734,0,8.391242590732872e-05,0
0,2,0.2730848968731395,0,0.0,0,0.0006547069060616195,0,4.65035268092351e-05,0,2.4476991014318948e-05,0,0.0033505915198475122,0,0.004314199555665255,0
0,5,0.33462403552381764,0,0.0,0,7.342757271544542e-06,0,1.539031107195464e-05,0,0.00017674914734045974,0,0.0009397224057465792,0,9.820771811064333e-05,0
0,1,0.0002024194482061744,0,0.0,0,1.9278115360066295e-05,0,2.0512193614962383e-05,0,3.553562565140123e-05,0,0.00019842982874251902,0,0.0004952039453200996,0
0,2,0.29155911675717616,0,0.01,0,0.00018256163457408547,0,4.135181994706626e-05,0,0.00014449365418035226,0,0.0006114731077104807,0,0.0008656245190650225,0
0,1,0.1356376146450477,0,0.02,0,4.2168725485680625e-05,0,0.0002687736873451003,0,0.0006907412378656985,0,0.02882935106754303,0,0.020126186311244965,0
0,1,4.158206338816359e-05,0,0.0,0,0.00012541282922029495,0,8.349973504359361e-05,0,1.5016240616480257e-05,0,0.0006124907522462308,0,0.0005483173299580812,0
0,5,9.02050951959103e-05,0,0.0,0,8.485201760777272e-06,0,3.7521381339228026e-05,0,3.949398026171471e-06,0,3.924843986169435e-05,0,5.7276192819699645e-05,0
0,5,2.836903816941942e-06,0,0.0,0,3.891392407240346e-05,0,2.875712191352511e-05,0,1.1839711762970936e-05,0,0.0038207571487873793,0,0.0007565842824988067,0
0,1,1.6315559259967115e-05,0,0.0,0,3.510345777613111e-06,0,2.084613995876801e-05,0,2.1808019535970021e-07,0,9.87237726803869e-05,0,5.1681650802493095e-05,0
0,3,3.631116139037877e-06,0,0.0,0,4.655610609916039e-05,0,3.0175483626893244e-05,0,2.3303088865767665e-06,0,6.82220488670282e-05,0,6.305614078883082e-05,0
0,1,3.099728876735314e-06,0,0.0,0,2.897789954658947e-06,0,2.0805108342877304e-05,0,4.2034361107357957e-07,0,2.9122002160875127e-05,0,3.999311229563318e-05,0
0,5,2.831739842356921e-05,0,0.01,0,0.0002748013357631862,0,6.763580314885502e-05,0,0.0017557891452040855,0,0.007179287262260914,0,0.004327131900936365,0
0,5,6.456718135675232e-06,0,0.01,0,1.8082868336932734e-05,0,2.771668613278028e-05,0,2.4669965593498633e-07,0,0.00010837964509846643,0,0.00012876409164164215,0
0,2,0.8034536246218262,0,0.04,0,0.00038175235386006534,0,0.0005485386188500579,0,0.0041350392743822705,0,0.07467616349458694,0,0.08809611946344376,0
0,2,0.0008281591642249405,0,0.0,0,1.861853161244653e-05,0,3.664355389533004e-05,0,1.5410424126318477e-07,0,0.0005525625310838223,0,0.0003501429164316505,0
0,1,4.5873589002120927e-08,0,0.0,0,5.584886366705177e-06,0,2.0583215629291535e-05,0,4.538169802231237e-08,0,3.692106474773027e-05,0,4.6831995859974995e-05,0
0,3,0.00013102633621144374,0,0.01,0,0.0006592595600523055,0,0.0007277779115756971,0,0.0008833919523674771,0,0.0012778446543961763,0,0.0022998410277068615,0
0,1,0.44898442310035364,0,0.12,1,0.00045755752944387496,0,0.003587555735275439,0,0.09163622003298322,0,0.009718330577015877,0,0.008200696669518948,0
0,3,0.0010110804855910335,0,0.01,0,0.00010321573790861294,0,2.1091564931426046e-05,0,6.991524213188489e-06,0,0.00017986515013035387,0,0.0004609457100741565,0
0,5,3.955772196471058e-05,0,0.0,0,2.8943347842869116e-06,0,1.9981481752001925e-05,0,2.3707179453453236e-07,0,3.625449608080089e-05,0,4.5505865273298696e-05,0
0,5,6.601231143772291e-08,0,0.03,0,0.00019491941202431917,0,9.583783018492681e-05,0,9.24219937697133e-06,0,7.802655454725027e-05,0,5.9399346355348825e-05,0
0,5,7.951061371878404e-07,0,0.01,0,3.099730020039715e-05,0,0.00014174461944128761,0,0.0003454866959745221,0,0.0002865114947780967,0,0.0012371327029541135,0
0,5,4.056553779588204e-05,0,0.0,0,5.957757821306586e-06,0,1.9589224780027872e-05,0,5.350192314984944e-07,0,5.781224899692461e-05,0,0.00011398817150620744,0
0,5,3.1353190247889755e-07,0,0.0,0,3.7144705856917426e-05,0,2.8800396477367188e-05,0,2.540097706152648e-07,0,4.191777770756744e-05,0,3.999311229563318e-05,0
0,1,7.993854519134843e-05,0,0.0,0,0.00031251448672264814,0,3.872166071465522e-05,0,7.313818263391149e-07,0,6.514171400340274e-05,0,4.996074130758643e-05,0
0,5,0.01515880804452564,0,0.0,0,3.5647852200781927e-05,0,0.0002521751768395557,0,3.847932096399983e-06,0,0.009628432802855968,0,0.027223598212003708,0
0,1,0.0727670258464957,0,0.0,0,2.585265519883251e-06,0,1.5299686382210536e-05,0,1.0560622478924135e-05,0,0.0007226508460007608,0,0.0012504147598519921,0
0,2,1.0630749928343272e-06,0,0.0,0,4.3086188270535786e-06,0,4.732520626797797e-05,0,5.845156228352066e-07,0,0.0010387474903836846,0,0.00018399876717012376,0
0,1,0.05593936375288553,0,0.02,0,0.00016056372260209173,0,7.363286402709347e-05,0,3.836188458395868e-05,0,0.025901785120368004,0,0.009590839967131615,0
0,5,0.1579321737675468,0,0.03,0,0.00043971886043436825,0,0.002985881096673077,0,0.00011761148125418559,0,0.0014727466041222215,0,0.00828900933265686,0
0,1,5.530781811082763e-05,0,0.0,0,1.8979320657308563e-06,0,1.8047177899570687e-05,0,3.1325063333031306e-05,0,0.0002888644812628627,0,0.00013340398436412215,0
0,2,0.0016788720104106447,0,0.01,0,0.0005425685667432845,0,6.321274688522973e-05,0,0.00012874734197059325,0,0.0004990814486518502,0,0.0001775134151102975,0
0,3,0.0001277116019186627,0,0.04,0,4.6650991862406954e-05,0,3.21203669067418e-05,0,4.787977912989305e-05,0,0.00033425496076233685,0,0.0006133450660854578,0
0,4,0.0009101370700567414,0,0.01,0,9.149991456069984e-06,0,3.4530411827279726e-05,0,2.6853458754219e-06,0,0.0001520596124464646,0,0.00015650161367375404,0
0,4,0.007574691993826565,0,0.0,0,3.6740730138262734e-05,0,2.8792373724922375e-05,0,1.0609432832574882e-05,0,0.0002473208005540073,0,4.5416603825287893e-05,0
0,3,0.9957546223774606,1,0.28,1,0.9854370951652527,1,0.42701794975629365,1,0.7406290902814201,1,0.24829092621803284,0,0.4515683650970459,1
0,4,0.0003079527411192339,0,0.01,0,0.0002563200250733644,0,2.871694617419119e-05,0,5.001865262801076e-06,0,0.00024092565581668168,0,7.73363935877569e-05,0
0,3,0.001020478427284655,0,0.0,0,1.6451387637061998e-05,0,7.10946664336305e-05,0,6.382324176422663e-05,0,0.002103690290823579,0,0.0016142327804118395,0
0,4,0.7021610753380516,0,0.0,0,0.0002971553476527333,0,0.0013520918057720146,0,0.0011173937359576056,0,0.01415941584855318,0,0.009082287549972534,0
0,5,1.9600961818833287e-05,0,0.02,0,8.549515769118443e-05,0,3.024577966574518e-05,0,6.531747903942557e-07,0,0.001774912467226386,0,0.004692848771810532,0
0,2,0.0027273494054969247,0,0.0,0,2.2588097635889426e-05,0,3.226878168589823e-05,0,0.00031244186387796536,0,0.000758008798584342,0,0.0010332433739677072,0
0,4,0.8919455343326667,0,0.01,0,0.00010381510219303891,0,5.286964185558947e-05,0,0.00018219877860225665,0,0.0024384413845837116,0,0.0026701297610998154,0
0,5,0.011849142375253476,0,0.01,0,2.0022554963361472e-05,0,0.00015488259016296037,0,4.3524258855169637e-07,0,0.0025573824532330036,0,0.0017152533400803804,0
0,3,0.00011331582341789516,0,0.02,0,6.806351302657276e-05,0,0.0001454914434067861,0,1.515783355041081e-06,0,0.00133275066036731,0,0.0010646767914295197,0
0,3,7.475133728445829e-05,0,0.0,0,3.5540795124688884e-06,0,3.477424332898321e-05,0,2.854271368662851e-05,0,0.0004226758028380573,0,0.0012524829944595695,0
0,1,0.00017052201110279562,0,0.01,0,9.410678103449754e-06,0,1.5230825240290113e-05,0,9.666703425317251e-05,0,0.0003742744156625122,0,0.003875378519296646,0
0,5,0.02354828497125734,0,0.0,0,2.457994742144365e-05,0,5.7153947088686766e-05,0,7.21891986448102e-05,0,3.389288031030446e-05,0,0.0001808145025279373,0
0,1,0.013542494637921246,0,0.01,0,0.00018074832041747868,0,2.961950333857087e-05,0,3.4368117437345044e-06,0,0.0004139833617955446,0,5.17488042532932e-05,0
0,3,4.186424326326515e-06,0,0.0,0,9.091251558857039e-05,0,8.721573531149625e-05,0,3.932849961671464e-05,0,0.00030153532861731946,0,0.00022547475236933678,0
0,3,2.8865609660580573e-05,0,0.0,0,3.764868597500026e-05,0,2.0042705331013497e-05,0,1.8940279080106665e-06,0,3.738042141776532e-05,0,3.999311229563318e-05,0
0,1,1.5998290160183863e-05,0,0.01,0,6.241847131605027e-06,0,2.1828080494973712e-05,0,1.0553220492560793e-05,0,0.0002992899972014129,0,0.0002314016892341897,0
0,5,5.690351573962474e-07,0,0.0,0,7.592576821480179e-06,0,2.3907520751637145e-05,0,7.59919099038275e-07,0,7.042845390969887e-05,0,5.393904211814515e-05,0
0,5,2.4747811357519788e-06,0,0.01,0,0.00030929726199246943,0,2.7226105051813748e-05,0,5.402157061523935e-08,0,3.81075733457692e-05,0,4.0559305489296094e-05,0
0,3,2.835575119080116e-08,0,0.0,0,0.0003099667956121266,0,5.277825984024858e-05,0,8.54119236310559e-06,0,3.7300807889550924e-05,0,3.999311229563318e-05,0
0,5,0.1722081638431459,0,0.03,0,0.0026233228854835033,0,0.006276260499513684,0,0.0011978671919455975,0,0.013425404205918312,0,0.02785021811723709,0
0,2,0.029708471561061506,0,0.0,0,5.097978646517731e-05,0,2.8579723240539996e-05,0,1.2398877505586695e-06,0,0.0013064659433439374,0,6.887974450364709e-05,0
0,5,7.696245287370673e-06,0,0.01,0,1.6405452697654255e-05,0,1.788416191289454e-05,0,0.0006426890426039399,0,0.0003329305909574032,0,0.0008034863858483732,0
0,4,9.205835518133212e-09,0,0.0,0,4.166203780187061e-06,0,3.3945737718561445e-05,0,8.763038499438624e-08,0,7.944804383441806e-05,0,4.033581353724003e-05,0
0,3,4.040579300903929e-09,0,0.0,0,4.1332048567710444e-05,0,2.0149481023246323e-05,0,4.325536411139793e-07,0,3.439287320361473e-05,0,3.999311229563318e-05,0
0,3,0.7312781894941134,0,0.05,0,0.0017470879247412086,0,0.0012354660186528056,0,0.002497732739143727,0,0.00561358779668808,0,0.008309069089591503,0
0,4,0.04869795907102433,0,0.0,0,2.3704311388428323e-05,0,6.190613119618162e-05,0,5.924361058283958e-06,0,0.0012141026090830564,0,0.00036865490255877376,0
0,5,0.02756627958825962,0,0.0,0,1.497980974818347e-05,0,1.9603242781311028e-05,0,6.981593244705167e-05,0,0.0016899369657039642,0,0.00021006955648772418,0
0,5,7.226493480096715e-06,0,0.0,0,3.5394671158428537e-06,0,2.5721593604115152e-05,0,3.940483653409141e-06,0,0.00034845154732465744,0,0.00012609604164026678,0
0,2,0.8652119198364202,0,0.01,0,3.674013350973837e-05,0,0.00016475165663429908,0,0.00195954413309386,0,0.006078165024518967,0,0.0018539605662226677,0
0,2,0.0001594946542649764,0,0.0,0,9.807929018279538e-06,0,3.6408843438149524e-05,0,2.3817545278059208e-07,0,0.00019489847181830555,0,8.481320401187986e-05,0
0,3,0.01886381995913448,0,0.05,0,0.0008331175777129829,0,5.907737139339571e-05,0,0.0005582381749563458,0,0.0017396105686202645,0,0.002296344842761755,0
0,5,0.0025915092386394516,0,0.0,0,7.860821824579034e-06,0,1.820918739798719e-05,0,4.1519055607342887e-07,0,9.765417780727148e-05,0,4.2242991185048595e-05,0
0,1,0.0006343790078713717,0,0.0,0,1.2666297152463812e-05,0,2.5792321617723562e-05,0,8.758384167800598e-06,0,0.0010276176035404205,0,0.0019313987577334046,0
0,4,1.8097014708700976e-05,0,0.02,0,0.0004578781663440168,0,9.165971018440984e-05,0,5.51618176934921e-06,0,0.0039311065338552,0,0.0035828722175210714,0
0,3,0.005740904555168102,0,0.02,0,1.0470811503182631e-05,0,1.6351617225023116e-05,0,4.427544224205792e-06,0,0.00019466827507130802,0,8.212504326365888e-05,0
0,3,0.01701429610144413,0,0.01,0,8.859035006025806e-05,0,5.0327916906447647e-05,0,2.0664388481024592e-05,0,8.488869207212701e-05,0,7.133094914024696e-05,0
0,1,4.574756420183477e-06,0,0.0,0,2.5905794245772995e-05,0,2.9073331353865313e-05,0,2.638718270182796e-07,0,3.8041627703933045e-05,0,3.999311229563318e-05,0
0,2,0.00037913921129078783,0,0.0,0,2.7328007490723394e-05,0,3.2716307987651336e-05,0,1.5779053609268714e-06,0,9.403802687302232e-05,0,0.00010284662857884541,0
0,3,2.159262569533975e-06,0,0.0,0,9.3516046035802e-06,0,1.9997675953643182e-05,0,1.1246765895120338e-06,0,3.3819087548181415e-05,0,3.999311229563318e-05,0
0,5,0.16126748368220004,0,0.0,0,1.3358493561099749e-05,0,2.1434640214348913e-05,0,1.19242776457203e-05,0,0.0006989025278016925,0,0.00010166499123442918,0
0,2,0.9824971128441592,1,0.06,0,0.00012504086771514267,0,0.0003910080726481418,0,0.010587711774223739,0,0.026125285774469376,0,0.011004975996911526,0
0,3,3.93595758418754e-05,0,0.0,0,0.0001757534482749179,0,0.00018022531156893613,0,5.544573675036691e-05,0,0.0031242133118212223,0,0.004447767976671457,0
0,2,2.811744993974079e-05,0,0.0,0,2.3330034309765324e-05,0,2.058219329513916e-05,0,1.2003316047990383e-07,0,3.448793358984403e-05,0,3.999311229563318e-05,0
0,2,1.0599468232241998e-06,0,0.0,0,2.6492145934753353e-06,0,2.1032472071218285e-05,0,4.161072503305122e-09,0,3.4975568269146606e-05,0,3.999311229563318e-05,0
0,2,6.563246018681313e-06,0,0.0,0,9.707949175208341e-06,0,2.100481515518226e-05,0,2.1860397323427715e-08,0,3.448793358984403e-05,0,3.999311229563318e-05,0
0,2,0.10463407063063432,0,0.02,0,0.0008293622522614896,0,7.12342177534681e-05,0,0.0022606377720095477,0,0.11308854073286057,0,0.04396200180053711,0
0,3,0.00010530261799504857,0,0.0,0,2.9564054784714244e-05,0,2.6405106742897746e-05,0,2.869486741280867e-05,0,0.00016948078700806946,0,0.0001056974651874043,0
0,2,0.010420482998489224,0,0.03,0,0.0002647573419380933,0,8.727481533988577e-05,0,0.002775723680606305,0,0.0034090850967913866,0,0.0006508086808025837,0
0,1,0.02584703110123334,0,0.02,0,0.0023216300178319216,0,0.003681430457125503,0,0.00949797785780521,0,0.023299608379602432,0,0.024626415222883224,0
0,2,0.0010018404381722365,0,0.02,0,7.755370461381972e-05,0,0.0006102553990430897,0,0.0042040905856212075,0,0.00021276484767440706,0,0.0003012965025845915,0
0,5,0.03001325646874945,0,0.0,0,3.5774268326349556e-05,0,0.00014223656653525045,0,0.00036290805425079884,0,0.007765400223433971,0,0.002059160964563489,0
0,1,0.09348993027832775,0,0.02,0,0.00041387122473679483,0,3.269602560595733e-05,0,0.0016895862028141354,0,0.014469731599092484,0,0.004724227357655764,0
0,2,0.0034895053426288675,0,0.01,0,1.3722175026487093e-05,0,4.27441077110303e-05,0,3.0282421732955663e-06,0,0.00019121433433610946,0,0.00031133563606999815,0
0,5,0.46131745703740684,0,0.06,0,0.002941390033811331,0,8.309195114064394e-05,0,0.0181541859345873,0,0.06387051939964294,0,0.017872292548418045,0
0,1,0.0006454866198689497,0,0.01,0,1.4609103345719632e-05,0,1.9553022157418916e-05,0,1.8995913630411618e-05,0,9.673454042058438e-05,0,0.00013730810314882547,0
0,5,0.10442487245928958,0,0.0,0,0.00030123977921903133,0,6.922514216303837e-05,0,4.208568368679676e-06,0,0.00991741381585598,0,0.012739437632262707,0
0,4,0.9989775204421031,1,0.07,0,0.00773202208802104,0,0.002030968627320457,0,0.008695952606548667,0,0.05661611631512642,0,0.10928421467542648,0
0,5,2.5835085273180535e-05,0,0.01,0,1.0194272363150958e-05,0,4.025403100489277e-05,0,8.468830077380474e-06,0,0.00010840204049600288,0,0.000203443065402098,0
0,5,0.004432490627518207,0,0.0,0,2.8816637495765463e-05,0,3.0116318704107384e-05,0,8.246240763403197e-05,0,0.0018681454239413142,0,0.0013708112528547645,0
0,5,0.010416979983398031,0,0.01,0,3.4036405850201845e-05,0,0.00023323936705374568,0,0.0012831037292237923,0,0.0007798071019351482,0,5.5451258958783e-05,0
0,1,1.7349376446798446e-07,0,0.0,0,2.1833084247191437e-06,0,3.5723386291098694e-05,0,2.1095382899937927e-07,0,4.03411868319381e-05,0,8.120794518617913e-05,0
0,1,0.43468945722023056,0,0.04,0,0.0038156246300786734,0,0.0027882464057198725,0,0.000385280857941187,0,0.011336289346218109,0,0.0019423841731622815,0
0,4,0.01953230673081814,0,0.0,0,4.668590463552391e-06,0,1.6620279362545666e-05,0,2.8388841398424045e-05,0,0.003878708928823471,0,0.009388734586536884,0
0,3,6.257275114115518e-06,0,0.04,0,0.0002271505509270355,0,6.62475638516672e-05,0,2.8586206946200123e-05,0,0.0005410247831605375,0,0.0010925093665719032,0
0,2,4.237764654780518e-05,0,0.01,0,1.503521252743667e-05,0,2.4366113211925085e-05,0,5.3189299406551125e-08,0,4.1561139369150624e-05,0,4.3814834498334676e-05,0
0,3,0.2849278226890952,0,0.01,0,0.0022103481460362673,0,0.0002412311102840565,0,0.0001414986609331882,0,0.00014385359827429056,0,9.990384569391608e-05,0
0,3,0.8800959277709314,0,0.03,0,0.0014137545367702842,0,0.00012421905523055926,0,5.569038099082916e-05,0,0.002166061196476221,0,0.0030795198399573565,0
0,2,0.000868136945115273,0,0.03,0,0.00021033003577031195,0,0.0012726384238016181,0,0.004636496732594757,0,0.003248940221965313,0,0.0008695990545675159,0
0,2,3.832615150668101e-05,0,0.0,0,4.038240876980126e-05,0,3.394264613182223e-05,0,8.64591360256784e-06,0,0.00033332270686514676,0,8.32564546726644e-05,0
0,4,0.00033730861622001385,0,0.0,0,2.41644520428963e-05,0,2.2301402126195168e-05,0,0.00010134382029962537,0,0.0024034795351326466,0,0.0005917085218243301,0
0,5,2.8858027583886305e-07,0,0.0,0,1.2001370123471133e-05,0,5.7285495018977236e-05,0,7.135928099373599e-07,0,4.729787906398997e-05,0,0.00014561654825229198,0
0,3,0.0001441281238689508,0,0.0,0,1.9846271243295632e-05,0,2.2937766437330266e-05,0,2.8766794243077246e-07,0,0.00020559265976771712,0,5.249317837296985e-05,0
0,5,0.17213508057996824,0,0.04,0,0.002585252048447728,0,0.0026601511129388787,0,0.0002565125413889478,0,0.001170257804915309,0,0.0005718273459933698,0
0,3,8.446213613926711e-06,0,0.0,0,1.2152185263403226e-05,0,1.8972851953056626e-05,0,7.472394930274454e-07,0,4.7009500121930614e-05,0,6.3418920035474e-05,0
0,5,0.0005703048056377124,0,0.02,0,4.366498251329176e-05,0,2.7711138828149893e-05,0,9.588140354179335e-07,0,5.963196235825308e-05,0,0.00011098761751782149,0
0,5,5.001391991336601e-05,0,0.04,0,0.004963267594575882,0,0.0012380993712232384,0,0.003983180415403746,0,0.012418130412697792,0,0.0065774922259151936,0
0,4,0.0002615602473224611,0,0.01,0,8.067053568083793e-05,0,3.253671342802582e-05,0,1.76912502195915e-05,0,0.0004142042016610503,0,0.0009050539811141789,0
0,1,0.41323264254960984,0,0.0,0,5.370825601858087e-05,0,0.00022016176239529527,0,0.0003471615301678487,0,0.010566717945039272,0,0.006011746358126402,0
0,5,0.5483830036938617,0,0.03,0,0.0028614411130547523,0,0.006160103806513625,0,0.0017699343449055628,0,0.007569260895252228,0,0.007962855510413647,0
0,1,0.003438867508047973,0,0.01,0,0.00012039496505167335,0,0.0003027362682885194,0,1.2344157798809842e-05,0,0.0018995661521330476,0,0.000245890230871737,0
0,2,8.641539364682913e-05,0,0.0,0,1.34581932798028e-05,0,7.121519156612355e-05,0,2.0740363198933478e-07,0,3.890617881552316e-05,0,3.999311229563318e-05,0
0,2,0.0018996090303245396,0,0.01,0,0.00018634281877893955,0,4.700010922028722e-05,0,7.65784878424022e-07,0,7.705493044340983e-05,0,5.816174962092191e-05,0
0,2,2.3994163814916356e-06,0,0.0,0,0.0001343362091574818,0,0.00011840038006626967,0,9.962021341845094e-07,0,5.183735993341543e-05,0,4.0790258935885504e-05,0
0,1,0.0019235419028392398,0,0.1,0,0.003403721610084176,0,0.003390743883839443,0,0.26036293508716846,1,0.03152504190802574,0,0.02081845887005329,0
0,3,0.0003550690436866074,0,0.0,0,0.0006749468739144504,0,2.0242478297241274e-05,0,3.1147756048998836e-05,0,0.00015351129695773125,0,0.00016594614135101438,0
0,4,0.002259692531765756,0,0.01,0,7.698055014770944e-06,0,2.0205243704770144e-05,0,8.555988001774859e-06,0,0.0006453028763644397,0,0.0006797948153689504,0
0,4,0.0009957933538732916,0,0.0,0,4.067203917657025e-05,0,4.699214229071216e-05,0,0.0003165662628871016,0,0.0004989391891285777,0,0.00042066455353051424,0
0,2,0.00018828096600878683,0,0.0,0,3.612639193306677e-05,0,1.618139805932435e-05,0,4.500524821891377e-06,0,3.448793358984403e-05,0,3.999311229563318e-05,0
0,3,3.083430940059235e-07,0,0.02,0,3.552608541212976e-05,0,9.082518878152119e-05,0,2.120895722950267e-05,0,7.073244341881946e-05,0,0.0001297242270084098,0
0,1,1.0560421276868926e-06,0,0.0,0,1.0845584256458096e-05,0,4.0548433062717494e-05,0,6.983035232735512e-08,0,7.696813554503024e-05,0,5.5316719226539135e-05,0
0,4,1.3463280072516518e-07,0,0.0,0,3.151864802930504e-05,0,0.0005500312062906629,0,5.8312481957863606e-05,0,0.0015014008386060596,0,0.0003921383759006858,0
0,5,0.006270481836241998,0,0.0,0,6.521409522974864e-05,0,8.218473720998136e-05,0,0.00012883920344512734,0,0.00011146442557219416,0,0.00010740896686911583,0
0,4,0.0650285728161972,0,0.06,0,0.0005522770225070417,0,0.00033451617008645255,0,0.0022316269404630672,0,0.0031807846389710903,0,0.0034652710892260075,0
0,4,0.0013111466241046079,0,0.0,0,1.7838008716353215e-05,0,2.0362827769938127e-05,0,2.7080797196860562e-05,0,0.000562883447855711,0,0.0007677489775232971,0
0,2,0.004856465421385358,0,0.02,0,0.0012524822959676385,0,0.0001084746619767774,0,3.0887047507053065e-05,0,0.0006064452463760972,0,9.558476449456066e-05,0
0,2,2.079366476167112e-07,0,0.0,0,1.3801261957269162e-05,0,2.1183984775514793e-05,0,2.310370800644595e-08,0,0.0001155418940470554,0,4.3449810618767515e-05,0
0,2,0.0005955441226012176,0,0.0,0,2.177874557673931e-05,0,2.4542635310606874e-05,0,9.174225665640825e-08,0,9.809934999793768e-05,0,5.550991772906855e-05,0
0,2,3.131298910770523e-05,0,0.03,0,0.0005564197199419141,0,0.000540694691681218,0,0.0029855032892835707,0,0.00045278226025402546,0,0.0007056047907099128,0
0,3,1.7840431076974533e-05,0,0.0,0,5.3379222663352266e-05,0,3.249531897378273e-05,0,5.3961360676242255e-06,0,0.00011555801029317081,0,5.316359965945594e-05,0
0,5,1.5493926413044554e-06,0,0.01,0,2.569630669313483e-05,0,3.4700682579942367e-05,0,1.4608256577882552e-07,0,4.3930533138336614e-05,0,8.50970100145787e-05,0
0,5,5.545273778972116e-07,0,0.0,0,1.9888655515387654e-05,0,3.453361424695814e-05,0,6.260623363380894e-08,0,3.413408558117226e-05,0,3.999311229563318e-05,0
0,1,0.0002838050257298242,0,0.06,0,0.00033281423384323716,0,0.00022078278192605522,0,0.0058826183489599695,0,0.0006227568956092,0,0.0002363552339375019,0
0,4,0.024689176269583793,0,0.0,0,3.79672710550949e-05,0,1.60467191083512e-05,0,0.0007805737161866504,0,0.0008798943599686027,0,0.0007104174001142383,0
0,2,0.004881415274426769,0,0.01,0,8.168951171683148e-05,0,1.637754272600297e-05,0,1.0927568624780148e-05,0,0.00023460923694074154,0,0.00013013627904001623,0
0,2,0.0047995457711831205,0,0.0,0,0.00011446853022789583,0,2.085699734742574e-05,0,8.171752019944761e-07,0,0.0002398498181719333,0,7.1837603172753e-05,0
0,5,7.851004271031703e-06,0,0.02,0,3.863048186758533e-05,0,0.00017891124203925699,0,1.449385494415117e-05,0,0.0002403953403700143,0,0.0003896337584592402,0
0,2,0.005247283442396025,0,0.0,0,0.0008269227691926062,0,0.00024992730384153006,0,0.003579081255753341,0,0.02467118576169014,0,0.036535896360874176,0
0,5,1.7479280100084027e-07,0,0.0,0,1.6800850062281825e-05,0,1.950450994929942e-05,0,1.2510900807603676e-07,0,0.00026134270592592657,0,0.0021285726688802242,0
0,5,1.9633674290143284e-06,0,0.01,0,1.1228242328797933e-05,0,1.5539639280012856e-05,0,3.0760755908130367e-06,0,0.0020928450394421816,0,0.0024197883903980255,0
0,1,2.754318539917245e-10,0,0.0,0,1.0330199074815027e-05,0,2.425312704588194e-05,0,6.623095434621984e-05,0,0.000430608750320971,0,0.00047061286750249565,0
0,2,0.004714651293328709,0,0.0,0,1.502553732279921e-05,0,2.2454931358074558e-05,0,7.591965921063086e-07,0,0.0003168043040204793,0,0.00013084692182019353,0
0,2,0.0007854007640354457,0,0.01,0,0.001006578910164535,0,0.0016507364859376667,0,0.005462600153446124,0,0.027237853035330772,0,0.00387786328792572,0
0,2,2.9046137446749748e-05,0,0.0,0,3.6073356568522286e-06,0,2.21994417829397e-05,0,4.2213287636353456e-07,0,6.626210233662277e-05,0,4.356905265012756e-05,0
0,2,4.329008434692654e-06,0,0.0,0,0.0002984249731525779,0,4.037113353592829e-05,0,6.237782767529394e-06,0,5.8781526604434475e-05,0,4.222062125336379e-05,0
0,4,0.0010404039229418506,0,0.01,0,9.689100261311978e-05,0,0.00014266570062196186,0,5.490255617359599e-06,0,0.0008736135205253959,0,0.0018816583324223757,0
0,1,0.8909030433013926,0,0.09,0,0.023044150322675705,0,0.01215084705573329,0,0.31586325889480166,1,0.09751977026462555,0,0.03496338054537773,0
0,1,0.06254341678505572,0,0.0,0,0.0002971935900859535,0,0.0007319155722342344,0,0.0003451536605839106,0,0.021523667499423027,0,0.022005368024110794,0
0,5,9.87264753876379e-06,0,0.03,0,3.152817953377962e-05,0,2.753841333659005e-05,0,1.1452764483695364e-05,0,0.0009255253244191408,0,0.0005845302366651595,0
0,3,0.004993992515774007,0,0.01,0,0.0002486019511707127,0,0.00033235694121977233,0,1.8496652965925965e-05,0,0.0002159993164241314,0,4.959572106599808e-05,0
0,1,0.0009835957746738803,0,0.0,0,0.00014326874224934727,0,5.606430153214718e-05,0,0.003402071230115438,0,0.006087310146540403,0,0.008978503756225109,0
0,1,6.446298376152876e-05,0,0.02,0,0.00037399414577521384,0,0.0008273978714801954,0,0.0016902387306286849,0,0.0013393304543569684,0,0.006548498757183552,0
0,4,0.001118738988098647,0,0.02,0,7.987291610334069e-06,0,1.8467523131941138e-05,0,1.1429402821977474e-05,0,0.0005940914852544665,0,0.00034458088339306414,0
0,2,6.407706230085914e-05,0,0.0,0,1.7794462110032327e-05,0,2.442734047381778e-05,0,5.333409090703275e-05,0,0.003837382420897484,0,0.010242126882076263,0
0,5,0.5790108802140094,0,0.1,0,0.0034761372953653336,0,0.0009974715463324682,0,0.39775445940615994,1,0.23910947144031525,0,0.18935036659240723,0
0,5,0.0005913472475856063,0,0.02,0,0.0003737913502845913,0,8.736961092441625e-05,0,1.9014684750959952e-05,0,0.0012598189059644938,0,0.000299980107229203,0
0,3,0.00014432809803374214,0,0.0,0,6.608029252674896e-06,0,1.6891489884523858e-05,0,3.347722547955631e-06,0,0.00043003197060897946,0,0.0007390860700979829,0
0,5,6.98992077686288e-07,0,0.0,0,8.448647349723615e-06,0,2.8945564894330553e-05,0,3.845047355442633e-08,0,5.339914787327871e-05,0,4.417250966071151e-05,0
0,4,0.00040564402999965536,0,0.0,0,3.8698804019077215e-06,0,1.7873160164433148e-05,0,2.7468084804765174e-06,0,8.008404984138906e-05,0,3.999311229563318e-05,0
0,3,6.07368483531343e-08,0,0.0,0,3.295305941719562e-05,0,2.2933995389009877e-05,0,1.5446016977834933e-06,0,3.493933763820678e-05,0,3.999311229563318e-05,0
0,1,2.750292655211798e-08,0,0.0,0,3.162960638292134e-05,0,2.0834229624144664e-05,0,1.2629174550301404e-07,0,3.0418628739425912e-05,0,4.030601485283114e-05,0
0,2,0.01443167521631793,0,0.04,0,0.00013430547551251948,0,5.090397740091304e-05,0,0.002474220614432321,0,0.0017595604294911027,0,0.004068723414093256,0
0,3,6.961953721698563e-07,0,0.08,0,0.0004887957475148141,0,0.0038926254970061487,0,0.0020771842729873,0,3.185807872796431e-05,0,3.999311229563318e-05,0
0,2,0.12899209359602656,0,0.03,0,0.0003188641567248851,0,0.000544084538700801,0,0.00023696079501397973,0,0.08599382638931274,0,0.10473322123289108,0
0,3,0.0001907455112031525,0,0.01,0,0.00015822515706531703,0,5.149992636698795e-05,0,0.000171427198648659,0,0.0002774032764136791,0,0.0002731549902819097,0
0,4,0.01608162899783004,0,0.03,0,0.01254893746227026,0,0.0009247794184399075,0,0.0032914485793359574,0,0.008665172383189201,0,0.004831007681787014,0
0,1,0.03225523427919233,0,0.0,0,3.040673618670553e-05,0,2.4191937002372908e-05,0,0.0006198543309506243,0,0.0005741695640608668,0,0.0010089976713061333,0
0,2,1.4383575188610394e-05,0,0.0,0,1.2171160051366314e-05,0,2.0798369942150796e-05,0,3.3692963896151184e-08,0,3.677978384075686e-05,0,3.999311229563318e-05,0
0,3,0.0033582267869427043,0,0.05,0,9.548231901135296e-06,0,2.6687371182264894e-05,0,0.00014089014639042936,0,0.02459813468158245,0,0.08937594294548035,0
0,3,0.009381488118708658,0,0.04,0,1.0666987691365648e-05,0,6.65667987235319e-05,0,0.00044869060535020726,0,0.014665378257632256,0,0.07225095480680466,0
0,4,4.4041941327914644e-07,0,0.0,0,3.6176124922349118e-06,0,2.845046076906939e-05,0,6.208909185912515e-07,0,0.000493414350785315,0,8.784489909885451e-05,0
0,2,0.018052457782611254,0,0.01,0,4.16297152696643e-05,0,2.1888369382833045e-05,0,4.953736882570991e-06,0,0.00037939558387733996,0,0.001555133261717856,0
0,2,0.004938691534247737,0,0.01,0,0.0002471039770171046,0,4.09023705072315e-05,0,9.821455268107391e-06,0,0.000600794970523566,0,0.00013687298633158207,0
0,1,0.0876104669776712,0,0.0,0,0.00034860509913414717,0,0.00010989071448752774,0,6.277700366964896e-06,0,0.0004888349794782698,0,0.00010653474600985646,0
0,5,7.5672581985872e-09,0,0.03,0,2.955165291496087e-05,0,1.807441401911617e-05,0,2.6025510410161823e-07,0,0.00028116017347201705,0,0.000220195681322366,0
0,5,0.11480968389874947,0,0.04,0,0.00015063748287502676,0,3.736283211449696e-05,0,3.887136678933081e-05,0,0.0038844458758831024,0,0.0019447728991508484,0
0,4,0.002917964407930582,0,0.01,0,0.00021748011931777,0,7.96571326331616e-05,0,5.601348217939886e-05,0,0.0007573372568003833,0,0.0011177852284163237,0
0,3,0.0015965247979407246,0,0.0,0,4.788194019056391e-06,0,2.0128662121507234e-05,0,3.88690261654309e-07,0,3.2914973417064175e-05,0,3.999311229563318e-05,0
0,4,2.6814366835378812e-06,0,0.0,0,1.065038850356359e-05,0,2.337129489400489e-05,0,2.522949028104954e-06,0,0.00029022450326010585,0,0.000448606995632872,0
0,3,2.130643975879044e-05,0,0.0,0,0.00020584501908160746,0,6.95744313023285e-05,0,0.00016811639634313323,0,0.0022039019968360662,0,0.00045130844227969646,0
0,1,0.01192566709415605,0,0.03,0,1.8330703824176453e-05,0,1.711242067142955e-05,0,0.00010240112045206145,0,0.03275614231824875,0,0.02523914910852909,0
0,3,3.808226671926905e-05,0,0.0,0,8.021343091968447e-05,0,6.0748075457864636e-05,0,0.0003317502922426236,0,0.0033891634084284306,0,0.0059224022552371025,0
0,5,0.0006371361858785341,0,0.01,0,0.001159265055321157,0,0.0001519608548211067,0,0.000985466015829514,0,0.00022035354049876332,0,0.0017005351837724447,0
0,3,1.1812472015769118e-06,0,0.0,0,4.1436749597778544e-05,0,4.5828411418927134e-05,0,2.2575006234796686e-05,0,8.213601540774107e-05,0,4.014212026959285e-05,0
0,2,2.8948070039097107e-06,0,0.0,0,7.571592504973523e-06,0,2.089172926938477e-05,0,3.3968861546381846e-07,0,7.183889829320833e-05,0,4.350196832092479e-05,0
0,3,0.00047018628719625906,0,0.0,0,4.751991218654439e-05,0,1.6956018864822432e-05,0,3.041222661909008e-05,0,5.4100106353871524e-05,0,9.351392509415746e-05,0
0,2,0.00021606737300703215,0,0.0,0,7.0408591454906855e-06,0,2.921466463176172e-05,0,4.254529923650614e-08,0,3.448793358984403e-05,0,3.999311229563318e-05,0
0,1,1.1002456118704437e-05,0,0.02,0,0.0007075570174492896,0,0.00041244063520917283,0,0.002461763539312501,0,0.0002350849099457264,0,0.0001519037177786231,0
0,5,0.0031995436247742814,0,0.0,0,1.6952086298260838e-05,0,7.84689840563796e-05,0,1.2327214963831363e-05,0,0.0012118887389078736,0,0.009723115712404251,0
0,4,0.007244565275050659,0,0.02,0,0.01584557630121708,0,0.000750448770000283,0,2.854002481276119e-05,0,0.008990365080535412,0,0.00023683704785071313,0
0,1,7.602119576025921e-08,0,0.0,0,1.0136698165297275e-06,0,2.0839714469530442e-05,0,2.970650401860126e-08,0,2.872163531719707e-05,0,5.101068381918594e-05,0
0,1,1.7406833201506195e-05,0,0.0,0,1.1888811059179716e-05,0,2.773614947509764e-05,0,7.725769519877552e-07,0,2.968899207189679e-05,0,3.999311229563318e-05,0
0,4,0.00011493607762172212,0,0.0,0,0.00011022244143532589,0,3.47716481775324e-05,0,5.2664994172674925e-05,0,0.0007477561011910439,0,0.0016842986224219203,0
0,2,0.03198173433766994,0,0.0,0,4.864390120928874e-06,0,2.8098700616887867e-05,0,3.7128844613036316e-06,0,0.004772778134793043,0,0.01921398751437664,0
0,2,0.7799424303793216,0,0.02,0,0.0008245213539339602,0,0.00018247572401724094,0,7.216488622989143e-05,0,0.011342104524374008,0,0.01807662844657898,0
0,4,0.21407257340287714,0,0.0,0,4.0974602597998455e-05,0,2.792869625607504e-05,0,0.0023452587202995186,0,0.0111611969769001,0,0.004279169719666243,0
0,2,0.9997734079972214,1,0.02,0,0.0001361658505629748,0,0.0008411101924265419,0,0.00014566373042162678,0,0.02934172935783863,0,0.0433209165930748,0
0,1,0.1796362882654011,0,0.02,0,1.0969294635287952e-05,0,0.00011015495623101424,0,0.0004806420138364074,0,0.007963462732732296,0,0.0029906369745731354,0
0,2,7.499351500702474e-06,0,0.0,0,3.380682392162271e-05,0,2.483821393269343e-05,0,8.250153118928708e-07,0,3.8575824873987585e-05,0,4.032091237604618e-05,0
0,2,0.004181106781520631,0,0.03,0,0.006444645579904318,0,0.0010387792085448425,0,0.004454252255696656,0,0.007775002159178257,0,0.004972243215888739,0
0,4,0.41772654871006126,0,0.0,0,0.00031804380705580115,0,0.00010640459995406406,0,0.011367039469272656,0,0.02138114720582962,0,0.015533462166786194,0
0,2,0.0004424181301704934,0,0.01,0,8.800302566669416e-06,0,2.7555438836867188e-05,0,1.880806003405503e-06,0,0.00022164141410030425,0,5.677656008629128e-05,0
0,5,3.602705941158585e-05,0,0.0,0,3.693450344144367e-05,0,2.3882184695117106e-05,0,6.422652356818059e-07,0,3.571089473553002e-05,0,4.063380401930772e-05,0
0,2,8.873938616777825e-06,0,0.01,0,7.952097075758502e-05,0,2.0955281921220674e-05,0,2.0578734834641773e-06,0,5.332077853381634e-05,0,3.999311229563318e-05,0
0,3,0.000843388481369222,0,0.0,0,0.0001881241478258744,0,1.7669230495954144e-05,0,5.441725057528459e-07,0,0.039019834250211716,0,0.015798477455973625,0
0,5,5.627584291549165e-06,0,0.02,0,0.0003505906497593969,0,2.4250651380553408e-05,0,8.128678373328313e-06,0,0.000651115202344954,0,0.0008225936908274889,0
0,4,0.003677142995827826,0,0.0,0,8.534966764273122e-05,0,5.103363062888971e-05,0,0.0007109528740162129,0,0.002341861603781581,0,0.002070012502372265,0
0,3,0.04409432623340263,0,0.01,0,0.0005422348622232676,0,0.0011383814943451648,0,6.282200885515485e-05,0,9.036801202455536e-05,0,8.620685548521578e-05,0
0,2,0.10285229120046185,0,0.09,0,0.006821738090366125,0,0.003387022860652399,0,0.013747636918112085,0,0.017790857702493668,0,0.036971550434827805,0
0,3,0.04774075256927556,0,0.05,0,0.00016549900465179235,0,0.0006026810027933054,0,0.010231101435515935,0,0.005214884877204895,0,0.01427902840077877,0
0,5,6.41473225296225e-09,0,0.0,0,5.676563887391239e-06,0,2.321098562339842e-05,0,1.6442923254174045e-07,0,3.1858937290962785e-05,0,4.049225753988139e-05,0
0,1,6.806682206128799e-07,0,0.0,0,2.727894752752036e-05,0,2.496818868107136e-05,0,1.3808360733783403e-06,0,4.893922960036434e-05,0,6.619203486479819e-05,0
0,5,8.40316366296654e-08,0,0.0,0,5.157670602784492e-05,0,1.967819729483457e-05,0,1.2398930622159424e-06,0,0.0001588327286299318,0,5.230753231444396e-05,0
0,2,0.0024916462350984903,0,0.0,0,5.703515125787817e-05,0,1.68225725706012e-05,0,3.146933823669436e-06,0,0.0034983197692781687,0,0.007754086516797543,0
0,5,0.00025658413575647347,0,0.01,0,2.165595105907414e-05,0,5.165572948644622e-05,0,7.494345870012057e-05,0,0.0009657714981585741,0,0.0013305435422807932,0
0,2,0.3271554446042033,0,0.01,0,0.00018674106104299426,0,7.887663516595627e-05,0,1.8075222323651204e-05,0,0.00019555135804694146,0,6.0069167375331745e-05,0
0,2,3.232452895303773e-05,0,0.01,0,4.493604865274392e-05,0,3.955839650462813e-05,0,0.0001336160957438289,0,0.0002585227193776518,0,4.9334936193190515e-05,0
0,2,0.0008644025147856398,0,0.0,0,2.268649586767424e-05,0,2.3833476739393256e-05,0,2.716537973889599e-07,0,5.260629768599756e-05,0,4.1371349652763456e-05,0
0,5,0.00018514628690099598,0,0.0,0,0.00012731649621855468,0,3.38830241222515e-05,0,2.0764246100963744e-07,0,3.8049707654863596e-05,0,4.215359513182193e-05,0
0,5,0.000375449361724649,0,0.0,0,2.5931103664333932e-05,0,1.9206610664412865e-05,0,0.00017897658209728738,0,0.0006289912271313369,0,0.0002658424782566726,0
0,1,0.0008685620106031833,0,0.0,0,3.427211777307093e-05,0,2.7551363981929477e-05,0,1.276893770344647e-06,0,5.0049802666762844e-05,0,4.507385165197775e-05,0
0,1,0.0006171339056493864,0,0.05,0,0.002671849448233843,0,0.0027532247173878473,0,0.009574511043220714,0,0.0032299801241606474,0,0.0023723174817860126,0
0,5,0.6197584986870486,0,0.01,0,0.0018895278917625546,0,0.0004767111606914813,0,0.07029678863914099,0,0.09041216969490051,0,0.03945509344339371,0
0,3,0.06635818311606034,0,0.0,0,0.0013488746481016278,0,7.843121401449582e-05,0,0.01452478892210243,0,0.0014680700842291117,0,0.003374094609171152,0
0,1,0.00626176959380046,0,0.04,0,0.0002946749154943973,0,4.639466764789254e-05,0,0.0004125268484190101,0,0.06277161836624146,0,0.045015010982751846,0
0,5,2.0146477353876328e-09,0,0.0,0,3.0337827411131002e-05,0,7.426230452847008e-05,0,4.773347520926378e-07,0,0.00027529048384167254,0,0.0011645510094240308,0
0,5,0.00012208185963296717,0,0.02,0,1.4531860870192759e-05,0,6.521720991728277e-05,0,0.00037010161411720887,0,0.00119745300617069,0,0.0002621816238388419,0
0,4,0.0012226543480780758,0,0.01,0,4.1238028643419966e-05,0,4.681960519433501e-05,0,2.3817888447381934e-06,0,0.0001100393055821769,0,4.018681283923797e-05,0
0,5,0.002286600721097235,0,0.0,0,3.290679887868464e-05,0,6.438313063749553e-05,0,2.1308134812814202e-07,0,0.00017204911273438483,0,3.999311229563318e-05,0
0,1,9.95909925235775e-08,0,0.0,0,1.1900404388143215e-05,0,2.5081787940301516e-05,0,2.504435482043744e-06,0,2.6657426133169793e-05,0,3.999311229563318e-05,0
0,5,0.0001519720468954439,0,0.0,0,1.6253074136329815e-05,0,3.24938954294112e-05,0,3.766695549530946e-05,0,5.904702629777603e-05,0,0.00014460292004514486,0
0,5,0.00020305206467211058,0,0.0,0,5.283900463837199e-06,0,1.9170826991315934e-05,0,0.00028077185149729094,0,9.963267075363547e-05,0,0.0001899676863104105,0
0,4,5.6789502042400214e-05,0,0.01,0,4.6868494791851845e-06,0,2.5699680371766907e-05,0,1.527915779795603e-05,0,0.0011332035064697266,0,0.00023850648722145706,0
0,4,1.5378190364946755e-05,0,0.0,0,6.843240043963306e-06,0,3.675416365573492e-05,0,3.997774156052862e-05,0,8.139230340020731e-05,0,9.260495426133275e-05,0
0,5,2.670559963148105e-05,0,0.01,0,0.003685167757794261,0,0.0001346042274787515,0,0.007589568890869466,0,0.015473868697881699,0,0.12759891152381897,0
0,1,0.11096665096383894,0,0.02,0,0.013862702064216137,0,0.0018228032491554654,0,0.006178875143349496,0,0.1612876057624817,0,0.24633292853832245,0
0,5,0.005269179152102075,0,0.03,0,0.01934060826897621,0,0.030905958778653733,0,0.008945586549994927,0,0.07847309857606888,0,0.003035427536815405,0
0,4,0.14776116222039218,0,0.03,0,0.00031583229429088533,0,0.00036251358739162727,0,0.05841488388792327,0,0.021010803058743477,0,0.04506189376115799,0
0,5,7.196788622016911e-08,0,0.0,0,1.565078832754807e-06,0,1.9801464962960846e-05,0,3.929791686489916e-08,0,3.41783779731486e-05,0,3.999311229563318e-05,0
0,5,3.235426378465257e-05,0,0.0,0,1.217744193127146e-05,0,8.537705752023468e-05,0,2.5163079985946027e-07,0,4.369957241578959e-05,0,6.643153028562665e-05,0
0,2,0.0011376915395525777,0,0.0,0,0.0006540667382068932,0,7.350007056094878e-05,0,0.0010625281673471776,0,0.006033462472259998,0,0.012574505992233753,0
0,4,0.013790527845741897,0,0.07,0,0.0009122242336161435,0,0.00021056307009025848,0,0.01391836157614632,0,0.04316822439432144,0,0.03755449876189232,0
0,2,1.7803936341138458e-11,0,0.07,0,0.0007659015245735645,0,0.0010246316143197947,0,0.004953987552747608,0,0.08228124678134918,0,0.07198513299226761,0
0,5,6.797129483186761e-05,0,0.03,0,4.109344445168972e-05,0,2.137231067509514e-05,0,1.6523792662026695e-05,0,0.0007353287073783576,0,0.001753522315993905,0
0,3,0.0031074788893427872,0,0.04,0,0.004203694872558117,0,0.0004020759137041404,0,0.010450512958126212,0,0.012682007625699043,0,0.008895614184439182,0
0,2,0.15836758998913847,0,0.01,0,0.004807908553630114,0,0.0005726135298101757,0,0.0016371448949717429,0,0.013179036788642406,0,0.010724872350692749,0
0,3,0.0034271857006103554,0,0.02,0,0.00039501316496171057,0,0.000204481124076815,0,6.088561584996729e-05,0,0.0003349879407323897,0,0.00012709759175777435,0
0,3,0.00038941521093562704,0,0.01,0,8.406992128584534e-05,0,3.074141302266516e-05,0,0.0008838265187755023,0,0.00024392172053921968,0,0.0007733813254162669,0
0,1,0.7454920679818442,0,0.18,1,0.08916274458169937,0,0.029092936566347878,0,0.0731006575471631,0,0.049980245530605316,0,0.027484068647027016,0
0,5,0.0004528636098564521,0,0.0,0,0.00017732295964378864,0,3.855347991959399e-05,0,2.530494266288158e-07,0,0.006205438636243343,0,0.0070015438832342625,0
0,4,0.024263582735707463,0,0.01,0,0.00010518715134821832,0,4.040944472147891e-05,0,1.986875366964906e-06,0,0.0001887553371489048,0,5.1577400881797075e-05,0
0,4,0.00040625038547261263,0,0.05,0,6.557960296049714e-05,0,0.001246675599876037,0,0.0004870167536859114,0,0.0015902764862403274,0,0.0018016975373029709,0
0,5,0.0004996996426293084,0,0.02,0,0.0030662505887448788,0,0.0003709388218401685,0,0.0036182860160975812,0,0.009849024936556816,0,0.010613740421831608,0
0,1,0.06833367887228506,0,0.08,0,0.0013965028338134289,0,0.006434053498133598,0,0.01041279716385223,0,0.003092596773058176,0,0.0032623964361846447,0
0,1,0.00017369710811918144,0,0.01,0,2.404597216809634e-05,0,2.4362588389927487e-05,0,0.0003029371690398068,0,0.003178504528477788,0,0.0034774013329297304,0
0,3,0.03775570126346697,0,0.02,0,4.962274033459835e-05,0,6.421288759547166e-05,0,1.7280551632686518e-05,0,8.455835632048547e-05,0,0.0001905604440253228,0
0,1,0.0028225534317520024,0,0.01,0,0.00011928286403417587,0,8.544969571568557e-05,0,7.00323219995721e-06,0,0.0005559161072596908,0,0.0002957757387775928,0
0,4,0.005298705136965384,0,0.07,0,0.009894629940390587,0,0.020735297987345313,0,0.13307045530807263,0,0.02279309742152691,0,0.06178447604179382,0
0,5,0.7436572068423111,0,0.03,0,0.004864292684942484,0,0.00019635064087152095,0,0.0009597236878775008,0,0.014124979265034199,0,0.021748140454292297,0
0,1,0.05910395937096381,0,0.08,0,0.16537794470787048,1,0.004477406319785781,0,0.0032506433746275973,0,0.006269021891057491,0,0.0024100476875901222,0
0,4,3.242156867000094e-05,0,0.0,0,3.2608477340545505e-06,0,1.637566384201772e-05,0,2.2260983629928958e-07,0,0.0003839829587377608,0,6.0404519899748266e-05,0
0,5,0.007910078430354848,0,0.03,0,0.0007866026135161519,0,0.00021658062854807285,0,0.002432098902179581,0,0.004878997802734375,0,0.004622865933924913,0
0,1,0.005786416514494001,0,0.01,0,0.0003417432017158717,0,9.298626219949013e-05,0,0.0003162079210744379,0,0.005426308140158653,0,0.01565614342689514,0
0,3,2.7527377046022103e-06,0,0.02,0,0.000232743623200804,0,7.824442439237341e-05,0,0.00013089297950053468,0,9.690160368336365e-05,0,7.5627162004821e-05,0
0,5,0.0015830301339325443,0,0.0,0,0.00012681065709330142,0,9.138241907163182e-05,0,2.4219574664469073e-05,0,0.0007049443083815277,0,0.003458137158304453,0
0,1,0.30740537906590415,0,0.0,0,1.3978893548483029e-05,0,5.9449253348985575e-05,0,0.0014163175078922255,0,0.0008942464482970536,0,0.0010794955305755138,0
0,4,0.0011134906244669846,0,0.01,0,0.002644421998411417,0,9.532465575947707e-05,0,0.0024755565845080616,0,0.025229860097169876,0,0.08470592647790909,0
0,3,0.9401415534771904,0,0.05,0,0.00010770906374091282,0,0.0002396479111563881,0,0.003766344303845526,0,0.008916102349758148,0,0.00831516645848751,0
0,4,0.6423241472240009,0,0.03,0,0.001641019363887608,0,0.00039204953214325676,0,0.02299625455274964,0,0.01611088030040264,0,0.02456793189048767,0
0,5,3.747455112143315e-10,0,0.0,0,1.2084312402294017e-05,0,2.3417635067215717e-05,0,2.0411294403272825e-07,0,9.85757214948535e-05,0,0.00010746211773948744,0
0,2,0.0004385409503673319,0,0.0,0,0.00012794180656783283,0,3.352088172529208e-05,0,4.981598242391537e-06,0,0.00015137367881834507,0,5.530094858841039e-05,0
0,3,4.638910006916758e-06,0,0.0,0,2.635731470945757e-05,0,0.000982738242498226,0,1.2099565230295147e-05,0,6.243131792871282e-05,0,5.436360515886918e-05,0
0,4,0.0016667710690172377,0,0.0,0,0.00036910601193085313,0,4.5635712977390315e-05,0,1.4336755444101178e-05,0,0.0003840901190415025,0,8.902238914743066e-05,0
0,3,0.0016643613519422534,0,0.04,0,0.0002315371239092201,0,3.510637043341718e-05,0,2.1862119074516864e-05,0,9.954916458809748e-05,0,4.3628650018945336e-05,0
0,4,0.30765063476182225,0,0.04,0,0.012226109392940998,0,0.0011491131515498376,0,0.06158788266751215,0,0.053175266832113266,0,0.08569374680519104,0
0,2,0.0001284051114646085,0,0.01,0,0.00022855527640786022,0,1.704778239664369e-05,0,2.582883472444251e-07,0,0.00016624944692011923,0,4.0879658627090976e-05,0
0,2,0.0023807517687728054,0,0.01,0,0.0013909650733694434,0,0.0008567058924649524,0,0.0006661886390956078,0,0.0016339014982804656,0,0.0002909515460487455,0
0,5,0.00023368207087381596,0,0.0,0,8.904525748221204e-05,0,3.2836729035601936e-05,0,8.713780783593368e-06,0,0.00020372896688058972,0,0.0019352681702002883,0
0,5,0.00034774460834254033,0,0.03,0,4.366197117633419e-06,0,3.525459404420613e-05,0,0.0006123406616807055,0,0.0022112857550382614,0,0.0008362570079043508,0
0,3,0.002348305265109553,0,0.03,0,1.9383323888177983e-05,0,5.4592353600971076e-05,0,0.0001861798591114598,0,0.0001403683127136901,0,0.00042327315895818174,0
0,5,0.0006748563699917531,0,0.03,0,0.00018353993073105812,0,0.00019934970444236667,0,0.00800052859459497,0,0.001082684495486319,0,0.0055504655465483665,0
0,2,6.863036316220692e-06,0,0.0,0,0.00020860425138380378,0,2.919228864565602e-05,0,3.1525350644057347e-06,0,7.012556307017803e-05,0,3.999311229563318e-05,0
0,3,1.255758472096728e-06,0,0.0,0,5.420101297204383e-05,0,2.7350853351077028e-05,0,2.9945379484700528e-06,0,8.23695954750292e-05,0,5.460951797431335e-05,0
0,3,1.4841423204209448e-07,0,0.0,0,7.589608230773592e-06,0,2.012314484527368e-05,0,7.351958252856425e-08,0,3.878979623550549e-05,0,3.999311229563318e-05,0
0,2,0.012344054498323518,0,0.02,0,0.00016298782429657876,0,0.00021221546646518267,0,0.0020261328705924123,0,0.005439196713268757,0,0.004403268452733755,0
0,4,0.10194294440995774,0,0.0,0,5.950934428256005e-05,0,5.326339721462192e-05,0,3.548951939547785e-05,0,0.003286819439381361,0,0.0019261694978922606,0
0,3,0.0009806957270768202,0,0.0,0,0.002463327953591943,0,4.537075778652127e-05,0,1.1510238972930257e-05,0,0.00012005732423858717,0,4.843370334128849e-05,0
0,2,0.936127223732303,0,0.03,0,0.00047730555525049567,0,0.00012625575099500287,0,0.0022052339912442443,0,0.00038799119647592306,0,0.00012909105862490833,0
0,2,0.00066201646653425,0,0.01,0,4.007631105196197e-06,0,1.9349974670446807e-05,0,5.377006626304152e-05,0,0.0007642644923180342,0,0.0009184211958199739,0
0,3,0.011546152852502285,0,0.01,0,5.451088145491667e-05,0,8.33822261984989e-05,0,6.373816393965148e-05,0,0.010881445370614529,0,0.01099802739918232,0
0,2,0.08242842889034166,0,0.01,0,4.137992800679058e-05,0,3.800812776698417e-05,0,0.00031554707572181636,0,0.0011125270975753665,0,0.0017576958052814007,0
0,1,0.0008213538913471378,0,0.03,0,1.5546773283858784e-05,0,1.426404424027603e-05,0,1.2768789717247898e-05,0,0.0010277681285515428,0,0.0010722394799813628,0
0,1,0.006272917340236564,0,0.0,0,3.886860577040352e-05,0,3.1519853790428305e-05,0,8.923203457224084e-05,0,0.0006022415473125875,0,0.0013885492226108909,0
0,2,2.1698695396519175e-05,0,0.01,0,9.398767360835336e-06,0,1.6743934993511477e-05,0,5.812766969795031e-06,0,0.0003209589922334999,0,0.00031117897015064955,0
0,4,0.0009948139133066885,0,0.01,0,0.00041340672760270536,0,9.14302134919688e-05,0,5.679365958016527e-06,0,0.0024947572965174913,0,0.000885936722625047,0
0,2,0.006082822356802376,0,0.0,0,4.072027877555229e-05,0,0.000134857803848409,0,3.498127248958254e-05,0,0.006491065490990877,0,0.026082158088684082,0
0,1,0.19110716373492773,0,0.0,0,8.500146941514686e-05,0,5.049779136396195e-05,0,0.0006038081316452513,0,0.001562448451295495,0,0.0004292170924600214,0
0,2,3.1144447636900727e-06,0,0.0,0,9.415810200152919e-05,0,4.350281386079408e-05,0,3.511335154553429e-06,0,5.660721944877878e-05,0,4.049970448249951e-05,0
0,1,5.5693098628939756e-05,0,0.01,0,0.0006770870531909168,0,7.706601484734035e-05,0,3.936432042283438e-06,0,0.00044110577437095344,0,6.128386303316802e-05,0
0,5,4.2699889041836324e-05,0,0.02,0,0.00021949686924926937,0,0.00020684302588786486,0,1.0495100090572891e-05,0,0.00013570972078014165,0,0.0010290822247043252,0
0,2,0.08512616144774265,0,0.01,0,1.7835474864114076e-05,0,0.0002015253286393151,0,5.157446280893617e-06,0,0.0001406658993801102,0,7.00729142408818e-05,0
0,5,1.4104794856524046e-05,0,0.0,0,0.0008121777209453285,0,5.1556588758214645e-05,0,5.505176965373381e-07,0,0.00018853503570426255,0,0.00020958045206498355,0
0,1,0.0038351953778014984,0,0.03,0,0.0011827225098386407,0,0.00018646049835261894,0,0.00016729269762241484,0,0.038198988884687424,0,0.12561382353305817,0
0,1,0.0010453627160377263,0,0.0,0,1.142183282354381e-05,0,8.875756006115325e-05,0,1.4339906283509318e-05,0,4.4498392526293173e-05,0,4.0834951505530626e-05,0
0,5,3.759814335302866e-07,0,0.01,0,5.360555951483548e-05,0,4.7463981968235643e-05,0,9.439831014182595e-07,0,8.17303589428775e-05,0,5.1711573178181425e-05,0
0,1,2.5425532946180124e-08,0,0.02,0,0.00040562558569945395,0,7.081482034777405e-05,0,5.3426284196813696e-06,0,9.694538312032819e-05,0,6.421047874027863e-05,0
0,1,0.0004797166664416652,0,0.0,0,1.2275677363504656e-05,0,2.3819798033399288e-05,0,5.8852643940871096e-05,0,8.353576413355768e-05,0,8.105940651148558e-05,0
0,5,0.0005126100596650302,0,0.0,0,0.0007343520410358906,0,0.00018000546001273942,0,0.0011795713579139154,0,0.008338036946952343,0,0.04313339665532112,0
0,1,0.23991365235190498,0,0.1,0,0.0013200213434174657,0,0.00024916448281354263,0,0.013494206899437427,0,0.0024228158872574568,0,0.0005117420805618167,0
0,4,0.002970117979273668,0,0.01,0,4.580414497468155e-06,0,0.00018855232664807155,0,4.0143567747546986e-05,0,0.01722382940351963,0,0.017437219619750977,0
0,1,0.005391780240152227,0,0.0,0,6.431028305087239e-05,0,3.6767135438234516e-05,0,0.00013056502748411437,0,0.0004418908793013543,0,0.0004478527116589248,0
0,2,0.8741183776379039,0,0.02,0,5.01587892358657e-05,0,0.00014096300370919606,0,0.00018817646805718347,0,0.0006455364055000246,0,5.928778409725055e-05,0
0,4,0.000259943091771242,0,0.0,0,1.5123060620680917e-05,0,1.701842735529081e-05,0,8.416941647241298e-06,0,0.0002036151272477582,0,4.575915590976365e-05,0
0,1,1.249879939326308e-06,0,0.0,0,3.106744043179788e-05,0,1.7999398767481995e-05,0,1.3142284827182177e-05,0,2.6827035981114022e-05,0,3.999311229563318e-05,0
0,5,0.0008565661061675661,0,0.01,0,0.0003249958681408316,0,0.0001519931516952345,0,5.2348438304163886e-05,0,0.004681541118770838,0,0.0009070186642929912,0
0,1,0.00039030683107412406,0,0.04,0,5.935394437983632e-05,0,0.0001089338831085353,0,0.0014997721120623105,0,0.00019308991613797843,0,5.526504901354201e-05,0
0,1,5.802734399927042e-08,0,0.0,0,1.4690275747852866e-05,0,3.420700525759126e-05,0,3.3999233990948674e-06,0,0.0010008664103224874,0,0.00033140525920316577,0
0,2,0.0005008630375512689,0,0.02,0,9.209117706632242e-06,0,5.4353597830622225e-05,0,4.1083091200492217e-07,0,0.00015368162712547928,0,5.105536547489464e-05,0
0,5,2.1176381516233752e-07,0,0.0,0,5.007900654163677e-06,0,1.9839234975829333e-05,0,4.828688381250074e-08,0,3.473981996648945e-05,0,3.999311229563318e-05,0
0,3,0.0007511581290105186,0,0.0,0,3.995057340944186e-05,0,3.8271265012127565e-05,0,4.2979042396354295e-06,0,5.390349178924225e-05,0,3.999311229563318e-05,0
0,3,0.0017953300274505459,0,0.0,0,5.4797860684629995e-06,0,2.7325498781035503e-05,0,1.0955363255412548e-06,0,6.729904271196574e-05,0,3.999311229563318e-05,0
0,4,9.531280217206262e-05,0,0.01,0,9.363020217278972e-05,0,4.7984666944385576e-05,0,2.308288578687449e-06,0,0.0002245774958282709,0,6.039743675501086e-05,0
0,1,0.0007852669301445225,0,0.01,0,4.448210893315263e-05,0,5.218426013590806e-05,0,0.00010934560896861077,0,0.004180706571787596,0,0.01826850138604641,0
0,2,0.0014593941755665922,0,0.02,0,2.080165359075181e-06,0,3.92444716637013e-05,0,0.002545455705872584,0,0.00235627219080925,0,0.0014297073939815164,0
0,5,0.2297711779604379,0,0.03,0,0.0005635792040266097,0,5.82802518240714e-05,0,5.693934485535839e-05,0,0.03372695669531822,0,0.006363558582961559,0
0,1,0.01787975269049817,0,0.0,0,1.6197804143303074e-05,0,1.9810855040616606e-05,0,7.126725411587939e-05,0,0.0026614409871399403,0,0.001845120219513774,0
0,4,0.43333167731181643,0,0.03,0,0.1529296189546585,0,0.02378067085576607,0,0.084727635730959,0,0.06358875334262848,0,0.055194687098264694,0
0,1,0.0708197573073735,0,0.02,0,0.002328830072656274,0,0.07633462379059222,1,0.034420451015046,0,0.012663095258176327,0,0.016630182042717934,0
0,3,0.0006511735144405077,0,0.01,0,0.00032713302061893046,0,0.0004452140333283066,0,0.000870487850249432,0,0.00024694070452824235,0,0.0005452887853607535,0
0,5,0.01236827486889447,0,0.0,0,0.00014208743232302368,0,4.212660878824547e-05,0,1.4866069692633568e-05,0,0.0001455284800613299,0,0.00016182588296942413,0
0,2,0.00014256297822944273,0,0.0,0,0.00015691231237724423,0,2.9156915797084817e-05,0,0.00454687225374284,0,0.0026873021852225065,0,0.005196158308535814,0
0,3,0.001105445763498876,0,0.0,0,1.9612365576904267e-05,0,2.4356644500871856e-05,0,2.347659817146802e-05,0,0.00020290652173571289,0,0.00024783849949017167,0
0,4,0.004606085363405681,0,0.04,0,0.0018398662796244025,0,0.0013415484883558691,0,0.0002070295280483558,0,0.022161729633808136,0,0.011653912253677845,0
0,4,0.015741424175596187,0,0.01,0,0.0006779393879696727,0,0.0009339490885507032,0,0.012576297429494579,0,0.002517200540751219,0,0.001598162460140884,0
0,4,0.598449018983161,0,0.04,0,0.0002322032378287986,0,9.364928198267641e-05,0,0.00069705331741103,0,0.029824355617165565,0,0.015119535848498344,0
0,1,0.10941866905274668,0,0.11,1,0.40985798835754395,1,0.08774964465094612,1,0.3581246967020114,1,0.062426064163446426,0,0.016006559133529663,0
0,4,0.0870000066796588,0,0.03,0,0.0003225065884180367,0,0.0009587465225268062,0,0.0024427543407236642,0,0.009193561971187592,0,0.015949301421642303,0
0,1,0.0106844384375397,0,0.04,0,0.0032085487619042397,0,0.0025876986399462564,0,0.023362085705293665,0,0.002406961750239134,0,0.0008417197386734188,0
0,5,0.0021314993009905435,0,0.1,0,0.05383661016821861,0,0.029317318926767682,0,0.10479777743767042,0,0.03937682509422302,0,0.026287684217095375,0
0,3,0.9984233111823159,1,0.1,0,0.4809795320034027,1,0.10800314040610542,1,0.474796440187847,1,0.591432511806488,1,0.6105080842971802,1
0,5,0.00022590133266162216,0,0.01,0,0.0003473994438536465,0,7.946336574397484e-05,0,4.341853634195423e-06,0,0.0001884295925265178,0,0.00034253508783876896,0
0,4,0.04238854346627502,0,0.05,0,0.0022852697875350714,0,0.00021313158544084226,0,0.009367707608751892,0,0.010407631285488605,0,0.011004378087818623,0
0,2,3.385089059449429e-06,0,0.0,0,1.3391311767918523e-05,0,2.5360227699186747e-05,0,3.684442676332377e-07,0,3.515144999255426e-05,0,3.999311229563318e-05,0
0,1,0.9015937376014405,1,0.1,0,0.013297183439135551,0,0.001652708450381728,0,0.11693799049680113,0,0.11758115142583847,0,0.06543826311826706,0
0,5,0.006396438996087261,0,0.07,0,0.09040169417858124,0,0.18712286589889449,1,0.03825563268093734,0,0.0018312124302610755,0,0.023864593356847763,0
0,5,0.0005535139890067986,0,0.0,0,2.874708479794208e-05,0,1.9645516730088777e-05,0,1.9434846192768993e-07,0,0.0005949152400717139,0,0.00018632726278156042,0
0,3,0.007259645527560377,0,0.0,0,3.747496157302521e-05,0,9.317041197383404e-05,0,0.0005441342928196064,0,0.0018629116239026189,0,0.005564656108617783,0
0,5,0.0010644789903438603,0,0.01,0,3.509182351990603e-05,0,2.1340890704319033e-05,0,7.394819629385623e-07,0,0.0007379635935649276,0,0.002669065725058317,0
0,4,5.211365168203284e-06,0,0.0,0,9.979753485822584e-06,0,2.0680785369972576e-05,0,5.136373268288559e-07,0,7.944804383441806e-05,0,3.999311229563318e-05,0
0,3,0.016316553363988115,0,0.05,0,0.13341037929058075,0,0.007163726696330954,0,0.01642113524121302,0,0.03319134935736656,0,0.025404352694749832,0
0,1,0.985882386020649,1,0.0,0,0.004559867549687624,0,3.360183092113386e-05,0,0.0002546928057269334,0,0.07043135911226273,0,0.0364718921482563,0
0,4,0.9592237142537183,0,0.15,1,0.04467913880944252,0,0.09400247428309448,1,0.6829190508292415,1,0.4325561225414276,1,0.2587059736251831,0
0,2,0.01119139499983611,0,0.05,0,0.00035972241312265396,0,7.46394158236964e-05,0,3.968230576223126e-05,0,0.007147711701691151,0,0.0025337371043860912,0
0,3,0.018755339641050632,0,0.05,0,0.0053765191696584225,0,0.0002138053148547826,0,0.0032436033017738124,0,0.023845693096518517,0,0.039243727922439575,0
0,3,6.431857768858916e-06,0,0.01,0,7.039926276775077e-05,0,0.00010882947103548342,0,0.0006238668390342462,0,0.0007326716440729797,0,8.73604731168598e-05,0
0,5,2.5359215348233175e-07,0,0.06,0,0.001630426850169897,0,4.1581497999730626e-05,0,1.0352367410129898e-05,0,0.00041175910155288875,0,0.00012134266580687836,0
0,4,0.00012143377664800261,0,0.0,0,1.7184178432216868e-05,0,1.9122308041104845e-05,0,0.00018226431373663532,0,0.0004716533876489848,0,0.0011578465346246958,0
0,1,0.0003869698459273922,0,0.0,0,9.878218406811357e-06,0,2.240906893122784e-05,0,3.69592232672477e-05,0,4.6730761823710054e-05,0,4.1080802475335076e-05,0
0,5,0.0016226566011246454,0,0.01,0,0.0004033711738884449,0,3.646715622117602e-05,0,0.0007220141928914732,0,0.002183338860049844,0,0.0023827285040169954,0
0,1,0.020850505281282804,0,0.03,0,0.00018647860269993544,0,6.359417646643227e-05,0,0.0001229162514737312,0,0.0002365167165407911,0,0.00024213810684159398,0
0,1,2.3259051120182918e-07,0,0.0,0,1.49819798025419e-05,0,2.1194245262485794e-05,0,1.5098269994751852e-07,0,2.7097617930849083e-05,0,4.064870881848037e-05,0
0,4,0.1985465504324587,0,0.05,0,0.0009072708780877292,0,0.0006644975439565524,0,0.03352869405823696,0,0.010278291068971157,0,0.008943218737840652,0
0,1,3.4064332285750523e-06,0,0.0,0,4.789514150616014e-06,0,2.068652143042911e-05,0,1.7632483641237224e-08,0,3.149617259623483e-05,0,3.999311229563318e-05,0
0,5,0.00013305864957707667,0,0.0,0,2.3421007426804863e-05,0,3.425954457378594e-05,0,5.996126220216124e-05,0,0.00014104378351476043,0,0.00047050390276126564,0
0,2,1.6915769659679221e-06,0,0.0,0,6.965969078009948e-06,0,2.436283429145432e-05,0,2.7507808297835977e-07,0,4.774120316142216e-05,0,4.4805623474530876e-05,0
0,3,0.04882349458091413,0,0.0,0,9.946687896444928e-06,0,2.6666255021062988e-05,0,3.304319611585929e-05,0,3.491572351776995e-05,0,3.999311229563318e-05,0
0,5,0.001549137325163492,0,0.06,0,0.01771687902510166,0,0.004159546038829249,0,0.1269620349308705,0,0.002485140459612012,0,0.004507990088313818,0
0,1,4.2762029824168575e-07,0,0.0,0,3.4072156267939135e-05,0,3.94804105848247e-05,0,3.2904842991324387e-06,0,0.0007500353385694325,0,0.0007073591696098447,0
0,2,0.3834974331096449,0,0.01,0,6.615577876800671e-05,0,6.60279701243114e-05,0,0.0009187843682786843,0,0.012204778380692005,0,0.011712925508618355,0
0,3,0.5102264277496256,0,0.01,0,0.00044368894305080175,0,0.0011464836916965538,0,0.02886592064401623,0,0.00034785247407853603,0,0.0002569749194663018,0
0,1,3.927843078076887e-06,0,0.01,0,0.00022362287563737482,0,4.095714948366797e-05,0,1.4736846711879854e-06,0,0.00011996299144811928,0,5.034062633058056e-05,0
0,2,8.175613213273254e-06,0,0.0,0,1.328995313087944e-05,0,2.3381441911726954e-05,0,1.598293625104126e-06,0,9.298550867242739e-05,0,8.852213795762509e-05,0
0,4,1.2746776231886444e-08,0,0.01,0,4.108334451302653e-06,0,2.130062055839771e-05,0,3.835441936940769e-08,0,7.945358811412007e-05,0,4.111060479772277e-05,0
0,4,0.002559688239022379,0,0.0,0,6.230849248822778e-05,0,0.00020255414550233408,0,8.296229529837936e-05,0,0.0006905632326379418,0,0.0009640391217544675,0
0,5,0.002498102961508833,0,0.02,0,0.00027913611847907305,0,7.252800871568461e-05,0,0.03842969765894321,0,0.0050707291811704636,0,0.004174137022346258,0
0,2,0.007038326265333708,0,0.02,0,6.0370730352588e-05,0,5.985897201181084e-05,0,4.644828913444302e-06,0,0.0049785734154284,0,0.0010246289893984795,0
0,4,2.210618316499486e-06,0,0.0,0,2.7402800697018392e-05,0,2.695448530735717e-05,0,3.703733651376126e-07,0,0.00010726945038186386,0,5.181567757972516e-05,0
0,4,7.953293110603228e-06,0,0.0,0,3.591196218621917e-06,0,2.1328369230115178e-05,0,7.089121501711317e-08,0,7.966408884385601e-05,0,4.248135883244686e-05,0
0,4,0.20738706054747563,0,0.0,0,6.885309267090634e-05,0,4.447046993172095e-05,0,0.0009160124340911348,0,0.004706676118075848,0,0.01495864987373352,0
0,1,0.005700850982185832,0,0.02,0,0.0011801072396337986,0,0.00014178614950173453,0,0.008872159220261928,0,0.0015570174437016249,0,0.0009433836676180363,0
0,2,0.006812122980439628,0,0.01,0,0.0016007121885195374,0,0.0022774151962254192,0,0.07417855410642207,0,0.003632511477917433,0,0.004200351424515247,0
0,2,0.0002605409873140442,0,0.0,0,0.00011415111657697707,0,4.7907675741160395e-05,0,1.5589302845513833e-06,0,5.277011950965971e-05,0,7.709627243457362e-05,0
0,1,0.00034682878412045886,0,0.0,0,0.00011089950567111373,0,2.9157525972971495e-05,0,4.879101730892939e-06,0,0.0005279516335576773,0,0.0004109990841243416,0
0,5,0.001756871089180459,0,0.01,0,1.6946363757597283e-05,0,2.463717866162727e-05,0,8.365816768552193e-05,0,0.0030743114184588194,0,0.001058340072631836,0
0,1,0.0008005638574745378,0,0.01,0,3.159120024065487e-05,0,2.719508930378339e-05,0,1.941385685942495e-06,0,0.0001623969292268157,0,0.00047104901750572026,0
0,5,0.0035405051633944644,0,0.01,0,1.060561953636352e-05,0,2.245758578391134e-05,0,3.676504764382797e-05,0,0.002344283740967512,0,0.008783282712101936,0
0,5,0.18010496619775446,0,0.01,0,8.612941746832803e-05,0,5.2301150509928684e-05,0,0.00046647406439260413,0,0.0024598275776952505,0,0.0006604203954339027,0
0,4,0.12356539684777017,0,0.0,0,9.749096534505952e-06,0,2.3616036682200408e-05,0,1.0093935389263021e-05,0,0.0003220447979401797,0,0.00032953990739770234,0
0,3,0.003032080668590823,0,0.02,0,0.0012911624507978559,0,0.0007253345021183229,0,0.0016309546857351605,0,0.002789514372125268,0,0.00635126419365406,0
0,1,0.0010171947766528576,0,0.01,0,0.00011057626397814602,0,3.1690948505733926e-05,0,0.0031530583956240355,0,0.0031940711196511984,0,0.005945527460426092,0
0,3,0.9805805186466549,1,0.01,0,0.0015365969156846404,0,0.0003126019311092407,0,0.008673299571410118,0,0.008062580600380898,0,0.004332392942160368,0
0,5,6.346952166723626e-06,0,0.0,0,8.797966438578442e-05,0,2.1511936140967348e-05,0,5.5959260455583905e-08,0,3.647853009169921e-05,0,5.132418664288707e-05,0
0,3,1.899210590976307e-07,0,0.0,0,1.4096660379436798e-05,0,2.136396372810975e-05,0,1.5850019256852596e-06,0,3.860346259898506e-05,0,3.999311229563318e-05,0
0,3,1.891207420410529e-07,0,0.0,0,9.205339301843196e-05,0,2.4844220748662688e-05,0,5.735599200971438e-07,0,0.00019921506464015692,0,4.0976505260914564e-05,0
0,1,2.077701739043941e-08,0,0.0,0,2.7573544230108382e-06,0,2.0999561956119655e-05,0,8.119798471349675e-08,0,2.762368785624858e-05,0,3.999311229563318e-05,0
0,1,6.860205820991772e-07,0,0.0,0,3.026327931365813e-06,0,2.8808048267150374e-05,0,1.8846698633752695e-06,0,6.930588278919458e-05,0,6.123900675447658e-05,0
0,5,0.00013356738089425983,0,0.0,0,2.4015744202188216e-05,0,2.552387972201682e-05,0,2.3668698148968446e-07,0,0.0001921291695907712,0,0.0001485403481638059,0
0,1,0.1596552262959643,0,0.03,0,0.0010247085010632873,0,4.8723795066156074e-05,0,8.620362449199353e-05,0,0.01006312482059002,0,0.02241355925798416,0
0,2,0.001457614653373914,0,0.0,0,6.700254016323015e-05,0,2.039903709837839e-05,0,1.953437977437051e-06,0,9.865110041573644e-05,0,5.0035265303449705e-05,0
0,1,0.00045293455936747784,0,0.03,0,0.0003882692544721067,0,0.0002073219582718729,0,3.918968134078014e-06,0,6.162075442261994e-05,0,6.135118019301444e-05,0
0,5,1.0586727918949665e-06,0,0.0,0,0.00017641630256548524,0,0.00014913626219410244,0,1.4081298588475981e-06,0,0.00018473238742444664,0,9.763861453393474e-05,0
0,5,1.5784048036494973e-08,0,0.0,0,1.3787961506750435e-05,0,2.1583165772791388e-05,0,4.4818223399357455e-07,0,0.0001237869873875752,0,6.965647480683401e-05,0
0,1,7.160334275574914e-05,0,0.0,0,1.1795650607382413e-05,0,2.1049761334314038e-05,0,1.5026441499376093e-08,0,3.136766463285312e-05,0,3.999311229563318e-05,0
0,4,0.0005757546417552786,0,0.01,0,5.496197263710201e-05,0,3.6763078971654215e-05,0,2.3791525632614288e-05,0,0.002822338370606303,0,0.0016219973331317306,0
0,4,0.0006135583065867857,0,0.0,0,6.117511657066643e-05,0,2.9930745847020883e-05,0,5.033585540986469e-07,0,0.00015576112491544336,0,8.396500197704881e-05,0
0,4,0.95265857627088,0,0.01,0,0.008789421990513802,0,0.00034792450038264336,0,0.031039668025338817,0,0.03584032505750656,0,0.043206099420785904,0
0,1,3.478951405786821e-06,0,0.0,0,0.00030710824648849666,0,2.554644157498203e-05,0,1.795487078302336e-06,0,6.90851520630531e-05,0,8.262173651019111e-05,0
0,4,0.0008416692967965271,0,0.0,0,4.2656538425944746e-05,0,4.052324183149792e-05,0,4.019405106608118e-06,0,9.454119572183117e-05,0,5.904182035010308e-05,0
0,1,0.02107398314777485,0,0.0,0,9.000274440040812e-05,0,2.0905306460725043e-05,0,2.524829538503222e-06,0,0.0003406115574762225,0,0.0003329184837639332,0
0,3,0.8047458653044368,0,0.02,0,0.0005111821228638291,0,0.0003769650465571491,0,0.0008656247461174454,0,0.0019970133434981108,0,0.0046726553700864315,0
0,3,5.7090087379859096e-05,0,0.0,0,6.11326777288923e-06,0,2.3514319326463633e-05,0,2.44454212056925e-07,0,0.00011440669186413288,0,3.999311229563318e-05,0
0,4,0.078019527368864,0,0.0,0,5.1177063141949475e-05,0,2.5540750052443728e-05,0,2.091965217363161e-05,0,0.006465516518801451,0,0.021989353001117706,0
0,5,0.003996811121953034,0,0.0,0,0.00037865861668251455,0,0.0001496273746936324,0,5.662252000911451e-05,0,0.00010426190419821069,0,0.0005844744155183434,0
0,3,1.7912876242529524e-07,0,0.0,0,1.2934073311043903e-05,0,2.4835221650528957e-05,0,5.791433240244566e-07,0,3.204309905413538e-05,0,3.999311229563318e-05,0
0,4,5.08020430137355e-08,0,0.0,0,7.165458100644173e-06,0,3.0141457171592187e-05,0,1.2826181582843597e-07,0,8.251311373896897e-05,0,4.0052713302429765e-05,0
0,4,0.012191604489891263,0,0.0,0,1.3935927199781872e-05,0,3.47575210544843e-05,0,2.008404946358567e-05,0,0.0001575867208885029,0,0.00027819475508295,0
0,1,0.4834849219742349,0,0.01,0,3.6172361888020532e-06,0,2.3717798618303053e-05,0,1.1181798810218135e-05,0,0.002472232561558485,0,0.009183865040540695,0
0,4,2.0490570012767566e-05,0,0.01,0,1.3468670658767223e-05,0,2.7356941337902437e-05,0,3.402283366219973e-07,0,0.00029130405164323747,0,0.00037379609420895576,0
0,4,4.202785386232636e-05,0,0.01,0,9.694599430076778e-05,0,0.0001023858448483101,0,0.00017639115640481428,0,0.0006080562598071992,0,0.0005728222895413637,0
0,1,0.001551773833421555,0,0.01,0,2.672087066457607e-05,0,7.428601884914371e-05,0,1.1076852862879935e-06,0,0.007744522765278816,0,0.012882886454463005,0
0,1,0.8460894035455394,0,0.0,0,2.5643455956014805e-05,0,2.0177285858674266e-05,0,9.913903097502516e-06,0,0.0003883290628436953,0,0.0005879986565560102,0
0,2,0.0008409694484645693,0,0.0,0,5.363829586713109e-06,0,2.00730241936325e-05,0,1.4212342362970075e-05,0,0.0003348566824570298,0,0.0009179330081678927,0
0,5,0.0005147202183825331,0,0.01,0,6.261978705879301e-05,0,2.0784556490746675e-05,0,2.47232850778665e-06,0,0.00034702845732681453,0,0.0002556770632509142,0
0,1,2.8929461536229025e-05,0,0.0,0,2.212144863733556e-05,0,5.697637355961538e-05,0,7.349176432815476e-08,0,3.826976171694696e-05,0,7.749104406684637e-05,0
0,5,0.034436759846674506,0,0.0,0,0.0002586827613413334,0,3.126998937331491e-05,0,1.241493867695567e-06,0,8.123372390400618e-05,0,0.00012083935871487483,0
0,2,0.0008776182224265087,0,0.02,0,6.896263948874548e-05,0,7.913906199138382e-05,0,0.005519545454941671,0,0.0001958538923645392,0,6.498319271486253e-05,0
0,3,0.0015289487060426946,0,0.0,0,2.1750225641881116e-05,0,4.962868977106829e-05,0,4.778817018033214e-06,0,0.00011454246123321354,0,9.835490345722064e-05,0
0,5,3.3923852131806225e-05,0,0.01,0,6.623942317673936e-05,0,2.5527283635842245e-05,0,6.2855815586743685e-06,0,0.0012588308891281486,0,0.0012796975206583738,0
0,1,4.602262065704657e-06,0,0.0,0,0.00028059512260369956,0,6.995246954700787e-05,0,2.8228423907677415e-05,0,0.0002307452232344076,0,0.000803767703473568,0
0,1,0.00028320979647576433,0,0.01,0,3.204683889634907e-05,0,2.7397137480643157e-05,0,1.4118464932477774e-06,0,5.479182073031552e-05,0,4.1974773921538144e-05,0
0,4,0.1370592996654654,0,0.01,0,2.9210272259660996e-05,0,2.2769572444508643e-05,0,2.1029998859036513e-05,0,0.0020727203227579594,0,0.006927715614438057,0
0,3,0.5277321933045712,0,0.04,0,0.03183947131037712,0,0.0006185979513821012,0,0.07937890790435079,0,0.00853869691491127,0,0.010769480839371681,0
0,1,0.0002595584919512906,0,0.0,0,5.31627083546482e-05,0,5.9967816110145145e-05,0,1.9838198011722002e-06,0,0.0002667397493496537,0,0.00030515252728946507,0
0,2,0.009254778924452006,0,0.0,0,5.378330115490826e-06,0,1.9578430723697175e-05,0,3.883513864043569e-05,0,0.00022671457554679364,0,0.00031925918301567435,0
0,2,2.788355086207403e-06,0,0.01,0,0.00010327529889764264,0,2.1169117199972248e-05,0,3.653931099479217e-07,0,5.3792769904248416e-05,0,4.8545116442255676e-05,0
0,2,0.06166447577466439,0,0.0,0,6.290365126915276e-05,0,6.642129258495703e-05,0,1.2568169349365054e-05,0,0.0038130723405629396,0,0.00025753723457455635,0
0,2,0.0008010352094705863,0,0.0,0,3.527346279952326e-06,0,5.2112751863603385e-05,0,0.00011884563481237968,0,0.00018919473222922534,0,0.0007247801404446363,0
0,2,0.00019958938648202167,0,0.0,0,6.39755626252736e-06,0,3.342722455974569e-05,0,6.309990896028118e-07,0,0.005791975185275078,0,0.00026739187887869775,0
0,3,0.06746412623548988,0,0.02,0,0.0003800975391641259,0,0.00045876277804570955,0,0.023055965797729942,0,0.08443061262369156,0,0.021132444962859154,0
0,1,0.0005074919024887256,0,0.01,0,1.8513730537961237e-05,0,2.069705432374464e-05,0,5.2768415580713145e-06,0,0.00019170271116308868,0,5.720925400964916e-05,0
0,5,4.570120686746343e-06,0,0.01,0,4.021823042421602e-05,0,2.6718827248906743e-05,0,3.597413788328217e-07,0,0.0001777617580955848,0,9.258407226298004e-05,0
0,5,0.0016406260573585637,0,0.0,0,3.9478298276662827e-05,0,3.224209673277945e-05,0,1.2195670966228008e-05,0,0.0018914974061772227,0,0.0019251276971772313,0
0,1,0.004383693931896021,0,0.01,0,0.0002226660872111097,0,1.9588151887192767e-05,0,2.780839009957872e-05,0,0.0013386247446760535,0,0.005742223002016544,0
0,4,5.2309780827231665e-05,0,0.01,0,3.2029261092247907e-06,0,2.360947287294032e-05,0,1.154957218496402e-06,0,0.0004042857326567173,0,8.680251630721614e-05,0
0,5,8.25870958336215e-07,0,0.0,0,1.741333653626498e-05,0,2.15054671813785e-05,0,4.1035004157026996e-08,0,4.045226160087623e-05,0,3.999311229563318e-05,0
0,3,0.018869330949877625,0,0.07,0,0.002799969632178545,0,0.00496539151722778,0,0.0046148117931699645,0,0.03170298412442207,0,0.03663605824112892,0
0,4,1.9173101987756667e-05,0,0.0,0,5.3354393457993865e-05,0,2.4735270049975657e-05,0,1.3142162180860573e-07,0,0.00018850287597160786,0,5.510841583600268e-05,0
0,4,0.7785418793363582,0,0.04,0,0.001245952444151044,0,0.0012451236832475006,0,0.00934170333025465,0,0.012362119741737843,0,0.005966236349195242,0
0,5,0.00795563910133592,0,0.01,0,0.0009277915232814848,0,2.1580064927285418e-05,0,6.313089507421766e-06,0,0.0005502826534211636,0,0.0006462682504206896,0
0,5,0.0003725763973174286,0,0.0,0,2.8605809347936884e-05,0,2.846795289790022e-05,0,3.279394568181162e-07,0,0.00012356448860373348,0,0.0002455740177538246,0
0,1,0.044172584260907616,0,0.0,0,4.19777788920328e-05,0,2.6849909660514337e-05,0,3.00040502350118e-06,0,0.0006850585923530161,0,0.0014229550724849105,0
0,1,1.9904842019739628e-08,0,0.0,0,1.4698499398946296e-05,0,2.1049761334314038e-05,0,2.0468634449124353e-08,0,2.7274714739178307e-05,0,3.999311229563318e-05,0
0,2,2.1397765128197615e-05,0,0.0,0,3.606101017794572e-06,0,2.1161909112662246e-05,0,1.79040516806604e-08,0,3.448793358984403e-05,0,3.999311229563318e-05,0
0,3,0.0016462001075454907,0,0.0,0,2.504757503629662e-05,0,2.119319366896482e-05,0,6.234033092979864e-06,0,5.714772851206362e-05,0,9.442478767596185e-05,0
0,5,8.574320560710109e-06,0,0.01,0,7.050682324916124e-05,0,2.386019145171546e-05,0,7.174395143094718e-05,0,0.002131455345079303,0,0.0024889251217246056,0
0,3,0.0005666018225038159,0,0.0,0,2.7234033041168004e-05,0,0.00012181185705266117,0,2.2929875203678563e-05,0,0.00036042777355760336,0,0.0006566976080648601,0
0,5,4.757045950373758e-05,0,0.0,0,1.655538994782546e-06,0,2.137149340030658e-05,0,8.557561933516509e-07,0,0.0001351402170257643,0,5.399856308940798e-05,0
0,2,5.559337386051962e-05,0,0.02,0,0.0001777729339664802,0,2.524935390325566e-05,0,1.2984519229915968e-05,0,0.0005090196500532329,0,0.0003417499829083681,0
0,3,0.7272687079496242,0,0.04,0,4.110379086341709e-05,0,7.086216624801881e-05,0,0.0006844404629664583,0,0.0006729709566570818,0,0.001595460926182568,0
0,3,6.218027823444044e-05,0,0.0,0,1.054464610206196e-05,0,2.114554993257872e-05,0,2.1877330109079057e-06,0,0.0002024131390498951,0,0.0010828598169609904,0
0,5,1.2477945708601347e-05,0,0.0,0,3.970797479269095e-06,0,2.1405734056322982e-05,0,4.410351628958094e-08,0,5.193692777538672e-05,0,5.507114838110283e-05,0
0,3,4.709702800947072e-06,0,0.01,0,6.675753866147716e-06,0,2.120545407844962e-05,0,1.246779656916362e-07,0,3.849295535474084e-05,0,3.999311229563318e-05,0
0,4,2.0288007875950416e-07,0,0.0,0,1.624190372240264e-05,0,4.474397581016849e-05,0,2.046161461637637e-06,0,0.0007815014687366784,0,0.001504227751865983,0
0,2,0.13211689451731465,0,0.01,0,5.534697629627772e-05,0,2.7086850560912393e-05,0,1.7463655343004698e-05,0,0.008666448295116425,0,0.008195322006940842,0
0,3,4.733060251267949e-05,0,0.0,0,1.7685208149487153e-05,0,2.0971196985863595e-05,0,7.288018446136431e-07,0,0.00012553346459753811,0,0.0004532259772531688,0
0,3,1.269494159036661e-07,0,0.01,0,2.251316800538916e-06,0,2.140071031987299e-05,0,2.985061624913694e-08,0,3.9713180740363896e-05,0,3.999311229563318e-05,0
0,5,0.00023974639084005036,0,0.01,0,1.5561414329567924e-05,0,4.742114436495098e-05,0,1.5913984551958458e-06,0,0.0001732367236400023,0,8.265300130005926e-05,0
0,5,0.6479060153640804,0,0.02,0,0.0009430948412045836,0,8.289324378389918e-05,0,0.0003280533491583091,0,0.005890815518796444,0,0.0072132982313632965,0
0,3,0.017301948584851713,0,0.0,0,0.00011831893789349124,0,4.675410699835396e-05,0,2.6846544240563894e-05,0,0.0002945401647593826,0,0.0004423523787409067,0
0,3,1.3821782751607983e-06,0,0.0,0,2.3886418603069615e-06,0,2.1153948621433195e-05,0,3.9471295429111674e-07,0,0.00011431660095695406,0,3.999311229563318e-05,0
0,2,0.0006857590750151313,0,0.0,0,4.895276561001083e-06,0,2.3730686153481958e-05,0,2.0703407371349762e-05,0,0.00013006974768359214,0,0.00041703335591591895,0
0,1,0.05916646172392706,0,0.06,0,0.0005480173276737332,0,5.368258087458508e-05,0,0.00027139797244854003,0,0.024428334087133408,0,0.015368541702628136,0
0,2,0.002252741388139847,0,0.01,0,1.5787198208272457e-05,0,8.964296604542339e-05,0,2.227636990436491e-05,0,0.022603005170822144,0,0.034379322081804276,0
0,4,0.0001446591287203245,0,0.01,0,2.6452887595951324e-06,0,2.1321810335517537e-05,0,9.794747612109155e-09,0,7.945034303702414e-05,0,4.018681283923797e-05,0
0,2,8.094483240934614e-06,0,0.0,0,8.252189218183048e-06,0,2.3388102603635732e-05,0,7.992405581174017e-06,0,6.105883221607655e-05,0,5.180031803320162e-05,0
0,2,0.0018564008211661464,0,0.0,0,1.3793629477731884e-05,0,2.007760782855516e-05,0,1.9693528447838886e-07,0,0.00014651361561845988,0,0.00014871398161631078,0
0,3,0.1322032252148588,0,0.01,0,0.0004049224662594497,0,5.656436829387345e-05,0,0.0005693880405941837,0,0.002966520143672824,0,0.00785880722105503,0
0,3,1.6297384166303258e-06,0,0.0,0,8.116747630992904e-05,0,2.810873284137548e-05,0,7.101872199397012e-06,0,4.113652903470211e-05,0,3.999311229563318e-05,0
0,2,0.0021732171698693645,0,0.01,0,0.00011750793782994151,0,6.956954673249441e-05,0,0.005272235323965328,0,0.003572228131815791,0,0.0009640833013691008,0
0,3,2.0474482825401545e-07,0,0.0,0,1.6290176745314966e-06,0,2.391366704224423e-05,0,4.3950227937397945e-08,0,5.0512382586020976e-05,0,7.284308958332986e-05,0
0,2,1.1514455720480968e-05,0,0.0,0,8.285185322165489e-05,0,2.6809243898291686e-05,0,1.0233530031380233e-06,0,5.285143924993463e-05,0,3.999311229563318e-05,0
0,1,4.896335982085717e-06,0,0.0,0,2.9294551495695487e-06,0,2.079181469090093e-05,0,6.871365655577858e-07,0,3.181054489687085e-05,0,4.7927023842930794e-05,0
0,2,0.003065484692149732,0,0.04,0,0.0002803520765155554,0,9.822469337940463e-05,0,3.122708878262943e-06,0,0.0005305935046635568,0,0.00028142399969510734,0
0,3,0.0009554254426217922,0,0.0,0,1.3835868230671622e-05,0,2.2708453547386635e-05,0,1.644546911013003e-07,0,3.29105241689831e-05,0,3.999311229563318e-05,0
0,5,0.0033676426499293414,0,0.01,0,4.332153366704006e-06,0,9.310629692378183e-05,0,7.462039613664408e-06,0,0.0005356970941647887,0,0.0006127827800810337,0
0,3,0.010190470049227667,0,0.03,0,0.00019227461598347872,0,8.328672318581645e-05,0,0.00029332591939061815,0,0.0008390609873458743,0,0.0029799831099808216,0
0,1,0.2670235261900043,0,0.01,0,0.0001272183289984241,0,4.849265418984432e-05,0,4.036032456385413e-05,0,0.00047013748553581536,0,9.03000109246932e-05,0
0,2,9.674206711084149e-08,0,0.01,0,3.506145003484562e-05,0,2.1177977123286696e-05,0,9.513718079942538e-07,0,3.6664649087470025e-05,0,3.999311229563318e-05,0
0,5,0.0004813702049092589,0,0.02,0,7.392381667159498e-05,0,2.031121663002026e-05,0,7.168614892893405e-06,0,7.569847366539761e-05,0,8.550681377528235e-05,0
0,4,0.0006524883434668166,0,0.01,0,1.2246070582477842e-05,0,2.373886866959602e-05,0,6.13844373885413e-05,0,0.00103071890771389,0,0.0004886424285359681,0
0,4,0.7449923616458595,0,0.01,0,6.532762927236035e-05,0,2.6806531023415236e-05,0,0.00028064155608384763,0,0.008429800160229206,0,0.008538798429071903,0
0,4,2.5461982193395127e-06,0,0.0,0,1.3294680684339255e-05,0,2.0708401797115238e-05,0,9.386760708000128e-07,0,0.000253793055890128,0,0.0004399741883389652,0
0,2,0.082898593859802,0,0.01,0,0.0028595891781151295,0,0.00012634318414372772,0,0.0035035607932538864,0,0.026739664375782013,0,0.10404257476329803,0
0,2,3.7532436231203635e-07,0,0.0,0,3.3865692330437014e-06,0,2.1172895197198264e-05,0,2.9252761236130452e-08,0,3.448793358984403e-05,0,3.999311229563318e-05,0
0,5,1.1838525006649289e-05,0,0.01,0,2.6566463930066675e-05,0,0.00013393205096706514,0,1.3828024210956964e-07,0,7.06261198502034e-05,0,4.252607686794363e-05,0
0,1,1.3856224624703257e-07,0,0.0,0,7.64410197007237e-06,0,2.1050121213526494e-05,0,4.934132196188982e-08,0,2.597191087261308e-05,0,3.999311229563318e-05,0
0,4,5.6441444859900454e-05,0,0.01,0,3.360057235113345e-05,0,3.6063442465972475e-05,0,1.1827292060472183e-06,0,0.0005000575329177082,0,4.9312780902255327e-05,0
0,5,0.0005277762116097641,0,0.0,0,6.292801117524505e-05,0,3.1907465908229e-05,0,2.0625444060405836e-06,0,8.635564154246822e-05,0,7.718562847003341e-05,0
0,2,3.057372540371664e-05,0,0.0,0,4.392484333948232e-05,0,2.1161909112662246e-05,0,1.555380080883122e-07,0,3.467486021691002e-05,0,3.999311229563318e-05,0
0,1,9.02946996098564e-10,0,0.0,0,1.1345026905473787e-05,0,3.184869234873935e-05,0,2.349590899063681e-07,0,4.5606764615513384e-05,0,5.7395380281377584e-05,0
0,2,0.0004073378366506533,0,0.01,0,1.8080731024383567e-05,0,2.0332521142108405e-05,0,8.199780476238212e-06,0,8.080781117314473e-05,0,0.0003461389569565654,0
0,5,0.004671424889037299,0,0.01,0,2.218845565948868e-06,0,2.3184822645687207e-05,0,5.207288742245295e-06,0,0.001055683707818389,0,0.0004930081195198,0
0,4,0.027955783710938445,0,0.01,0,1.3200912690081168e-05,0,3.666219569244426e-05,0,0.0002787830626486698,0,0.0007642923737876117,0,0.00015891657676547766,0
0,4,1.7999126864985945e-06,0,0.01,0,0.0002512857026886195,0,8.221707598795934e-05,0,6.353124095869161e-05,0,0.0047553968615829945,0,0.016775161027908325,0
0,3,0.003059963470199094,0,0.05,0,0.002012265846133232,0,7.955049032376367e-05,0,0.001267050547041515,0,0.05302506312727928,0,0.019947098568081856,0
0,5,0.05211384162053009,0,0.0,0,9.472148121858481e-06,0,2.9557643986022178e-05,0,5.377458440633385e-07,0,0.0002448226441629231,0,3.999311229563318e-05,0
0,5,0.00491226290452283,0,0.0,0,2.105236671923194e-05,0,2.3684410558991672e-05,0,1.4713567654371446e-07,0,0.0007159928791224957,0,0.0007215854711830616,0
0,5,0.00011309521977621537,0,0.0,0,5.754026278737001e-05,0,2.1426978715172425e-05,0,1.6965117986998065e-08,0,7.188625022536144e-05,0,7.224228465929627e-05,0
0,2,0.00010589996295044754,0,0.0,0,2.061838586087106e-06,0,5.243389002020844e-05,0,6.657349736898417e-05,0,0.00035591694177128375,0,0.00012149904796388,0
0,3,0.16983120265838178,0,0.0,0,3.0823590350337327e-05,0,2.3950274441107256e-05,0,2.7241301927255842e-06,0,0.00027736942865885794,0,0.001267142011784017,0
0,3,9.238769545832393e-05,0,0.01,0,0.0015617648605257273,0,4.885449831022742e-05,0,4.0795209669933405e-05,0,0.0015176584711298347,0,4.494715540204197e-05,0
0,4,4.368734103208327e-05,0,0.01,0,1.4395429388969205e-05,0,2.532603276452952e-05,0,3.488952039376042e-07,0,0.00012209481792524457,0,0.0002217372675659135,0
0,2,0.006981805665649403,0,0.01,0,0.0003293828049208969,0,3.7539278245107355e-05,0,4.922508363412706e-05,0,0.0006957124569453299,0,0.0003125507209915668,0
0,3,0.07517356549987297,0,0.04,0,0.0018278559437021613,0,0.0005946747816848045,0,0.0002018207941746315,0,0.007634763140231371,0,0.003298818366602063,0
0,1,0.008839756553258813,0,0.01,0,0.00010556607594480738,0,6.650709811172563e-05,0,0.0003531247842846509,0,0.01443458627909422,0,0.0077536506578326225,0
0,3,0.0004557636554576918,0,0.0,0,1.6400914319092408e-05,0,2.0984454859650133e-05,0,8.038152080547035e-06,0,0.0002708859683480114,0,0.00033009450999088585,0
0,5,0.03355787232690215,0,0.03,0,0.000223931172513403,0,6.457440832979608e-05,0,2.107227463695536e-05,0,0.0099764633923769,0,0.001268617226742208,0
0,4,0.011014319358363178,0,0.0,0,4.29164492743439e-06,0,2.809349599207194e-05,0,4.581020865667755e-05,0,0.001488708658143878,0,0.0006236855406314135,0
0,2,0.0011472350522203285,0,0.0,0,4.207866368233226e-05,0,2.8292532927955807e-05,0,1.3180007406431992e-06,0,0.00012136648001614958,0,6.671394658042118e-05,0
0,4,2.967356449802335e-07,0,0.0,0,3.171644493704662e-05,0,2.1324820726403134e-05,0,1.204096503559286e-07,0,0.00011095739318989217,0,7.308235217351466e-05,0
0,5,5.302739806015384e-05,0,0.01,0,1.3528078852687031e-05,0,2.666114657757476e-05,0,1.2978740248833629e-05,0,0.0008140149293467402,0,0.0006150690605863929,0
0,4,0.009741851955312178,0,0.03,0,9.557045268593356e-05,0,4.8561015291921156e-05,0,8.11012973213121e-06,0,0.00039867727900855243,0,0.0002954716619569808,0
0,5,9.615653062134911e-05,0,0.0,0,1.2370527656457853e-05,0,4.1468876962122776e-05,0,5.521362387526499e-05,0,0.0006635100580751896,0,0.0001993197074625641,0
0,5,0.0001042986128686375,0,0.0,0,1.6926644093473442e-05,0,2.1433031889343677e-05,0,6.554065373273213e-05,0,0.0009364219149574637,0,0.00044999702367931604,0
0,5,4.216209095632771e-05,0,0.0,0,8.126157626975328e-05,0,3.751780646040129e-05,0,2.0171445803821497e-07,0,4.566537245409563e-05,0,3.999311229563318e-05,0
0,1,0.05350976111689449,0,0.0,0,5.1538649131543934e-05,0,9.397131853079506e-05,0,2.0559870209855442e-06,0,7.187629671534523e-05,0,0.00021138065494596958,0
0,5,0.05710048644823417,0,0.0,0,1.8094133338308893e-05,0,2.1502425765407775e-05,0,2.7983281055321416e-08,0,0.0003254841431044042,0,0.0007499146740883589,0
0,5,0.0016557452472074961,0,0.04,0,0.0006136806914582849,0,2.8284402361161684e-05,0,0.00015383931232757148,0,0.026007141917943954,0,0.006229126360267401,0
0,5,1.928815572922982e-05,0,0.0,0,5.070446150057251e-06,0,2.1503977105569287e-05,0,2.778790918297555e-08,0,3.909822044079192e-05,0,3.999311229563318e-05,0
0,1,0.00034206947439210537,0,0.0,0,2.4501807274646126e-05,0,3.420331280322473e-05,0,3.9325620247401293e-07,0,2.9857787012588233e-05,0,3.999311229563318e-05,0
0,5,9.457928979923335e-05,0,0.0,0,8.40505072119413e-06,0,2.0320291471497903e-05,0,2.2322708641980258e-05,0,0.0013433675048872828,0,0.00032117674709297717,0
0,1,0.006443707228664712,0,0.07,0,0.01340109296143055,0,0.0017726696997263408,0,0.016544120882406407,0,0.03986949473619461,0,0.15292316675186157,0
0,4,9.205690185861378e-07,0,0.0,0,2.186281381000299e-05,0,2.5344398887696006e-05,0,3.9818048094738655e-06,0,0.00011015863856300712,0,0.00023055532074067742,0
0,5,0.0002043035656496375,0,0.03,0,4.757359783980064e-05,0,0.00013028592777098,0,6.701975802441293e-06,0,0.0005710346158593893,0,7.306899351533502e-05,0
0,2,1.3269969362412848e-06,0,0.02,0,0.0007781574968248606,0,0.000186828780464766,0,2.7832362540566948e-06,0,0.00042641040636226535,0,0.00012173535651527345,0
0,2,1.2787932246417258e-07,0,0.0,0,9.260197111871094e-05,0,2.898876885132501e-05,0,6.756070955392341e-07,0,0.00011981984425801784,0,0.00010700016719056293,0
0,2,0.11290742438506696,0,0.02,0,2.2671443730359897e-05,0,0.00041595155236970343,0,0.00456110565941696,0,0.02791028842329979,0,0.05973880738019943,0
0,1,1.763802059059955e-05,0,0.0,0,4.79560640087584e-06,0,3.43992108055389e-05,0,7.638986522512989e-07,0,3.8422564102802426e-05,0,4.0514609281672165e-05,0
0,1,0.006988117956883216,0,0.0,0,1.5421977877849713e-05,0,3.172558821630896e-05,0,2.3340012895069188e-05,0,0.00018683556118048728,0,0.000550775439478457,0
0,3,0.0003455021673601268,0,0.01,0,0.0004986069398000836,0,7.129124706505749e-05,0,0.0002694097236121376,0,0.002364463172852993,0,0.0026062317192554474,0
0,3,1.7279669052944037e-05,0,0.0,0,0.00015693879686295986,0,3.1014942970533036e-05,0,2.8293443224169072e-05,0,0.00022253184579312801,0,0.0011266476940363646,0
0,3,7.3814105591439635e-06,0,0.0,0,1.254329072253313e-05,0,3.761424587950642e-05,0,2.4709491672860363e-06,0,4.232868377584964e-05,0,3.999311229563318e-05,0
0,3,0.061496736811616465,0,0.0,0,0.000540862325578928,0,8.289199217219731e-05,0,3.143462444582566e-05,0,0.00010466233652550727,0,4.490253559197299e-05,0
0,1,0.00012701846395066858,0,0.0,0,9.916747512761503e-05,0,5.5152531147469875e-05,0,2.2966146539742356e-06,0,8.489798347000033e-05,0,7.448938413290307e-05,0
0,4,0.00011004526744837757,0,0.01,0,0.00021043031301815063,0,5.787985375883053e-05,0,5.132339773638909e-07,0,0.0005417740321718156,0,0.0002432673063594848,0
0,3,4.328873019390965e-05,0,0.0,0,1.0786799066409003e-05,0,6.187634718726249e-05,0,1.8295382576955867e-05,0,5.427521682577208e-05,0,3.999311229563318e-05,0
0,2,0.10865850330550328,0,0.01,0,7.528912101406604e-05,0,3.9535534622273616e-05,0,2.667459507092804e-06,0,0.0012485987972468138,0,0.0004180390969850123,0
0,5,0.0009497409989032188,0,0.01,0,7.662823009013664e-06,0,4.1982811421114983e-05,0,0.0002962373404963206,0,0.0003919476002920419,0,0.00017607228073757142,0
0,3,8.926418983365209e-11,0,0.0,0,1.2369217074592598e-05,0,2.946162334266894e-05,0,1.2391973244696684e-07,0,3.390614074305631e-05,0,4.893273944617249e-05,0
0,5,0.80115100884754,0,0.04,0,0.00018612315761856735,0,7.773230633672113e-05,0,9.34067920286806e-05,0,0.023655809462070465,0,0.02040180005133152,0
0,1,0.2261653359605562,0,0.04,0,7.111881859600544e-05,0,0.0001380540031926314,0,0.0021151464129359906,0,0.0033036021050065756,0,0.002596210688352585,0
0,2,0.0017012956486194362,0,0.0,0,5.020195385441184e-05,0,8.117542810874154e-05,0,4.204327932114598e-06,0,0.00024351963656954467,0,7.473943696822971e-05,0
0,4,8.731040744227682e-05,0,0.02,0,1.8320290109841153e-05,0,2.0782816460221302e-05,0,2.3262464247014556e-06,0,0.00014965175068937242,0,5.4095278755994514e-05,0
0,1,0.00037373402756908186,0,0.01,0,0.0006372732459567487,0,6.917305457707123e-05,0,0.006470238448071753,0,0.002154615009203553,0,0.00014311667473521084,0
0,1,9.947834859736184e-06,0,0.0,0,4.11081555284909e-06,0,2.074009541729819e-05,0,0.0003812625953031625,0,0.00011787350376835093,0,0.0001128081712522544,0
0,1,0.98740536896996,1,0.04,0,0.00035904147080145776,0,0.001594858377357766,0,0.14276581738690672,1,0.004030544776469469,0,0.008348704315721989,0
0,1,0.09249880176468335,0,0.0,0,3.334412394906394e-05,0,4.259158472264551e-05,0,0.0002929118631619997,0,8.300023182528093e-05,0,4.7718571295263246e-05,0
0,4,0.1339692481445862,0,0.02,0,3.1186889827949926e-05,0,4.24594939505238e-05,0,0.0027474019923864005,0,0.0027777175419032574,0,0.002396536525338888,0
0,4,0.5639647252479516,0,0.05,0,0.0005274196155369282,0,4.4274496510165586e-05,0,0.00019095153137852475,0,0.005812651943415403,0,0.0020316969603300095,0
0,2,0.7091424060429972,0,0.04,0,0.0013479219051077962,0,0.008451691186679891,0,0.00659780262650684,0,0.19805029034614563,0,0.41070008277893066,0
0,3,0.00157475855934025,0,0.04,0,0.003727007657289505,0,0.029921676531746842,0,0.0011486932045524172,0,0.0037671844474971294,0,0.028513727709650993,0
0,3,0.018722230263886516,0,0.02,0,9.673341264715418e-05,0,4.729348258560845e-05,0,4.846921310373313e-05,0,0.010419162921607494,0,0.03369847685098648,0
0,1,5.561276068614695e-06,0,0.0,0,5.281104222376598e-06,0,2.4762476705155908e-05,0,1.978454724043142e-05,0,0.00033065659226849675,0,0.0006700344383716583,0
0,5,0.01987360096746423,0,0.01,0,5.0609814934432507e-05,0,6.671842719263419e-05,0,6.09423571839671e-07,0,0.0003739952517207712,0,0.00024044825113378465,0
0,4,0.01341479383433837,0,0.0,0,5.242655788606498e-06,0,2.4188581423532207e-05,0,3.2199648833242606e-06,0,0.00011941421689698473,0,4.0693412302061915e-05,0
0,4,0.00040020720013477873,0,0.05,0,0.00211535906419158,0,0.004173469882875259,0,0.08311426652989154,0,0.01793742924928665,0,0.028699975460767746,0
0,4,4.968523312490775e-06,0,0.0,0,2.20735546463402e-06,0,4.158508887090857e-05,0,1.8395450765798702e-07,0,0.00013742141891270876,0,0.00017471959290560335,0
0,3,3.8091389687450406e-07,0,0.0,0,4.336789424996823e-05,0,8.275568764288824e-05,0,0.0003255157239175478,0,0.0009872487280517817,0,0.0013704650336876512,0
0,2,0.001102164149428311,0,0.02,0,1.6270645573968068e-05,0,3.1855511742365517e-05,0,0.00011173878736336401,0,0.002776084467768669,0,0.010806593112647533,0
0,1,0.006952400732496803,0,0.01,0,0.00911200512200594,0,0.0004568302143716146,0,0.006521535678076912,0,0.006139593664556742,0,0.0015546050854027271,0
0,2,2.4908346306837707e-06,0,0.0,0,3.3803512451413553e-06,0,2.111224878291033e-05,0,1.5780598830898233e-07,0,3.9166512578958645e-05,0,4.100630758330226e-05,0
0,3,2.5831946602626217e-09,0,0.01,0,1.2527630133263301e-05,0,2.1447885310773567e-05,0,5.083315396284448e-07,0,3.499830563669093e-05,0,3.999311229563318e-05,0
0,2,0.03635041449967789,0,0.01,0,7.675249798921868e-05,0,2.214046404499074e-05,0,0.0002605185518782805,0,0.001945193624123931,0,0.0026934039779007435,0
0,5,2.056091927628989e-06,0,0.0,0,7.390036444121506e-06,0,4.0024247806259726e-05,0,5.39163141843022e-08,0,3.2845684472704306e-05,0,3.999311229563318e-05,0
0,5,4.3552739459433434e-06,0,0.01,0,1.2548566701298114e-05,0,2.6805894019288506e-05,0,0.00019352945021980727,0,0.00012193578004371375,0,8.296535816043615e-05,0
0,3,0.2877738232459604,0,0.02,0,0.04333537444472313,0,0.0003022574087732325,0,9.153388109592335e-05,0,0.001747898873873055,0,0.003603489138185978,0
0,1,0.0002814476773610036,0,0.01,0,2.130734719685279e-05,0,4.871137882579423e-05,0,7.555334269607853e-07,0,3.620432471507229e-05,0,5.524199877982028e-05,0
0,4,0.5526454035001819,0,0.0,0,0.0013713560765609145,0,0.00013389239739303136,0,0.01142439660734621,0,0.014956212602555752,0,0.0069064549170434475,0
0,5,0.14572496284459896,0,0.05,0,0.0007743347086943686,0,0.0006852464180733363,0,0.004101757399171604,0,0.0016936130123212934,0,0.011402510106563568,0
0,5,1.265638472635288e-06,0,0.0,0,2.157066046493128e-05,0,2.1170418016684824e-05,0,2.1122324297507546e-06,0,0.0003546759835444391,0,0.0002449070452712476,0
0,1,2.3959917764585636e-06,0,0.0,0,6.637258047703654e-05,0,3.399948705225513e-05,0,5.117814111912919e-08,0,3.493736949167214e-05,0,5.7432043831795454e-05,0
0,3,0.0007931160600219662,0,0.01,0,1.4499619283014908e-05,0,2.4688287585194426e-05,0,5.844730516369068e-06,0,9.128389501711354e-05,0,0.00029348666430450976,0
0,4,1.9491698877345234e-05,0,0.0,0,4.0943668864201754e-05,0,2.3952149706609553e-05,0,6.553361775736403e-06,0,0.00013189823948778212,0,0.00011601801816141233,0
0,1,0.0003827567626527866,0,0.0,0,1.294316734856693e-05,0,3.300351757851474e-05,0,1.4923685797004198e-05,0,7.7057171438355e-05,0,4.046990943606943e-05,0
0,5,0.012787342462385658,0,0.0,0,1.5567276932415552e-05,0,7.853953515898919e-05,0,2.2844669829281766e-05,0,0.0009112422121688724,0,0.0002601170272100717,0
0,2,2.7953356818180863e-06,0,0.02,0,0.00045091996435076,0,2.1112255231503857e-05,0,7.647301879065023e-06,0,0.0002905086730606854,0,6.770477921236306e-05,0
0,1,0.17203799142638743,0,0.01,0,2.238041088276077e-05,0,3.566875599962318e-05,0,0.00030513757890370186,0,0.0037029930390417576,0,0.0028625261038541794,0
0,3,0.897502595283536,0,0.02,0,6.043420944479294e-05,0,0.00011094458539534303,0,0.0012991149959606881,0,0.007377387955784798,0,0.035656705498695374,0
0,1,1.609160187618339e-05,0,0.0,0,7.012549031060189e-05,0,4.3928907786883665e-05,0,2.5265573180536264e-07,0,4.511910810833797e-05,0,4.545386400423013e-05,0
0,4,3.626600625202109e-07,0,0.02,0,0.0004901813226751983,0,9.283537168567115e-05,0,0.00483557720763187,0,0.04166155681014061,0,0.02148503065109253,0
0,2,0.013211270187482612,0,0.0,0,1.4897891560394783e-05,0,0.00010991232503927861,0,0.0004974783836152231,0,0.0033144010230898857,0,0.002859307685866952,0
0,2,0.04121604514174184,0,0.0,0,0.00013463206414598972,0,5.050334193745226e-05,0,0.00289000884692697,0,0.0015837721293792129,0,0.011803727596998215,0
0,2,0.01932968162485016,0,0.04,0,0.00014417350757867098,0,0.00010165937471160271,0,0.0028886884405676643,0,0.01591024175286293,0,0.006858909968286753,0
0,1,0.0009946587482852203,0,0.0,0,3.773697471842752e-06,0,2.0782106784647377e-05,0,2.0949471065159539e-07,0,4.8465495638083667e-05,0,5.311941640684381e-05,0
0,5,0.8733988997966662,0,0.01,0,0.002956866519525647,0,7.590504685690492e-05,0,2.6120213970137046e-05,0,0.0062018828466534615,0,0.008449800312519073,0
0,4,6.504520043538812e-05,0,0.01,0,5.6092991144396365e-05,0,3.986228944379823e-05,0,9.121362686172605e-06,0,0.0008191107772290707,0,0.0002931907947640866,0
0,5,9.794524719426675e-06,0,0.01,0,3.4181337014160817e-06,0,2.1115768138862335e-05,0,2.3438622485867473e-06,0,0.0005039827665314078,0,0.0006502525066025555,0
0,1,1.3711904497198436e-06,0,0.0,0,7.028482400528446e-07,0,2.0310608378015856e-05,0,1.3813145355012666e-06,0,2.8295749871176668e-05,0,4.1170205804519355e-05,0
0,2,0.00017061302767809255,0,0.0,0,5.669795427820645e-05,0,2.1158645008380247e-05,0,6.784404791315855e-08,0,4.3951986299362034e-05,0,3.999311229563318e-05,0
0,1,0.008910364607019917,0,0.01,0,0.0010970869334414601,0,4.619068333151734e-05,0,0.0015409899772592228,0,0.002031697193160653,0,0.0035380558110773563,0
0,5,0.027341843795245024,0,0.0,0,0.00016265186422970146,0,2.1419191072089218e-05,0,1.047618291876604e-06,0,0.0010480884229764342,0,0.000267710565822199,0
0,5,0.0004631816753876855,0,0.0,0,2.014690289797727e-05,0,3.667020604132307e-05,0,1.8085559613094463e-07,0,0.0002544168964959681,0,0.0001245088642463088,0
0,1,1.300964954642702e-05,0,0.0,0,1.8280794392921962e-05,0,3.751986985797964e-05,0,6.016644323267363e-08,0,5.087303725304082e-05,0,4.642968997359276e-05,0
0,2,8.468185663747409e-05,0,0.0,0,0.0004335818812251091,0,2.2270231949718064e-05,0,4.743879337969204e-05,0,0.0007675601518712938,0,0.0004429665859788656,0
0,4,0.008576996862167004,0,0.0,0,4.075298784300685e-05,0,0.00014948881584008232,0,0.001009442298571991,0,0.0012146594235673547,0,0.0014404518296942115,0
0,4,0.006550454817543168,0,0.02,0,0.0013034323928877711,0,0.0001057923978251794,0,0.0013383054438693425,0,0.012386157177388668,0,0.033836208283901215,0
0,5,0.9730927582044476,0,0.05,0,0.016015322878956795,0,0.010076243747169882,0,0.04644865495230084,0,0.052241113036870956,0,0.11531146615743637,0
0,3,7.67627857137998e-12,0,0.0,0,1.839607830333989e-05,0,2.240305874641568e-05,0,2.280596313039027e-07,0,4.1965729906223714e-05,0,3.999311229563318e-05,0
0,3,0.006755481779289544,0,0.02,0,0.0004359348095022142,0,3.082896952584188e-05,0,3.0350453983896058e-05,0,0.0006302956608124077,0,0.000517680193297565,0
0,5,0.004383502804099129,0,0.0,0,1.2975337995158043e-05,0,2.1412986129814526e-05,0,1.6260385044651897e-06,0,0.00020742589549627155,0,0.00026247615460306406,0
0,1,0.00039648256313960464,0,0.0,0,1.303002136410214e-05,0,5.6400990088214304e-05,0,9.659652073384606e-06,0,0.001735650235787034,0,0.00038753487751819193,0
0,2,0.0003176505716355866,0,0.0,0,9.156216401606798e-05,0,1.9049223697213775e-05,0,2.7912786002760126e-07,0,4.04673810407985e-05,0,3.999311229563318e-05,0
0,4,9.668410400631142e-06,0,0.01,0,8.133004484989215e-06,0,2.1328369230115178e-05,0,5.211971397755791e-07,0,7.944804383441806e-05,0,4.208653626847081e-05,0
0,2,0.11392991797491403,0,0.02,0,6.199478229973465e-05,0,2.5174690595568026e-05,0,0.00030262402115071896,0,0.004379298537969589,0,0.0010730415815487504,0
0,5,0.00017240086908773729,0,0.0,0,5.179540312383324e-05,0,3.87044674053666e-05,0,6.160170129184576e-07,0,4.408805398270488e-05,0,7.124244439182803e-05,0
0,1,1.0838912937025019e-13,0,0.03,0,0.00011700789764290676,0,3.29929408396859e-05,0,6.25215168599528e-07,0,4.286980765755288e-05,0,4.484295641304925e-05,0
0,2,0.04488643966914615,0,0.0,0,2.0403091184562072e-05,0,4.1829338565915194e-05,0,2.497130681403979e-07,0,7.947383710416034e-05,0,4.36807495134417e-05,0
0,4,0.9073652672870878,0,0.01,0,0.001821706653572619,0,0.0001581678540792697,0,0.0015200767663470875,0,0.019013766199350357,0,0.035127270966768265,0
0,3,1.774438201326832e-05,0,0.01,0,8.07660399004817e-06,0,6.704365033168523e-05,0,0.00013687415422573756,0,0.00023643703025300056,0,0.0011066588340327144,0
0,5,0.385503247446389,0,0.0,0,3.931192622985691e-06,0,2.1303117040648805e-05,0,7.368881604052986e-07,0,7.13745757821016e-05,0,3.999311229563318e-05,0
0,5,0.11807721504193626,0,0.01,0,4.0026381611824036e-05,0,6.689909811347497e-05,0,0.0003078453375079494,0,0.02621445432305336,0,0.006214608438313007,0
0,3,7.108521467754004e-05,0,0.0,0,2.761597716016695e-05,0,2.1010749723141608e-05,0,1.5854599039822395e-07,0,4.916898615192622e-05,0,3.999311229563318e-05,0
0,1,4.25874635605007e-06,0,0.0,0,0.00010064113303087652,0,2.9058831876566755e-05,0,1.2343413553644564e-07,0,2.635654527693987e-05,0,3.999311229563318e-05,0
0,3,2.4701643406103363e-06,0,0.0,0,4.748327683046227e-06,0,2.4939880928579255e-05,0,1.799477357211373e-06,0,0.00012209730630274862,0,0.00021022060536779463,0
0,4,0.34487136469088925,0,0.0,0,2.768363629002124e-05,0,2.6717182075871617e-05,0,0.00014631569489531788,0,0.0004574585473164916,0,0.00026183415320701897,0
0,2,0.00043426485439916504,0,0.0,0,2.6689191145123914e-05,0,2.0038860234900294e-05,0,3.55003898036347e-05,0,0.00321601121686399,0,0.005636067129671574,0
0,3,0.0002778699598727226,0,0.0,0,2.278512874909211e-05,0,3.444646179305492e-05,0,0.0001515117633662928,0,0.0002218271984020248,0,0.000380361161660403,0
0,1,0.0006698378811583353,0,0.01,0,1.1768966032832395e-05,0,7.81656917965893e-05,0,0.0001537857637723734,0,0.009471561759710312,0,0.027103502303361893,0
0,2,2.369526676177142e-08,0,0.0,0,0.000305018707877025,0,1.910407927183718e-05,0,1.2631105035657245e-05,0,6.069629671401344e-05,0,4.444804653758183e-05,0
0,5,0.9754648088060913,0,0.0,0,0.0005616414709948003,0,3.3304130691557916e-05,0,0.00023373740173125905,0,0.007152717560529709,0,0.014764516614377499,0
0,1,6.1464607775167145e-06,0,0.01,0,6.522939656861126e-06,0,7.003105521997293e-05,0,1.8938021176464205e-06,0,0.007236680947244167,0,0.0014678145525977015,0
0,2,1.7175901725297905e-06,0,0.0,0,1.434040314052254e-05,0,2.5669524610394596e-05,0,4.824706617656442e-08,0,4.0752405766397715e-05,0,3.999311229563318e-05,0
0,1,8.01012991199115e-05,0,0.0,0,3.488000629658927e-06,0,2.0832446452198357e-05,0,5.114278850940465e-07,0,3.9598839066457e-05,0,5.9590947785181925e-05,0
0,4,6.237660015945254e-05,0,0.02,0,1.990691089304164e-05,0,2.0278682670219773e-05,0,3.235735814873555e-05,0,0.0001500223734183237,0,0.00036655698204413056,0
0,5,0.10804336726043631,0,0.01,0,5.793702803202905e-05,0,8.065666697919852e-05,0,0.0004268204392467607,0,0.0043372660875320435,0,0.00248042494058609,0
0,4,0.00010194152845875095,0,0.0,0,5.865650382474996e-05,0,5.676466114749215e-05,0,4.86163384462553e-05,0,0.004634765442460775,0,0.0008623903850093484,0
0,2,0.07589371816894765,0,0.0,0,1.7512358681415208e-05,0,2.4239234115661007e-05,0,2.161713708691378e-06,0,7.815100252628326e-05,0,3.999311229563318e-05,0
0,1,3.724290227918066e-05,0,0.0,0,9.530309398542158e-06,0,2.1044313353219447e-05,0,0.0003992453956504721,0,0.0001235134550370276,0,0.0001122469620895572,0
0,1,0.003371516230129338,0,0.03,0,7.132597238523886e-05,0,3.0042633544193105e-05,0,4.721883115615153e-05,0,0.0015860727289691567,0,0.0008215465932153165,0
0,1,0.00552623253531515,0,0.0,0,7.960925358929671e-06,0,2.426109138055243e-05,0,5.7540357048516615e-05,0,0.0060341437347233295,0,0.008549616672098637,0
0,5,3.9210662265664874e-05,0,0.0,0,1.3716988860323909e-06,0,2.0257317335631533e-05,0,7.741257376318198e-05,0,0.0006213078740984201,0,0.00037980597699061036,0
0,5,0.8778806498499604,0,0.0,0,9.168623364530504e-05,0,6.299338609052999e-05,0,0.003139542491912857,0,0.02159580960869789,0,0.020517170429229736,0
0,5,0.025809772561074473,0,0.0,0,9.274001058656722e-06,0,2.1311221074410453e-05,0,8.363518736021355e-05,0,0.0006221798830665648,0,9.346999286208302e-05,0
0,2,1.3841377867968314e-07,0,0.0,0,7.020959310466424e-05,0,2.1107218783883154e-05,0,2.256951419987974e-07,0,5.121265712659806e-05,0,5.091447019367479e-05,0
0,1,0.00587277229798664,0,0.0,0,4.162987897871062e-05,0,2.0459335987781622e-05,0,6.653291400750018e-06,0,0.0010039482731372118,0,0.0030509778298437595,0
0,5,4.162550371711837e-06,0,0.0,0,0.00042174573172815144,0,4.425577138442192e-05,0,1.0561421508061021e-06,0,5.042525663156994e-05,0,4.528982753981836e-05,0
0,2,0.00010761399071989252,0,0.02,0,6.639576167799532e-05,0,0.00031353437514104943,0,0.0005901951326343285,0,0.002964843064546585,0,0.006887509953230619,0
0,4,0.001508173537268537,0,0.0,0,4.4456071918830276e-05,0,2.133046615335464e-05,0,1.2687857292681277e-07,0,0.00012266515113878995,0,8.360725769307464e-05,0
0,3,0.7176327877598455,0,0.03,0,0.002813850063830614,0,0.00013211939004332732,0,0.01315007179035758,0,0.03184336796402931,0,0.045226551592350006,0
0,2,8.795706081071758e-05,0,0.01,0,6.919167935848236e-05,0,0.0003725101851778934,0,0.008176438833040001,0,0.002614937722682953,0,0.003685837611556053,0
0,1,1.3685759314365916e-05,0,0.0,0,2.2174283458298305e-06,0,2.1042445739734693e-05,0,3.1951678339485846e-08,0,2.593315912235994e-05,0,3.999311229563318e-05,0
0,2,1.1556830468693573e-05,0,0.0,0,0.0001623946154722944,0,6.392047595590967e-05,0,7.521245369845171e-07,0,0.0008933305507525802,0,0.0005874521448276937,0
0,5,5.241163398181232e-06,0,0.0,0,4.067308327648789e-05,0,2.1512747144812747e-05,0,2.5773864316315077e-08,0,6.015201142872684e-05,0,4.77260364277754e-05,0
0,1,6.983121806187203e-07,0,0.0,0,4.964055278833257e-06,0,2.5355655352730556e-05,0,5.651106026616695e-06,0,5.6558637879788876e-05,0,0.00016875854635145515,0
0,4,5.881814293756858e-05,0,0.0,0,6.828435289207846e-06,0,2.5333911987250034e-05,0,2.5687106574452862e-08,0,7.944972458062693e-05,0,3.999311229563318e-05,0
0,4,0.3847491137933104,0,0.03,0,0.000566783593967557,0,0.0002225527644825032,0,0.006943526158913348,0,0.009038269519805908,0,0.007525235880166292,0
0,2,0.0004362575295467542,0,0.01,0,7.747222298348788e-06,0,2.372410784147773e-05,0,8.182443575774375e-06,0,5.8979494497179985e-05,0,0.00010775095870485529,0
0,4,4.5465021220734885e-05,0,0.0,0,8.561592949263286e-06,0,2.1329953130827758e-05,0,2.0383313791782313e-08,0,7.944804383441806e-05,0,3.999311229563318e-05,0
0,2,0.0012959243951831609,0,0.01,0,0.00013871837290935218,0,5.563845332270211e-05,0,0.000499966862344137,0,0.0024350215680897236,0,0.0004948092973791063,0
0,4,0.003176250679467553,0,0.01,0,0.0005248019006103277,0,0.00024172580813564633,0,0.00042005843420619325,0,0.008605231530964375,0,0.0035215048119425774,0
0,4,0.003487701087377166,0,0.01,0,0.0002557163534220308,0,6.264008968066307e-05,0,0.00033952716659080794,0,0.005438693333417177,0,0.0037252712063491344,0
0,1,2.4614442943921356e-07,0,0.0,0,8.483696547045838e-06,0,2.104924023438918e-05,0,1.0774564409728646e-08,0,2.9062564863124862e-05,0,4.4842989154858515e-05,0
0,4,0.0007956558587343276,0,0.01,0,1.3471393685904332e-05,0,7.820421403302555e-05,0,0.0030092185456877195,0,0.003980071283876896,0,0.0038778113666921854,0
0,3,0.00107399039937358,0,0.03,0,1.1093326065747533e-05,0,2.1062073255309922e-05,0,1.5154184547500555e-05,0,0.00018387621094007045,0,0.0007445713854394853,0
0,2,0.0015677800006196358,0,0.06,0,0.003097443375736475,0,0.00013111647000383237,0,0.0014643904572265698,0,0.07161521166563034,0,0.12041298300027847,0
0,3,0.0013961104241014693,0,0.0,0,1.661341593717225e-05,0,2.1375588582551907e-05,0,2.3080919845742735e-07,0,0.00021565475617535412,0,3.999311229563318e-05,0
0,4,1.2119201251897394e-05,0,0.0,0,2.0926881916238926e-05,0,2.4916784241395948e-05,0,1.0068350529816259e-07,0,7.944804383441806e-05,0,4.4574746425496414e-05,0
0,1,3.4496037102179935e-08,0,0.0,0,4.308170173317194e-05,0,2.060892204797147e-05,0,2.5319819641828042e-08,0,2.6033359972643666e-05,0,3.999311229563318e-05,0
0,5,5.302497233159042e-06,0,0.0,0,3.7106594845681684e-06,0,2.1520399637261828e-05,0,4.240292999452493e-08,0,6.647457485087216e-05,0,4.3278461816953495e-05,0
0,3,9.44924213826053e-07,0,0.0,0,1.3018183153690188e-06,0,2.137409607532134e-05,0,4.054786235269093e-08,0,0.00014500727411359549,0,5.0683258450590074e-05,0
0,4,0.0004134875422961683,0,0.01,0,4.7474536586378235e-06,0,2.0011253203413638e-05,0,1.1425540210143717e-06,0,0.00011159493442391977,0,7.23437697160989e-05,0
0,4,0.06531226693081424,0,0.04,0,0.005041430238634348,0,0.0013749948413876389,0,0.004128124114919776,0,0.25812792778015137,0,0.21858039498329163,0
0,4,0.013780752418629593,0,0.01,0,0.00034526767558418214,0,2.534943059072201e-05,0,2.5151508402146136e-06,0,0.0007311746594496071,0,0.0006624335655942559,0
0,1,1.6092381500852379e-06,0,0.0,0,3.1971168937161565e-05,0,3.948134215797722e-05,0,3.8126347855507507e-07,0,3.220166763640009e-05,0,5.267936285235919e-05,0
0,5,0.18534148331421924,0,0.03,0,0.00014954736980143934,0,2.524061112284653e-05,0,6.655437072744034e-05,0,0.005030793137848377,0,0.011287677101790905,0
0,2,2.881287081500549e-05,0,0.0,0,4.353843905846588e-06,0,2.6362675913354373e-05,0,1.5477630867164232e-06,0,0.0007575933123007417,0,0.0006219400092959404,0
0,1,0.16427227899738142,0,0.0,0,2.7304380637360737e-05,0,3.1074550222712574e-05,0,6.003362495518702e-05,0,0.0038284838665276766,0,0.010293091647326946,0
0,4,4.284211701081183e-06,0,0.0,0,1.020541003526887e-05,0,9.075494635230474e-05,0,1.9375065089368157e-05,0,0.01890103705227375,0,0.0497896634042263,0
0,1,0.055017248163330076,0,0.0,0,8.141336002154276e-05,0,0.00017711518719228057,0,0.003763913199878727,0,0.0125162024050951,0,0.008286334574222565,0
0,5,7.564725425521717e-06,0,0.0,0,9.160119952866808e-05,0,3.20606223423467e-05,0,5.1779439317867146e-05,0,0.0005227281944826245,0,0.0004490576684474945,0
0,2,0.00022847594457844724,0,0.01,0,3.9622750591661315e-06,0,3.311478131527201e-05,0,0.0005027722302045657,0,0.001809371286071837,0,0.0024084183387458324,0
0,5,8.342801619180236e-06,0,0.0,0,4.4567539589479566e-05,0,3.2876125874423896e-05,0,1.0982418059951455e-07,0,0.0002019267703872174,0,0.00037637545028701425,0
0,5,0.2740410945777498,0,0.0,0,5.545426574826706e-06,0,4.104483741968285e-05,0,4.5696418201884246e-05,0,0.006408001761883497,0,0.001714747166261077,0
0,1,0.7552227445604959,0,0.0,0,0.0006050140946172178,0,7.814178062974686e-05,0,0.0037227652109573903,0,0.002886613830924034,0,0.008943168446421623,0
0,4,0.0018194571266494665,0,0.0,0,5.7492987252771854e-05,0,3.356969295466255e-05,0,3.821723019702237e-06,0,0.0019396761199459434,0,0.0007500501815229654,0
0,1,0.0003548360182193214,0,0.01,0,0.0021057091653347015,0,0.0004408724631940251,0,0.00010057973805314974,0,0.004523941315710545,0,0.0023966284934431314,0
0,2,0.00010208333609343109,0,0.03,0,8.460408571409062e-05,0,2.4108330521760037e-05,0,7.07816064635394e-08,0,0.00015180672926362604,0,0.00015900449943728745,0
0,3,1.0253917194476526e-07,0,0.0,0,1.4716945770487655e-05,0,4.089685705853613e-05,0,1.566215285471617e-06,0,0.0007169247255660594,0,0.0002165758633054793,0
0,5,4.281434626751461e-05,0,0.0,0,9.521498213871382e-06,0,2.557669929798934e-05,0,4.6626546698729895e-06,0,3.8870213757036254e-05,0,3.999311229563318e-05,0
0,1,0.013133354864506754,0,0.02,0,0.0005328625557012856,0,0.00044401290841938266,0,0.00011175983516312018,0,0.0047233449295163155,0,0.0006157071329653263,0
0,4,0.30705222824754164,0,0.02,0,0.00031596029293723404,0,0.00015502892667383219,0,0.003323139352651625,0,0.025181850418448448,0,0.021152066066861153,0
0,5,0.0003518016338422236,0,0.0,0,2.1593564270006027e-06,0,2.1259005304641672e-05,0,1.592042474347721e-06,0,3.548683162080124e-05,0,3.999311229563318e-05,0
0,2,0.863318582856511,0,0.03,0,0.0009836475364863873,0,0.0024858734753073286,0,0.002851987996031702,0,0.11320614069700241,0,0.07527846843004227,0
0,3,0.028354829573989097,0,0.0,0,0.00012995596625842154,0,3.280406487128001e-05,0,6.317866692461145e-05,0,4.80796916235704e-05,0,4.0328362956643105e-05,0
0,1,1.4627711239053456e-09,0,0.01,0,0.00012038474960718304,0,0.0001241630400358201,0,1.8656828854014478e-05,0,0.00016950698045548052,0,0.000146692298585549,0
0,1,0.0004228430470613918,0,0.0,0,8.659753075335175e-05,0,6.876706239662579e-05,0,2.8473995256901537e-05,0,0.0005521466955542564,0,0.00029880047077313066,0
0,4,0.8915747031158765,0,0.1,0,0.0003329437458887696,0,0.0003527517522428386,0,0.005380762227127117,0,0.03225355222821236,0,0.012219207361340523,0
0,2,1.48329636513959e-06,0,0.0,0,3.857595947920345e-05,0,2.445854049616932e-05,0,3.462733263864749e-07,0,7.449666736647487e-05,0,4.378504672786221e-05,0
0,3,0.003250041577650941,0,0.02,0,0.0001324071199633181,0,2.845849952381776e-05,0,7.318570065475759e-05,0,0.0025762575678527355,0,0.0033367162104696035,0
0,4,0.014681438756885158,0,0.01,0,5.3616244258591905e-05,0,0.00011862834660140345,0,0.0010458961408730803,0,0.02139744907617569,0,0.03055921383202076,0
0,4,0.0018318722364293405,0,0.01,0,2.3627937480341643e-05,0,2.2999836874740023e-05,0,0.00010582608853764484,0,0.0017612645169720054,0,0.0028640995733439922,0
0,2,7.369725933634305e-05,0,0.01,0,0.00010230073530692607,0,4.236172385822611e-05,0,2.626693517785038e-06,0,0.0001266190956812352,0,4.9327594751957804e-05,0
0,2,0.08260337459225638,0,0.05,0,0.001821946119889617,0,0.00010822180290807116,0,0.0003307583101262713,0,0.0007077495683915913,0,0.00023865618277341127,0
0,1,0.00026939240137755264,0,0.03,0,8.088298636721447e-05,0,3.4245559362166817e-05,0,4.671793842553757e-06,0,8.697972953086719e-05,0,6.937299622222781e-05,0
0,1,0.007402073114069139,0,0.01,0,0.0004688558401539922,0,0.00010543376719068065,0,0.00010402014312971406,0,0.0003508194931782782,0,0.00014488813758362085,0
0,5,0.0001105536328003747,0,0.0,0,2.2623173208558e-05,0,4.7168965427453584e-05,0,2.7159225464182425e-05,0,0.0009248690912500024,0,0.0026311567053198814,0
0,3,0.001542233526502217,0,0.0,0,4.468081897357479e-05,0,7.271862298329023e-05,0,0.00046328246678408683,0,0.00782081764191389,0,0.006559108383953571,0
0,2,0.012830143099260036,0,0.0,0,2.9031263693468645e-05,0,4.244542594077415e-05,0,0.00696938110776506,0,0.008210846222937107,0,0.014488283544778824,0
0,5,0.010292603871473047,0,0.0,0,0.00016936972679104656,0,3.4187368581864116e-05,0,5.047654672749343e-06,0,0.0007460670312866569,0,0.0037974899169057608,0
0,3,0.0001750082962354525,0,0.0,0,5.493529897648841e-05,0,2.4685813528407605e-05,0,0.00017650835638739816,0,0.0002722242788877338,0,0.0002647002402227372,0
0,2,0.0012022690214110092,0,0.0,0,0.0002167679776903242,0,0.00015515203972013,0,8.350897863787569e-06,0,0.0003188356349710375,0,0.00014257500879466534,0
0,2,0.0006148130378978461,0,0.02,0,0.0028635754715651274,0,0.00010271304400985874,0,0.0008286714241094763,0,0.0014859451912343502,0,0.0004255942185409367,0
0,1,0.004199017852568399,0,0.0,0,0.00012152716226410121,0,5.1985162999131083e-05,0,7.992716592722081e-05,0,0.004003218840807676,0,0.0024835143703967333,0
0,4,0.000248091312504046,0,0.0,0,2.487632264092099e-05,0,1.581217848887378e-05,0,4.269481457178958e-06,0,0.0033521337900310755,0,0.0015541063621640205,0
0,3,2.111577636304624e-08,0,0.01,0,6.018851127009839e-05,0,2.6004026902241326e-05,0,3.6352871990151792e-06,0,5.175877595320344e-05,0,3.999311229563318e-05,0
0,1,0.04551153356884858,0,0.04,0,0.0013375034322962165,0,8.01661768320628e-05,0,0.00012197541124879028,0,0.0021565924398601055,0,0.0020882487297058105,0
0,4,1.6523516378410947e-06,0,0.01,0,3.0068236810620874e-05,0,4.229866355256405e-05,0,7.354580250495862e-07,0,0.000187661949894391,0,9.960859460989013e-05,0
0,2,1.1758559679714063e-06,0,0.0,0,5.0801780162146315e-05,0,2.4702956097247724e-05,0,7.239506191737526e-07,0,3.5568846215028316e-05,0,3.999311229563318e-05,0
0,1,0.6337649308347474,0,0.04,0,0.005171481054276228,0,0.0036098750481165388,0,0.07164744734561981,0,0.06922157853841782,0,0.08561341464519501,0
0,4,0.006199425738177219,0,0.01,0,7.752043893560767e-05,0,2.9796805937075585e-05,0,9.111603935349956e-07,0,0.011311064474284649,0,0.024706335738301277,0
0,4,0.004393132187401395,0,0.02,0,0.00047290691873058677,0,0.0002756576406814345,0,0.0021059303268515838,0,0.002362234052270651,0,0.00022823142353445292,0
0,3,0.0012148973232441863,0,0.01,0,0.000674721784889698,0,5.5345419419686285e-05,0,0.002198074922705522,0,0.001483981846831739,0,0.0005917497910559177,0
0,1,0.6506009010564394,0,0.04,0,0.0018024095334112644,0,0.0030699652792171572,0,0.0005081842250292338,0,0.05273041874170303,0,0.05153626948595047,0
0,3,0.39207605662081757,0,0.02,0,0.0011833597673103213,0,0.0007813563636997008,0,0.0003322449450576689,0,0.024275081232190132,0,0.024037927389144897,0
0,3,0.9439946286005126,1,0.09,0,0.28236380219459534,0,0.11030865477742821,1,0.07680632313100386,0,0.17646586894989014,0,0.0821039080619812,0
0,2,1.8790999602274182e-05,0,0.03,0,0.0005236848373897374,0,0.00010361810781428123,0,1.0206141003050776e-05,0,0.0006104430067352951,0,0.00013384412159211934,0
0,4,0.0008552851793444897,0,0.04,0,0.00030120962765067816,0,0.00010920525342059909,0,6.783943830836058e-05,0,0.00028979088529013097,0,0.00028911171830259264,0
0,5,0.00136987501328846,0,0.0,0,2.6015295588877052e-05,0,3.1195688824245895e-05,0,7.299993489493906e-06,0,0.00026864916435442865,0,0.00038785944343544543,0
0,3,0.0005509150442162165,0,0.0,0,0.00019810881349258125,0,0.0002082389217023244,0,0.0002979877533807749,0,0.003813656512647867,0,0.002626210916787386,0
0,3,0.001002191693915866,0,0.0,0,0.00010299402492819354,0,4.498727606843752e-05,0,1.2843789999511431e-05,0,0.004306189715862274,0,0.0034933267161250114,0
0,2,0.2894690661255401,0,0.02,0,0.00010230531916022301,0,5.956999733098369e-05,0,0.0004813238495816829,0,0.00460653193295002,0,0.006292384117841721,0
0,1,0.00011049216436897766,0,0.0,0,1.9568369680200703e-05,0,3.511510786595704e-05,0,4.634993250301812e-07,0,5.987254189676605e-05,0,0.0001125932321883738,0
0,3,0.02160910023910398,0,0.02,0,3.7193229218246415e-05,0,0.0005028442876701332,0,0.0005376719804848681,0,0.04610799252986908,0,0.06268053501844406,0
0,1,0.425361878146859,0,0.01,0,0.0005533302901312709,0,0.0005274473008139343,0,0.016100565241332913,0,0.06486551463603973,0,0.03869854658842087,0
0,2,0.9979656010964301,1,0.09,0,0.1484803557395935,0,0.05137157261292666,0,0.0015711010017066666,0,0.5556309819221497,1,0.5820375084877014,1
0,3,1.915002078276705e-05,0,0.0,0,9.639863492338918e-06,0,2.3630661974804487e-05,0,3.0424528672687186e-06,0,0.0002677322772797197,0,7.708739576628432e-05,0
0,1,0.029807246761231962,0,0.06,0,0.0007711565122008324,0,9.160826312117484e-05,0,0.03477074185127962,0,0.0021923771128058434,0,0.00015535086276941001,0
0,3,4.953026240800585e-05,0,0.0,0,0.0001229222398251295,0,0.00010376086896780048,0,6.723827813165492e-05,0,6.127153028501198e-05,0,4.0790258935885504e-05,0
0,5,2.954394561367492e-06,0,0.0,0,5.1886461733374745e-05,0,2.8163200434480297e-05,0,1.6953358664058626e-06,0,3.931711398763582e-05,0,5.4721152991987765e-05,0
0,3,0.002601399407266998,0,0.02,0,0.0006634569726884365,0,0.0003834593227851271,0,0.000209592670278151,0,0.0035763555206358433,0,0.014731592498719692,0
0,1,0.0782055198630109,0,0.04,0,0.0010485746897757053,0,0.0011285264417247192,0,0.0007594465387924659,0,0.010876266285777092,0,0.0029106270521879196,0
0,4,0.0006484164419112578,0,0.01,0,0.00016294447414111346,0,5.421995770884259e-05,0,9.19724321329786e-05,0,0.002722088247537613,0,0.0024663866497576237,0
0,5,0.48205245511836525,0,0.06,0,0.00104621727950871,0,8.315029437302117e-05,0,0.01714479334924085,0,0.04566987603902817,0,0.3034939765930176,0
0,2,0.0026441475569687167,0,0.03,0,0.00040418392745777965,0,8.250465047974824e-05,0,4.871018902943267e-06,0,0.0001496982149546966,0,4.307733252062462e-05,0
0,3,0.006509353892633653,0,0.08,0,0.0070531778037548065,0,0.007888427006022717,0,0.10451843052607133,0,0.004881942644715309,0,0.008285213261842728,0
0,1,0.4157197432637226,0,0.13,1,0.7467921376228333,1,0.6510027012057812,1,0.9712623329161668,1,0.1042737141251564,0,0.03934647887945175,0
0,4,0.0200392664463376,0,0.0,0,1.725829679344315e-05,0,1.8508940059554586e-05,0,0.0001325884190970693,0,0.0006722058169543743,0,4.0834951505530626e-05,0
0,2,6.712946021109536e-05,0,0.0,0,0.0001274153619306162,0,0.00016166761978461078,0,1.0518725387361335e-05,0,0.00010142050450667739,0,8.624331530882046e-05,0
0,3,3.3360087573080745e-07,0,0.02,0,1.522964066680288e-05,0,0.00010665416339416574,0,5.56891871467853e-06,0,0.0011427145218476653,0,0.00107587780803442,0
0,5,0.009639884191379362,0,0.15,1,0.0006149385590106249,0,0.018630733121114254,0,0.10038609075378413,0,0.011732598766684532,0,0.03778642416000366,0
0,2,2.083270853325461e-06,0,0.0,0,2.761512178039993e-06,0,2.551705050971671e-05,0,2.0287718574637593e-07,0,3.449425275903195e-05,0,3.999311229563318e-05,0
0,4,0.004495560122582928,0,0.0,0,5.5977783631533384e-05,0,3.404155336609027e-05,0,0.0002042773866653399,0,0.0006570820114575326,0,0.0003281217359472066,0
0,5,2.536312167118529e-06,0,0.01,0,7.193163764895871e-05,0,8.458430036190419e-05,0,0.004038735157547447,0,0.022891249507665634,0,0.018271969631314278,0
0,5,0.5042571982457819,0,0.05,0,0.006724801380187273,0,0.0011221357188535054,0,0.0013932873463092695,0,0.11286402493715286,0,0.0526590459048748,0
0,3,1.5379965328975253e-05,0,0.08,0,0.0006630445132032037,0,0.0009255725584627147,0,0.0008786247019699163,0,0.0004941484658047557,0,0.0001212662027683109,0
0,1,0.5424192529697445,0,0.04,0,0.00031404817127622664,0,0.0008259420025957558,0,0.00026665817647195084,0,0.036437202244997025,0,0.006052655633538961,0
0,3,0.016479178161969015,0,0.05,0,0.017866266891360283,0,0.00021187691380633898,0,0.10500756367678012,0,0.0480494350194931,0,0.12916779518127441,0
0,5,0.017409059568809067,0,0.02,0,5.419215085566975e-06,0,7.238509204437077e-05,0,0.00016529904910948538,0,7.210027979454026e-05,0,0.00035927476710639894,0
0,2,0.011578795276281043,0,0.06,0,0.00404590368270874,0,0.0010944439758804906,0,0.10183055744804623,0,0.1231851652264595,0,0.07007850706577301,0
0,5,0.010752418935210502,0,0.03,0,0.00012236277689225972,0,2.2834082463003384e-05,0,0.0006129288122745778,0,0.00258054630830884,0,0.03881463408470154,0
0,3,4.914556901995393e-06,0,0.01,0,2.9646384064108133e-05,0,2.1776249069775444e-05,0,2.404182510803686e-05,0,0.004681187216192484,0,0.009678306058049202,0
0,2,0.0017028731729630524,0,0.0,0,9.234524441126268e-06,0,3.679346827033446e-05,0,5.7811239834933346e-05,0,0.0008807279518805444,0,0.0008872862672433257,0
0,2,0.0008285756374588655,0,0.0,0,1.3028122339164838e-05,0,2.09263758824413e-05,0,2.3120437423765359e-07,0,0.0002091653150273487,0,4.251860445947386e-05,0
0,5,0.0003260075386617267,0,0.05,0,0.0003068378136958927,0,4.181574677594046e-05,0,0.0002567888639049464,0,0.0006708421860821545,0,0.0015427912585437298,0
0,3,1.1906929376901008e-06,0,0.0,0,0.00016705674352124333,0,5.441053931549865e-05,0,5.259597604651786e-06,0,0.00021847448078915477,0,0.0001423401990905404,0
0,3,0.0004325238779886681,0,0.04,0,7.561728125438094e-06,0,0.00012234532921583962,0,0.000351985722150165,0,0.0002087033644784242,0,0.0002450466563459486,0
0,4,0.08676891013492383,0,0.02,0,0.00013449578545987606,0,6.448169652024348e-05,0,0.00018762247831488016,0,0.0011554547818377614,0,0.0025814147666096687,0
0,3,0.0633288164056849,0,0.0,0,0.0003902737225871533,0,7.245616571214217e-05,0,0.00017803839069839702,0,0.0007132230675779283,0,0.0015715017216280103,0
0,2,0.0019887980557486604,0,0.0,0,8.037399675231427e-05,0,4.1312925956995934e-05,0,1.2000259578707395e-06,0,5.24847891938407e-05,0,3.999311229563318e-05,0
0,3,0.00549593894082701,0,0.0,0,5.376836998038925e-05,0,2.025142967650697e-05,0,5.78368194268829e-07,0,7.828987872926518e-05,0,4.376270590000786e-05,0
0,2,0.01858998662341067,0,0.02,0,0.0009813369251787663,0,7.57186025156042e-05,0,6.139710175650606e-05,0,0.002163010649383068,0,0.00035806107916869223,0
0,2,0.185270629657368,0,0.0,0,0.0010838158195838332,0,9.50872624463903e-05,0,0.011627526401904719,0,0.00814052578061819,0,0.012538475915789604,0
0,2,0.00015908991839374214,0,0.01,0,2.7731437512557022e-05,0,0.00038288376278549827,0,0.00048270231076198185,0,0.005213981028646231,0,0.004829732701182365,0
0,2,0.002310907798339147,0,0.01,0,3.019584710273193e-06,0,3.747777336882418e-05,0,0.0001285242902597256,0,0.0005008922889828682,0,7.311811350518838e-05,0
0,5,0.02144588871119065,0,0.01,0,5.289640830596909e-05,0,0.00019531989778944663,0,0.0003036920883395841,0,0.0009782933630049229,0,0.024945909157395363,0
0,2,0.9841402257007501,1,0.12,1,0.11590847373008728,0,0.01784328629783422,0,0.009005350355202803,0,0.1027599647641182,0,0.06102415546774864,0
0,2,0.08893470447470916,0,0.0,0,0.00020438215869944543,0,1.9495969247624935e-05,0,0.0008717243677507212,0,0.00029817927861586213,0,4.3643551180139184e-05,0
0,5,0.0008967204286218005,0,0.01,0,1.7280413885600865e-05,0,2.005319613939052e-05,0,3.094482115370885e-07,0,4.5456366933649406e-05,0,5.679928290192038e-05,0
0,1,0.11042361707361113,0,0.04,0,0.000791201600804925,0,6.609732315058664e-05,0,0.028594022755862418,0,0.007042657118290663,0,0.008600648492574692,0
0,4,0.1375030363086329,0,0.02,0,0.00043774358346126974,0,0.00013542361757134524,0,0.000510574139120047,0,0.019623517990112305,0,0.08150830864906311,0
0,2,0.6536596369326328,0,0.07,0,0.004409750923514366,0,0.004830577383437904,0,0.20815406081532406,1,0.07047919929027557,0,0.12601280212402344,0
0,4,0.2703731017529468,0,0.03,0,0.002291250741109252,0,0.00015458164188992212,0,0.003793880841517492,0,0.0561663955450058,0,0.1294073760509491,0
0,4,0.0029490532669293502,0,0.0,0,1.03482425402035e-05,0,6.046177048155201e-05,0,3.5141449464328645e-05,0,0.011124366894364357,0,0.016721639782190323,0
0,1,0.16444368056585937,0,0.03,0,0.07380560785531998,0,0.0042578946236247785,0,0.13533367227725882,1,0.025141045451164246,0,0.009115016087889671,0
0,3,3.252295101963197e-06,0,0.0,0,5.933039938099682e-05,0,6.0638739659044575e-05,0,4.885930631741883e-05,0,0.0006539435707964003,0,6.739789387211204e-05,0
0,2,3.700269472233684e-05,0,0.0,0,0.0001906029792735353,0,3.0257262473133938e-05,0,1.497704784663339e-06,0,6.122934428276494e-05,0,3.999311229563318e-05,0
0,3,0.00038933739745876785,0,0.01,0,0.00022933892614673823,0,0.00011518341131454656,0,2.865782940275926e-05,0,0.0004446558887138963,0,5.4520147386938334e-05,0
0,2,0.34056362382659816,0,0.02,0,0.0003829473571386188,0,0.00016110359616480023,0,6.87652459203274e-05,0,0.0015426750760525465,0,0.003386126831173897,0
0,1,0.024128586684171678,0,0.0,0,2.2200343664735556e-05,0,2.0105717376564773e-05,0,1.5135429342095889e-05,0,0.033843111246824265,0,0.20130997896194458,0
0,3,0.05290466809075172,0,0.01,0,1.996143146243412e-05,0,0.00010548698287864895,0,0.0017252538882921399,0,0.0006469537038356066,0,0.0010875907028093934,0
0,3,2.6575874468012734e-05,0,0.03,0,0.00047363777412101626,0,0.0006888759917714679,0,3.7234424232798565e-05,0,0.0005953509826213121,0,0.0002752445579972118,0
0,4,0.285591966738712,0,0.09,0,0.031319547444581985,0,0.0008655629496206843,0,0.04625429832444101,0,0.050523385405540466,0,0.000902645057067275,0
0,5,0.11295077471057804,0,0.0,0,7.286379968718393e-06,0,2.972839421190954e-05,0,0.00030286209285591034,0,3.973149068769999e-05,0,3.999311229563318e-05,0
0,1,0.670422190549559,0,0.01,0,0.0005864682607352734,0,0.00028064913657943114,0,0.001881117098231144,0,0.05598687380552292,0,0.05189700797200203,0
0,2,0.0035134262112528425,0,0.01,0,0.00026203313609585166,0,0.00011442754017265236,0,0.0006969202313454844,0,0.00012733045150525868,0,0.00029781219200231135,0
0,1,0.002158759475522878,0,0.03,0,0.0005613013636320829,0,0.00023597818550175135,0,0.0009676165754117461,0,0.023923156782984734,0,0.027671150863170624,0
0,1,0.13920698816477697,0,0.12,1,0.0005941058625467122,0,0.0007022344934495042,0,0.15467193487021402,1,0.1084626093506813,0,0.07351959496736526,0
0,5,0.07403208641581786,0,0.0,0,2.0139677872066386e-05,0,4.8358721985969104e-05,0,4.007674625456001e-06,0,8.162627636920661e-05,0,3.999311229563318e-05,0
0,4,0.0846145238972103,0,0.0,0,9.990628313971683e-06,0,3.18311043551929e-05,0,3.7248720354364734e-05,0,0.0002598937717266381,0,4.4746131607098505e-05,0
0,2,0.4118945862367649,0,0.24,1,0.6408141255378723,1,0.5678965431286592,1,0.6492593814601898,1,0.4425358176231384,0,0.4635429382324219,1
0,4,0.007239310424252239,0,0.04,0,0.003959803842008114,0,0.0008843015942764787,0,1.4144000490386395e-05,0,0.0011410923907533288,0,0.00011384124809410423,0
0,4,0.1835892884050605,0,0.18,1,0.00516760628670454,0,0.001953468292358254,0,0.06663078408374203,0,0.0836876630783081,0,0.1442679762840271,0
0,1,0.8643993176608524,0,0.04,0,0.0014566621975973248,0,0.0002551564054216005,0,0.04195841459241468,0,0.022791745141148567,0,0.031108377501368523,0
0,2,0.00011797946009424988,0,0.0,0,6.710528850817354e-06,0,3.1514776872721023e-05,0,4.236575402755152e-05,0,0.00015295312914531678,0,8.798694761935622e-05,0
0,1,0.0005853199858587287,0,0.0,0,8.594372047809884e-06,0,2.165558492318444e-05,0,1.970806077963861e-05,0,6.83375183143653e-05,0,8.480036194669083e-05,0
0,2,0.00019145958102310563,0,0.0,0,0.0017928461311385036,0,4.186577607128559e-05,0,3.116500405404611e-05,0,0.01683215983211994,0,0.0007490105926990509,0
0,2,9.428641065552014e-05,0,0.02,0,9.249578397430014e-06,0,0.0003966421266461921,0,0.00025424607897249973,0,0.0011056549847126007,0,0.00036904605804011226,0
0,1,0.1453235911959041,0,0.03,0,0.0001103770628105849,0,0.0002654544839447258,0,0.0014339989971045213,0,0.0037569375708699226,0,0.0070291864685714245,0
0,1,1.9836872947827377e-06,0,0.0,0,8.118273399304599e-06,0,5.07311780783363e-05,0,2.875524092780456e-07,0,2.602680615382269e-05,0,3.999311229563318e-05,0
0,2,5.367699841246457e-06,0,0.01,0,0.003314140485599637,0,0.00010496745489181124,0,9.040206599520056e-05,0,0.00013262435095384717,0,3.999311229563318e-05,0
0,1,4.525811252041161e-05,0,0.0,0,1.2810750376957003e-05,0,1.9262741995447346e-05,0,1.2273028605248686e-05,0,8.677364530740306e-05,0,7.879488111939281e-05,0
0,5,0.0048058125509977435,0,0.0,0,2.160362055292353e-05,0,1.678373455704492e-05,0,0.00011633818545880898,0,0.00020608422346413136,0,0.00047439674381166697,0
0,4,0.00017480104904224177,0,0.01,0,5.465026697493158e-05,0,2.4211678396836573e-05,0,1.8699554562055963e-05,0,0.0014807571424171329,0,0.0008090892806649208,0
0,3,0.9771483957843822,1,0.04,0,0.7487337589263916,1,0.026658623360819974,0,0.5509623315391254,1,0.038629695773124695,0,0.17731973528862,0
0,4,0.0032774278757929484,0,0.0,0,9.883601887850091e-05,0,2.8237206011974153e-05,0,0.00030027949955743766,0,0.0006872407393530011,0,0.0007677350076846778,0
0,4,0.00042445594576317764,0,0.0,0,3.840362842311151e-05,0,1.6368500094737715e-05,0,9.943119592087145e-06,0,0.00039951899088919163,0,4.011231430922635e-05,0
0,4,0.9303408600787834,0,0.11,0,0.010285528376698494,0,0.0023005023601532274,0,0.005104754900510164,0,0.06130921468138695,0,0.06665662676095963,0
0,5,0.0005996961138419173,0,0.02,0,0.00047213738434948027,0,0.00714274793781555,0,0.0008872532853325786,0,0.025660423561930656,0,0.00920065212994814,0
0,5,0.0003117232181554536,0,0.02,0,0.00021463216398842633,0,6.30052517186499e-05,0,0.014015773146192366,0,0.011093035340309143,0,0.01253541186451912,0
0,3,0.6242057962018006,0,0.02,0,0.0004616828518919647,0,0.00012516343798177104,0,0.0061627053283843155,0,0.0017275272402912378,0,0.0025324837770313025,0
0,1,0.00018676157093532904,0,0.01,0,0.009375200606882572,0,6.219805505923488e-05,0,1.4070940911622988e-05,0,0.0012031944934278727,0,0.0002850187593139708,0
0,4,0.0012791134083507923,0,0.0,0,0.006918588187545538,0,0.0005075019010625023,0,0.0011063336101657056,0,0.07577337324619293,0,0.31843313574790955,0
0,3,0.0048294495234539984,0,0.01,0,0.00016492589202243835,0,2.421526250306404e-05,0,3.243637019528324e-05,0,0.00020448512805160135,0,4.2876210500253364e-05,0
0,4,2.1620271483991914e-08,0,0.0,0,3.0832190986984642e-06,0,2.0671062075593142e-05,0,1.8415510023532524e-08,0,0.00011235675628995523,0,6.485245830845088e-05,0
0,3,0.8761109734725882,0,0.05,0,0.05847112461924553,0,0.011836405327052256,0,0.1632530946143798,1,0.045943088829517365,0,0.19338703155517578,0
0,1,5.8331057100690805e-06,0,0.0,0,3.0761835660086945e-05,0,2.9096934279813535e-05,0,2.5681132307606343e-06,0,6.085526547394693e-05,0,0.00010150354501092806,0
0,1,0.18012717695167305,0,0.0,0,0.001142491470091045,0,0.0006067981442052725,0,0.0019098335529820537,0,0.0027055302634835243,0,0.0013539593201130629,0
0,5,6.385133575598494e-05,0,0.01,0,8.509449253324419e-05,0,4.7263968996084196e-05,0,6.193460644728439e-06,0,0.0004180289979558438,0,0.00045258409227244556,0
0,4,0.048267785630258436,0,0.02,0,0.0006781106349080801,0,0.0016110922774864767,0,0.04873503600342009,0,0.23720192909240723,0,0.10079030692577362,0
0,1,0.025964823308052387,0,0.0,0,9.693683750811033e-06,0,3.9834148406875776e-05,0,0.00035730911195708124,0,0.014423608779907227,0,0.03139171376824379,0
0,3,0.19525271287200607,0,0.01,0,7.833712152205408e-05,0,1.7659183625450282e-05,0,5.4178481613119105e-05,0,5.7692854170454666e-05,0,5.307422543410212e-05,0
0,3,1.659310774782729e-05,0,0.0,0,7.784934496157803e-06,0,2.701974501459247e-05,0,2.9882121249189104e-06,0,0.00010516142356209457,0,4.707037442130968e-05,0
0,4,0.0005226096829375867,0,0.0,0,4.49634826509282e-05,0,3.5328724242943786e-05,0,2.8777757024065944e-06,0,0.0003004642203450203,0,0.0001516782504040748,0
0,4,0.002038775284716331,0,0.02,0,0.0001330084487562999,0,0.0005565461916348847,0,0.0016516347792872926,0,0.006055035162717104,0,0.0007834717398509383,0
0,1,0.00036896684641003286,0,0.01,0,3.334952998557128e-05,0,3.428373077733655e-05,0,2.3609273405666988e-07,0,4.989036824554205e-05,0,6.634900637436658e-05,0
0,2,0.05783384702795446,0,0.05,0,0.0002219407761003822,0,0.00016315874921957033,0,0.00011816770928550351,0,0.004594780970364809,0,0.006128392647951841,0
0,3,0.0017510941712178243,0,0.02,0,7.71849590819329e-05,0,0.00012374061504942548,0,0.00018320741234220808,0,0.0011783592635765672,0,0.0002806343836709857,0
0,4,0.0016570391041251088,0,0.01,0,1.7685764760244638e-05,0,3.6212109834236844e-05,0,6.831393528270717e-05,0,0.004274750594049692,0,0.0006982150953263044,0
0,3,0.000614143546266129,0,0.02,0,0.0002923369756899774,0,0.0042079734515425085,0,0.0007834188689227121,0,0.002251401776447892,0,0.0021519747097045183,0
0,4,0.9431598765354224,0,0.07,0,0.002370798494666815,0,0.005280870595801687,0,0.011725591729284944,0,0.03404110297560692,0,0.06409934908151627,0
0,1,3.7890647672882255e-06,0,0.01,0,7.389775419142097e-06,0,2.1090152676036137e-05,0,6.661481884738523e-07,0,2.8944205041625537e-05,0,4.187794547760859e-05,0
0,4,2.442819306864261e-06,0,0.0,0,5.335819423635257e-06,0,1.7640103649466523e-05,0,2.1645743070999613e-07,0,9.923726611305028e-05,0,7.951806037453935e-05,0
0,5,0.00018545771748971923,0,0.0,0,0.00011699004971887916,0,4.011889537536798e-05,0,2.150129670017823e-06,0,3.863359961542301e-05,0,0.00010016465239459649,0
0,5,3.1381874387262658e-06,0,0.0,0,1.449236151529476e-05,0,1.982372435155621e-05,0,1.7219410612394568e-06,0,0.00021004289737902582,0,0.0012731949100270867,0
0,2,0.0017993012487659318,0,0.0,0,2.6662275558919646e-05,0,4.651019491434008e-05,0,2.206999307629741e-05,0,0.0062169888988137245,0,0.012688257731497288,0
0,2,0.4492573017897636,0,0.12,1,0.03472733497619629,0,0.0008401821653122569,0,0.008967570290178199,0,0.007618275471031666,0,0.0017489689635112882,0
0,5,0.00021590982638429131,0,0.01,0,0.00013965032121632248,0,5.580796322302277e-05,0,0.002753607304022294,0,0.003062694799154997,0,0.004866734147071838,0
0,3,0.06830930350315212,0,0.13,1,0.04510914906859398,0,0.1041005015725253,1,0.393733680366739,1,0.015173276886343956,0,0.011988338083028793,0
0,5,0.005716823014383001,0,0.04,0,2.190056511608418e-05,0,3.0408571062273516e-05,0,0.01034237596291165,0,0.0221744105219841,0,0.00819800328463316,0
0,5,0.002228476826217208,0,0.0,0,1.738111677695997e-05,0,3.471671095001496e-05,0,0.00065919265067906,0,0.02438419498503208,0,0.028843073174357414,0
0,3,0.18379520717642195,0,0.01,0,0.00016404913912992924,0,1.4861388403921117e-05,0,0.00024523825878321626,0,0.00020456947095226496,0,0.00010133844625670463,0
0,1,0.061946113517431144,0,0.03,0,0.02499362826347351,0,5.577788669411206e-05,0,3.65137782722394e-05,0,0.1218203753232956,0,0.0295623280107975,0
0,3,3.490219042405142e-05,0,0.0,0,2.1794578060507774e-05,0,3.928766522314033e-05,0,1.4366762465634139e-06,0,7.056827598717064e-05,0,4.076791083207354e-05,0
0,2,2.1339470994837306e-06,0,0.0,0,3.6638634810515214e-06,0,2.0844392580652884e-05,0,2.651492260252288e-07,0,4.9404825404053554e-05,0,4.151289613218978e-05,0
0,1,0.005161782785157975,0,0.02,0,4.2814579501282424e-05,0,0.000141242782048974,0,0.00018386486730178941,0,0.00016593295731581748,0,0.00042989442590624094,0
0,3,8.392134613436307e-07,0,0.0,0,2.0791256247321144e-05,0,2.3587725624159547e-05,0,3.885075266598429e-07,0,4.730996806756593e-05,0,4.049971539643593e-05,0
0,5,6.374882748377701e-08,0,0.0,0,2.1291493794706184e-06,0,1.9841406902308036e-05,0,2.9171625044818305e-07,0,6.363039574353024e-05,0,4.884329246124253e-05,0
0,5,0.002595331182949147,0,0.04,0,0.0003176335303578526,0,3.628435486437262e-05,0,1.7846088700335872e-05,0,0.00031418135040439665,0,0.0014570570783689618,0
0,2,0.7844978667354496,0,0.03,0,0.0020397361367940903,0,0.0006959187464072874,0,0.03933351509063146,0,0.024535881355404854,0,0.02146938443183899,0
0,1,0.00033584164914832664,0,0.0,0,6.093274350860156e-05,0,0.0003776553506876207,0,2.2950998813630656e-05,0,0.004730951506644487,0,0.013668008148670197,0
0,5,0.037883091480705455,0,0.03,0,0.00011835166515083984,0,2.4702561565442427e-05,0,0.0008889552069730642,0,0.000591355434153229,0,0.010198958218097687,0
0,2,0.00016954843800771354,0,0.03,0,0.01209310907870531,0,0.001077347876429962,0,7.872623655959226e-06,0,0.01377817988395691,0,0.01052824780344963,0
0,2,4.817085451332053e-05,0,0.01,0,9.281999518861994e-05,0,9.672419211717706e-05,0,8.57383281602289e-06,0,0.00019098262418992817,0,4.1676794353406876e-05,0
0,1,0.15118795953726746,0,0.0,0,1.3211983059591148e-05,0,6.617666830834422e-05,0,3.0642326046456114e-06,0,0.0022817212156951427,0,0.0009054460097104311,0
0,2,7.200665142547454e-06,0,0.0,0,3.637664849520661e-05,0,2.078698211365772e-05,0,8.519471128010886e-07,0,5.662389594363049e-05,0,4.6861692680977285e-05,0
0,3,0.4090983717739217,0,0.09,0,0.6446695923805237,1,0.4625344243648528,1,0.38710320151796773,1,0.027961988002061844,0,0.009355500340461731,0
0,1,0.7224661956147863,0,0.04,0,0.007062083575874567,0,0.004421309033368904,0,4.101687611975201e-05,0,0.03517499193549156,0,0.02158581279218197,0
0,2,0.021942319787207374,0,0.0,0,9.257796045858413e-05,0,2.4431378074526276e-05,0,2.3731606028882403e-06,0,0.00011590170470299199,0,4.936481491313316e-05,0
0,3,0.020890125946448734,0,0.01,0,0.0004606607835739851,0,4.369994915495931e-05,0,1.1848314367210055e-05,0,3.2072653993964195e-05,0,3.999311229563318e-05,0
0,1,0.0016420457560226767,0,0.01,0,0.00011477773659862578,0,0.00015236319697422695,0,6.0661784433224513e-05,0,0.008051282726228237,0,0.0033697858452796936,0
0,5,5.288934485349473e-05,0,0.0,0,2.393677050349652e-06,0,4.787019047153247e-05,0,2.872351677908649e-06,0,0.0002251379773952067,0,0.0006943481275811791,0
0,2,0.0003426777690489342,0,0.0,0,1.533261274744291e-05,0,2.7276131277105612e-05,0,5.109104074918893e-05,0,0.00010819466115208343,0,5.014670023228973e-05,0
0,2,0.002037342443957958,0,0.04,0,0.0005139129352755845,0,0.007196801458759277,0,0.00301747269788705,0,0.0008059845422394574,0,9.022848826134577e-05,0
0,1,0.00147033382775562,0,0.01,0,0.0002738592156674713,0,0.00020900459313998485,0,0.0006426680929322948,0,0.021267050877213478,0,0.1645529866218567,0
0,3,6.000400114716569e-05,0,0.02,0,0.0003559740725904703,0,6.092400397028084e-05,0,1.4069228084563647e-05,0,0.0001512680755695328,0,5.13836566824466e-05,0
0,1,0.004017127391123718,0,0.02,0,0.0011007424909621477,0,5.920555693526636e-05,0,0.008882513044064297,0,0.010083173401653767,0,0.032573092728853226,0
0,3,0.9711678375181814,1,0.06,0,0.015523413196206093,0,0.0030603421012641565,0,0.030762352307892562,0,0.2678307294845581,0,0.18237964808940887,0
0,1,0.015663598486588826,0,0.0,0,0.0010974564356729388,0,0.0002942575306751853,0,5.560555248152333e-05,0,0.00881278607994318,0,0.005960417911410332,0
0,2,0.00010014021590437471,0,0.03,0,3.0035251256776974e-05,0,0.00012076968887492563,0,2.5438972405874812e-05,0,8.190482185455039e-05,0,4.2414314521010965e-05,0
0,4,0.0007211739400081943,0,0.0,0,1.5286446796380915e-05,0,2.0627693981485983e-05,0,2.2780864633898572e-07,0,0.0006976750446483493,0,0.0005889832973480225,0
0,4,0.7505124777028486,0,0.01,0,0.001754484954290092,0,0.0009812353146295262,0,0.007106385940055109,0,0.00857563503086567,0,0.005972100887447596,0
0,2,0.7035578623608708,0,0.09,0,0.023067831993103027,0,0.0007583036143800275,0,0.12303337349937321,0,0.04871577024459839,0,0.007008878979831934,0
0,5,0.0008357457656249116,0,0.0,0,0.00010939867934212089,0,0.00039538290521259613,0,9.802956711119442e-05,0,0.00872313417494297,0,0.04407988861203194,0
0,5,0.00030353547668595336,0,0.04,0,0.0011599770514294505,0,3.309857705869837e-05,0,1.260853074151796e-05,0,8.33288358990103e-05,0,7.868706597946584e-05,0
0,4,6.75850126651403e-06,0,0.02,0,1.6831800166983157e-05,0,5.412357486706017e-05,0,1.44096997327096e-05,0,0.0003628899867180735,0,6.017397390678525e-05,0
0,1,0.005683698777610837,0,0.02,0,7.176131475716829e-05,0,5.886216668156972e-05,0,0.0015991369496424547,0,0.002859830390661955,0,0.004044827539473772,0
0,3,0.8010510879948987,0,0.0,0,2.9100225219735876e-05,0,1.4596827573231988e-05,0,0.00028605855992633685,0,0.04255526885390282,0,0.07109995931386948,0
0,5,3.7210572085730115e-06,0,0.02,0,4.441489636519691e-06,0,2.3102034115500596e-05,0,8.662155400752418e-06,0,0.0009657457121647894,0,0.001912538893520832,0
0,3,0.002144178086026237,0,0.02,0,0.00021202438801992685,0,2.5004034392292074e-05,0,0.00010342901926348892,0,0.0010097107151523232,0,0.0030702052172273397,0
0,5,0.0016218546256473979,0,0.01,0,2.4613132154627237e-06,0,1.4594775843389094e-05,0,0.0001749153957148462,0,3.159876723657362e-05,0,3.999311229563318e-05,0
0,1,1.4754228949099855e-05,0,0.02,0,0.005831771995872259,0,7.079283871063943e-05,0,2.1951863087326343e-05,0,9.018243872560561e-05,0,5.2567978855222464e-05,0
0,4,0.004895851908718939,0,0.05,0,0.0005194707191549242,0,0.0011694095997286198,0,0.0006347349876998743,0,0.003519137389957905,0,0.0007472778670489788,0
0,3,0.00023726590781520936,0,0.03,0,0.0007669221377000213,0,0.0006279926919508359,0,0.00013732450773499164,0,0.0029311717953532934,0,0.0004953127354383469,0
0,1,0.03220378503698326,0,0.05,0,0.002910629380494356,0,0.0005515342076427088,0,0.006580518861941469,0,0.01284890715032816,0,0.017825530841946602,0
0,4,0.001932438038557504,0,0.0,0,2.7035041057388298e-05,0,4.206703250074949e-05,0,3.1325882286260594e-06,0,0.0003326243022456765,0,0.002367319306358695,0
0,5,0.35325353940419607,0,0.0,0,4.353250005806331e-06,0,6.862969466243106e-05,0,0.0013978831359888698,0,0.002758766757324338,0,0.008956259116530418,0
0,2,0.0003012143537829512,0,0.0,0,8.908938070817385e-06,0,2.9913079536672143e-05,0,1.5830975579752422e-06,0,0.0012279258808121085,0,0.0005030015017837286,0
0,5,3.835469814696933e-05,0,0.01,0,5.936845809628721e-06,0,2.468238459952704e-05,0,0.00026846859266408226,0,0.002755344845354557,0,0.005174321588128805,0
0,5,0.008420895752430858,0,0.0,0,1.6694175428710878e-05,0,2.39481325126899e-05,0,2.6412033180025835e-07,0,4.037428880110383e-05,0,0.00015466845070477575,0
0,3,0.0001276807995431653,0,0.01,0,1.5415508869409678e-06,0,9.72475041003828e-05,0,6.862352329419799e-06,0,0.001652963925153017,0,0.0007471392164006829,0
0,3,0.04435207294009384,0,0.04,0,0.00046413697418756783,0,0.00010449627167781222,0,4.116709308804227e-05,0,0.00013996812049299479,0,4.200459807179868e-05,0
0,5,0.007575517603367164,0,0.01,0,0.00017293576092924923,0,1.958522712857905e-05,0,2.9059250401142717e-06,0,7.222068234113976e-05,0,0.0003476082638371736,0
0,3,0.0015349582406079538,0,0.04,0,0.014377300627529621,0,0.0001216977870614354,0,0.002127236138512155,0,0.012500346638262272,0,0.01524828840047121,0
0,4,0.12387010567704557,0,0.01,0,1.317138594458811e-05,0,2.2877278042758865e-05,0,0.00021748083187072024,0,0.048314034938812256,0,0.08082906156778336,0
0,5,2.321995982376247e-08,0,0.02,0,0.0004921122454106808,0,0.00012352726372730457,0,1.508057101864747e-05,0,0.00010189648310188204,0,7.222538988571614e-05,0
0,3,0.00039341697610521673,0,0.01,0,1.0078410014102701e-05,0,7.087266187934778e-05,0,0.0005909010874833212,0,0.0010682259453460574,0,0.0004302278393879533,0
0,3,0.0009104167378543891,0,0.01,0,3.264372207922861e-05,0,7.287160894793154e-05,0,0.00010794433734394544,0,0.0020349984988570213,0,0.007554034702479839,0
0,4,0.03290257971595114,0,0.09,0,0.0052711982280015945,0,0.0005568058263567992,0,0.003599309331558409,0,0.06175242364406586,0,0.08637463301420212,0
0,2,0.05713304617908916,0,0.02,0,8.68139904923737e-05,0,0.0002784571395544549,0,0.0004118376499350082,0,0.036474063992500305,0,0.009298356249928474,0
0,2,0.0021890241578761353,0,0.01,0,0.00023940319078974426,0,0.0002710978554487693,0,0.00010787507553483002,0,0.0003707573632709682,0,0.00011306049418635666,0
0,5,0.004352234903195451,0,0.03,0,0.0002271689590997994,0,6.717549322378605e-05,0,0.00019747318969740106,0,0.007480786647647619,0,0.008984465152025223,0
0,5,0.0011301378068621787,0,0.01,0,2.901529114751611e-05,0,2.345565807556272e-05,0,6.673870576812082e-06,0,0.00029991709743626416,0,0.00037193449679762125,0
0,1,1.4127345313897743e-05,0,0.0,0,1.1934225767618045e-05,0,2.494938490162117e-05,0,1.513930428688419e-07,0,6.437717092921957e-05,0,7.493492739740759e-05,0
0,3,0.002123477396677809,0,0.0,0,0.000296334590530023,0,3.548100608660985e-05,0,9.37563611486772e-05,0,0.0003811757196672261,0,0.0005815631593577564,0
0,4,0.00015764153314803888,0,0.0,0,1.3310678696143441e-05,0,6.99251827738107e-05,0,4.955310997976263e-05,0,0.0005115893436595798,0,0.0006746693979948759,0
0,2,0.0011337411132188698,0,0.0,0,8.516876732755918e-06,0,3.0335114938035574e-05,0,5.190179012631443e-05,0,0.011794143356382847,0,0.009988825768232346,0
0,3,0.0046368706308875934,0,0.04,0,0.00025172645109705627,0,0.00014604060082104087,0,0.0025240559419969734,0,0.0031784267630428076,0,0.0027193319983780384,0
0,4,0.0003632955639547811,0,0.0,0,1.4944550457585137e-05,0,1.8098166044016937e-05,0,1.1078282973008642e-05,0,0.0007352703250944614,0,0.0005001700483262539,0
0,5,0.00013876037401609629,0,0.05,0,0.004131012596189976,0,0.0030220272561962015,0,0.0002817728419209263,0,0.0014765115920454264,0,0.023181289434432983,0
0,3,0.025872381695298256,0,0.0,0,4.53441716672387e-05,0,7.58973862551975e-05,0,7.68870739829769e-05,0,0.02586650475859642,0,0.040216416120529175,0
0,2,6.555203044084495e-06,0,0.01,0,0.00010579221998341382,0,3.9797378364916714e-05,0,8.069982816333695e-06,0,0.0009564309730194509,0,0.00030526117188856006,0
0,4,0.0007550170401169123,0,0.03,0,0.0003135234583169222,0,4.315009409350753e-05,0,2.158488403478716e-05,0,0.00023283410700969398,0,0.00018724925757851452,0
0,2,0.0033461953303552663,0,0.0,0,9.095760469790548e-05,0,3.272859449622473e-05,0,1.2387463802351648e-05,0,0.00023601869179401547,0,6.470145308412611e-05,0
0,4,0.007836512623280119,0,0.0,0,0.0001241070858668536,0,7.761198084323787e-05,0,6.637623220020578e-07,0,0.0006234560278244317,0,0.0004174063797108829,0
0,1,5.02840155721287e-06,0,0.0,0,0.0038328934460878372,0,5.166721398035564e-05,0,4.3404662841877375e-06,0,3.2892381568672135e-05,0,4.274211823940277e-05,0
0,2,5.240540970470621e-06,0,0.0,0,6.0966336604906246e-05,0,5.610247999326494e-05,0,9.064823947715462e-07,0,3.691005986183882e-05,0,3.999311229563318e-05,0
0,1,0.8058507961028355,0,0.03,0,0.007510719355195761,0,0.004964741987806357,0,0.07308532224883288,0,0.013707749545574188,0,0.004520077724009752,0
0,2,0.05843417660856289,0,0.01,0,0.00011462756083346903,0,4.123576721178768e-05,0,6.892542211005932e-07,0,5.234956188360229e-05,0,3.999311229563318e-05,0
0,3,0.0013207643188431286,0,0.03,0,0.0012522145407274365,0,7.987835438558587e-05,0,0.0021945083863856487,0,0.004391245078295469,0,0.009798489511013031,0
0,2,0.0005962444628130561,0,0.03,0,4.2841660615522414e-05,0,4.853069587791161e-05,0,0.00016164155745324672,0,0.00471094436943531,0,0.007074981927871704,0
0,2,3.145079568024623e-06,0,0.0,0,0.0002572982048150152,0,8.987234990467484e-05,0,6.413139443281794e-07,0,5.481367770698853e-05,0,3.999311229563318e-05,0
0,2,9.174949350433344e-06,0,0.01,0,8.674091805005446e-05,0,2.886906646140433e-05,0,1.0214183094347423e-06,0,0.00010965873661916703,0,4.934228491038084e-05,0
0,4,0.011390296962105115,0,0.05,0,0.001563877915032208,0,0.00015706501336299156,0,4.038045957536553e-05,0,0.03726524859666824,0,0.020743994042277336,0
0,4,6.224465345085311e-06,0,0.0,0,0.0009805891895666718,0,5.555173106047053e-05,0,2.0319160175306402e-05,0,0.0064633917063474655,0,0.0011989281047135592,0
0,4,0.00283614082773046,0,0.0,0,2.776777182589285e-05,0,2.772580870248043e-05,0,7.27568145137445e-06,0,0.0008776894537732005,0,0.0013574836775660515,0
0,2,0.004757415390563409,0,0.01,0,0.000735617708414793,0,6.104184745899155e-05,0,7.300202911363374e-07,0,0.0013438845053315163,0,0.001121030654758215,0
0,2,0.04163592544434662,0,0.02,0,0.00388122140429914,0,0.00030620363336753974,0,0.023511884299437884,0,0.006525299046188593,0,0.010205515660345554,0
0,2,0.0011200726326725137,0,0.06,0,0.00010051750723505393,0,0.00032089246478056796,0,0.011583868272024296,0,0.00471541890874505,0,0.010235746391117573,0
0,4,0.07209278620671487,0,0.0,0,2.3180953576229513e-05,0,1.7373192619146146e-05,0,0.0001651596083650151,0,0.006212749984115362,0,0.010385926812887192,0
0,1,6.766565781898265e-05,0,0.0,0,0.0002398789074504748,0,4.152593397552874e-05,0,0.0002543554281456458,0,0.004676425829529762,0,0.00032805479713715613,0
0,4,1.0187282978524093e-05,0,0.01,0,3.557015588739887e-05,0,5.010585002894724e-05,0,2.0429787750777844e-07,0,0.00027022429276257753,0,5.069827602710575e-05,0
0,5,6.824801486430846e-05,0,0.01,0,3.392803409951739e-05,0,5.0966690587518465e-05,0,6.390828820275319e-07,0,4.3593288864940405e-05,0,4.125960549572483e-05,0
0,3,0.024524118170395213,0,0.11,0,0.12561878561973572,0,0.018402172257353456,0,0.03519301352887391,0,0.1065315380692482,0,0.2659706771373749,0
0,2,0.9995239005077504,1,0.12,1,0.2732994258403778,1,0.0242078595603502,0,0.1605949118469293,0,0.3929673135280609,0,0.5264380574226379,1
0,5,0.06598931742643015,0,0.01,0,2.024265813815873e-05,0,2.764882843433157e-05,0,2.76165285349907e-06,0,0.00013641026453115046,0,0.0002469982428010553,0
0,2,0.00044491669436388454,0,0.02,0,4.119255390833132e-05,0,8.299272893376211e-05,0,2.698284425313762e-06,0,4.0288206946570426e-05,0,4.537921995506622e-05,0
0,3,0.0012969771722533576,0,0.13,1,5.2820294513367116e-05,0,0.0010961047555573752,0,0.023247675843493902,0,0.028934704139828682,0,0.027411939576268196,0
0,2,0.0005970712416032957,0,0.0,0,2.025331741606351e-05,0,0.00011307976755578165,0,7.16300457918478e-05,0,0.0007532802410423756,0,0.0008773257723078132,0
0,5,0.004911112557147353,0,0.02,0,0.00012075230915797874,0,0.00023885614240464403,0,0.000709886754324372,0,0.019315028563141823,0,0.022896593436598778,0
0,2,0.002324674223365377,0,0.0,0,7.082631054800004e-05,0,7.615172926624067e-05,0,7.181485241737342e-07,0,4.2876210500253364e-05,0,3.999311229563318e-05,0
0,3,0.0007912171045328003,0,0.02,0,0.0008056919905357063,0,0.0012145041364399413,0,0.002607747145191209,0,0.005800026468932629,0,0.0012176766758784652,0
0,1,0.0003465902063880781,0,0.0,0,3.998693955509225e-06,0,2.0831120376771767e-05,0,2.7826819589220107e-07,0,6.756294169463217e-05,0,0.0001753076066961512,0
0,1,0.10719608081054313,0,0.0,0,0.00025497967726550996,0,0.00020214564169732105,0,0.00018198436217601837,0,0.0010632944758981466,0,0.003928903490304947,0
0,4,0.00017185398609367782,0,0.01,0,1.1717896995833144e-05,0,2.029798331108689e-05,0,7.266513023071999e-05,0,0.00030494341626763344,0,0.0030892575159668922,0
0,1,0.16532788049903044,0,0.02,0,0.0003211360308341682,0,0.00046764278455599417,0,0.03593429238405484,0,0.009447057731449604,0,0.006491248495876789,0
0,4,4.2687768552116385e-07,0,0.0,0,9.749323362484574e-05,0,4.214168644974912e-05,0,1.4020969886842463e-07,0,0.00010172023758059368,0,0.00014223319885786623,0
0,1,0.00028504073978524643,0,0.01,0,8.095118573692162e-06,0,2.8009935021260642e-05,0,1.3829609291385851e-05,0,0.00013810450036544353,0,0.0001545104751130566,0
0,5,0.0014941818045683015,0,0.01,0,0.000460411625681445,0,0.0010582107180334148,0,0.0012922544607779272,0,0.0011043990962207317,0,0.015131817199289799,0
0,2,0.0005853887111393637,0,0.0,0,2.1846912204637192e-05,0,7.253391137686508e-05,0,2.7649732768904856e-05,0,0.0006781750707887113,0,0.0006665236433036625,0
0,5,0.01139703680362536,0,0.03,0,5.5997483286773786e-05,0,6.994302655719856e-05,0,0.009974843050476747,0,3.1497904274147004e-05,0,3.999311229563318e-05,0
0,3,0.013580972472135699,0,0.0,0,7.095449109328911e-05,0,7.070734905351527e-05,0,0.0005411533891330117,0,4.046525646117516e-05,0,4.8932597564999014e-05,0
0,1,0.27920593551217987,0,0.07,0,0.007468037307262421,0,0.0005912715940493286,0,0.10157689978791708,0,4.304708636482246e-05,0,4.45523728558328e-05,0
0,1,0.00046431437133267854,0,0.01,0,8.039538079174235e-05,0,0.00016831550110592966,0,0.000560664565737332,0,4.196247027721256e-05,0,4.011231430922635e-05,0
0,2,0.5192674761516675,0,0.0,0,0.0004495368921197951,0,5.94056510244952e-05,0,0.00017488720721432226,0,0.00021381276019383222,0,0.00019547215197235346,0
0,5,0.019256607281835935,0,0.04,0,0.00018448036280460656,0,7.87759877788828e-05,0,0.002118268951740576,0,3.16963269142434e-05,0,5.23892704222817e-05,0
0,4,0.00028270406594204566,0,0.0,0,5.48204334336333e-05,0,2.0659605485978077e-05,0,1.5172500919294028e-07,0,9.067038627108559e-05,0,3.999311229563318e-05,0
0,5,0.00941547797554821,0,0.0,0,7.318637472053524e-06,0,1.9475366289235636e-05,0,2.9651308793920075e-07,0,3.1497904274147004e-05,0,3.999311229563318e-05,0
0,1,0.05867863601295056,0,0.01,0,0.00018577493028715253,0,0.00020729150079274765,0,5.3333366094016775e-05,0,0.00011155513493577018,0,5.3998770454199985e-05,0
0,4,0.010443105317593678,0,0.02,0,6.924897024873644e-05,0,7.832248948665086e-05,0,0.00021328054975722693,0,8.459727541776374e-05,0,4.5975215471116826e-05,0
0,2,0.006547708104890552,0,0.0,0,2.103109727613628e-05,0,4.586552380981869e-05,0,6.451702605038003e-06,0,3.448793358984403e-05,0,3.999311229563318e-05,0
0,2,0.9685607806144484,1,0.06,0,0.001858870848082006,0,0.0005246631586143453,0,0.0022258009875175686,0,0.00012685253750532866,0,6.327287701424211e-05,0
0,1,0.0011371160157089874,0,0.01,0,0.00047058184281922877,0,6.004178208486154e-05,0,7.76230059584629e-05,0,5.651517858495936e-05,0,0.0001170014584204182,0
0,5,0.003183201485807409,0,0.01,0,6.258462235564366e-05,0,5.877090111284343e-05,0,2.1931032317571596e-06,0,3.1972092983778566e-05,0,3.999311229563318e-05,0
0,4,5.1692982424164724e-05,0,0.0,0,2.1451187421916984e-05,0,2.2384135314087356e-05,0,6.082242397074304e-07,0,7.944804383441806e-05,0,3.999311229563318e-05,0
0,1,1.217681879039716e-06,0,0.0,0,2.73029263553326e-06,0,6.398057504411429e-05,0,1.1739271595559515e-08,0,2.593315912235994e-05,0,3.999311229563318e-05,0
0,2,0.04272807619228245,0,0.03,0,4.7053417802089825e-05,0,4.4629557993341686e-05,0,4.295073279585965e-05,0,7.944943354232237e-05,0,5.422200047178194e-05,0
0,4,0.02425784422746149,0,0.05,0,0.0018816161900758743,0,0.0006081496895701046,0,0.016333779638815556,0,9.470650547882542e-05,0,5.0623813876882195e-05,0
0,1,0.001422060795784976,0,0.02,0,0.0006477991701103747,0,0.00016459546412576464,0,0.07163545613955463,0,3.865537291858345e-05,0,4.564011032925919e-05,0
0,1,0.050010986388609235,0,0.02,0,0.007194196339696646,0,0.0007612495201998902,0,0.006148664069673146,0,0.00013222862617112696,0,6.708017463097349e-05,0
0,5,0.010114905782391386,0,0.03,0,0.019520170986652374,0,0.007043761634824746,0,0.03758162567793535,0,0.000305595516692847,0,0.0002568960189819336,0
0,4,1.153512236765064e-05,0,0.0,0,0.0002784689422696829,0,2.9380456235912998e-05,0,4.838367243385294e-07,0,9.516483987681568e-05,0,5.589763168245554e-05,0
0,1,2.308642752513415e-05,0,0.0,0,3.037566420971416e-05,0,2.3130498809516065e-05,0,7.825744889350087e-07,0,2.6067698854603805e-05,0,3.999311229563318e-05,0
0,1,0.9993039850366606,1,0.22,1,0.7223242521286011,1,0.47596966056587864,1,0.7332071157724553,1,0.0009660378564149141,0,0.0003291463362984359,0
0,4,0.0006667116201357677,0,0.02,0,0.00017062286497093737,0,3.0265374558937227e-05,0,5.953418387106595e-05,0,7.944804383441806e-05,0,3.999311229563318e-05,0
0,5,8.396426464632536e-08,0,0.0,0,1.2387102287902962e-05,0,2.3734771586455522e-05,0,1.000705213233659e-06,0,3.785217631957494e-05,0,0.00012222921941429377,0
0,3,0.00014013529089630523,0,0.01,0,1.8158298189518973e-05,0,4.3686381546368984e-05,0,4.6940175472074846e-05,0,3.1761519494466484e-05,0,3.999311229563318e-05,0
0,5,0.006631886034349165,0,0.03,0,6.464526086347178e-05,0,0.00029978637417006474,0,0.004276126699913748,0,3.173607183271088e-05,0,4.1304301703348756e-05,0
0,1,0.011190105875636127,0,0.05,0,0.00010456879681441933,0,0.0011832107989052985,0,0.0007408160321549551,0,3.51349517586641e-05,0,6.926940113771707e-05,0
0,4,0.000378078546924495,0,0.02,0,0.0006384943262673914,0,0.00018929246529088666,0,0.0005714474747081788,0,0.00024183887580875307,0,0.00010201546683674678,0
0,4,0.8621280352854187,0,0.0,0,1.6765125110396184e-05,0,2.5634552623416892e-05,0,0.00010287019650282411,0,0.038857217878103256,0,0.018950851634144783,0
0,1,0.03862597457441364,0,0.0,0,1.3953556390333688e-06,0,1.452544187133756e-05,0,3.1894450589054414e-05,0,0.0003300438402220607,0,0.00046819093404337764,0
0,1,0.6048844049248794,0,0.05,0,0.0002400443481747061,0,0.0011929889357575533,0,0.07709028931186075,0,5.4715397709514946e-05,0,4.981946403859183e-05,0
0,2,0.057699514756689184,0,0.01,0,0.00042648057569749653,0,0.0015568034240779913,0,0.0006373858125113312,0,0.001568445353768766,0,0.00039436816587112844,0
0,1,0.00806645768916317,0,0.01,0,8.161713594745379e-06,0,2.8924409647926718e-05,0,1.1400037551480775e-06,0,2.593315912235994e-05,0,3.999311229563318e-05,0
0,4,6.274244095722797e-05,0,0.03,0,7.171520701376721e-05,0,6.12775860144923e-05,0,0.001589413331050886,0,0.00014835137699265033,0,6.531902181450278e-05,0
0,1,0.002589232899966645,0,0.0,0,9.715162741485983e-05,0,3.023512880632705e-05,0,7.012933032898441e-06,0,2.5967856345232576e-05,0,3.999311229563318e-05,0
0,3,0.29124564532456615,0,0.0,0,0.0010961467633023858,0,0.0017795354750663557,0,0.002593713916167894,0,0.0051279873587191105,0,0.007692714221775532,0
0,5,0.6725568482644249,0,0.13,1,0.02698747254908085,0,0.10611802594418156,0,0.170321147817451,0,0.00015361128316726536,0,0.00014248314255382866,0
0,2,0.8783026848336416,0,0.05,0,0.07707959413528442,0,0.02872116562649896,0,0.045232174874107564,0,0.028890209272503853,0,0.05041912570595741,0
0,1,0.46361811144464526,0,0.0,0,0.00012396030069794506,0,4.177991627971897e-05,0,5.595189054734687e-06,0,2.610269802971743e-05,0,3.999311229563318e-05,0
0,2,0.013051743629252847,0,0.02,0,0.00016265263548120856,0,9.907441781191027e-05,0,0.0011323797128918191,0,4.712287409347482e-05,0,4.36435584560968e-05,0
0,5,0.015330208221126728,0,0.06,0,0.02826697751879692,0,0.000272993553790171,0,0.00022542822470043356,0,0.00018117664149031043,0,5.7164488680427894e-05,0
0,4,0.2700059395405287,0,0.08,0,0.0006227592239156365,0,0.00024425819117499865,0,0.002668546787876634,0,0.0009874304523691535,0,0.00017291128460783511,0
0,4,0.00018195837038126664,0,0.01,0,6.1551231738121714e-06,0,1.9948914715345483e-05,0,1.8612177967025835e-05,0,7.944804383441806e-05,0,3.999311229563318e-05,0
0,1,0.002043830871306277,0,0.01,0,7.472884317394346e-05,0,7.007145274620053e-05,0,0.0005615427589618032,0,4.1446430259384215e-05,0,5.206867353990674e-05,0
0,2,0.02245622980723385,0,0.05,0,0.0012636984465643764,0,0.00812327029510962,0,0.0011308262877459205,0,0.00019938507466576993,0,0.00018147127411793917,0
0,2,0.014925995574962587,0,0.05,0,0.0005740560591220856,0,0.00012079147348817929,0,3.040454697082758e-05,0,3.60453559551388e-05,0,4.742055534734391e-05,0
0,1,0.001359630415409036,0,0.0,0,9.517231774225365e-06,0,6.634800448074617e-05,0,1.814337166933856e-05,0,2.6349627660238184e-05,0,5.812556992168538e-05,0
0,5,0.033779408127636024,0,0.02,0,5.151452569407411e-05,0,1.2282473362568956e-05,0,0.0006147329756160107,0,4.936705590807833e-05,0,4.543151590041816e-05,0
0,1,0.0034639832569594506,0,0.0,0,6.30400245427154e-05,0,1.667260237625745e-05,0,0.0003485671407477668,0,3.615684181568213e-05,0,4.038050974486396e-05,0
0,2,0.0008252039409965881,0,0.08,0,0.012758119031786919,0,0.0014898618148634292,0,0.018751942680446863,0,0.0002156650589313358,0,4.026130773127079e-05,0
0,5,0.31476794312710066,0,0.0,0,0.00021167130034882575,0,3.169272557044838e-05,0,4.100551791836974e-06,0,4.9028214561985806e-05,0,7.332947279792279e-05,0
0,3,0.008501691440975049,0,0.0,0,3.473897959338501e-05,0,2.693299948880905e-05,0,5.076861814710609e-06,0,3.1761519494466484e-05,0,3.999311229563318e-05,0
0,1,0.10784339657460218,0,0.01,0,0.00022174723562784493,0,9.802704195834129e-05,0,8.575520266367253e-05,0,4.757048009196296e-05,0,4.389684181660414e-05,0
0,3,1.0855641524894127e-07,0,0.02,0,4.0915798308560625e-05,0,4.190112403015341e-05,0,7.924776444040971e-06,0,3.1761519494466484e-05,0,3.999311229563318e-05,0
0,1,0.03957975976332899,0,0.02,0,0.00025563567760400474,0,0.0010619150055331168,0,0.00014174609966455959,0,0.0001525763509562239,0,9.85257574939169e-05,0
0,5,0.14145167145808268,0,0.04,0,0.00044130696915090084,0,0.0006156145477455995,0,0.023036678956270148,0,0.00011766760144382715,0,4.654156509786844e-05,0
0,1,0.027478106973935674,0,0.03,0,0.0009636548347771168,0,0.0003913452007345486,0,0.00022622346327606481,0,0.0002016444195760414,0,0.0002086315507767722,0
0,2,0.09228678400141847,0,0.01,0,0.0008926393929868937,0,3.107806345495217e-05,0,0.00032676176171399956,0,3.5691999073605984e-05,0,4.227275712764822e-05,0
0,2,0.007417086781653322,0,0.05,0,0.00236870301887393,0,0.0004141328213221135,0,0.003586361851123428,0,4.4506508857011795e-05,0,6.354804645525292e-05,0
0,1,9.127732449364979e-05,0,0.0,0,0.0006950880051590502,0,2.8392794082990435e-05,0,1.7107130469393438e-05,0,2.593315912235994e-05,0,3.999311229563318e-05,0
0,3,4.3022554081747886e-05,0,0.0,0,1.9254102880950086e-05,0,1.8051058072865998e-05,0,8.00203800964752e-06,0,3.1761519494466484e-05,0,3.999311229563318e-05,0
0,3,5.5479320187807124e-05,0,0.01,0,0.00011673664994305,0,4.595642128027672e-05,0,2.166127360577564e-05,0,3.198450576746836e-05,0,3.999311229563318e-05,0
0,1,3.419952955940489e-06,0,0.01,0,3.501847822917625e-05,0,2.1037319355999956e-05,0,1.1723377509962138e-06,0,2.593315912235994e-05,0,3.999311229563318e-05,0
0,4,0.026146023137293525,0,0.0,0,2.71194803644903e-05,0,2.6150861700094727e-05,0,1.0090154120320125e-05,0,0.00014608007040806115,0,3.999311229563318e-05,0
0,3,4.583710335459712e-06,0,0.03,0,0.0013732158113270998,0,7.885216189810696e-05,0,0.0014886592652779357,0,4.67233476229012e-05,0,3.999311229563318e-05,0
0,5,5.9207367828785514e-05,0,0.0,0,0.0004555814084596932,0,0.00011226155510015134,0,2.0066937084316577e-05,0,3.233677489333786e-05,0,3.999311229563318e-05,0
0,3,7.331886681929998e-07,0,0.0,0,1.0877975000767037e-05,0,2.3931356434036994e-05,0,4.326316055768865e-06,0,3.2773044949863106e-05,0,3.999311229563318e-05,0
0,2,9.173184483763335e-10,0,0.02,0,0.0002112541551468894,0,3.4102939752193204e-05,0,8.758036411650626e-06,0,3.448793358984403e-05,0,3.999311229563318e-05,0
0,5,0.021935125938113014,0,0.09,0,0.0007091856678016484,0,0.010293138032017474,0,0.09027538909295435,0,0.00011161296424688771,0,7.20392054063268e-05,0
0,1,1.57714465734221e-08,0,0.0,0,2.0834784663747996e-05,0,2.1010994321334393e-05,0,2.3101611036367242e-07,0,2.593315912235994e-05,0,3.999311229563318e-05,0
0,1,7.598530668344945e-05,0,0.0,0,3.902955540979747e-06,0,2.1182764586096016e-05,0,4.037064170945471e-08,0,2.593315912235994e-05,0,3.999311229563318e-05,0
0,5,0.005150722713206821,0,0.01,0,4.2790987208718434e-05,0,3.070961785437128e-05,0,9.608558415098606e-06,0,3.291455504950136e-05,0,6.882632442284375e-05,0
0,5,0.0001260287862773458,0,0.0,0,1.6486395907122642e-05,0,3.1410091012938335e-05,0,6.695159792602446e-06,0,3.1497904274147004e-05,0,3.999311229563318e-05,0
0,2,0.0004614846185323104,0,0.0,0,1.920244721986819e-05,0,5.09877646438027e-05,0,9.253465408217286e-05,0,3.544530045473948e-05,0,4.052951044286601e-05,0
0,3,4.99314528045997e-05,0,0.0,0,7.358011498581618e-05,0,2.448245065906093e-05,0,7.510679006999386e-07,0,3.198157355654985e-05,0,3.999311229563318e-05,0
0,2,0.00012958261104243412,0,0.0,0,8.183973477571271e-06,0,4.085229395108118e-05,0,2.654482616782714e-06,0,3.486513742245734e-05,0,3.999311229563318e-05,0
0,1,0.009413288532025835,0,0.0,0,0.00020335677254479378,0,0.0002581459065247654,0,0.0003935777998401285,0,2.999764183186926e-05,0,4.049971539643593e-05,0
0,5,0.18223693257269624,0,0.01,0,8.232020263676532e-06,0,1.870623353554693e-05,0,7.920345953483322e-06,0,3.3672120480332524e-05,0,3.999311229563318e-05,0
0,5,3.846465919919352e-05,0,0.02,0,2.534714622015599e-05,0,1.9846163377021113e-05,0,2.7347696502061433e-07,0,4.4970456656301394e-05,0,7.880368502810597e-05,0
0,1,0.00019662081198281635,0,0.0,0,8.985603926703334e-06,0,2.0657854800048587e-05,0,1.7809136198191618e-07,0,2.593315912235994e-05,0,4.064870881848037e-05,0
0,1,0.0007761415394913017,0,0.02,0,0.00012379128020256758,0,3.27573909856588e-05,0,9.231589970857076e-05,0,2.593315912235994e-05,0,3.999311229563318e-05,0
0,3,0.0004313682280420217,0,0.04,0,0.0010072202421724796,0,0.00035494567947569176,0,0.0047436395608938505,0,0.0001720786385703832,0,0.0001916756882565096,0
0,3,0.01012524072074472,0,0.01,0,0.0003788861504290253,0,0.00026472216722360476,0,0.00046636018784008965,0,3.2488627766724676e-05,0,5.660457827616483e-05,0
0,2,0.7748002937721925,0,0.02,0,0.010969866998493671,0,0.002808751105066674,0,0.0638853246686669,0,0.06400488317012787,0,0.01712784171104431,0
0,4,1.862945232578437e-06,0,0.0,0,3.8893853343324736e-05,0,1.8910879801883487e-05,0,0.00013321005153496185,0,0.00032886923872865736,0,0.0004237479588482529,0
0,5,0.01120227294449267,0,0.0,0,0.0002951835922431201,0,2.154211980872242e-05,0,5.599803931178576e-06,0,3.1497904274147004e-05,0,3.999311229563318e-05,0
0,4,3.629699618158462e-07,0,0.0,0,3.764991106436355e-06,0,4.0755610583323145e-05,0,4.911533937602495e-08,0,7.944804383441806e-05,0,3.999311229563318e-05,0
0,4,1.6402043478256253e-05,0,0.01,0,4.2709412809927016e-05,0,0.00019513546767686472,0,0.00016728729851907067,0,7.944804383441806e-05,0,4.036560858367011e-05,0
0,4,0.0008680828327104267,0,0.01,0,0.00017032035975717008,0,2.3825251759620245e-05,0,1.9678023916914043e-05,0,7.944804383441806e-05,0,3.999311229563318e-05,0
0,4,6.790924013825332e-05,0,0.02,0,2.3930469978949986e-05,0,0.00010595724395287799,0,1.4381158341669034e-05,0,7.944804383441806e-05,0,4.577402796712704e-05,0
0,5,0.000134111271756839,0,0.0,0,1.2148640053055715e-05,0,2.7954582900458052e-05,0,9.025315800121946e-07,0,3.222683153580874e-05,0,3.999311229563318e-05,0
0,2,2.3431518872333808e-05,0,0.0,0,1.5148707461776212e-06,0,1.4137515111698419e-05,0,1.931488635714893e-05,0,3.448793358984403e-05,0,3.999311229563318e-05,0
0,3,9.24301363232592e-05,0,0.0,0,0.0001113965772674419,0,3.820860995263298e-05,0,6.889480243874465e-05,0,3.212752926629037e-05,0,3.999311229563318e-05,0
0,2,8.053286817824816e-05,0,0.0,0,1.8954650613522972e-06,0,2.097217609833363e-05,0,1.8766260794254632e-07,0,3.662902599899098e-05,0,3.999311229563318e-05,0
0,1,0.028659715395426742,0,0.0,0,5.443220629786083e-07,0,3.826564593505465e-05,0,4.899993167750062e-06,0,4.0434089896734804e-05,0,0.0002066252927761525,0
0,1,0.0004884480698838388,0,0.01,0,0.00029661160078831017,0,0.0003668092008688905,0,0.0004547064595717108,0,2.593315912235994e-05,0,3.999311229563318e-05,0
0,5,0.0001676265127429465,0,0.01,0,1.2216093637107406e-05,0,3.196347687580241e-05,0,1.2994500941416612e-06,0,3.2700179872335866e-05,0,3.999311229563318e-05,0
0,5,0.00046983887037535093,0,0.02,0,8.200944284908473e-05,0,5.671542344318584e-05,0,8.462203788253826e-06,0,3.1497904274147004e-05,0,3.999311229563318e-05,0
0,4,0.008670866542712914,0,0.02,0,0.00041630613850429654,0,4.9921095909658496e-05,0,4.153076991454567e-07,0,8.447605068795383e-05,0,3.999311229563318e-05,0
0,2,0.0002781859871900803,0,0.01,0,0.0002120603749062866,0,0.00010255945956067111,0,9.088531431582856e-06,0,3.448793358984403e-05,0,3.999311229563318e-05,0
0,2,6.178321899563135e-08,0,0.0,0,4.265144070814131e-06,0,2.1177977123286696e-05,0,2.844066879380754e-08,0,3.448793358984403e-05,0,3.999311229563318e-05,0
0,5,1.2900277601661046e-09,0,0.0,0,3.431731101954938e-06,0,2.1410388956657826e-05,0,4.064967992078822e-07,0,3.1497904274147004e-05,0,3.999311229563318e-05,0
0,5,1.214316410266468e-05,0,0.01,0,1.0611081961542368e-05,0,2.1438360678948283e-05,0,8.925384166126595e-07,0,3.1497904274147004e-05,0,3.999311229563318e-05,0
0,4,0.00012040702582151444,0,0.0,0,2.0496016077231616e-05,0,5.511466968662886e-05,0,1.4651132744340814e-05,0,8.630620141047984e-05,0,3.999311229563318e-05,0
0,5,8.176435335591912e-07,0,0.01,0,3.85844487027498e-06,0,2.1496503104855203e-05,0,1.8948911237468808e-08,0,3.1497904274147004e-05,0,3.999311229563318e-05,0
0,4,0.8361574551230727,0,0.02,0,0.0003399529086891562,0,3.7904747076418125e-05,0,0.0008832565533559207,0,9.636267350288108e-05,0,4.10212051065173e-05,0
0,4,0.0008611150653357203,0,0.0,0,4.228046236676164e-05,0,2.3117793519333367e-05,0,0.00013863011482016105,0,7.944804383441806e-05,0,3.999311229563318e-05,0
0,1,0.00799766147633835,0,0.01,0,0.0004690017376560718,0,0.00022896765348240445,0,0.00040346726580430426,0,3.988459502579644e-05,0,4.137134601478465e-05,0
0,3,9.478921324171712e-05,0,0.0,0,1.8988910596817732e-05,0,2.15236920990488e-05,0,1.2931594210468837e-07,0,3.1761519494466484e-05,0,3.999311229563318e-05,0
0,2,0.0019544885096232137,0,0.0,0,4.817145600100048e-05,0,5.270721038636779e-05,0,2.547251213202272e-07,0,3.448793358984403e-05,0,3.999311229563318e-05,0
0,3,1.3460071933966518e-09,0,0.0,0,2.2632793843513355e-06,0,2.141411753849535e-05,0,6.529556764335858e-08,0,3.19850369123742e-05,0,3.999311229563318e-05,0
0,1,3.7680179608021e-05,0,0.0,0,3.3594556043681223e-06,0,2.1047593641768657e-05,0,1.9914197791326537e-08,0,2.593315912235994e-05,0,3.999311229563318e-05,0
0,2,9.885780928409893e-08,0,0.0,0,1.482312200096203e-05,0,2.1169117199972248e-05,0,7.817015297567649e-09,0,3.448793358984403e-05,0,3.999311229563318e-05,0
0,2,5.8208433448194453e-05,0,0.0,0,0.00022171763703227043,0,2.100764060790183e-05,0,1.248750174621041e-06,0,3.448793358984403e-05,0,3.999311229563318e-05,0
0,5,0.007560971729087556,0,0.01,0,0.0001374741259496659,0,8.514701696548077e-05,0,1.8863095520883594e-05,0,3.757962986128405e-05,0,3.999311229563318e-05,0
0,1,3.2691119542421835e-05,0,0.01,0,4.123413600609638e-05,0,3.793203037247639e-05,0,1.5124287026664565e-05,0,2.593315912235994e-05,0,3.999311229563318e-05,0
0,3,7.586499762845769e-05,0,0.01,0,0.000923117739148438,0,0.00021528102894370122,0,0.00046994563194584606,0,3.2729229133110493e-05,0,3.999311229563318e-05,0
0,5,0.004979989774061935,0,0.01,0,3.6092972095502773e-06,0,2.2683778019215713e-05,0,1.4246677832768859e-05,0,3.9624341297894716e-05,0,3.999311229563318e-05,0
0,2,0.09767182726391292,0,0.02,0,0.002982973586767912,0,0.009288908284508152,0,0.00030837728315686095,0,3.8005189708201215e-05,0,4.5841181417927146e-05,0
0,4,0.16298854943365415,0,0.02,0,8.58937346492894e-06,0,2.2543473246098838e-05,0,5.9099828126417216e-06,0,0.001166025991551578,0,0.0002681440091691911,0
0,1,0.23429325191340863,0,0.0,0,2.4348582883249037e-05,0,4.2396109282903085e-05,0,0.00013160416068877496,0,2.979978125949856e-05,0,4.195244764559902e-05,0
0,5,9.067095200757566e-10,0,0.0,0,6.487633527285652e-06,0,2.1519351617714357e-05,0,6.55357450641192e-08,0,3.1497904274147004e-05,0,3.999311229563318e-05,0
0,5,0.1084948335524635,0,0.02,0,0.008804569020867348,0,0.0007757706760011576,0,0.00017748390839496855,0,0.00020469495211727917,0,4.9662834499031305e-05,0
0,3,0.6259010832674661,0,0.0,0,4.4857610191684216e-05,0,3.378845107341563e-05,0,1.4483107519548884e-05,0,3.242545426473953e-05,0,3.999311229563318e-05,0
0,3,3.3744310543863025e-05,0,0.0,0,4.5874576244386844e-06,0,2.0963919946741996e-05,0,9.213956036555158e-08,0,3.1761519494466484e-05,0,3.999311229563318e-05,0
0,4,0.025231407902214044,0,0.0,0,4.122746759094298e-06,0,2.0461226781730513e-05,0,6.732127176868539e-06,0,7.944804383441806e-05,0,3.999311229563318e-05,0
0,1,0.9815497564910255,1,0.06,0,0.08073651045560837,0,0.033280689080982084,0,0.5045366108904155,1,0.02022191695868969,0,0.021412741392850876,0
0,4,0.0010908972378794127,0,0.05,0,0.00415779510512948,0,6.130463995483773e-05,0,0.0001293935186754404,0,0.0012390784686431289,0,0.00010705035674618557,0
0,3,3.777010350092168e-05,0,0.03,0,0.0002398000069661066,0,5.190487796645693e-05,0,4.147785283868008e-05,0,0.0001176991718239151,0,5.3887015383224934e-05,0
0,2,1.2838938427005862e-06,0,0.01,0,5.2121831686235964e-05,0,2.1169117199972248e-05,0,2.366821339422639e-08,0,3.448793358984403e-05,0,3.999311229563318e-05,0
0,2,0.00028382057474227613,0,0.0,0,2.8099313567508943e-05,0,2.1172895197198264e-05,0,1.3541602850010836e-07,0,3.448793358984403e-05,0,3.999311229563318e-05,0
0,3,0.04899733891611503,0,0.0,0,0.00011559008999029174,0,2.9673901613530992e-05,0,6.3104857013629186e-06,0,3.482067404547706e-05,0,3.999311229563318e-05,0
0,2,0.026271871645705484,0,0.04,0,0.004936214070767164,0,0.0017504518543827916,0,0.07311845390904456,0,4.329415241954848e-05,0,4.7472683945670724e-05,0
0,3,0.000871707222372499,0,0.0,0,2.0171817595837638e-05,0,3.0378882743732443e-05,0,2.176474499608367e-06,0,3.1761519494466484e-05,0,3.999311229563318e-05,0
0,2,0.0036455643797982055,0,0.02,0,0.0009331199689768255,0,4.288345853912364e-05,0,0.00033425547399341016,0,9.630309068597853e-05,0,6.225042307050899e-05,0
0,4,6.499462835302038e-07,0,0.0,0,2.4072700398392044e-05,0,2.4552030903588924e-05,0,2.5758719552264215e-07,0,7.956724584801123e-05,0,3.999311229563318e-05,0
0,5,0.016713466502396714,0,0.03,0,3.093816758337198e-06,0,4.1210856770959924e-05,0,2.8944822045396647e-05,0,3.774331707973033e-05,0,3.999311229563318e-05,0
0,1,0.0386550001019208,0,0.02,0,0.00014290567196439952,0,3.478888521241543e-05,0,6.934125898868404e-05,0,2.6394982342026196e-05,0,4.241432179696858e-05,0
0,4,2.8447945767778997e-05,0,0.0,0,2.1800544345751405e-05,0,2.1328369230115178e-05,0,2.1269218613809913e-08,0,7.944804383441806e-05,0,3.999311229563318e-05,0
0,4,0.012896825668649371,0,0.0,0,1.1545990673766937e-05,0,2.069195948846947e-05,0,2.513468030020395e-06,0,7.944804383441806e-05,0,3.999311229563318e-05,0
0,2,0.0020886827771869256,0,0.01,0,0.00012823946599382907,0,0.0003126785169476208,0,0.0021586734920013943,0,3.684200419229455e-05,0,3.999311229563318e-05,0
0,5,0.18704935411250576,0,0.0,0,7.556942728115246e-05,0,0.00016494032952459175,0,0.0001021776811106306,0,3.32297058776021e-05,0,4.9074100388679653e-05,0
0,5,0.0029268048080719478,0,0.01,0,3.8608122849836946e-05,0,2.568082625241883e-05,0,2.7450387066963633e-07,0,3.1497904274147004e-05,0,3.999311229563318e-05,0
0,3,0.00010658529377337353,0,0.01,0,0.00012018058623652905,0,3.0123929875245583e-05,0,3.3830603846080505e-05,0,3.283349360572174e-05,0,3.999311229563318e-05,0
0,4,0.00019154841732319587,0,0.0,0,1.3417825357464608e-05,0,2.0055371356348247e-05,0,2.598206561396221e-07,0,7.944804383441806e-05,0,3.999311229563318e-05,0
0,1,0.002226737148466177,0,0.0,0,2.901401330746012e-06,0,2.013386493816387e-05,0,3.29101087383115e-05,0,2.789103200484533e-05,0,4.950601578457281e-05,0
0,3,0.08872417522492555,0,0.0,0,5.3671035857405514e-05,0,2.6926867279299202e-05,0,8.534171993336223e-06,0,0.00986148975789547,0,0.003773855045437813,0
0,2,0.00046181878552992796,0,0.02,0,0.0001746690395521,0,5.151945969269993e-05,0,0.00017119685646664788,0,4.104788968106732e-05,0,4.5848624722566456e-05,0
0,3,0.23279679171137152,0,0.0,0,6.0499012761283666e-05,0,3.34799854589768e-05,0,0.0004470394524777451,0,3.2877909688977525e-05,0,3.999311229563318e-05,0
0,1,0.8838635117638032,0,0.01,0,0.00026651317602954805,0,0.0008458992984715453,0,0.015517577768888907,0,0.0029576222877949476,0,0.005566203035414219,0
0,2,0.13590798140429047,0,0.01,0,8.746028470341116e-06,0,2.8540680146337435e-05,0,0.00013610909221029564,0,3.448793358984403e-05,0,4.534954496193677e-05,0
0,3,1.572185392515393e-05,0,0.01,0,5.7963774452218786e-05,0,5.75854147936862e-05,0,5.088568999921164e-06,0,3.39787220582366e-05,0,3.999311229563318e-05,0
0,5,4.7156774327944565e-05,0,0.0,0,1.073889166036679e-06,0,2.1503977105569287e-05,0,3.082355180649347e-08,0,3.1497904274147004e-05,0,3.999311229563318e-05,0
0,4,0.008127730185902097,0,0.0,0,8.192727364075836e-06,0,2.411148333913101e-05,0,1.3764141701351188e-05,0,7.944804383441806e-05,0,3.999311229563318e-05,0
0,3,2.275868928876435e-05,0,0.01,0,2.536088322813157e-05,0,2.0786795360272215e-05,0,4.5186335263261866e-08,0,3.204234235454351e-05,0,3.999311229563318e-05,0
0,2,0.008594429828334037,0,0.0,0,2.144361860700883e-05,0,4.367142541377976e-05,0,8.211264113868087e-05,0,3.448793358984403e-05,0,3.999311229563318e-05,0
0,2,7.015995284405132e-06,0,0.0,0,1.0551485502219293e-05,0,2.1172979085313295e-05,0,1.209452271112358e-08,0,3.448793358984403e-05,0,3.999311229563318e-05,0
0,4,5.258884716009167e-07,0,0.01,0,0.0006369829643517733,0,5.2923835935740775e-05,0,1.7180473770677354e-05,0,7.944804383441806e-05,0,3.999311229563318e-05,0
0,4,0.037558997889432184,0,0.01,0,0.0009745831484906375,0,0.000148251887224515,0,0.0036943447879355454,0,0.0002151433000108227,0,8.943452849052846e-05,0
0,5,5.174759880285989e-05,0,0.01,0,1.0506351827643812e-05,0,2.1400781595563714e-05,0,1.9907527943084094e-05,0,3.2771244150353596e-05,0,3.999311229563318e-05,0
0,4,0.010288532969977506,0,0.0,0,0.0005377154448069632,0,5.651395573525637e-05,0,7.350367925303765e-05,0,9.214504825649783e-05,0,4.244412775733508e-05,0
0,1,0.00802969481885342,0,0.0,0,5.0372960686217993e-05,0,2.398558840628927e-05,0,1.736679962168068e-06,0,3.0590737878810614e-05,0,4.070830618729815e-05,0
0,4,0.003945748293144138,0,0.0,0,6.325018330244347e-05,0,3.953708091372248e-05,0,0.00019955775424382294,0,7.944804383441806e-05,0,3.999311229563318e-05,0
0,3,0.0007286721213091956,0,0.0,0,3.038290742551908e-05,0,1.9480227869319523e-05,0,9.220723186057236e-07,0,3.1761519494466484e-05,0,3.999311229563318e-05,0
0,2,0.16724331054460384,0,0.01,0,0.00010829330130945891,0,5.8580770863353935e-05,0,8.982159223887896e-05,0,4.6683126129209995e-05,0,4.1170205804519355e-05,0
0,2,0.06656783067324373,0,0.01,0,3.721597749972716e-05,0,3.908869834247865e-05,0,4.161285731048742e-05,0,3.5450975701678544e-05,0,6.533606938319281e-05,0
0,4,1.1629613259064246e-05,0,0.04,0,3.537031034284155e-06,0,3.4225626765383075e-05,0,4.773614980057372e-07,0,7.944804383441806e-05,0,3.999311229563318e-05,0
0,2,0.009233705040113945,0,0.0,0,5.838219749421114e-06,0,2.2625689583505472e-05,0,4.476837886655233e-06,0,3.488327274681069e-05,0,4.038796032546088e-05,0
0,2,0.00016815043783443033,0,0.0,0,1.774051270331256e-05,0,2.0679689510771338e-05,0,1.4544814200173525e-06,0,3.448793358984403e-05,0,3.999311229563318e-05,0
0,5,9.951676195655887e-07,0,0.0,0,1.3322629683898413e-06,0,2.1604198268991365e-05,0,1.527159361911126e-08,0,3.1497904274147004e-05,0,3.999311229563318e-05,0
0,4,3.890721886962718e-05,0,0.01,0,1.4872269275656436e-05,0,5.740504470785841e-05,0,9.948677638638384e-06,0,7.944804383441806e-05,0,3.999311229563318e-05,0
0,3,0.0045103080580870605,0,0.02,0,0.00019941627397201955,0,1.9634660915390133e-05,0,8.20853625219332e-06,0,4.184611316304654e-05,0,3.999311229563318e-05,0
0,3,0.1348622496515597,0,0.0,0,0.03512036055326462,0,0.0001870926121135051,0,0.0006552065623910019,0,3.384597584954463e-05,0,4.041031206725165e-05,0
0,4,0.013099685684350626,0,0.0,0,2.1188019672990777e-05,0,4.486334756150979e-05,0,0.00016708371133544153,0,7.944804383441806e-05,0,3.999311229563318e-05,0
0,2,0.00026053347430113615,0,0.0,0,1.787980363587849e-05,0,2.1151059155312113e-05,0,2.702851851863491e-08,0,3.448793358984403e-05,0,3.999311229563318e-05,0
0,1,0.6652909351431451,0,0.0,0,1.297959443036234e-05,0,5.3151617124523677e-05,0,2.769772813598335e-05,0,2.6962588890455663e-05,0,3.999311229563318e-05,0
0,3,8.962631663172232e-05,0,0.03,0,0.0018169872928410769,0,0.0010108812989984165,0,2.9639838162268783e-05,0,5.052077540312894e-05,0,4.006761446362361e-05,0
0,4,0.019985414633144002,0,0.01,0,0.0004519234353210777,0,0.0001151350902861283,0,1.4376522493987669e-05,0,8.198693103622645e-05,0,3.999311229563318e-05,0
0,1,0.0008889549558766332,0,0.0,0,0.00010432289855089039,0,7.122551744266895e-05,0,1.0390088389721452e-06,0,2.919552571256645e-05,0,4.157249350100756e-05,0
0,5,0.01381251229291899,0,0.0,0,1.3571483577834442e-05,0,2.9595160472159256e-05,0,4.736828309991269e-05,0,0.0014939035754650831,0,0.000547011848539114,0
0,5,7.528622894525457e-06,0,0.01,0,9.182324720313773e-05,0,7.43086135905352e-05,0,2.9918198942463467e-06,0,4.8337544285459444e-05,0,4.207908932585269e-05,0
0,4,0.00011355297704619216,0,0.01,0,7.466308943548938e-06,0,2.4776349364114222e-05,0,1.6457573360057483e-07,0,7.944804383441806e-05,0,3.999311229563318e-05,0
0,1,0.12478938776718741,0,0.0,0,3.5031787319894647e-06,0,2.081016254304488e-05,0,0.00011847158232647709,0,2.812429374898784e-05,0,3.999311229563318e-05,0
0,3,3.7202693303143805e-09,0,0.0,0,1.3375906746659894e-05,0,2.1128001835810175e-05,0,3.791116596091274e-08,0,3.494103657430969e-05,0,3.999311229563318e-05,0
0,1,0.002742895116227793,0,0.02,0,0.0008288657409138978,0,8.185614490960052e-05,0,3.1483675568902594e-05,0,4.871515920967795e-05,0,3.999311229563318e-05,0
0,1,8.788215243431186e-05,0,0.04,0,0.00026046641869470477,0,0.00015780809309756316,0,2.2892941464124495e-05,0,3.1294119253288954e-05,0,3.999311229563318e-05,0
0,4,3.7477405956773074e-05,0,0.0,0,3.476692654658109e-06,0,2.131063997940979e-05,0,1.6232030721257457e-08,0,7.944804383441806e-05,0,3.999311229563318e-05,0
0,1,6.058629153075399e-07,0,0.0,0,0.0002799031208269298,0,4.833717406119383e-05,0,5.772288579968771e-07,0,2.593315912235994e-05,0,3.999311229563318e-05,0
0,5,0.7988719270356084,0,0.01,0,0.0004771838430315256,0,0.00018754805437444099,0,0.00256026541579827,0,0.0010683088330551982,0,0.0010992013849318027,0
0,5,0.007081501115060954,0,0.0,0,2.7733174192690058e-06,0,2.1289483694580722e-05,0,1.7642678689402063e-06,0,0.0007898272015154362,0,8.756246825214475e-05,0
0,5,1.4448169314000308e-05,0,0.0,0,5.016255272494163e-06,0,2.1527818031436096e-05,0,2.4305996578745013e-08,0,3.1497904274147004e-05,0,3.999311229563318e-05,0
0,4,0.0011133746637733834,0,0.0,0,4.72450074084918e-06,0,2.0335707632404507e-05,0,3.7397813138834824e-05,0,7.944804383441806e-05,0,3.999311229563318e-05,0
0,4,3.3684075908730987e-07,0,0.0,0,2.7464236609375803e-06,0,2.1299770911538304e-05,0,1.6863285988878721e-07,0,7.944804383441806e-05,0,3.999311229563318e-05,0
0,4,0.0003220479373256771,0,0.0,0,1.1761616406147368e-05,0,2.038830075987906e-05,0,4.6496405442413155e-06,0,0.00013948087871540338,0,5.239687016000971e-05,0
0,2,5.8957906419800855e-06,0,0.01,0,0.00029905643896199763,0,2.1171103119756645e-05,0,1.3365506202676063e-07,0,3.448793358984403e-05,0,3.999311229563318e-05,0
0,5,1.676823711186682e-09,0,0.0,0,6.2274111769511364e-06,0,2.158602933115835e-05,0,2.0068546446892237e-08,0,3.199074126314372e-05,0,3.999311229563318e-05,0
0,5,0.02031713536891582,0,0.03,0,0.0009532859548926353,0,0.00015640574414099102,0,0.0002447655411379622,0,7.196518708951771e-05,0,0.00019071211863774806,0
0,5,5.019037814549142e-06,0,0.04,0,2.1149924577912316e-05,0,7.101980085016211e-05,0,0.0008090008223961837,0,4.862672358285636e-05,0,3.999311229563318e-05,0
0,4,2.2530693789921332e-05,0,0.01,0,2.7327327188686468e-05,0,3.2609183360470266e-05,0,1.0692432805201514e-06,0,8.188562060240656e-05,0,3.999311229563318e-05,0
0,1,0.4926103589829918,0,0.01,0,0.00021435671078506857,0,0.00026038073587169734,0,7.0209715633051416e-06,0,0.00037153568700887263,0,0.0003916239948011935,0
0,1,1.8341160350625596e-08,0,0.01,0,2.9963444831082597e-05,0,4.466334311665938e-05,0,1.509586866639486e-07,0,2.593315912235994e-05,0,3.999311229563318e-05,0
0,2,0.5483287919464025,0,0.01,0,2.9658969651791267e-05,0,3.418654563460917e-05,0,1.7977829078092655e-05,0,3.546799052855931e-05,0,3.999311229563318e-05,0
0,3,0.00027527710603497864,0,0.01,0,8.021901885513216e-05,0,3.5337043334814724e-05,0,2.7978261169357085e-05,0,3.886981721734628e-05,0,4.1781084291869774e-05,0
0,5,1.0271943448296665e-05,0,0.02,0,4.693801383837126e-05,0,7.454452568473634e-05,0,7.604788204300442e-06,0,0.00013563943502958864,0,4.1766186768654734e-05,0
0,3,0.0002545008228949264,0,0.0,0,2.6968298698193394e-05,0,3.8882880381781926e-05,0,5.548044957651969e-07,0,3.1761519494466484e-05,0,3.999311229563318e-05,0
0,2,3.911875703957838e-06,0,0.01,0,0.00020106953161302954,0,1.8743581314192925e-05,0,6.565215726490206e-06,0,3.530878166202456e-05,0,3.999311229563318e-05,0
0,3,0.29040895508801123,0,0.0,0,0.0010023587383329868,0,8.932449624261239e-05,0,0.004717656676830822,0,7.340417505474761e-05,0,4.142349644098431e-05,0
0,1,1.2678278500620084e-05,0,0.01,0,5.79773768549785e-05,0,2.9306621865096158e-05,0,6.676017385709012e-07,0,2.593315912235994e-05,0,3.999311229563318e-05,0
0,3,0.563312234100142,0,0.02,0,0.00018302003445569426,0,4.55040014931669e-05,0,0.00022152320810957628,0,0.00036611728137359023,0,0.0001642170682316646,0
0,1,0.07042108877239654,0,0.0,0,5.3288033086573705e-05,0,2.0839503346237485e-05,0,4.601443672517067e-05,0,2.643456173245795e-05,0,3.999311229563318e-05,0
0,5,0.000229383492478183,0,0.0,0,5.196913662075531e-06,0,2.1585347496011903e-05,0,1.799500190886773e-07,0,3.1497904274147004e-05,0,3.999311229563318e-05,0
0,2,2.6373958470176338e-05,0,0.01,0,6.03777589276433e-05,0,3.8809241705682915e-05,0,3.153399134162455e-08,0,3.448793358984403e-05,0,3.999311229563318e-05,0
0,2,0.0030338012598119003,0,0.0,0,1.3512477380572818e-05,0,2.3765292280013282e-05,0,0.00010004174362125885,0,3.997205203631893e-05,0,0.00014032123726792634,0
0,4,0.06279006609563187,0,0.01,0,0.00012216433242429048,0,4.616253034625391e-05,0,3.46550690822544e-05,0,7.967452256707475e-05,0,3.999311229563318e-05,0
0,4,0.0076536897384880485,0,0.0,0,1.0856429071282037e-05,0,2.0178406563523572e-05,0,1.3995821797243014e-06,0,8.228491060435772e-05,0,4.237706525600515e-05,0
0,3,1.8354459820427535e-06,0,0.0,0,5.3859970648773015e-05,0,2.5606540955920543e-05,0,4.947414845646011e-06,0,4.8322144721169025e-05,0,7.517556514358148e-05,0
0,5,3.3450435974644504e-06,0,0.0,0,2.4125313302647555e-06,0,2.1491840517008957e-05,0,2.279043072959395e-08,0,3.1497904274147004e-05,0,3.999311229563318e-05,0
0,4,0.06441280276962634,0,0.0,0,1.6465686712763272e-05,0,2.0103033234035702e-05,0,8.64731158650302e-06,0,7.944804383441806e-05,0,3.999311229563318e-05,0
0,1,0.00025679131767832806,0,0.0,0,0.0003717207000590861,0,3.6286494786498805e-05,0,2.5519143335741557e-06,0,3.482884130789898e-05,0,4.0134658775059506e-05,0
0,5,0.0028895842547296212,0,0.01,0,2.1313158867997117e-05,0,4.8091443623233543e-05,0,1.3158072824819058e-06,0,3.1497904274147004e-05,0,3.999311229563318e-05,0
0,5,5.109200891647967e-07,0,0.0,0,8.268361852969974e-06,0,2.815828845887476e-05,0,1.1883438805888753e-07,0,3.1497904274147004e-05,0,3.999311229563318e-05,0
0,3,2.118594976936398e-05,0,0.01,0,7.268141052918509e-05,0,0.00017589807851147514,0,4.8192672813659246e-05,0,4.133784750592895e-05,0,3.999311229563318e-05,0
0,3,2.8843461156475045e-05,0,0.0,0,3.400882633286528e-05,0,2.6599353633434124e-05,0,1.6160132125404884e-07,0,3.1761519494466484e-05,0,3.999311229563318e-05,0
0,3,0.00015915492787633458,0,0.01,0,1.4468719200522173e-05,0,2.0820754542437768e-05,0,4.3354944141173806e-07,0,3.1761519494466484e-05,0,3.999311229563318e-05,0
0,5,4.588332143720054e-08,0,0.0,0,4.336956408224069e-06,0,2.15236080936978e-05,0,5.479992385070973e-08,0,3.1497904274147004e-05,0,3.999311229563318e-05,0
0,3,1.625376124920197e-05,0,0.0,0,2.05931173695717e-05,0,2.130938908692912e-05,0,9.817964424831621e-08,0,3.1761519494466484e-05,0,3.999311229563318e-05,0
0,3,0.006979817417247529,0,0.0,0,8.721277117729187e-05,0,4.337965951208046e-05,0,9.085630814752534e-07,0,3.337303132866509e-05,0,5.1286806410644203e-05,0
0,3,0.00687665356828585,0,0.0,0,0.00024363413103856146,0,0.00020884880378180102,0,0.0009305305485379192,0,4.334332697908394e-05,0,4.4396012526704e-05,0
0,2,0.0022573960106254017,0,0.01,0,2.8087983082514256e-05,0,3.451632753937109e-05,0,1.5569581131227923e-06,0,3.726886643562466e-05,0,4.051460564369336e-05,0
0,3,0.000377596007822063,0,0.0,0,1.1037817785108928e-05,0,2.0772499310615678e-05,0,1.058212869660988e-06,0,3.1761519494466484e-05,0,3.999311229563318e-05,0
0,5,9.981862529966159e-08,0,0.01,0,3.57274279849662e-06,0,2.149986053289438e-05,0,3.479755359294309e-08,0,3.1497904274147004e-05,0,3.999311229563318e-05,0
0,3,4.0464246506524435e-07,0,0.0,0,3.214846219634637e-05,0,3.33634540768912e-05,0,3.18445708129652e-07,0,3.203022788511589e-05,0,3.999311229563318e-05,0
0,4,0.015007537456644312,0,0.01,0,2.7785097699961625e-05,0,2.131944058743867e-05,0,2.1120476387900514e-07,0,7.944804383441806e-05,0,3.999311229563318e-05,0
0,1,0.36758039362918893,0,0.03,0,0.0025461085606366396,0,0.0010103036871808935,0,5.549891703603066e-05,0,3.66304193448741e-05,0,0.0001286989136133343,0
0,4,0.15228316044905482,0,0.0,0,9.807657625060529e-05,0,0.0001977818161545204,0,0.0002169347398637296,0,7.944804383441806e-05,0,3.999311229563318e-05,0
0,2,0.00017680894590026096,0,0.0,0,7.723052840447053e-05,0,2.9799988835115786e-05,0,2.6921211451329566e-06,0,3.448793358984403e-05,0,3.999311229563318e-05,0
0,1,8.528188462560699e-05,0,0.01,0,2.2040629119146615e-05,0,2.4046130487881002e-05,0,9.079237388279172e-07,0,2.593315912235994e-05,0,3.999311229563318e-05,0
0,1,2.933276574072101e-06,0,0.0,0,1.2997567864658777e-05,0,2.1049761334314038e-05,0,1.1487696065086467e-08,0,2.7295742256683297e-05,0,3.999311229563318e-05,0
0,2,7.866592147315552e-06,0,0.02,0,0.00016942754155024886,0,5.560115074739376e-05,0,6.176651031152769e-07,0,3.448793358984403e-05,0,3.999311229563318e-05,0
0,2,1.2747318888424476e-06,0,0.0,0,4.839421762881102e-06,0,2.1171896287085225e-05,0,1.162568403224589e-08,0,3.448793358984403e-05,0,3.999311229563318e-05,0
0,2,0.9037404327676943,0,0.01,0,0.0023959942627698183,0,0.0003243487371624637,0,0.0032263223224283863,0,0.0006328143645077944,0,4.542401438811794e-05,0
0,4,0.00012365538845548603,0,0.0,0,1.9713079382199794e-05,0,2.1304393642450082e-05,0,5.940662354372058e-08,0,7.944804383441806e-05,0,3.999311229563318e-05,0
0,3,0.002092971235175759,0,0.0,0,5.248984234640375e-05,0,2.132297830294595e-05,0,6.720555865419604e-07,0,3.2538500818191096e-05,0,5.227760266279802e-05,0
0,5,1.6376117275474178e-06,0,0.0,0,6.589320491912076e-06,0,2.1541312507613224e-05,0,2.6605527634206187e-08,0,3.1497904274147004e-05,0,3.999311229563318e-05,0
0,4,0.002406840919957476,0,0.01,0,0.0001595550711499527,0,8.641602200950344e-05,0,0.002255276792708329,0,0.00016728430637158453,0,5.472861448652111e-05,0
0,1,0.010337585841485593,0,0.0,0,5.872142082807841e-06,0,2.9141872261021964e-05,0,7.535136753706326e-07,0,2.593315912235994e-05,0,3.999311229563318e-05,0
0,5,0.03062942698227377,0,0.0,0,7.223447937576566e-06,0,2.5579822650311516e-05,0,2.789061920113347e-07,0,3.1497904274147004e-05,0,3.999311229563318e-05,0
0,3,0.0024363643573105205,0,0.01,0,0.0007286403561010957,0,0.00017637099955974646,0,0.0003206386471564598,0,5.642898759106174e-05,0,7.309876673389226e-05,0
0,4,0.9414520717925448,0,0.02,0,0.00032862278749234974,0,0.00030384121566869575,0,0.005101830934945563,0,0.00029170431662350893,0,0.00018580238975118846,0
0,1,6.787716810015859e-05,0,0.01,0,4.634530796465697e-06,0,7.985081602461693e-05,0,0.0001456112528677065,0,2.6976100343745202e-05,0,3.999311229563318e-05,0
0,3,0.10470437170614103,0,0.0,0,2.6018868084065616e-05,0,2.9137391094331845e-05,0,3.301965086373492e-05,0,3.210010618204251e-05,0,3.999311229563318e-05,0
0,3,0.46208512859696593,0,0.0,0,0.000152408960275352,0,6.255817896075083e-05,0,4.820763974849406e-05,0,0.0005595188122242689,0,0.0014505238505080342,0
0,4,0.00016166388955173564,0,0.0,0,3.498394789858139e-06,0,2.130296525874657e-05,0,4.8554983876680455e-08,0,7.944804383441806e-05,0,3.999311229563318e-05,0
0,4,2.2166769197259938e-05,0,0.0,0,1.6094591046567075e-05,0,2.032673191118483e-05,0,2.89377397391578e-07,0,7.944804383441806e-05,0,3.999311229563318e-05,0
0,5,0.6602342466043154,0,0.0,0,7.326277227548417e-06,0,2.1284231961482782e-05,0,4.713570158093206e-06,0,0.0007280733552761376,0,6.498377479147166e-05,0
0,5,3.563577423055598e-05,0,0.0,0,2.785324568321812e-06,0,2.1397124956655258e-05,0,1.0342712206246346e-08,0,3.151386772515252e-05,0,3.999311229563318e-05,0
0,3,0.08429453040237256,0,0.01,0,8.293745486298576e-05,0,3.291657343697839e-05,0,0.00023812091202620556,0,4.184321005595848e-05,0,8.054270438151434e-05,0
0,1,0.7801331334527998,0,0.07,0,0.0009728394798003137,0,0.001120734442216599,0,0.007745046352559248,0,4.087594061275013e-05,0,4.3718002416426316e-05,0
0,1,6.793409853572198e-05,0,0.0,0,2.5033130441443063e-05,0,6.024718870899526e-05,0,1.4218199733713689e-07,0,2.593315912235994e-05,0,3.999311229563318e-05,0
0,4,0.009722084977352762,0,0.0,0,2.5003066184581257e-05,0,2.3894632280014307e-05,0,1.7411811802721772e-05,0,7.944804383441806e-05,0,3.999311229563318e-05,0
0,1,0.0003187119034972544,0,0.0,0,4.845416242460487e-06,0,2.4843902593361182e-05,0,1.0759198942788292e-07,0,2.593315912235994e-05,0,3.999311229563318e-05,0
0,4,0.0021357223661576615,0,0.0,0,2.5797542548389174e-05,0,7.365236318930549e-05,0,2.0941848623393028e-05,0,7.944804383441806e-05,0,3.999311229563318e-05,0
0,2,0.025918867486148234,0,0.01,0,5.3276449762051925e-05,0,2.3454520376603864e-05,0,2.1564234426840704e-05,0,4.25486832682509e-05,0,4.562514368444681e-05,0
0,1,6.264794455853452e-06,0,0.0,0,5.354210770747159e-06,0,2.104888037023789e-05,0,1.223931572718339e-08,0,2.593315912235994e-05,0,3.999311229563318e-05,0
0,4,1.2454752701043448e-05,0,0.0,0,4.1268791392212734e-05,0,2.0443159689407887e-05,0,5.618463812261824e-06,0,7.944804383441806e-05,0,3.999311229563318e-05,0
0,3,2.985523536915265e-05,0,0.0,0,7.366752925008768e-06,0,2.141411753849535e-05,0,4.831420202795842e-07,0,3.1761519494466484e-05,0,3.999311229563318e-05,0
0,3,0.035317642310390654,0,0.01,0,6.392434443114325e-05,0,2.1349356833613213e-05,0,4.8025918409317904e-05,0,3.1761519494466484e-05,0,3.999311229563318e-05,0
0,3,0.0007660781363092136,0,0.0,0,1.2710865121334791e-05,0,2.0809332950890518e-05,0,1.3590609874707224e-05,0,3.1886720535112545e-05,0,3.999311229563318e-05,0
0,1,0.0056136806670827035,0,0.0,0,2.2192234609974548e-05,0,2.760091333108202e-05,0,5.223691820087923e-06,0,2.593315912235994e-05,0,3.999311229563318e-05,0
0,3,0.6309816036732303,0,0.01,0,0.0002280387416249141,0,4.991758719141006e-05,0,0.0002778455209664233,0,0.00021286410628817976,0,4.1967330616898835e-05,0
0,3,4.0926065126629717e-05,0,0.0,0,1.8012337022810243e-05,0,5.5316678450045286e-05,0,0.00016851534210182917,0,3.253231989219785e-05,0,3.999311229563318e-05,0
0,1,3.2623730370309705e-05,0,0.0,0,2.2809217625763267e-06,0,5.186887059000502e-05,0,8.848341228619497e-05,0,2.593315912235994e-05,0,3.999311229563318e-05,0
0,1,0.006958849234709177,0,0.03,0,0.0004032342985738069,0,0.00027786760402330354,0,0.001744138301330388,0,2.593315912235994e-05,0,3.999311229563318e-05,0
0,5,2.1420534415812715e-05,0,0.03,0,1.0100125109602232e-05,0,2.1610067995237443e-05,0,1.9483192084397498e-07,0,3.1497904274147004e-05,0,3.999311229563318e-05,0
0,3,0.0001410870808201986,0,0.0,0,4.818790330318734e-05,0,5.80053804638811e-05,0,7.973845088073928e-05,0,3.3153082767967135e-05,0,3.999311229563318e-05,0
0,5,0.002586562427993182,0,0.0,0,3.4350483474554494e-05,0,8.167826118418669e-05,0,2.252922577941948e-06,0,3.1497904274147004e-05,0,3.999311229563318e-05,0
0,1,0.002432030438643922,0,0.0,0,2.788646725093713e-06,0,2.5378211724525854e-05,0,3.775349887715157e-05,0,2.593315912235994e-05,0,3.999311229563318e-05,0
0,1,2.260187335058278e-05,0,0.0,0,1.633273654988443e-06,0,2.1043190047213794e-05,0,1.2916095634736001e-08,0,2.593315912235994e-05,0,3.999311229563318e-05,0
0,1,0.005947359252636015,0,0.0,0,2.9080665626679547e-06,0,2.041238927682293e-05,0,1.5727626341118547e-06,0,2.593315912235994e-05,0,3.999311229563318e-05,0
0,4,0.10394594257008066,0,0.02,0,0.00035648365155793726,0,0.00010212992219152957,0,0.011378760810393651,0,0.00013023056089878082,0,4.573696060106158e-05,0
0,3,3.106770456477715e-10,0,0.01,0,0.00045152942766435444,0,0.0003152734656138955,0,2.8558877213982006e-05,0,0.00015713901666458696,0,0.00044972982141189277,0
0,3,0.0002198829290454668,0,0.0,0,1.6748983398429118e-05,0,3.7468338672877416e-05,0,2.506475745852311e-06,0,4.216431261738762e-05,0,4.2980496800737455e-05,0
0,1,0.008142733587786955,0,0.01,0,4.576633273245534e-06,0,4.968694129320624e-05,0,2.0358380162237567e-05,0,2.594505531305913e-05,0,3.999311229563318e-05,0
0,2,0.00266134827844857,0,0.01,0,8.559412890463136e-06,0,2.029341216092631e-05,0,5.6158181422829535e-06,0,3.448793358984403e-05,0,3.999311229563318e-05,0
0,3,0.06920527467272278,0,0.02,0,0.0015693757450208068,0,8.66238060573908e-05,0,0.00023979578943431976,0,5.344655073713511e-05,0,3.999311229563318e-05,0
0,5,2.3569315819657966e-05,0,0.0,0,4.951865776092745e-06,0,2.1516191150218885e-05,0,5.227877837446282e-08,0,3.1497904274147004e-05,0,3.999311229563318e-05,0
0,2,6.44648347670101e-05,0,0.0,0,9.330358807346784e-06,0,2.1172979085313295e-05,0,2.5402826049164046e-08,0,3.448793358984403e-05,0,3.999311229563318e-05,0
0,3,4.989962259903962e-05,0,0.0,0,7.91113416198641e-06,0,2.131210726682813e-05,0,9.051569739609073e-08,0,3.1761519494466484e-05,0,3.999311229563318e-05,0
0,3,0.006897967593961104,0,0.0,0,2.8581760489032604e-05,0,5.4751542991187466e-05,0,3.8664806693675226e-05,0,3.1761519494466484e-05,0,3.999311229563318e-05,0
0,5,0.0004000129422667814,0,0.03,0,8.05415547802113e-05,0,2.4708370727240462e-05,0,4.400815224019673e-06,0,3.2235948310699314e-05,0,3.999311229563318e-05,0
0,2,0.00392972817288585,0,0.0,0,9.924269761540927e-06,0,1.9217237383910284e-05,0,9.973467453084759e-05,0,3.448793358984403e-05,0,3.999311229563318e-05,0
0,2,0.0005921536230757678,0,0.0,0,1.975693294298253e-06,0,2.0022223650856504e-05,0,4.970342024716985e-07,0,3.448793358984403e-05,0,3.999311229563318e-05,0
0,5,4.1442069162215364e-05,0,0.01,0,4.43487660959363e-05,0,6.186031375844614e-05,0,1.92657821708316e-06,0,3.394788654986769e-05,0,4.003780850325711e-05,0
0,1,0.006860231033379986,0,0.01,0,0.00010168799781240523,0,3.103523830771347e-05,0,6.264903207102378e-05,0,2.7163743652636185e-05,0,3.999311229563318e-05,0
0,4,0.025184187080191125,0,0.02,0,8.520541450707242e-05,0,5.299024992349721e-05,0,5.067393510131221e-05,0,0.00012230337597429752,0,4.2198273149551824e-05,0
0,5,0.5844165928776967,0,0.02,0,0.00037008957588113844,0,0.0001097369020440628,0,5.3527762642892e-05,0,0.0004060015198774636,0,6.572340498678386e-05,0
0,5,1.2015619115489225e-06,0,0.0,0,9.915159353113268e-06,0,2.1521079420887923e-05,0,1.1027345002592716e-07,0,3.1497904274147004e-05,0,3.999311229563318e-05,0
0,5,0.10150657798140245,0,0.0,0,1.210834216180956e-05,0,2.1366495680895413e-05,0,1.0573946959095067e-06,0,3.331934203743003e-05,0,3.999311229563318e-05,0
0,2,5.920767376895871e-06,0,0.0,0,1.0455714800627902e-05,0,2.1177977123286696e-05,0,2.3767485688450168e-07,0,3.448793358984403e-05,0,3.999311229563318e-05,0
0,4,0.003756319695667745,0,0.0,0,0.0006570456898771226,0,0.00023596914795700121,0,0.010801222092213665,0,7.944804383441806e-05,0,3.999311229563318e-05,0
0,5,0.00042425136437854866,0,0.0,0,5.360837349144276e-06,0,2.1550496717210266e-05,0,1.128401292723698e-07,0,3.1497904274147004e-05,0,3.999311229563318e-05,0
0,4,0.0007609498400673756,0,0.0,0,1.8492257368052378e-05,0,2.8919298327796727e-05,0,2.4624102794661235e-06,0,7.944804383441806e-05,0,3.999311229563318e-05,0
0,3,0.00035006904154274933,0,0.0,0,6.3581605900253635e-06,0,2.8531862423217376e-05,0,1.1692595796284171e-07,0,3.1761519494466484e-05,0,3.999311229563318e-05,0
0,3,3.301115452090694e-05,0,0.0,0,1.761604107741732e-05,0,4.447589624253365e-05,0,9.244780969287027e-06,0,3.1761519494466484e-05,0,4.011975761386566e-05,0
0,4,6.1898338997766e-05,0,0.01,0,1.7175676475744694e-05,0,5.0282252690785686e-05,0,3.000016004423762e-06,0,9.014140232466161e-05,0,4.011231067124754e-05,0
0,3,0.0004560344363875038,0,0.0,0,4.653428277379135e-06,0,2.1276446240803214e-05,0,5.8534316140160753e-08,0,3.1761519494466484e-05,0,3.999311229563318e-05,0
0,2,0.00012829365820168947,0,0.0,0,9.795898222364485e-06,0,2.116602284313824e-05,0,4.458099956301466e-07,0,3.448793358984403e-05,0,3.999311229563318e-05,0
0,4,0.04611092513380319,0,0.0,0,9.336610673926771e-05,0,2.419591865867274e-05,0,1.7368581896971675e-05,0,9.991233673645183e-05,0,4.51856067229528e-05,0
0,1,8.401442967325344e-05,0,0.0,0,1.831166082411073e-05,0,2.0905098576954e-05,0,3.15775459873592e-06,0,2.593315912235994e-05,0,3.999311229563318e-05,0
0,2,0.07600095425141866,0,0.0,0,0.00012047948985127732,0,0.000472463246414184,0,7.119536560013622e-05,0,5.7219789596274495e-05,0,5.2500567107927054e-05,0
0,4,0.005156579770464696,0,0.01,0,5.8915611589327455e-05,0,2.6804887663613674e-05,0,0.0001558949613787744,0,8.911667828215286e-05,0,4.2123792809434235e-05,0
0,4,4.95375803702064e-05,0,0.0,0,3.705683866428444e-06,0,2.0210261107108775e-05,0,2.3595220069532903e-06,0,7.944804383441806e-05,0,3.999311229563318e-05,0
0,5,7.781398900689661e-05,0,0.0,0,5.160868386155926e-05,0,9.56510565716833e-05,0,2.4835486943627163e-06,0,9.742274414747953e-05,0,4.372548937681131e-05,0
0,2,0.014673151832760486,0,0.0,0,3.0997805879451334e-05,0,5.3611725114767044e-05,0,0.0005439749790722134,0,3.448793358984403e-05,0,3.999311229563318e-05,0
0,3,2.388195778938895e-26,0,0.05,0,6.497232243418694e-05,0,0.0001246985475496025,0,5.33277772615724e-06,0,0.0012406989699229598,0,0.0009052518289536238,0
0,2,0.07907795301487404,0,0.0,0,7.4710742410388775e-06,0,2.359718603849492e-05,0,2.078244146330229e-05,0,3.448793358984403e-05,0,3.999311229563318e-05,0
0,1,1.4391291061561829e-05,0,0.0,0,2.7154264898854308e-06,0,2.102896481347645e-05,0,5.521588562694722e-08,0,2.593315912235994e-05,0,3.999311229563318e-05,0
0,4,0.0007083236422590227,0,0.0,0,5.867982508789282e-06,0,1.9511952929766915e-05,0,1.953577009689057e-05,0,7.944804383441806e-05,0,3.999311229563318e-05,0
0,3,9.28744936898099e-06,0,0.0,0,4.7674689994892105e-05,0,2.1138689997636247e-05,0,3.593786984251408e-07,0,3.177279722876847e-05,0,3.999311229563318e-05,0
0,2,3.4852489544798414e-05,0,0.0,0,2.3481188691221178e-05,0,2.1172979085313295e-05,0,3.675822014942782e-08,0,3.448793358984403e-05,0,3.999311229563318e-05,0
0,1,9.671081944406844e-05,0,0.0,0,4.00020462620887e-06,0,2.6055174201912312e-05,0,2.2177842355376127e-05,0,2.593315912235994e-05,0,3.999311229563318e-05,0
0,1,0.00031403375428326803,0,0.0,0,5.385742042562924e-06,0,2.1033944255397685e-05,0,7.129404285129233e-08,0,2.593315912235994e-05,0,3.999311229563318e-05,0
0,1,6.46992407425805e-07,0,0.0,0,1.7711372493067756e-06,0,2.1049761334314038e-05,0,2.6813460665006656e-08,0,2.593315912235994e-05,0,3.999311229563318e-05,0
0,2,0.001921714903291201,0,0.0,0,1.1014263691322412e-05,0,2.0303252989525212e-05,0,7.822569885060045e-06,0,3.448793358984403e-05,0,3.999311229563318e-05,0
0,2,0.019598185780116722,0,0.0,0,2.7791315915237647e-06,0,2.6894517418758498e-05,0,7.91723196569639e-05,0,3.448793358984403e-05,0,3.999311229563318e-05,0
0,5,5.172502309266758e-07,0,0.0,0,5.475126727105817e-06,0,2.1496503104855203e-05,0,1.2906749971806512e-08,0,3.1497904274147004e-05,0,3.999311229563318e-05,0
0,5,0.0009485575241696737,0,0.0,0,5.957163739367388e-05,0,3.304298518480413e-05,0,1.0888630090883276e-05,0,3.1497904274147004e-05,0,3.999311229563318e-05,0
0,5,3.1226760684377243e-07,0,0.0,0,2.03961280931253e-05,0,2.1540558373091755e-05,0,6.053095834891653e-08,0,3.1497904274147004e-05,0,3.999311229563318e-05,0
0,5,0.018078366931689998,0,0.0,0,4.2761454096762463e-05,0,3.3188907599314614e-05,0,1.2027329402766554e-05,0,3.1497904274147004e-05,0,3.999311229563318e-05,0
0,3,4.182463921510522e-06,0,0.03,0,1.1606898624449968e-05,0,2.2049020175706082e-05,0,5.553808881517902e-07,0,3.1761519494466484e-05,0,3.999311229563318e-05,0
0,2,5.345806120149145e-05,0,0.0,0,2.110932291543577e-05,0,3.533907429389299e-05,0,2.071027964214739e-07,0,3.448793358984403e-05,0,3.999311229563318e-05,0
0,5,0.09837686116450965,0,0.05,0,0.0031047712545841932,0,9.451574185116057e-05,0,1.165318072258661e-05,0,3.1497904274147004e-05,0,3.999311229563318e-05,0
0,3,0.00011099592947847133,0,0.0,0,3.192351869074628e-05,0,5.93045770868887e-05,0,2.1998823521342687e-05,0,4.522953895502724e-05,0,4.362116305856034e-05,0
0,2,0.0013202532383260093,0,0.04,0,7.190756150521338e-05,0,3.2823222198415125e-05,0,4.613110743941898e-05,0,6.666082481388003e-05,0,5.3298339480534196e-05,0
0,2,0.06419246107313568,0,0.0,0,0.00012673920718953013,0,2.424868637454132e-05,0,2.4672248203970554e-05,0,3.448793358984403e-05,0,3.999311229563318e-05,0
0,2,0.0006684696299927789,0,0.05,0,0.0010993053438141942,0,0.00016604926907843256,0,0.0014160154586340258,0,6.067069261916913e-05,0,4.8597630666336045e-05,0
0,5,4.345617213496427e-05,0,0.0,0,1.0166815627599135e-05,0,1.9913302594743056e-05,0,8.162295774787572e-08,0,3.1497904274147004e-05,0,3.999311229563318e-05,0
0,5,8.782910168053242e-06,0,0.01,0,1.2055168554070406e-05,0,2.54050992081784e-05,0,4.7433306893726165e-07,0,3.1497904274147004e-05,0,3.999311229563318e-05,0
0,4,0.01923433536413179,0,0.0,0,1.570128370076418e-05,0,3.2960477519459626e-05,0,3.675238678697021e-05,0,7.944804383441806e-05,0,3.999311229563318e-05,0
0,3,0.0002944384838142495,0,0.0,0,6.812967512814794e-06,0,2.8213382696730875e-05,0,1.567877397323425e-07,0,3.1761519494466484e-05,0,3.999311229563318e-05,0
0,3,0.0007943871331376523,0,0.0,0,0.0002944140287581831,0,0.00018090649864079287,0,0.00042010129593488156,0,3.2991523767123e-05,0,3.999311229563318e-05,0
0,1,0.15174821611067593,0,0.0,0,1.6592246538493782e-05,0,2.4040805368210466e-05,0,2.0767180553888697e-05,0,2.697884337976575e-05,0,3.999311229563318e-05,0
0,4,8.715854258884371e-05,0,0.0,0,3.802952414844185e-05,0,2.132102382510093e-05,0,5.471880968007327e-07,0,7.944804383441806e-05,0,3.999311229563318e-05,0
0,1,0.013351744383063366,0,0.02,0,1.7145775927929208e-05,0,6.719933041900256e-05,0,1.5153444035756025e-05,0,2.593315912235994e-05,0,3.999311229563318e-05,0
0,3,0.013773152875339804,0,0.0,0,1.1714756510627922e-05,0,2.1322027444620544e-05,0,1.8945024709521378e-05,0,3.3379619708284736e-05,0,4.0343260479858145e-05,0
0,4,0.0005973223525102202,0,0.01,0,0.00011289078247500584,0,0.0001294756023692837,0,0.0006164076615567748,0,8.100953709799796e-05,0,3.999311229563318e-05,0
0,2,0.00012381085289141892,0,0.01,0,9.902130113914609e-05,0,9.994873508230305e-05,0,8.645073860166548e-09,0,3.448793358984403e-05,0,3.999311229563318e-05,0
0,2,1.4550796264711962e-07,0,0.01,0,2.5326198738184758e-05,0,2.75944535683276e-05,0,6.389836023181529e-06,0,3.448793358984403e-05,0,3.999311229563318e-05,0
0,3,4.416768108252262e-07,0,0.0,0,8.563829396734945e-06,0,2.1283208115154968e-05,0,9.749040412861216e-08,0,3.1761519494466484e-05,0,3.999311229563318e-05,0
0,4,2.6542969757954087e-06,0,0.0,0,9.989627869799733e-06,0,3.013694663877164e-05,0,3.9178594542583454e-07,0,7.944804383441806e-05,0,3.999311229563318e-05,0
0,3,0.00019509640646801828,0,0.02,0,7.558543438790366e-05,0,7.522665552423885e-05,0,0.00018231281597303275,0,3.4764754673233256e-05,0,4.188538150629029e-05,0
0,2,1.7757828887783517e-05,0,0.0,0,5.5907853493408766e-06,0,2.03880799054992e-05,0,1.2899911198111014e-07,0,3.448793358984403e-05,0,3.999311229563318e-05,0
0,3,1.1441591114513173e-07,0,0.0,0,3.374491643626243e-05,0,3.363431496363705e-05,0,1.4934432986296063e-07,0,3.1761519494466484e-05,0,3.999311229563318e-05,0
0,2,5.955788433710916e-06,0,0.02,0,6.608686089748517e-05,0,2.067211988490063e-05,0,3.670798423006379e-05,0,3.448793358984403e-05,0,3.999311229563318e-05,0
0,1,6.181054267327075e-06,0,0.01,0,1.2148697123848251e-06,0,2.9393797909077987e-05,0,7.81484318062462e-05,0,2.593315912235994e-05,0,3.999311229563318e-05,0
0,4,3.702415497208404e-05,0,0.0,0,4.122259269934148e-06,0,2.0869665299293053e-05,0,1.4515325954482443e-05,0,7.944804383441806e-05,0,3.999311229563318e-05,0
0,5,0.1143333295110201,0,0.02,0,3.5075615869573085e-06,0,5.414370838260008e-05,0,5.472488023313762e-05,0,3.691999154398218e-05,0,7.993575127329677e-05,0
0,5,0.005009917111442161,0,0.02,0,0.00025025237118825316,0,2.5840434769937388e-05,0,7.617283352271908e-06,0,3.1524072255706415e-05,0,3.999311229563318e-05,0
0,5,0.062035427241297465,0,0.0,0,5.271361442282796e-05,0,2.4359135592573382e-05,0,0.00011058843002275291,0,3.222695886506699e-05,0,3.999311229563318e-05,0
0,1,0.0076117118588799465,0,0.0,0,8.177594281733036e-05,0,1.69098404475702e-05,0,2.529648547095154e-05,0,2.593315912235994e-05,0,3.999311229563318e-05,0
0,5,3.8378012791791636e-06,0,0.0,0,3.253873001085594e-05,0,2.4059770820718162e-05,0,5.110206896219259e-06,0,3.1497904274147004e-05,0,3.999311229563318e-05,0
0,5,0.0021421224636734887,0,0.0,0,6.401358405128121e-06,0,2.1432981137362375e-05,0,3.292469164351463e-06,0,3.1497904274147004e-05,0,3.999311229563318e-05,0
0,2,0.0174736849413942,0,0.0,0,6.829855465184664e-06,0,4.730258411899484e-05,0,3.7730537797929744e-05,0,3.448793358984403e-05,0,3.999311229563318e-05,0
0,1,0.0003817155273099651,0,0.02,0,3.5988516629004152e-06,0,2.4477298993426934e-05,0,4.6726283233395856e-05,0,2.8253512937226333e-05,0,3.999311229563318e-05,0
0,4,1.5503686171181326e-08,0,0.0,0,2.9639259082614444e-05,0,2.1328369230115178e-05,0,2.7086016749068645e-07,0,7.944804383441806e-05,0,3.999311229563318e-05,0
0,3,0.000814083866472716,0,0.01,0,5.8683301176643e-05,0,2.3278051630347177e-05,0,6.516949426968768e-07,0,3.266749263275415e-05,0,3.999311229563318e-05,0
0,3,4.9688586679721374e-05,0,0.0,0,9.620704986446071e-06,0,4.436872830662987e-05,0,3.254353871576606e-05,0,3.1761519494466484e-05,0,3.999311229563318e-05,0
0,2,7.467228483980778e-08,0,0.0,0,6.541596667375416e-05,0,3.466639490688155e-05,0,5.640351583034531e-07,0,3.448793358984403e-05,0,3.999311229563318e-05,0
0,3,1.0617883785087162e-05,0,0.0,0,5.162518391443882e-06,0,2.1153948621433195e-05,0,2.827786580445333e-07,0,3.1761519494466484e-05,0,3.999311229563318e-05,0
0,4,0.15853234780530334,0,0.01,0,0.00010362954344600439,0,3.452221487631748e-05,0,5.3002847451959364e-06,0,7.944804383441806e-05,0,3.999311229563318e-05,0
0,4,0.10563169933782734,0,0.0,0,7.859606739657465e-06,0,5.645902871203092e-05,0,0.00019731211573246015,0,8.187801722669974e-05,0,4.518565037869848e-05,0
0,1,2.0556101242871902e-05,0,0.0,0,6.011251571180765e-06,0,2.104888037023789e-05,0,3.0373211852020086e-08,0,2.593315912235994e-05,0,3.999311229563318e-05,0
0,5,0.009594683205021307,0,0.0,0,1.5109265405044425e-05,0,2.513085118149896e-05,0,3.556061075775975e-07,0,0.00014442230167333037,0,4.156503564445302e-05,0
0,4,0.026603322198520782,0,0.0,0,4.9335674702888355e-05,0,2.4738975073537933e-05,0,1.0757088832173273e-05,0,7.944804383441806e-05,0,3.999311229563318e-05,0
0,4,2.4743972606408707e-05,0,0.0,0,1.5093322872417048e-05,0,3.850446025909473e-05,0,2.4148103054575454e-07,0,7.944804383441806e-05,0,3.999311229563318e-05,0
0,1,0.015721823195122223,0,0.02,0,7.888466643635184e-05,0,9.311384243473074e-05,0,8.364235714135006e-05,0,2.593315912235994e-05,0,3.999311229563318e-05,0
0,4,0.00012262819233801935,0,0.0,0,6.268126162467524e-05,0,5.04198273924968e-05,0,1.7214785596388276e-06,0,7.944804383441806e-05,0,3.999311229563318e-05,0
0,5,0.05734514207269241,0,0.02,0,5.083109499537386e-05,0,2.4383035398593447e-05,0,0.0002843148543737048,0,3.158527033519931e-05,0,3.999311229563318e-05,0
0,2,0.0002914535527458365,0,0.0,0,1.95779612113256e-05,0,2.3769669800448543e-05,0,5.109086481214333e-07,0,3.448793358984403e-05,0,3.999311229563318e-05,0
0,1,0.03860856299048847,0,0.02,0,5.5104879720602185e-05,0,6.198826804346182e-05,0,7.068257873544734e-05,0,4.2341624066466466e-05,0,5.452711775433272e-05,0
0,5,0.03626065495594281,0,0.01,0,4.067867121193558e-05,0,0.00015607132138894115,0,0.0003786830339840432,0,6.81792080285959e-05,0,4.147564322920516e-05,0
0,5,0.036858069907453786,0,0.02,0,5.4955522500677034e-05,0,8.991451121233095e-05,0,0.0004226882311289078,0,3.3143689506687224e-05,0,4.180343967163935e-05,0
0,3,6.996291167650709e-05,0,0.0,0,5.225514996709535e-06,0,2.476112281582025e-05,0,1.61288940595552e-07,0,3.1761519494466484e-05,0,3.999311229563318e-05,0
0,1,0.8107088438800718,0,0.02,0,0.0015225528040900826,0,0.00011510077961508182,0,0.0005512007853751275,0,3.513260526233353e-05,0,4.142349644098431e-05,0
0,5,0.2312683679969587,0,0.0,0,6.44891188130714e-05,0,2.133246459917973e-05,0,1.0562845136326668e-05,0,3.418728010728955e-05,0,4.0149559936253354e-05,0
0,4,3.063722852369238e-05,0,0.01,0,7.763204848743044e-06,0,3.317336790635501e-05,0,1.4364672035644516e-06,0,7.944804383441806e-05,0,3.999311229563318e-05,0
0,1,0.012380796679930342,0,0.0,0,0.0013070605928078294,0,4.79675118335205e-05,0,0.00012284313470026665,0,2.687573214643635e-05,0,3.999311229563318e-05,0
0,1,4.917735510050507e-06,0,0.0,0,4.651653398468625e-06,0,2.104143203447035e-05,0,4.6988426254521404e-08,0,2.593315912235994e-05,0,3.999311229563318e-05,0
0,2,0.0003455029761198851,0,0.01,0,3.9825274143368006e-05,0,2.0391255526198726e-05,0,1.0676841896008747e-06,0,3.448793358984403e-05,0,3.999311229563318e-05,0
0,3,1.067344069940813e-05,0,0.0,0,2.4971730454126373e-05,0,8.379989220458535e-05,0,1.942785804751015e-05,0,3.255059345974587e-05,0,3.999311229563318e-05,0
0,5,0.0018000087867758774,0,0.0,0,2.312910874024965e-05,0,3.117082496094788e-05,0,1.2037990138370125e-06,0,3.1497904274147004e-05,0,3.999311229563318e-05,0
0,2,0.0011968626427725408,0,0.0,0,1.154352503363043e-05,0,3.3590877792601574e-05,0,1.366128469435179e-06,0,0.0007726320764049888,0,0.00032781693153083324,0
0,1,0.0015738740168153985,0,0.0,0,6.970142294449033e-06,0,2.108351151736638e-05,0,1.497508650075661e-08,0,2.593315912235994e-05,0,3.999311229563318e-05,0
0,3,6.499071152944004e-05,0,0.01,0,3.3554944820934907e-05,0,3.791563954266277e-05,0,1.0706978309083907e-05,0,3.1864790798863396e-05,0,3.999311229563318e-05,0
0,5,0.0005412408117704441,0,0.0,0,4.511002407525666e-05,0,2.336288050405754e-05,0,6.649625587794117e-06,0,3.1497904274147004e-05,0,3.999311229563318e-05,0
0,2,0.0002381640751827461,0,0.01,0,3.853290400002152e-05,0,2.440804443235935e-05,0,7.935339879556722e-06,0,3.448793358984403e-05,0,3.999311229563318e-05,0
0,1,2.1439127370424345e-06,0,0.0,0,2.7679166123562027e-06,0,2.1043537749367352e-05,0,6.251385181104945e-08,0,2.593315912235994e-05,0,3.999311229563318e-05,0
0,3,0.24976772846894346,0,0.0,0,8.761053322814405e-05,0,4.144863589170196e-05,0,0.0004527234082734491,0,3.376401218702085e-05,0,4.1959887312259525e-05,0
0,2,0.0001458585771408075,0,0.01,0,1.2646612049138639e-05,0,2.186156971607234e-05,0,5.623065124377903e-06,0,3.637765257735737e-05,0,3.999311229563318e-05,0
0,4,1.0289032438540934e-05,0,0.0,0,1.708789204712957e-05,0,2.132368940405844e-05,0,1.814850580742027e-07,0,7.944804383441806e-05,0,3.999311229563318e-05,0
0,2,0.00028743237771647985,0,0.0,0,1.492431920269155e-06,0,2.4019399198172262e-05,0,9.381125297882043e-07,0,3.448793358984403e-05,0,3.999311229563318e-05,0
0,4,0.7098258538889407,0,0.03,0,0.0003098199376836419,0,3.976479388989865e-05,0,3.315159583403568e-05,0,0.00015821988927200437,0,5.024396887165494e-05,0
0,4,0.5980716314304078,0,0.02,0,0.00010482437937753275,0,3.713061119477629e-05,0,2.2878468301626102e-05,0,0.00015323495608754456,0,4.312204691814259e-05,0
0,4,0.6355122223026417,0,0.0,0,7.50983163015917e-05,0,2.9815719773184165e-05,0,0.00015946364665227149,0,8.159062417689711e-05,0,3.999311229563318e-05,0
0,2,1.1933320195530926e-07,0,0.0,0,8.266587428806815e-06,0,2.1172979085313295e-05,0,4.554554053927538e-08,0,3.448793358984403e-05,0,3.999311229563318e-05,0
0,1,3.763218883516014e-07,0,0.01,0,2.6451816665939987e-05,0,6.913864502619846e-05,0,1.0224017048277121e-05,0,2.593315912235994e-05,0,3.999311229563318e-05,0
0,2,0.019981036425557614,0,0.0,0,8.117869583657011e-06,0,4.108556805246045e-05,0,7.066468340600715e-07,0,3.448793358984403e-05,0,3.999311229563318e-05,0
0,3,9.173147889807566e-06,0,0.0,0,1.660171278672351e-06,0,2.136044535823596e-05,0,1.5763590867667957e-07,0,3.1761519494466484e-05,0,3.999311229563318e-05,0
0,5,0.00019802397855462811,0,0.0,0,8.070260264503304e-07,0,2.1397590376425344e-05,0,7.704281225399138e-07,0,3.1497904274147004e-05,0,3.999311229563318e-05,0
0,2,0.0019647602732643953,0,0.0,0,3.808062319876626e-05,0,2.9313451767823284e-05,0,3.14306542097739e-05,0,3.448793358984403e-05,0,5.117453838465735e-05,0
0,3,0.00012870227435703288,0,0.01,0,0.00024480491993017495,0,9.091828129845271e-05,0,0.00022339191472253147,0,6.418564589694142e-05,0,3.999311229563318e-05,0
0,1,6.400000977166382e-10,0,0.0,0,9.906301556839026e-07,0,2.029865036075147e-05,0,1.476899754299741e-07,0,2.593315912235994e-05,0,3.999311229563318e-05,0
0,3,0.6884821101885515,0,0.0,0,0.00030850537586957216,0,6.317854450724716e-05,0,0.0018382641230851539,0,3.689130608108826e-05,0,4.044756497023627e-05,0
0,4,5.696688527172608e-05,0,0.0,0,0.00015748190344311297,0,3.540599294065146e-05,0,3.006641945614307e-07,0,7.944804383441806e-05,0,3.999311229563318e-05,0
0,3,0.07824741023484107,0,0.0,0,5.814547694171779e-05,0,2.1177201251536578e-05,0,1.0817818574666663e-05,0,6.795240187784657e-05,0,5.2829003834631294e-05,0
0,3,0.35811871205627016,0,0.0,0,0.0011823277454823256,0,8.952961884902185e-05,0,0.00038524079488656994,0,4.0283306589117274e-05,0,4.5610315282829106e-05,0
0,3,1.1201312799600332e-06,0,0.0,0,7.763999019516632e-05,0,2.1327568422211373e-05,0,5.576378289260342e-06,0,3.1761519494466484e-05,0,3.999311229563318e-05,0
0,3,0.11845847020006678,0,0.02,0,0.001807364751584828,0,0.00017160297193715346,0,0.0013830806457188238,0,0.00017345778178423643,0,4.888817056780681e-05,0
0,2,4.6468165966339694e-05,0,0.0,0,5.6198841775767505e-05,0,4.1468934066948303e-05,0,1.2500312921270676e-05,0,3.448793358984403e-05,0,3.999311229563318e-05,0
0,2,0.0007828011360427937,0,0.01,0,2.4264487365144305e-05,0,2.1151059155312113e-05,0,3.4058239478166066e-08,0,3.448793358984403e-05,0,3.999311229563318e-05,0
0,2,1.7926034769236505e-05,0,0.0,0,3.730187700057286e-06,0,2.068282982471604e-05,0,4.639313725118779e-07,0,3.448793358984403e-05,0,3.999311229563318e-05,0
0,2,0.028554711606620625,0,0.02,0,1.0932617442449555e-05,0,7.250302893383224e-05,0,6.6820630202858855e-06,0,3.582860517781228e-05,0,4.780766539624892e-05,0
0,2,0.010638495628494138,0,0.0,0,5.238693120190874e-05,0,2.9804353516905685e-05,0,0.000554737684094836,0,3.448793358984403e-05,0,3.999311229563318e-05,0
0,1,0.042244871135475974,0,0.03,0,5.333434455678798e-05,0,1.3457964936107583e-05,0,9.975613818345789e-05,0,2.7506399419507943e-05,0,3.999311229563318e-05,0
0,2,3.0810413425770816e-05,0,0.0,0,8.2321066656732e-06,0,2.0240781104799865e-05,0,4.0790774735783175e-07,0,3.448793358984403e-05,0,3.999311229563318e-05,0
0,2,1.6830595068559741e-06,0,0.0,0,5.304155365593033e-06,0,2.4181158833134522e-05,0,2.8764180253568345e-08,0,3.448793358984403e-05,0,3.999311229563318e-05,0
0,2,0.0003993028495654568,0,0.0,0,5.0470716814743355e-06,0,1.9862979270204505e-05,0,7.3245823862937235e-06,0,3.448793358984403e-05,0,3.999311229563318e-05,0
0,1,3.7171271106610997e-06,0,0.0,0,2.1295767510309815e-05,0,2.6835628393552372e-05,0,3.264185858830873e-07,0,2.593315912235994e-05,0,3.999311229563318e-05,0
0,1,0.011306013105682142,0,0.04,0,0.0005506171728484333,0,3.768792979369525e-05,0,0.0005215161205469856,0,5.660850365529768e-05,0,4.2913459765259176e-05,0
0,3,0.9878377149307347,1,0.0,0,4.58303329651244e-05,0,2.1346925784201438e-05,0,4.475349920957174e-06,0,4.8180092562688515e-05,0,3.999311229563318e-05,0
0,3,5.945879020077052e-05,0,0.0,0,2.7837664674734697e-05,0,2.3606491686851892e-05,0,4.43846283973579e-06,0,3.3154821721836925e-05,0,3.999311229563318e-05,0
0,4,0.0003608174641460494,0,0.02,0,8.732752758078277e-05,0,4.926955716116443e-05,0,5.943538929985581e-06,0,0.00012028287164866924,0,4.281663495930843e-05,0
0,2,6.758719418824441e-05,0,0.0,0,1.1651227396214381e-05,0,2.006509991772345e-05,0,2.310006218263169e-07,0,3.448793358984403e-05,0,3.999311229563318e-05,0
0,2,0.11551704630305074,0,0.03,0,0.0016887793317437172,0,0.00015361456283171106,0,4.824523601242544e-05,0,0.0001303790631936863,0,0.0001028398546623066,0
0,5,0.030070212416807213,0,0.01,0,7.53995482227765e-05,0,3.659028047676487e-05,0,3.172763238906255e-06,0,3.594994268496521e-05,0,4.004526272183284e-05,0
0,1,0.0030773098119707804,0,0.0,0,5.85883481107885e-06,0,4.1273241853296074e-05,0,3.512586659428391e-05,0,2.593315912235994e-05,0,3.999311229563318e-05,0
0,3,0.0031379935413183195,0,0.0,0,0.0002902493579313159,0,2.8324737256275586e-05,0,0.00022587045294808204,0,3.257855860283598e-05,0,4.048480695928447e-05,0
0,1,0.00011290500609825038,0,0.0,0,9.004407729662489e-06,0,2.0410944623706373e-05,0,7.675654503997282e-07,0,2.5972025468945503e-05,0,3.999311229563318e-05,0
0,5,1.436365956179239e-05,0,0.0,0,0.00023058232909534127,0,2.539686920883951e-05,0,2.4567762364729143e-07,0,3.1497904274147004e-05,0,3.999311229563318e-05,0
0,5,0.004307453893196133,0,0.02,0,5.2511775720631704e-05,0,7.289408075216123e-05,0,0.0010844941601568733,0,3.490627932478674e-05,0,3.999311229563318e-05,0
0,5,0.0003299109679602661,0,0.0,0,3.8943931031099055e-06,0,3.441193077951264e-05,0,6.652508280542605e-05,0,3.15115976263769e-05,0,3.999311229563318e-05,0
0,4,6.688516510321152e-05,0,0.01,0,2.0941335606039502e-05,0,0.00010515031156931208,0,3.793880426254231e-07,0,7.990320591488853e-05,0,3.999311229563318e-05,0
0,3,0.001053725587220936,0,0.0,0,0.0014513637870550156,0,0.0004811460298002312,0,5.675058873605412e-05,0,5.0520287913968787e-05,0,3.999311229563318e-05,0
0,4,0.004722947911272333,0,0.01,0,6.72634196234867e-05,0,0.00025271186566127804,0,0.00017035793952321972,0,7.944804383441806e-05,0,3.999311229563318e-05,0
0,2,7.102109579266151e-07,0,0.0,0,1.5214572158583906e-05,0,2.1120680186880487e-05,0,1.388699689804162e-07,0,3.448793358984403e-05,0,3.999311229563318e-05,0
0,1,5.647901979171496e-05,0,0.01,0,4.936640470987186e-05,0,4.116539573918437e-05,0,7.938124337600841e-06,0,2.7042913643526845e-05,0,3.999311229563318e-05,0
0,3,3.4217868254847354e-05,0,0.0,0,0.00010084008681587875,0,3.0164567166341007e-05,0,4.792694307315837e-06,0,3.63060062227305e-05,0,3.999311229563318e-05,0
0,4,0.005025786308813635,0,0.0,0,3.987425589002669e-05,0,9.058068944017069e-05,0,2.797815045392852e-05,0,7.944804383441806e-05,0,4.0134658775059506e-05,0
0,2,0.005051715674106855,0,0.0,0,3.2529947930015624e-05,0,2.817770471598237e-05,0,1.017940007979388e-06,0,3.448793358984403e-05,0,3.999311229563318e-05,0
0,1,0.0008498851384754374,0,0.0,0,1.7268883311771788e-05,0,3.792249624195791e-05,0,9.034865076102946e-05,0,2.593315912235994e-05,0,3.999311229563318e-05,0
0,4,0.002207430301169264,0,0.0,0,0.00015069651999510825,0,3.554757092967633e-05,0,3.66051223104387e-05,0,8.001423702808097e-05,0,3.999311229563318e-05,0
0,1,0.00028200758093569747,0,0.01,0,0.000146691789268516,0,2.4362764363006644e-05,0,7.257531478306142e-05,0,2.8029367967974395e-05,0,3.999311229563318e-05,0
0,2,0.0003755190510477006,0,0.0,0,1.1460633686510846e-05,0,2.007294493698032e-05,0,3.73111842168215e-06,0,3.448793358984403e-05,0,3.999311229563318e-05,0
0,2,0.0033410763059626624,0,0.01,0,0.0001095458646886982,0,2.0384122080313923e-05,0,3.2849719210661465e-06,0,3.599180854507722e-05,0,3.999311229563318e-05,0
0,2,2.8422324748108785e-05,0,0.03,0,6.217719783307984e-05,0,2.0289947914158274e-05,0,8.431895687945061e-07,0,3.448793358984403e-05,0,3.999311229563318e-05,0
0,1,0.35038221299915967,0,0.0,0,1.5531493772869e-05,0,2.296124459959082e-05,0,2.3664885607273987e-05,0,2.593315912235994e-05,0,3.999311229563318e-05,0
0,2,8.61471452273497e-05,0,0.01,0,6.70370400257525e-06,0,2.5270430527462476e-05,0,3.864338158645755e-05,0,3.448793358984403e-05,0,3.999311229563318e-05,0
0,2,6.161919593422088e-06,0,0.0,0,1.8855735106626526e-05,0,2.850771306313961e-05,0,1.912699856633379e-06,0,4.178402741672471e-05,0,3.999311229563318e-05,0
0,4,8.31565337422657e-05,0,0.0,0,9.88623833109159e-06,0,2.235328276567735e-05,0,4.0523894219365346e-07,0,7.944804383441806e-05,0,3.999311229563318e-05,0
0,3,4.061296465382294e-06,0,0.02,0,4.0017413994064555e-05,0,2.297790837546271e-05,0,7.801280872563745e-07,0,3.274761911598034e-05,0,3.999311229563318e-05,0
0,5,0.0049379439962142,0,0.01,0,3.417639163671993e-05,0,2.7366040635719533e-05,0,0.000533917797410713,0,3.176582322339527e-05,0,3.999311229563318e-05,0
0,2,0.1869397761674654,0,0.01,0,6.36712575214915e-05,0,0.00012190513242771263,0,0.002016506053959638,0,7.235856173792854e-05,0,3.999311229563318e-05,0
0,5,5.607117357728336e-06,0,0.0,0,2.9157947665225947e-06,0,2.1550496717210266e-05,0,9.719408604192426e-09,0,3.1497904274147004e-05,0,3.999311229563318e-05,0
0,2,0.004580637767300616,0,0.0,0,4.8337165026168805e-06,0,2.349435094775079e-05,0,2.9158002038994318e-06,0,3.448793358984403e-05,0,3.999311229563318e-05,0
0,5,3.6927273363364796e-05,0,0.02,0,5.530559519684175e-06,0,6.788205559672735e-05,0,2.3845528604440833e-07,0,3.1497904274147004e-05,0,3.999311229563318e-05,0
0,2,4.826724046306518e-05,0,0.0,0,8.595973486080766e-05,0,3.520545258695029e-05,0,9.20290197435777e-07,0,3.448793358984403e-05,0,3.999311229563318e-05,0
0,3,0.0005635509459264022,0,0.0,0,3.961829497711733e-05,0,2.7064924539638414e-05,0,1.7935989225427972e-05,0,3.40090409736149e-05,0,4.064870881848037e-05,0
0,3,0.00013351999431638774,0,0.01,0,1.6910573322093114e-05,0,2.3426995208537568e-05,0,4.239071937754273e-08,0,3.1761519494466484e-05,0,3.999311229563318e-05,0
0,1,0.00032454706506494796,0,0.0,0,4.241476290189894e-06,0,2.033587340075449e-05,0,8.41999659346232e-08,0,2.593315912235994e-05,0,3.999311229563318e-05,0
0,2,5.610470385591536e-07,0,0.01,0,0.000251494231633842,0,2.7087206547344773e-05,0,8.564436224257515e-07,0,3.448793358984403e-05,0,3.999311229563318e-05,0
0,5,2.5241060311864455e-05,0,0.0,0,1.3183098417357542e-05,0,2.1261878429311196e-05,0,5.2327292303427166e-06,0,3.1497904274147004e-05,0,3.999311229563318e-05,0
0,2,0.0001785257186282613,0,0.0,0,2.4233244403149e-05,0,2.1169498856998387e-05,0,8.116970775247928e-08,0,3.448793358984403e-05,0,3.999311229563318e-05,0
0,4,0.02319179521024766,0,0.0,0,0.00025814861874096096,0,2.656858368247716e-05,0,1.5868708662474996e-05,0,8.300869376398623e-05,0,3.999311229563318e-05,0
0,2,1.9223516422438738e-07,0,0.0,0,1.902509029605426e-05,0,2.928055763907097e-05,0,2.116714469303587e-06,0,3.448793358984403e-05,0,3.999311229563318e-05,0
0,3,0.22310256156308436,0,0.01,0,1.485197208239697e-05,0,2.94652010389697e-05,0,2.3918936591501268e-05,0,3.6844878195552155e-05,0,4.500686554820277e-05,0
0,4,0.0003014462903596822,0,0.0,0,1.6490374719069223e-06,0,2.0401517808463886e-05,0,1.3485725116551739e-06,0,7.944804383441806e-05,0,3.999311229563318e-05,0
0,1,1.7889085290293337e-07,0,0.0,0,1.9694853108376265e-06,0,2.363367234937348e-05,0,6.957586385873997e-08,0,2.593315912235994e-05,0,3.999311229563318e-05,0
0,3,7.13065996200867e-06,0,0.0,0,3.1966075766831636e-05,0,2.117249903265961e-05,0,4.3152220887041217e-07,0,3.1761519494466484e-05,0,3.999311229563318e-05,0
0,2,0.00014013584952522173,0,0.0,0,4.7067637751752045e-06,0,0.0002163874407034937,0,0.000133308304552592,0,3.576918606995605e-05,0,3.999311229563318e-05,0
0,4,7.8394360191078e-06,0,0.0,0,1.3339537872525398e-05,0,2.1294962855433303e-05,0,4.842376296044849e-08,0,7.944804383441806e-05,0,3.999311229563318e-05,0
0,1,4.7740320288718855e-08,0,0.0,0,9.709170626592822e-06,0,2.1225318816747976e-05,0,1.1740875143960532e-08,0,2.593315912235994e-05,0,3.999311229563318e-05,0
0,2,0.0008790581527439055,0,0.01,0,3.831239519058727e-05,0,0.000216509904757187,0,0.002514877082738695,0,3.448793358984403e-05,0,4.026130773127079e-05,0
0,2,0.0039826400064626,0,0.0,0,2.081611910398351e-06,0,2.3576339641120474e-05,0,1.3124207783537389e-06,0,3.975419531343505e-05,0,3.999311229563318e-05,0
0,3,1.451270592200822e-05,0,0.0,0,1.7775042579160072e-05,0,2.9404278665814682e-05,0,9.94614695033706e-05,0,3.5144003049936146e-05,0,5.021425386075862e-05,0
0,5,0.9984368298820533,1,0.02,0,0.00030878608231432736,0,0.00013545073501317937,0,0.0003312340478404689,0,0.00011314718722132966,0,5.8825833548326045e-05,0
0,4,0.5176043350770186,0,0.02,0,0.00047451513819396496,0,3.765772242519171e-05,0,0.002674890916643602,0,8.434891060460359e-05,0,5.23960952705238e-05,0
0,3,0.002750414470521044,0,0.0,0,3.670756268547848e-05,0,2.007807314839991e-05,0,3.1576253348882892e-06,0,3.1761519494466484e-05,0,3.999311229563318e-05,0
0,1,0.5258815684682122,0,0.02,0,4.796238863491453e-05,0,0.00044855106477045923,0,0.002873811463541275,0,3.3551357773831114e-05,0,6.0606529586948454e-05,0
0,2,0.00013741584016563856,0,0.01,0,2.182238404202508e-06,0,2.8963238340091085e-05,0,5.139137148666865e-07,0,3.448793358984403e-05,0,3.999311229563318e-05,0
0,2,0.6756407221847499,0,0.03,0,0.0017298358725383878,0,0.0011964713965923605,0,0.0019842846863988317,0,3.448793358984403e-05,0,3.999311229563318e-05,0
0,2,0.0032742992492407167,0,0.0,0,0.0001851432753028348,0,4.418947754320322e-05,0,7.679591528361538e-06,0,0.00037077435990795493,0,4.2548435885692015e-05,0
0,3,0.019751846617312576,0,0.01,0,5.817920100525953e-05,0,5.747009600498067e-05,0,0.00025101368657228374,0,3.4460776078049093e-05,0,5.0675778766162694e-05,0
0,1,8.828588882807031e-05,0,0.0,0,0.00022874253045301884,0,0.0004332302631916516,0,0.0003398850972045499,0,7.365364581346512e-05,0,5.7395380281377584e-05,0
0,3,0.11274885271608191,0,0.04,0,0.00029793602880090475,0,0.00019326804716134077,0,0.012036921680159325,0,4.34054818470031e-05,0,0.0002489427861291915,0
0,4,0.4794165752398642,0,0.09,0,0.005728233605623245,0,0.0003830655283894599,0,0.01929826511598519,0,0.0001197416931972839,0,7.309050124604255e-05,0
0,2,0.01409912803627064,0,0.02,0,8.893010090105236e-05,0,5.8828492524698245e-05,0,1.992471893796887e-05,0,3.564905273378827e-05,0,3.999311229563318e-05,0
0,2,0.000374573361139062,0,0.0,0,3.266212297603488e-05,0,3.512593288226052e-05,0,1.798590626527296e-07,0,3.448793358984403e-05,0,3.999311229563318e-05,0
0,5,0.0008005597735297397,0,0.01,0,7.313952664844692e-05,0,0.0001823343742071411,0,0.004841728521137535,0,0.00014764330990146846,0,6.727293657604605e-05,0
0,4,0.003466320130956408,0,0.0,0,4.6147102693794295e-05,0,4.7399328675503336e-05,0,8.212876680071887e-05,0,0.00010391898103989661,0,5.229240923654288e-05,0
0,2,0.0004023721017694807,0,0.0,0,6.4473883867322e-06,0,3.469519185863104e-05,0,3.659475085156981e-07,0,3.448793358984403e-05,0,3.999311229563318e-05,0
0,2,0.9770677782363321,1,0.04,0,0.004235074855387211,0,0.0004906013303206339,0,0.07034109844652509,0,4.52101303380914e-05,0,0.00010963395470753312,0
0,5,0.010934144776073204,0,0.05,0,0.0036190811078995466,0,0.008985439206208933,0,2.054066757262371e-05,0,5.902993871131912e-05,0,4.070831346325576e-05,0
0,5,0.141212558651094,0,0.0,0,2.0603056327672675e-05,0,9.490821149922271e-05,0,3.9885604844010186e-05,0,4.113665272598155e-05,0,4.026130773127079e-05,0
0,2,0.8873552629395622,0,0.04,0,0.0001290639629587531,0,0.00013050214021600656,0,0.01378925550464313,0,3.609612394939177e-05,0,4.7778215957805514e-05,0
0,2,0.002355663427367476,0,0.0,0,4.4052907469449565e-05,0,2.4420951784210683e-05,0,2.409827340782421e-07,0,4.874899968854152e-05,0,3.999311229563318e-05,0
0,3,0.003636047529204651,0,0.02,0,0.0061059026047587395,0,5.7469971022187016e-05,0,0.00025436498732911547,0,3.1761519494466484e-05,0,3.999311229563318e-05,0
0,1,0.000123308868563631,0,0.01,0,0.00033692276338115335,0,2.5693189086680337e-05,0,1.7131979333285425e-05,0,2.6055067792185582e-05,0,4.0350714698433876e-05,0
0,4,0.0026117025623477825,0,0.02,0,0.004535461775958538,0,0.00011441114708532924,0,0.003368496154270739,0,0.00013747141929343343,0,4.357646685093641e-05,0
0,1,0.18014989960543756,0,0.0,0,5.825297921546735e-05,0,6.836690541200798e-05,0,0.0037117681241506328,0,2.7626296287053265e-05,0,5.60692569706589e-05,0
0,2,1.4665980777677204e-06,0,0.0,0,4.2936630961776245e-06,0,0.00023592782180063195,0,1.4370514718401268e-05,0,3.448793358984403e-05,0,3.999311229563318e-05,0
0,4,8.78391219096059e-05,0,0.02,0,0.00047822980559431016,0,0.0005339937508785606,0,0.0015509840688552384,0,0.0001665335730649531,0,4.610938412952237e-05,0
0,2,1.9630305627093734e-06,0,0.0,0,4.601785349223064e-06,0,2.9403645613957274e-05,0,1.0952442037149126e-06,0,0.00017917320656124502,0,0.0003194912860635668,0
0,3,0.04843191124416646,0,0.02,0,0.0006837697583250701,0,9.107057894660063e-05,0,0.002881907910851335,0,0.002534018363803625,0,0.010199821554124355,0
0,1,0.0076300561763486055,0,0.01,0,2.82583187072305e-05,0,2.750716712616158e-05,0,3.4688751938974003e-07,0,2.593315912235994e-05,0,3.999311229563318e-05,0
0,2,0.0005411404561822598,0,0.0,0,1.8062599338009022e-05,0,3.535126091324593e-05,0,1.0608117305970161e-07,0,3.448793358984403e-05,0,3.999311229563318e-05,0
0,1,0.00012574113925397138,0,0.06,0,0.00034126004902645946,0,5.6201029584340375e-05,0,0.0020784098280729377,0,2.593315912235994e-05,0,4.026876194984652e-05,0
0,5,0.9945283762740811,1,0.09,0,0.006126330699771643,0,0.03813476277595407,0,0.019502195048158224,0,0.0020688774529844522,0,0.0008174168760888278,0
0,3,0.023536405389708637,0,0.06,0,9.791547927306965e-05,0,0.0005297852397322121,0,0.00034394358938240755,0,4.516866465564817e-05,0,4.0946706576505676e-05,0
0,5,0.008074097004662242,0,0.01,0,0.0030373975168913603,0,0.0029896786070880486,0,0.00010891405758927914,0,4.348199217929505e-05,0,4.172149419900961e-05,0
0,5,0.00015940816011796632,0,0.0,0,2.1403329810709693e-05,0,7.543865029071119e-05,0,1.096104471725089e-06,0,3.1497904274147004e-05,0,3.999311229563318e-05,0
0,2,0.0012331676493074592,0,0.01,0,0.00023985533334780484,0,4.1434283294874155e-05,0,9.778089042478521e-06,0,3.448793358984403e-05,0,3.999311229563318e-05,0
0,1,0.025368709820844017,0,0.02,0,0.00036648192326538265,0,6.817411080293002e-05,0,0.0026780404183054537,0,0.0001269559725187719,0,0.0009719223598949611,0
0,3,0.00012794042978111976,0,0.02,0,5.427289124781964e-06,0,1.3077465758656329e-05,0,2.0200761363775846e-06,0,3.1761519494466484e-05,0,3.999311229563318e-05,0
0,2,0.010327108998975564,0,0.01,0,0.00010068567644339055,0,4.215540882355457e-05,0,2.369343647906844e-06,0,3.448793358984403e-05,0,3.999311229563318e-05,0
0,1,0.05050114171255931,0,0.01,0,6.256803317228332e-05,0,2.566309419400279e-05,0,0.0004098402851048609,0,2.6477429855731316e-05,0,3.999311229563318e-05,0
0,3,0.033388124141956285,0,0.08,0,0.00041170616168528795,0,0.0003891795196776671,0,0.005563452271657239,0,3.178863335051574e-05,0,4.1073348256759346e-05,0
0,4,5.5098285217035916e-05,0,0.01,0,1.7807500626076944e-05,0,3.0137900802640247e-05,0,2.513599486364743e-06,0,7.944804383441806e-05,0,3.999311229563318e-05,0
0,1,5.763120725437601e-08,0,0.0,0,2.9259231268952135e-06,0,3.1258613590617725e-05,0,1.1952170167027978e-07,0,2.593315912235994e-05,0,3.999311229563318e-05,0
0,4,0.29656100581354594,0,0.0,0,4.329479634179734e-05,0,3.376311763936345e-05,0,6.197893106869822e-06,0,7.944804383441806e-05,0,3.999311229563318e-05,0
0,3,0.003808229329831658,0,0.02,0,0.0005571557558141649,0,0.00031917827575310355,0,0.0008196467856289613,0,0.00014936122170183808,0,9.966926882043481e-05,0
0,1,0.17613590184608388,0,0.0,0,4.6478340664179996e-05,0,0.00030539235351196946,0,0.0012806690539401869,0,3.103367635048926e-05,0,4.172149783698842e-05,0
0,3,3.0589686412741265e-06,0,0.01,0,0.00013898848555982113,0,3.261894262984714e-05,0,9.198494272332794e-06,0,3.1761519494466484e-05,0,3.999311229563318e-05,0
0,3,0.7595789407684226,0,0.07,0,0.00043607738916762173,0,0.0012558359127591856,0,0.0036118326855311363,0,6.749468593625352e-05,0,0.00010055320308310911,0
0,3,2.294415040853602e-07,0,0.0,0,1.0467238098499365e-05,0,2.03031322044096e-05,0,2.8727183236898297e-06,0,3.1761519494466484e-05,0,3.999311229563318e-05,0
0,2,1.775715102302082e-05,0,0.0,0,0.0007916269241832197,0,0.00019373476851848348,0,1.8213723053545786e-06,0,3.448793358984403e-05,0,3.999311229563318e-05,0
0,5,0.004045471027872207,0,0.01,0,0.0002273605059599504,0,1.8657998838203094e-05,0,0.0038478612822989526,0,3.617222319007851e-05,0,4.0350714698433876e-05,0
0,5,0.0007695017087695513,0,0.0,0,9.673910426499788e-06,0,8.067724273634768e-05,0,0.0003093532965744166,0,0.000826818635687232,0,4.449284460861236e-05,0
0,2,0.010292430609114502,0,0.0,0,5.746409806306474e-05,0,2.693839530144447e-05,0,0.00033678654361270357,0,3.551321060513146e-05,0,4.054441160405986e-05,0
0,2,0.8506051355171316,0,0.06,0,0.0001549786829855293,0,0.0004967658894368812,0,0.001789595518185405,0,0.00021860568085685372,0,6.786137964809313e-05,0
0,3,0.022779544539381278,0,0.01,0,0.00038829739787615836,0,0.0004824776322108026,0,0.0017650112142861977,0,3.604097219067626e-05,0,6.321989349089563e-05,0
0,1,0.006209822996745508,0,0.03,0,0.0003645441902335733,0,0.00046976106286727114,0,0.0012129498311067933,0,3.0236973543651402e-05,0,4.432888454175554e-05,0
0,3,0.043841078187784446,0,0.06,0,0.005737970117479563,0,0.000875803973380283,0,0.0012886602739216615,0,0.00015362373960670084,0,4.364353299024515e-05,0
0,1,0.6680698887476858,0,0.04,0,0.1812032163143158,1,0.07946287946848181,1,0.16780731298192367,1,4.269768396625295e-05,0,7.371677202172577e-05,0
0,3,0.033137872072984895,0,0.01,0,0.0004618598031811416,0,5.369680658462066e-05,0,0.0009508113429700609,0,4.8383775720139965e-05,0,4.589330274029635e-05,0
0,3,9.549821736002344e-06,0,0.0,0,5.667195364367217e-05,0,6.968074370638864e-05,0,0.00018838646908376895,0,3.431272489251569e-05,0,4.117765274713747e-05,0
0,3,3.087734796050051e-06,0,0.0,0,6.1690452639595605e-06,0,2.353234133673648e-05,0,9.265645698023377e-07,0,3.1761519494466484e-05,0,3.999311229563318e-05,0
0,5,0.9407447430836638,0,0.01,0,0.02661299891769886,0,0.011062065691391822,0,0.0013039331184188498,0,5.587930354522541e-05,0,3.999311229563318e-05,0
0,2,0.0012523611436637313,0,0.03,0,0.002332989824935794,0,0.0002506825781767552,0,0.012015832831949251,0,4.612837437889539e-05,0,4.549854202196002e-05,0
0,4,0.7887166930968634,0,0.16,1,0.007411393336951733,0,0.0411786746091002,0,0.010901010708913231,0,0.00021429546177387238,0,0.0001272040681215003,0
0,4,0.06029688022478115,0,0.04,0,0.001990226563066244,0,0.00013791233256560403,0,0.001452633253983602,0,8.760456694290042e-05,0,3.999311229563318e-05,0
0,3,3.138974317901441e-09,0,0.03,0,1.917048211907968e-05,0,2.3220258078630994e-05,0,6.25303537251522e-07,0,3.1761519494466484e-05,0,3.999311229563318e-05,0
0,4,0.00027616465130683054,0,0.01,0,2.6153826183872297e-05,0,2.9227618838136713e-05,0,1.0535991325295938e-06,0,7.944804383441806e-05,0,3.999311229563318e-05,0
0,5,0.00015912563347283254,0,0.01,0,4.724401605926687e-06,0,1.9612357379245353e-05,0,1.311301719239805e-06,0,3.1497904274147004e-05,0,3.999311229563318e-05,0
0,5,3.9062405387034535e-06,0,0.0,0,3.653423846117221e-05,0,2.8499680088279725e-05,0,3.968824684740009e-07,0,3.1559797207592055e-05,0,3.999311229563318e-05,0
0,4,0.14466588581547646,0,0.01,0,0.0010272508952766657,0,0.00013741844521714423,0,0.0032253274373734158,0,8.515396621078253e-05,0,3.999311229563318e-05,0
0,2,0.0003065502961325438,0,0.0,0,4.225613338348921e-06,0,5.2080833681654814e-05,0,3.9344919162310495e-05,0,3.448793358984403e-05,0,3.999311229563318e-05,0
0,1,0.0003658938265349138,0,0.02,0,3.8885471440153196e-05,0,4.539489195920226e-05,0,0.0012494933686822225,0,2.6206909751635976e-05,0,4.233238360029645e-05,0
0,5,0.1829877774806938,0,0.01,0,4.136895586270839e-05,0,2.5665889437909804e-05,0,1.672654968772082e-05,0,3.1708794267615303e-05,0,3.999311229563318e-05,0
0,5,0.25657459673223626,0,0.11,0,0.01226494275033474,0,0.005664180002144292,0,0.018213536081429997,0,9.090251114685088e-05,0,5.5838656408013776e-05,0
0,3,0.440241710986205,0,0.02,0,0.000847911462187767,0,0.0001916184104504245,0,0.0001275579484344966,0,0.001356754102744162,0,0.032291822135448456,0
0,4,1.9868680927935187e-07,0,0.0,0,1.696587446531339e-06,0,2.4956484883356e-05,0,8.126805921658177e-09,0,7.944804383441806e-05,0,3.999311229563318e-05,0
0,4,2.763736776268426e-05,0,0.0,0,7.690657366765663e-05,0,3.5910689605474524e-05,0,5.331556946172726e-06,0,7.944804383441806e-05,0,3.999311229563318e-05,0
0,4,0.0012583840452825802,0,0.02,0,6.5742147853598e-05,0,7.995985245607563e-05,0,0.0003662951784714323,0,7.944804383441806e-05,0,3.999311229563318e-05,0
0,5,0.0005210311749365448,0,0.0,0,3.054015542147681e-05,0,9.520686117086218e-05,0,3.3998939768632515e-06,0,3.1503081117989495e-05,0,3.999311229563318e-05,0
0,2,0.7767029573214541,0,0.15,1,0.05333723500370979,0,0.28469842931946143,1,0.11982221598684,0,7.356805144809186e-05,0,0.0005266883526928723,0
0,3,6.018147983817002e-06,0,0.01,0,0.00011370038555469364,0,9.086180139412472e-05,0,7.709241641141463e-05,0,3.840015415335074e-05,0,8.534407970728353e-05,0
0,5,4.67385656920305e-06,0,0.01,0,7.3647852332214825e-06,0,4.024895107363501e-05,0,4.1143368453698167e-07,0,3.1497904274147004e-05,0,3.999311229563318e-05,0
0,3,0.00020266263464442278,0,0.01,0,2.5823952455539256e-05,0,1.6004672847995227e-05,0,9.47098148818049e-05,0,3.1761519494466484e-05,0,3.999311229563318e-05,0
0,2,0.0001779226255545805,0,0.0,0,2.7519179639057256e-05,0,1.8209193936585546e-05,0,3.084340017072158e-05,0,3.448793358984403e-05,0,3.999311229563318e-05,0
0,5,0.2895039695539052,0,0.02,0,0.007609245833009481,0,0.0006881243052761519,0,0.005612493871631269,0,0.0005698360619135201,0,0.00020548293832689524,0
0,5,0.3645545283357976,0,0.07,0,0.023288385942578316,0,0.02542198923738199,0,0.002670260959773004,0,0.0005198059370741248,0,0.0008772347355261445,0
0,3,5.617657883798227e-06,0,0.01,0,6.744891288690269e-05,0,2.3644234554124e-05,0,6.890510906346985e-07,0,3.626305624493398e-05,0,6.512000254588202e-05,0
0,4,0.00027027661578998233,0,0.0,0,4.3782736611319706e-05,0,2.76895634840777e-05,0,0.0006653260677324332,0,0.00015937612624838948,0,4.590087337419391e-05,0
0,4,0.012821826170664402,0,0.01,0,0.00038724884507246315,0,0.00033872312324878686,0,0.0020049720225980444,0,9.771731129148975e-05,0,4.538676512311213e-05,0
0,1,0.0063083780374074,0,0.17,1,0.03733352571725845,0,0.03690670388414259,0,0.012296858755149478,0,4.8461519327247515e-05,0,4.1989696910604835e-05,0
0,5,0.022236449702463683,0,0.0,0,3.150864358758554e-05,0,4.780504906819771e-05,0,8.629628911290387e-06,0,3.309831299702637e-05,0,3.999311229563318e-05,0
0,3,7.3460440321124005e-06,0,0.0,0,5.80575579078868e-06,0,2.5470833911423572e-05,0,4.3145578971193685e-07,0,3.1761519494466484e-05,0,3.999311229563318e-05,0
0,4,0.6378338339085959,0,0.05,0,0.00024345835845451802,0,0.0006957949679829988,0,0.004128436968437797,0,0.00014580781862605363,0,4.773341061081737e-05,0
0,5,4.657883765519624e-05,0,0.0,0,0.00035027327248826623,0,4.083856001195501e-05,0,0.0011706483622509999,0,3.165402085869573e-05,0,3.999311229563318e-05,0
0,3,2.351209353579173e-06,0,0.0,0,3.936938082915731e-05,0,2.8211707298038695e-05,0,5.544747643942908e-06,0,3.1761519494466484e-05,0,3.999311229563318e-05,0
0,1,8.903727720376608e-06,0,0.0,0,7.4331801442895085e-06,0,2.4555599120386753e-05,0,3.7344953875112006e-08,0,2.593315912235994e-05,0,3.999311229563318e-05,0
0,1,0.0002945317293515178,0,0.0,0,1.327275276707951e-05,0,2.1008309250186165e-05,0,4.646563634118463e-08,0,2.593315912235994e-05,0,3.999311229563318e-05,0
0,3,2.628526919158892e-05,0,0.0,0,1.5285426343325526e-05,0,2.3332221073953783e-05,0,1.384391563937269e-06,0,3.1761519494466484e-05,0,3.999311229563318e-05,0
0,2,7.166325543714564e-06,0,0.01,0,1.635784974496346e-05,0,1.9501733972310377e-05,0,2.1138262516846887e-05,0,3.448793358984403e-05,0,3.999311229563318e-05,0
0,5,0.0005259931555102358,0,0.02,0,4.607156370184384e-05,0,3.118320796660431e-05,0,5.56611996471664e-07,0,3.2168700272450224e-05,0,3.999311229563318e-05,0
0,3,0.0005354044850703522,0,0.0,0,2.0362949726404622e-05,0,5.3181561687959624e-05,0,7.340358942415094e-06,0,3.1761519494466484e-05,0,3.999311229563318e-05,0
0,3,0.0002587271512180186,0,0.0,0,0.00010121309605892748,0,2.118216927332329e-05,0,5.741268726988981e-07,0,3.1761519494466484e-05,0,3.999311229563318e-05,0
0,2,0.28738470177481573,0,0.01,0,1.80945480678929e-05,0,3.213323522447216e-05,0,0.0008123504275148022,0,3.4738863178063184e-05,0,5.180832522455603e-05,0
0,2,0.6010114990717975,0,0.07,0,0.0024395612999796867,0,0.0012633041254775281,0,0.011589850411764736,0,4.226283999742009e-05,0,4.6288216253742576e-05,0
0,2,0.6478508813281206,0,0.04,0,0.00027433381183072925,0,4.8878005521659236e-05,0,0.0009030231305619273,0,3.5346263757674024e-05,0,4.023151268484071e-05,0
0,1,0.031614135327271385,0,0.0,0,0.001992706907913089,0,0.0004636761658722587,0,0.0019849486830993317,0,4.957983401254751e-05,0,5.409533332567662e-05,0
0,2,0.9622288042700834,1,0.01,0,0.001909906859509647,0,0.0006193483799900687,0,0.005457902839482965,0,4.9189355195267126e-05,0,3.999311229563318e-05,0
0,4,0.0015752499508233586,0,0.01,0,1.7561393178766593e-05,0,7.062038844301264e-05,0,1.2870499660001666e-05,0,7.944966637296602e-05,0,4.0052713302429765e-05,0
0,5,0.018579525733507594,0,0.03,0,0.1324935108423233,0,0.019554529713065403,0,0.059309419201372615,0,0.00022299011470749974,0,5.6963592214742675e-05,0
0,1,0.0003309319398985571,0,0.0,0,7.628979801665992e-05,0,2.062875446682614e-05,0,1.9062823645752605e-07,0,2.593315912235994e-05,0,3.999311229563318e-05,0
0,3,0.031753261385786886,0,0.0,0,1.897091897262726e-05,0,2.2559451336484833e-05,0,2.1987956445346585e-06,0,3.1761519494466484e-05,0,3.999311229563318e-05,0
0,2,0.00014618977305361488,0,0.0,0,6.228312122402713e-05,0,1.622574605890408e-05,0,3.240222301643216e-06,0,3.448793358984403e-05,0,3.999311229563318e-05,0
0,1,5.8142963404062296e-05,0,0.0,0,5.173075351194711e-06,0,1.7841163790629752e-05,0,8.007566794450856e-06,0,2.593315912235994e-05,0,3.999311229563318e-05,0
0,4,0.005893689090194218,0,0.05,0,0.0003754120843950659,0,0.00026463139860767105,0,0.001526451253155553,0,0.0010337455896660686,0,0.00019732111832126975,0
0,3,0.007452083475632334,0,0.02,0,0.0001144828274846077,0,0.00021164075449855473,0,0.0006784399431027304,0,3.1761519494466484e-05,0,3.999311229563318e-05,0
0,4,5.763362892989974e-07,0,0.0,0,2.1527293938561343e-06,0,2.968252491104458e-05,0,4.986993711057352e-08,0,8.754701411817223e-05,0,4.758449358632788e-05,0
0,3,8.473376592915247e-06,0,0.01,0,0.00031090498669072986,0,6.57822537902742e-05,0,1.811387747556215e-05,0,3.1761519494466484e-05,0,3.999311229563318e-05,0
0,5,0.4694653319434701,0,0.03,0,0.0002240815374534577,0,7.020479735369785e-05,0,0.0028989637823753772,0,5.964373121969402e-05,0,4.126705607632175e-05,0
0,4,0.0008578775061514045,0,0.01,0,2.184882941946853e-05,0,3.640809265634289e-05,0,0.00010174676888349997,0,7.944804383441806e-05,0,3.999311229563318e-05,0
0,5,0.8885615106833181,0,0.07,0,0.029982317239046097,0,0.005970213294555166,0,0.018381770854280485,0,8.84218025021255e-05,0,0.0001263183366972953,0
0,3,0.0005049459480499868,0,0.02,0,0.006739611737430096,0,0.026816177233643934,0,0.0007951596839156222,0,4.203008211334236e-05,0,3.999311229563318e-05,0
0,3,1.4461746410595674e-06,0,0.0,0,1.1587234439502936e-05,0,2.0015492697160733e-05,0,4.298338625033194e-06,0,3.1761519494466484e-05,0,3.999311229563318e-05,0
0,3,0.0002197433897653782,0,0.0,0,1.3248953109723516e-05,0,2.417927177295075e-05,0,5.180305423325404e-07,0,3.1761519494466484e-05,0,3.999311229563318e-05,0
0,2,0.0008717001793138594,0,0.0,0,5.447850708151236e-05,0,2.3584306018047874e-05,0,0.00014052407852954056,0,3.485909110167995e-05,0,3.999311229563318e-05,0
0,3,0.005115772718345693,0,0.02,0,0.0005878350930288434,0,6.548050082990023e-05,0,0.0025265412178131674,0,3.4839722502510995e-05,0,4.014956357423216e-05,0
0,2,0.004533178717562972,0,0.01,0,6.5464464569231495e-06,0,2.6657071095938597e-05,0,3.8533679981138926e-05,0,3.448793358984403e-05,0,3.999311229563318e-05,0
0,1,0.3435663743892093,0,0.1,0,0.0030758201610296965,0,0.004533013259878337,0,0.016594239543690863,0,6.662256782874465e-05,0,8.015998173505068e-05,0
0,3,0.14725198863218006,0,0.1,0,0.3219885230064392,1,0.017282633369967618,0,0.2030111624087532,1,0.00045647239312529564,0,9.256961493520066e-05,0
0,1,0.009495135906053847,0,0.05,0,2.7204314392292872e-05,0,3.4486829465304115e-05,0,0.0013305038916839418,0,2.764462260529399e-05,0,3.999311229563318e-05,0
0,1,1.6092977056178705e-05,0,0.01,0,1.0796051356010139e-05,0,4.306016265970999e-05,0,3.8111052975080907e-07,0,2.593315912235994e-05,0,3.999311229563318e-05,0
0,3,0.0003003567175373546,0,0.0,0,0.0004793045518454164,0,6.335380662442805e-05,0,3.530146543542477e-05,0,3.229840876883827e-05,0,3.999311229563318e-05,0
0,5,2.8554221553852228e-05,0,0.02,0,9.121196853811853e-06,0,0.00011027714210813157,0,6.402807289922521e-07,0,3.1497904274147004e-05,0,3.999311229563318e-05,0
0,4,4.199070594540544e-06,0,0.0,0,1.886586323962547e-05,0,2.0675333005057612e-05,0,2.307476108413049e-07,0,7.944804383441806e-05,0,3.999311229563318e-05,0
0,1,2.0290261554636645e-10,0,0.01,0,4.5447568481904455e-06,0,2.8596805453762852e-05,0,3.027222900022066e-07,0,2.593315912235994e-05,0,3.999311229563318e-05,0
0,3,0.0009244178260654995,0,0.01,0,0.0002892168122343719,0,0.00010397235847085107,0,0.008187163110678563,0,0.0002095012168865651,0,9.12101095309481e-05,0
0,1,0.01785904317336482,0,0.01,0,0.0002451038744766265,0,0.00012489650483188424,0,5.14185837852277e-05,0,2.7885280360351317e-05,0,4.0157014154829085e-05,0
0,4,5.7442977275163616e-05,0,0.0,0,9.556440090818796e-06,0,2.1618193739664867e-05,0,7.01030811082975e-07,0,7.944804383441806e-05,0,3.999311229563318e-05,0
0,3,6.057570791895405e-05,0,0.0,0,3.224607644369826e-05,0,8.168991675122707e-05,0,0.0001988651444912,0,3.1761519494466484e-05,0,3.999311229563318e-05,0
0,4,0.009222135306149962,0,0.04,0,0.006290325429290533,0,0.004110256398112268,0,0.009273446740391248,0,0.0003359756083227694,0,7.077371992636472e-05,0
0,2,0.0007236358202485119,0,0.01,0,0.0020909232553094625,0,5.707504865337696e-05,0,9.576243509486422e-06,0,3.448793358984403e-05,0,3.999311229563318e-05,0
0,4,0.045667311428754444,0,0.06,0,5.912266715313308e-05,0,6.699719638379128e-05,0,0.0005231681973150062,0,0.00011736345186363906,0,4.6079530875431374e-05,0
0,2,0.00011683300231597942,0,0.0,0,7.258028745127376e-06,0,2.087394377752762e-05,0,1.2462270874146929e-07,0,3.448793358984403e-05,0,3.999311229563318e-05,0
0,1,5.310239393930707e-08,0,0.01,0,6.464078978751786e-06,0,2.0581596680644176e-05,0,4.442594254874725e-08,0,2.593315912235994e-05,0,3.999311229563318e-05,0
0,1,0.00033499393810605476,0,0.01,0,0.0001963119430001825,0,0.00017369937412531225,0,0.00012525656835869593,0,3.0224777219700627e-05,0,4.134899063501507e-05,0
0,1,5.072129788350154e-06,0,0.06,0,0.005650627892464399,0,0.0013090305318229412,0,0.0005116830979167223,0,3.111470505245961e-05,0,3.999311229563318e-05,0
0,1,0.15094715229648722,0,0.06,0,0.024988438934087753,0,0.0016888410958302087,0,0.0007919318728542653,0,7.625715807080269e-05,0,6.246867997106165e-05,0
0,2,9.2193092886883e-05,0,0.0,0,0.00015375330985989422,0,2.0690808690655636e-05,0,0.0016843577100724195,0,0.001138246268965304,0,0.0017305419314652681,0
0,1,0.23081496449700467,0,0.05,0,0.0002176832058466971,0,7.648202574761809e-05,0,0.0006928979699758858,0,3.69133340427652e-05,0,4.836659354623407e-05,0
0,1,0.004607111543402184,0,0.0,0,1.2109740055166185e-05,0,2.171540969619449e-05,0,0.00015240243521669262,0,2.593315912235994e-05,0,3.999311229563318e-05,0
0,1,8.07714807827094e-07,0,0.0,0,3.4952216083183885e-05,0,2.1478997645943887e-05,0,6.155255176296405e-07,0,2.593315912235994e-05,0,3.999311229563318e-05,0
0,5,0.6868919026974576,0,0.02,0,0.0006894446560181677,0,7.241800405132766e-05,0,6.713587612252688e-06,0,4.5294651499716565e-05,0,4.016446473542601e-05,0
0,4,4.8536788337752985e-05,0,0.0,0,7.563950930489227e-05,0,2.429033743333575e-05,0,4.245586329756779e-07,0,7.944804383441806e-05,0,3.999311229563318e-05,0
0,1,1.5364062666584057e-05,0,0.0,0,0.0001198792306240648,0,4.1025039746482026e-05,0,3.36652745638199e-05,0,2.601139567559585e-05,0,3.999311229563318e-05,0
0,4,0.9166155889196368,0,0.05,0,0.010008367709815502,0,0.00698591947786006,0,0.0001288037396590763,0,0.00016996022895909846,0,9.307601430919021e-05,0
0,4,0.0018717406746639393,0,0.0,0,8.67506823851727e-05,0,5.34399191937377e-05,0,0.0009554713890262888,0,7.987195567693561e-05,0,5.626920756185427e-05,0
0,3,5.376675338148544e-06,0,0.0,0,9.517848411633167e-06,0,1.8817330473998278e-05,0,1.186080966300379e-06,0,3.1761519494466484e-05,0,3.999311229563318e-05,0
0,3,0.9590099379060554,1,0.03,0,0.004500932060182095,0,0.0013128019915977077,0,0.01394472868936318,0,0.0010175143834203482,0,0.005200427491217852,0
0,5,0.00039450848023318315,0,0.01,0,0.00010837728768819943,0,0.00014309847163965453,0,3.7477313708766077e-06,0,3.199765342287719e-05,0,4.012720819446258e-05,0
0,1,0.12060782797948709,0,0.0,0,0.00029626963078044355,0,8.76406647712888e-05,0,0.00024345514526863851,0,3.0188784876372665e-05,0,4.4708780478686094e-05,0
0,5,0.027226605841116674,0,0.01,0,0.00013358307478483766,0,0.0014381117039061037,0,0.00028801588952079955,0,3.1497904274147004e-05,0,3.999311229563318e-05,0
0,3,0.07740058344724976,0,0.0,0,0.00034901860635727644,0,0.00018847529461437092,0,0.0002665674772689532,0,3.559303513611667e-05,0,4.187048034509644e-05,0
0,2,0.6514155087443956,0,0.0,0,0.0011340398341417313,0,9.950834932000571e-05,0,4.9227964433688165e-05,0,5.9593887272058055e-05,0,3.999311229563318e-05,0
0,3,0.16953734157446107,0,0.03,0,0.0001972747122636065,0,6.330646971853435e-05,0,0.00026254758773378614,0,3.251975795137696e-05,0,3.999311229563318e-05,0
0,4,0.00037049248433977406,0,0.0,0,9.299160592490807e-05,0,9.384871393897536e-05,0,6.900833316857304e-06,0,7.944804383441806e-05,0,3.999311229563318e-05,0
0,5,0.007196859271957603,0,0.01,0,4.565859126159921e-05,0,2.8704136877752854e-05,0,1.0366391455025249e-05,0,3.1497904274147004e-05,0,3.999311229563318e-05,0
0,4,0.5573575683287136,0,0.04,0,0.004346122965216637,0,0.001204675487416769,0,0.01088516427834862,0,0.0002202815521741286,0,0.000312029238557443,0
0,2,0.00992918489642439,0,0.01,0,0.00018457412079442292,0,3.5264670212843136e-05,0,9.388694358157247e-06,0,0.00010685290908440948,0,3.999311229563318e-05,0
0,2,5.935680040450568e-06,0,0.01,0,1.2854905435233377e-05,0,8.426363957247128e-05,0,3.7683532025116865e-05,0,3.593868314055726e-05,0,4.0000562876230106e-05,0
0,5,0.0014347006584098454,0,0.03,0,0.00016450576367788017,0,0.00024127377478731698,0,0.002142996388429275,0,3.1497904274147004e-05,0,3.999311229563318e-05,0
0,4,0.10307047011997889,0,0.0,0,0.00018383820133749396,0,2.6753194338047617e-05,0,0.00113467915267299,0,7.998319779289886e-05,0,4.347215508460067e-05,0
0,4,9.029817015605482e-06,0,0.0,0,1.7522397683933377e-05,0,2.0676559686757836e-05,0,3.6317783888992076e-07,0,7.944804383441806e-05,0,3.999311229563318e-05,0
0,5,9.490944069083747e-05,0,0.0,0,0.00022196742065716535,0,4.04957547163773e-05,0,2.5779744858464606e-05,0,3.1497904274147004e-05,0,3.999311229563318e-05,0
0,3,0.008200837532332349,0,0.0,0,8.23589798528701e-05,0,2.9161890180427347e-05,0,0.00044553728432676295,0,3.323215423733927e-05,0,3.999311229563318e-05,0
0,1,1.7659798492295095e-10,0,0.0,0,4.947919478581753e-06,0,2.520820469668299e-05,0,8.482167287070208e-08,0,2.7201444027014077e-05,0,4.021661152364686e-05,0
0,5,0.9324467300119745,0,0.1,0,0.015712717548012733,0,0.011565280925602413,0,0.1183915164099136,0,6.226380355656147e-05,0,6.065834895707667e-05,0
0,3,3.071060599071051e-06,0,0.0,0,3.443392415647395e-05,0,3.055709044353378e-05,0,6.207730188762232e-06,0,3.1761519494466484e-05,0,3.999311229563318e-05,0
0,5,0.005915335935309357,0,0.03,0,0.000402067817049101,0,4.868363550332256e-05,0,1.888509036961897e-05,0,3.632762309280224e-05,0,3.999311229563318e-05,0
0,1,0.0005767627719579456,0,0.0,0,4.9263030632573646e-06,0,3.511541548206408e-05,0,4.0177865804785605e-05,0,2.593315912235994e-05,0,4.018681283923797e-05,0
0,1,0.1444633086897597,0,0.0,0,0.0001069543432095088,0,0.0001955873636633229,0,0.000608390556587527,0,8.377417543670163e-05,0,0.00018145478679798543,0
0,1,0.15237191893855329,0,0.0,0,2.647460496518761e-05,0,0.0001395587393951281,0,0.0002097278935996706,0,0.0001476629840908572,0,6.462811870733276e-05,0
0,1,8.35965783701575e-05,0,0.0,0,1.948670978890732e-05,0,2.449290334812022e-05,0,3.882723781143652e-07,0,2.593315912235994e-05,0,3.999311229563318e-05,0
0,5,0.30439463166232344,0,0.03,0,0.0015919064171612263,0,0.0006394477089787242,0,0.009861727840627017,0,0.002892544958740473,0,0.006355880293995142,0
0,1,0.0021917369428361834,0,0.0,0,4.83645053463988e-05,0,3.010040056605255e-05,0,5.643516112609314e-07,0,2.593315912235994e-05,0,3.999311229563318e-05,0
0,3,0.025495788078656354,0,0.01,0,0.00015646679094061255,0,0.00019645188187131655,0,1.1660393123862965e-05,0,3.691273377626203e-05,0,4.372550392872654e-05,0
0,3,0.01436682869736999,0,0.01,0,0.0007086374098435044,0,6.927681162796784e-05,0,0.0004219714297305175,0,3.212500814697705e-05,0,3.999311229563318e-05,0
0,3,0.017342059436017142,0,0.01,0,4.3673146137734875e-05,0,7.416961844035439e-05,0,0.0004400946008196693,0,3.706875941134058e-05,0,5.028122177463956e-05,0
0,3,0.05333968857737822,0,0.01,0,8.520353731000796e-05,0,6.967813066158805e-05,0,7.580357120560589e-05,0,3.51780436176341e-05,0,5.8296616771258414e-05,0
0,5,0.00019582227072980802,0,0.0,0,0.00014781110803596675,0,2.332910263513405e-05,0,9.420002714378648e-07,0,3.1497904274147004e-05,0,3.999311229563318e-05,0
0,4,0.09892647840321594,0,0.0,0,3.47130153386388e-05,0,3.477515403003306e-05,0,0.00037582854843718773,0,8.013235492398962e-05,0,4.832937702303752e-05,0
0,5,0.009469400027483772,0,0.05,0,0.009324145503342152,0,0.0005413549901925831,0,0.01298408723968968,0,5.367310222936794e-05,0,4.533461469691247e-05,0
0,3,0.001460503863364817,0,0.01,0,0.018488509580492973,0,0.003715761553390439,0,0.011977742064700612,0,0.00011043762060580775,0,0.00017199947615154088,0
0,1,0.2390239512251233,0,0.04,0,0.0012098656734451652,0,0.00010297862289826331,0,0.0008363153026402994,0,2.6884359613177367e-05,0,3.999311229563318e-05,0
0,4,0.13907455543854352,0,0.0,0,4.308811548980884e-05,0,3.295947312853539e-05,0,0.0008476126974061194,0,0.00010174111230298877,0,4.371059549157508e-05,0
0,3,0.0005131264404385412,0,0.01,0,5.013430563849397e-05,0,2.7551114940398376e-05,0,7.816816414444172e-07,0,3.1761519494466484e-05,0,3.999311229563318e-05,0
0,5,0.0017543850037708248,0,0.04,0,0.0027970715891569853,0,0.00033902857787588566,0,0.00021942138675533267,0,3.1558622140437365e-05,0,4.239198096911423e-05,0
0,1,0.004676278432488901,0,0.03,0,0.00045090384082868695,0,0.00016237170491858395,0,0.0015579643080871272,0,2.681655496417079e-05,0,3.999311229563318e-05,0
0,1,0.0004251143214296141,0,0.0,0,2.0113249775022268e-05,0,2.901461811974576e-05,0,5.601118584363644e-05,0,2.67880877800053e-05,0,3.999311229563318e-05,0
0,5,0.0008841509316880781,0,0.01,0,3.2091244065668434e-05,0,0.00018524283190094888,0,6.740172907762474e-07,0,3.193114753230475e-05,0,3.999311229563318e-05,0
0,2,6.638596879605501e-06,0,0.0,0,3.384221054147929e-05,0,2.4885527410680006e-05,0,2.6703728312745737e-07,0,3.448793358984403e-05,0,3.999311229563318e-05,0
0,2,0.2285895531194513,0,0.01,0,0.00017141259741038084,0,2.5166401452419345e-05,0,0.0008843537443142078,0,3.448793358984403e-05,0,3.999311229563318e-05,0
0,4,2.9061167614276844e-05,0,0.0,0,0.00018313941836822778,0,0.00010480337607690415,0,4.3848753976357365e-07,0,7.944804383441806e-05,0,3.999311229563318e-05,0
0,4,0.004783920452723226,0,0.05,0,0.0003064568736590445,0,0.00031882747047215596,0,0.018118147709577242,0,0.0002178094000555575,0,0.00010867324454011396,0
0,4,6.876652515459032e-05,0,0.01,0,1.3072914043732453e-05,0,4.003697666198183e-05,0,7.436408676084404e-05,0,7.947039557620883e-05,0,3.999311229563318e-05,0
0,2,8.240955762819967e-06,0,0.0,0,0.0005325353122316301,0,2.4308620929583678e-05,0,1.0814579294851175e-06,0,3.448793358984403e-05,0,3.999311229563318e-05,0
0,5,6.422680877113395e-06,0,0.0,0,1.2336656254774425e-05,0,2.804417942756735e-05,0,2.9292081728679345e-07,0,3.1497904274147004e-05,0,3.999311229563318e-05,0
0,3,0.00022760400304911888,0,0.0,0,7.876806193962693e-06,0,2.023201276842899e-05,0,2.314766770121085e-07,0,3.1761519494466484e-05,0,3.999311229563318e-05,0
0,4,0.09350582354235444,0,0.0,0,1.824188802856952e-05,0,9.658608050940989e-05,0,0.00022506241943710847,0,7.944804383441806e-05,0,3.999311229563318e-05,0
0,5,0.12860541018876478,0,0.03,0,6.704415136482567e-05,0,3.075389515261767e-05,0,0.00031059692298464976,0,0.00012600932677742094,0,8.01888236310333e-05,0
0,3,0.00016999972365751162,0,0.0,0,2.6217028789687902e-05,0,2.0297814371832098e-05,0,2.2346494617576463e-06,0,3.1761519494466484e-05,0,3.999311229563318e-05,0
0,1,2.053554453683212e-05,0,0.01,0,1.9528920347511303e-06,0,1.272972209969324e-05,0,8.746896550589183e-06,0,2.593315912235994e-05,0,3.999311229563318e-05,0
0,5,0.44773622689195547,0,0.03,0,1.3369121916184667e-05,0,0.00011356483291613717,0,0.00029090291986983384,0,9.860520367510617e-05,0,0.00014330619887914509,0
0,4,1.5123996197619067e-05,0,0.0,0,2.8732996725011617e-05,0,3.044169116047974e-05,0,1.4408194975184778e-07,0,7.944804383441806e-05,0,3.999311229563318e-05,0
0,1,0.0004540565875053332,0,0.09,0,2.164067336707376e-05,0,0.00010225124623968838,0,0.0004642606797227488,0,3.66649437637534e-05,0,5.139859422342852e-05,0
0,3,0.47360640328475334,0,0.03,0,5.2422459702938795e-05,0,6.96963100090122e-05,0,0.006074274078783825,0,3.650717553682625e-05,0,3.999311229563318e-05,0
0,3,0.002974942788152784,0,0.0,0,2.1642117644660175e-05,0,1.9513297342202507e-05,0,5.290129988197902e-05,0,0.00020945523283444345,0,0.00032898414065130055,0
0,5,0.0012361347293048323,0,0.0,0,9.861573198577389e-05,0,3.40560258399057e-05,0,7.167092053948282e-07,0,3.1497904274147004e-05,0,3.999311229563318e-05,0
0,2,1.2461250735457373e-07,0,0.0,0,6.051474429114023e-06,0,2.109650594214785e-05,0,2.7195392480265516e-08,0,3.448793358984403e-05,0,3.999311229563318e-05,0
0,4,0.5560614880984406,0,0.05,0,9.487489296589047e-05,0,0.00013830119351646375,0,0.005513781121766134,0,0.00011888135486515239,0,7.886495586717501e-05,0
0,2,0.8549454267779927,0,0.01,0,0.0003183037624694407,0,0.000557161703326415,0,0.002956981854350513,0,0.0003441990411374718,0,0.00016635251813568175,0
0,2,0.002199909183015789,0,0.0,0,7.51334082451649e-05,0,2.8225648072557304e-05,0,9.346810486858516e-05,0,3.4512722777435556e-05,0,3.999311229563318e-05,0
0,2,1.533646738732408e-05,0,0.0,0,0.00019418058218434453,0,5.602191611626411e-05,0,1.1280176836809532e-06,0,3.448793358984403e-05,0,3.999311229563318e-05,0
0,4,7.92352999363108e-06,0,0.0,0,3.800135527853854e-05,0,2.7328900986819223e-05,0,4.5707708109964523e-07,0,7.944804383441806e-05,0,3.999311229563318e-05,0
0,4,7.4054486112288e-07,0,0.0,0,2.990606299135834e-05,0,2.0669652294882488e-05,0,1.2670939227743398e-06,0,0.00010805924102896824,0,6.836841203039512e-05,0
0,4,0.0072784018485274,0,0.0,0,2.0812503862543963e-05,0,3.526434751761386e-05,0,0.0018789285399877277,0,7.944804383441806e-05,0,3.999311229563318e-05,0
0,4,0.10886143688938756,0,0.05,0,0.0015581599436700344,0,0.002577407021944879,0,0.05987047045143629,0,0.00021294377802405506,0,7.965989061631262e-05,0
0,5,1.4003649552866113e-05,0,0.01,0,0.00013913314614910632,0,3.568862965377671e-05,0,0.003404137621594677,0,3.485556226223707e-05,0,3.999311229563318e-05,0
0,1,0.0985016694446356,0,0.05,0,6.085684435674921e-05,0,5.2213101779808536e-05,0,0.0019093040684169354,0,9.501027670921758e-05,0,4.534205436357297e-05,0
0,4,0.00030684989094120974,0,0.0,0,6.978672900004312e-05,0,2.4669672550803254e-05,0,1.3799979332100916e-06,0,7.944804383441806e-05,0,3.999311229563318e-05,0
0,3,0.00020978654840317105,0,0.01,0,1.3689067600353155e-05,0,2.041689581574884e-05,0,1.639582571508935e-07,0,3.1761519494466484e-05,0,3.999311229563318e-05,0
0,3,0.8981694262079645,0,0.12,1,0.08288842439651489,0,0.06052016059181017,0,0.09546686204197806,0,0.0023677023127675056,0,0.00046802216093055904,0
0,4,0.0002170973269848624,0,0.04,0,0.00024346186546608806,0,0.0001068505778801214,0,6.318758408940509e-05,0,7.944804383441806e-05,0,3.999311229563318e-05,0
0,4,3.2218239649678746e-05,0,0.0,0,0.0021966886706650257,0,4.3034418213689064e-05,0,1.9200209536408863e-05,0,7.944804383441806e-05,0,3.999311229563318e-05,0
0,4,0.00923398693995875,0,0.01,0,3.0511395380017348e-05,0,8.893237075850882e-05,0,0.00023622895839368863,0,8.46717957756482e-05,0,4.769598308485001e-05,0
0,2,0.018938883252099654,0,0.0,0,0.0010808521183207631,0,4.141169121320201e-05,0,8.278336106976946e-05,0,4.264721064828336e-05,0,3.999311229563318e-05,0
0,2,5.456135670033508e-07,0,0.0,0,3.969714816776104e-05,0,2.4812980400516198e-05,0,4.270888391816377e-07,0,3.448793358984403e-05,0,3.999311229563318e-05,0
0,1,0.00027664229948589665,0,0.02,0,7.405501037283102e-06,0,0.00014119942857502798,0,0.00036214605789883117,0,2.593315912235994e-05,0,3.999311229563318e-05,0
0,3,0.0015865300673590323,0,0.01,0,5.885844529984752e-06,0,2.180825848246961e-05,0,3.299323502288208e-05,0,3.1761519494466484e-05,0,3.999311229563318e-05,0
0,3,0.051215304166184514,0,0.03,0,0.0013949222629889846,0,0.0030635088404379097,0,0.0005588076805905531,0,0.00036567181814461946,0,4.8895533836912364e-05,0
0,4,0.004231843246305223,0,0.01,0,6.2682975112693384e-06,0,2.472954260366803e-05,0,5.841137448589571e-07,0,7.944804383441806e-05,0,3.999311229563318e-05,0
0,2,4.766806361737264e-06,0,0.0,0,2.689935172384139e-06,0,2.4848981334557218e-05,0,9.625280953101034e-08,0,3.448793358984403e-05,0,3.999311229563318e-05,0
0,2,0.7452538361485669,0,0.03,0,8.503787830704823e-05,0,7.452077999886972e-05,0,0.00013070643737918129,0,3.6487210309132934e-05,0,8.438701479462907e-05,0
0,4,0.00814709262536947,0,0.04,0,0.0006437641568481922,0,0.00012975113463744236,0,0.001138965992217766,0,9.437490371055901e-05,0,5.950959166511893e-05,0
0,4,0.11667720544049136,0,0.03,0,0.002697603777050972,0,0.0006732972953069374,0,0.01493529813791523,0,0.00012681222870014608,0,4.0916896978160366e-05,0
0,4,2.568996541191302e-05,0,0.01,0,0.00015332142356783152,0,0.0002541268315718565,0,2.5842345737731544e-06,0,7.944804383441806e-05,0,3.999311229563318e-05,0
0,4,0.0024759837771511865,0,0.0,0,8.946008165366948e-05,0,2.7846819485003538e-05,0,0.0002833153397426262,0,8.860573871061206e-05,0,4.006761446362361e-05,0
0,2,1.4067939585532331e-05,0,0.0,0,7.058465416776016e-05,0,2.4817576268176667e-05,0,4.301773301044415e-06,0,3.448793358984403e-05,0,3.999311229563318e-05,0
0,5,2.4844069282771226e-05,0,0.0,0,5.5834116210462525e-06,0,3.4024062373468374e-05,0,3.8663361544537695e-08,0,3.1497904274147004e-05,0,3.999311229563318e-05,0
0,5,0.023410581497217343,0,0.04,0,7.865330553613603e-05,0,0.00024919040526521856,0,0.009126665326624072,0,3.179317354806699e-05,0,4.156504655838944e-05,0
0,1,0.0010194234864005548,0,0.01,0,0.00034528906689956784,0,0.0012212935709412919,0,0.00026593854763185443,0,2.7274600142845884e-05,0,3.999311229563318e-05,0
0,4,7.929721956974785e-06,0,0.0,0,7.881413330323994e-05,0,3.5557244303643266e-05,0,1.0673841944704674e-05,0,7.944804383441806e-05,0,3.999311229563318e-05,0
0,1,0.0318567399722906,0,0.0,0,1.4450035450863652e-05,0,0.00012345695912026065,0,0.00036703371488619463,0,2.5996823751484044e-05,0,4.3628602725220844e-05,0
0,1,0.0001948587562373078,0,0.0,0,9.808209870243445e-05,0,2.2610672352485805e-05,0,2.8687158083750183e-05,0,0.0003145942755509168,0,0.017733115702867508,0
0,2,0.5920425108528001,0,0.06,0,0.00733182393014431,0,0.008896731140196942,0,0.0018341724954091167,0,6.613681034650654e-05,0,4.1997125663328916e-05,0
0,1,1.2259431435347844e-07,0,0.0,0,7.738962449366227e-05,0,3.002767856431492e-05,0,1.1734326609556663e-07,0,2.593315912235994e-05,0,3.999311229563318e-05,0
0,2,5.786200683950312e-07,0,0.01,0,8.74972392921336e-05,0,6.139876419108697e-05,0,1.6040684390282282e-06,0,3.448793358984403e-05,0,3.999311229563318e-05,0
0,1,0.00438696745681086,0,0.01,0,6.56108240946196e-05,0,3.6363678240400336e-05,0,8.58409193256077e-06,0,2.593315912235994e-05,0,3.999311229563318e-05,0
0,4,0.00048074781629061394,0,0.0,0,6.305963324848562e-05,0,4.9062875502317486e-05,0,1.9471036867569705e-06,0,7.944804383441806e-05,0,3.999311229563318e-05,0
0,5,0.9568646030620086,0,0.04,0,0.001908995327539742,0,0.00010039484854124285,0,3.415641246647544e-05,0,0.00023597147082909942,0,6.626695540035143e-05,0
0,4,0.009616195400395697,0,0.0,0,4.731719309347682e-05,0,4.352914169736694e-05,0,0.001020522604088013,0,7.975050539243966e-05,0,4.074555909028277e-05,0
0,5,0.11823996756511775,0,0.02,0,0.00589659484103322,0,0.00021029089206285888,0,0.021813943641528076,0,4.38870774814859e-05,0,4.162464392720722e-05,0
0,4,6.56186785614407e-06,0,0.0,0,1.140021049650386e-05,0,2.0646005588350043e-05,0,1.4536431748615556e-08,0,7.944804383441806e-05,0,3.999311229563318e-05,0
0,5,6.3750655078697195e-06,0,0.01,0,4.619294122676365e-05,0,1.961020678573547e-05,0,4.821357233325715e-06,0,3.1497904274147004e-05,0,3.999311229563318e-05,0
0,3,0.23994640691318708,0,0.07,0,0.029686981812119484,0,0.0020653494353818887,0,0.15594078491787425,1,8.199416333809495e-05,0,5.412545579019934e-05,0
0,5,0.0028224494139523102,0,0.06,0,4.295698818168603e-05,0,0.0001807275389285497,0,2.2628618764538434e-06,0,3.201929575880058e-05,0,4.447042738320306e-05,0
0,3,0.000180702178082401,0,0.0,0,1.0700701750465669e-05,0,3.28337733512267e-05,0,9.348617388296242e-07,0,3.189045673934743e-05,0,3.999311229563318e-05,0
0,2,0.20860660383381582,0,0.07,0,5.611011147266254e-05,0,0.00017605872746640953,0,0.004101930687065019,0,3.448793358984403e-05,0,4.471631473279558e-05,0
0,3,0.47396000136293126,0,0.0,0,0.0008005152340047061,0,7.436674248665248e-05,0,0.00017591329406159526,0,0.0004918955382890999,0,0.000141952172270976,0
0,5,0.0007542716904838592,0,0.02,0,0.004391560796648264,0,0.00010049755696264607,0,4.2402008309372225e-05,0,3.1497904274147004e-05,0,3.999311229563318e-05,0
0,3,0.08314369851430195,0,0.01,0,6.372240022756159e-05,0,6.004427978717414e-05,0,8.351126682704487e-05,0,3.262839527451433e-05,0,4.166933285887353e-05,0
0,3,0.00016216383247808083,0,0.02,0,1.869650077424012e-05,0,2.600158064021535e-05,0,1.3647538677793762e-05,0,3.1761519494466484e-05,0,3.999311229563318e-05,0
0,1,0.0009056045451790223,0,0.0,0,0.00021066419139970094,0,3.2105021350046255e-05,0,1.7206298330508742e-05,0,2.593315912235994e-05,0,3.999311229563318e-05,0
0,2,0.3209778287034007,0,0.06,0,0.0003273002221249044,0,0.0004619207217184798,0,0.022119174750441235,0,3.782002386287786e-05,0,4.9752372433431447e-05,0
0,5,0.9439905121285924,0,0.02,0,0.008294280618429184,0,0.0002557625796209202,0,0.0022307422627614397,0,0.000576179416384548,0,0.0009047026978805661,0
0,5,0.0037391682250235625,0,0.0,0,7.39731767680496e-05,0,2.2483419009877533e-05,0,2.426376925464914e-06,0,3.1497904274147004e-05,0,3.999311229563318e-05,0
0,3,1.2981271383166051e-05,0,0.02,0,9.224715176969767e-05,0,5.8957334356477684e-05,0,0.00017415376420654808,0,3.183561784680933e-05,0,4.048480695928447e-05,0
0,2,0.4677932672082261,0,0.01,0,5.483475615619682e-05,0,0.00010970766679721212,0,0.0004342598933935849,0,3.473097604000941e-05,0,3.999311229563318e-05,0
0,4,6.546605189844855e-05,0,0.01,0,9.794078505365178e-05,0,3.1126094256371445e-05,0,3.253742409261049e-05,0,7.944804383441806e-05,0,3.999311229563318e-05,0
0,2,0.7375316722780577,0,0.09,0,0.005085578188300133,0,0.014172259169964004,0,0.024022034058226414,0,9.865139872999862e-05,0,5.652409163303673e-05,0
0,3,5.389278209059271e-07,0,0.0,0,3.6377646210894454e-06,0,3.292105080706827e-05,0,5.659841333747267e-07,0,7.070451829349622e-05,0,5.424400296760723e-05,0
0,4,0.1012041342152028,0,0.01,0,6.875362305436283e-05,0,1.9926899231886736e-05,0,1.943667920976582e-06,0,8.085803710855544e-05,0,4.0037815779214725e-05,0
0,3,0.6621477139106369,0,0.03,0,0.0004044109664391726,0,0.00010310586505384611,0,0.0044838997880752305,0,0.00013051361020188779,0,0.00028939914773218334,0
0,4,0.0004522329396750113,0,0.0,0,8.815526234684512e-05,0,2.980482987017045e-05,0,1.3233744251570747e-05,0,7.944804383441806e-05,0,3.999311229563318e-05,0
0,3,0.08504604605792605,0,0.02,0,0.0004924777895212173,0,0.00016875615370588048,0,0.013085570745715515,0,3.1761519494466484e-05,0,4.0566759707871825e-05,0
0,5,3.3653350201355576e-07,0,0.0,0,1.7775024389266036e-05,0,8.950444159733765e-05,0,0.0005857384496686253,0,3.1497904274147004e-05,0,3.999311229563318e-05,0
0,2,0.00017550838910861648,0,0.0,0,3.11585608869791e-05,0,1.9766168369644544e-05,0,1.4097590911616272e-05,0,3.448793358984403e-05,0,3.999311229563318e-05,0
0,2,7.380053653705555e-05,0,0.03,0,0.0008025469142012298,0,0.0003691531461587346,0,0.020709429476388142,0,3.4677566873142496e-05,0,4.359885861049406e-05,0
0,1,4.02853412134171e-05,0,0.0,0,6.358967311825836e-06,0,1.7194434826462507e-05,0,0.00016830830804539558,0,2.593315912235994e-05,0,3.999311229563318e-05,0
0,5,0.0006025369450639632,0,0.0,0,0.00011192384408786893,0,2.8216484934204546e-05,0,0.0016317413958198692,0,3.385333911865018e-05,0,3.999311229563318e-05,0
0,3,0.9360880692496001,0,0.02,0,0.0008618108695372939,0,0.0018767423499018976,0,0.0022295840257986685,0,0.0007278112461790442,0,0.00025249860482290387,0
0,4,3.273644952819975e-07,0,0.0,0,3.93598338632728e-06,0,2.8891681053130373e-05,0,3.379122231753752e-07,0,7.944804383441806e-05,0,3.999311229563318e-05,0
0,3,0.00017196714332156553,0,0.03,0,0.00035155421937815845,0,2.5258632405808538e-05,0,7.425854491874148e-06,0,3.1761519494466484e-05,0,3.999311229563318e-05,0
0,2,1.010203591715864e-05,0,0.0,0,0.000215551583096385,0,2.9848501664746717e-05,0,1.6092203590504157e-06,0,3.448793358984403e-05,0,3.999311229563318e-05,0
0,3,0.0004599269536692306,0,0.0,0,1.3786790987069253e-05,0,2.2333972583865828e-05,0,3.961952465886266e-05,0,3.1761519494466484e-05,0,3.999311229563318e-05,0
0,1,0.4469648626280486,0,0.02,0,0.00016341981245204806,0,7.797142825206657e-05,0,0.02187139169745768,0,5.093288200441748e-05,0,0.00014407734852284193,0
0,5,6.693665571332515e-07,0,0.01,0,5.543877250602236e-06,0,3.493305643203295e-05,0,3.041466411407429e-07,0,3.1497904274147004e-05,0,3.999311229563318e-05,0
0,1,0.007728740821534637,0,0.01,0,0.0015404974110424519,0,0.002660532144027808,0,0.004428007011808936,0,3.421830479055643e-05,0,5.713441350962967e-05,0
0,1,0.04875385368112122,0,0.01,0,0.00011798443301813677,0,2.3453050660382028e-05,0,0.00012055573004116801,0,0.00019081399659626186,0,0.00013567802670877427,0
0,2,0.00016561270094130463,0,0.0,0,0.00015935405099298805,0,3.773561438061676e-05,0,3.5187253542346647e-06,0,3.467631177045405e-05,0,4.0797702240524814e-05,0
0,4,0.0012071698894557047,0,0.04,0,0.00025821360759437084,0,0.0001871469853273435,0,6.423840991466691e-05,0,9.364759171148762e-05,0,3.999311229563318e-05,0
0,3,4.997540271994334e-07,0,0.0,0,7.775891572237015e-05,0,2.0253022128591718e-05,0,1.2125291687983046e-06,0,3.2036288757808506e-05,0,3.999311229563318e-05,0
0,3,3.444928102128737e-05,0,0.0,0,1.0898108484980185e-05,0,2.2854856712786817e-05,0,9.687337642030408e-07,0,3.1761519494466484e-05,0,3.999311229563318e-05,0
0,2,1.1529859256273163e-06,0,0.0,0,2.8076359740225598e-05,0,2.09593212015849e-05,0,1.9191322842435036e-07,0,3.448793358984403e-05,0,3.999311229563318e-05,0
0,5,0.0003293897166155174,0,0.0,0,0.00039799866499379277,0,3.381745683290563e-05,0,1.5247211993692222e-06,0,3.4399381547700614e-05,0,3.999311229563318e-05,0
0,3,8.227696450945193e-06,0,0.0,0,2.9496054594346788e-06,0,2.0064950621725065e-05,0,2.723900116961719e-07,0,3.1761519494466484e-05,0,3.999311229563318e-05,0
0,1,0.03210086892277033,0,0.04,0,9.898476855596527e-05,0,9.79628783597654e-05,0,0.00013759053305396505,0,3.19325081363786e-05,0,3.999311229563318e-05,0
0,1,0.479308742453882,0,0.08,0,0.01795247755944729,0,0.008464572098622303,0,0.26445652914046786,1,6.780880357837304e-05,0,6.227516860235482e-05,0
0,2,4.6985811912247454e-05,0,0.01,0,1.8134487618226558e-05,0,1.718810167806835e-05,0,3.656595869983976e-05,0,3.448793358984403e-05,0,4.0827508200891316e-05,0
0,1,0.04161198726428103,0,0.0,0,0.0001866218080976978,0,4.885711814916904e-05,0,0.0006964268459258065,0,2.593315912235994e-05,0,3.999311229563318e-05,0
0,1,9.752552398399242e-05,0,0.0,0,3.3619555779296206e-06,0,2.4493415860757133e-05,0,7.19498056538186e-08,0,2.593315912235994e-05,0,3.999311229563318e-05,0
0,5,0.009948956659008702,0,0.13,1,0.11084595322608948,0,0.001201433830795298,0,0.23326255716810065,1,3.2841318898135796e-05,0,4.5327076804824173e-05,0
0,2,8.535663245370472e-08,0,0.0,0,7.93854269431904e-05,0,2.9960810124162674e-05,0,2.023716215701794e-06,0,3.448793358984403e-05,0,3.999311229563318e-05,0
0,1,9.52674277422274e-05,0,0.0,0,4.446510138222948e-05,0,3.105471771795574e-05,0,1.2878626730241905e-07,0,2.593315912235994e-05,0,3.999311229563318e-05,0
0,5,0.9119826179209566,0,0.02,0,5.422924004960805e-05,0,7.442833259986903e-05,0,2.006383308896366e-05,0,6.606212991755456e-05,0,0.0001168254530057311,0
0,4,2.276358909495616e-06,0,0.0,0,3.631244908319786e-06,0,3.4548084845344104e-05,0,3.5957611189690865e-07,0,7.944804383441806e-05,0,3.999311229563318e-05,0
0,4,0.006662288022744139,0,0.01,0,0.0002804675605148077,0,7.822807692265333e-05,0,5.264792769563078e-05,0,7.944804383441806e-05,0,4.0164457459468395e-05,0
0,3,0.0040236507716981205,0,0.01,0,0.00010674333316273987,0,3.7315474279077564e-05,0,1.2959078734082163e-05,0,3.1761519494466484e-05,0,3.999311229563318e-05,0
0,5,0.5694419359726801,0,0.03,0,2.6340854674344882e-05,0,5.9562687180763684e-05,0,0.0001406968011821087,0,0.0003309636958874762,0,0.0003190225688740611,0
0,4,0.0009546337541056019,0,0.0,0,7.706411997787654e-05,0,6.452846667505131e-05,0,7.330358506027554e-06,0,7.944804383441806e-05,0,3.999311229563318e-05,0
0,2,0.00017147639087276495,0,0.0,0,3.616196408984251e-05,0,2.08871428302395e-05,0,1.285958095400382e-07,0,3.448793358984403e-05,0,3.999311229563318e-05,0
0,5,2.8244558693151793e-05,0,0.0,0,4.222205461701378e-06,0,3.454613232571187e-05,0,1.0528661741594257e-07,0,3.16592886520084e-05,0,3.999311229563318e-05,0
0,2,1.5128227111741051e-07,0,0.0,0,6.418511020456208e-06,0,2.9357218588412318e-05,0,6.896031113347997e-08,0,3.4552565921330824e-05,0,3.999311229563318e-05,0
0,5,6.035088825509802e-06,0,0.0,0,2.2690888727083802e-05,0,6.997577185326589e-05,0,2.6101910107602555e-06,0,3.2176816603168845e-05,0,3.999311229563318e-05,0
0,2,0.006220320010388171,0,0.02,0,0.0004545591655187309,0,0.00020321389460623736,0,0.00013624384916655424,0,3.448793358984403e-05,0,3.999311229563318e-05,0
0,1,0.006083862216594129,0,0.02,0,0.0004389070672914386,0,0.000799300694982997,0,0.024671774596272733,0,6.655397737631574e-05,0,0.00017276505241170526,0
0,5,0.033063327050189086,0,0.0,0,2.8937671231688e-05,0,7.419968121304698e-05,0,1.7738498651302455e-05,0,0.00042038672836497426,0,0.0003924716729670763,0
0,3,0.5488528957009925,0,0.04,0,0.00028772809309884906,0,6.924771593807239e-05,0,0.0009180290183744599,0,0.00020338031754363328,0,5.849077206221409e-05,0
0,1,1.2838557364258989e-05,0,0.0,0,4.369918679003604e-05,0,4.063519505779562e-05,0,1.7231944126799376e-06,0,2.593315912235994e-05,0,3.999311229563318e-05,0
0,1,0.00022684468096652663,0,0.0,0,0.0003149365948047489,0,5.0521741029730375e-05,0,5.802006225627145e-06,0,2.593315912235994e-05,0,3.999311229563318e-05,0
0,2,0.05216691768308745,0,0.0,0,2.023858360189479e-05,0,2.0536771297016186e-05,0,5.249370863531655e-05,0,3.448793358984403e-05,0,3.999311229563318e-05,0
0,3,0.004040449305477661,0,0.0,0,4.6822675358271226e-05,0,2.1712260937836383e-05,0,1.8460881833880487e-05,0,3.1761519494466484e-05,0,3.999311229563318e-05,0
0,2,0.00016234514148625003,0,0.0,0,0.0018531969981268048,0,9.464192992016629e-05,0,7.69009733817886e-06,0,3.558625030564144e-05,0,3.999311229563318e-05,0
0,1,0.03487400964975324,0,0.02,0,0.001611444866284728,0,0.00010062951644296722,0,8.423531474064128e-06,0,2.593315912235994e-05,0,4.0879658627090976e-05,0
0,5,0.0006064512047136097,0,0.0,0,1.8696249753702432e-05,0,5.337317999899984e-05,0,3.2785550760686134e-07,0,3.1497904274147004e-05,0,4.325612462707795e-05,0
0,3,1.561716116806134e-06,0,0.0,0,6.0618272982537746e-05,0,2.0241320901541052e-05,0,5.017484286012999e-07,0,3.1799743737792596e-05,0,3.999311229563318e-05,0
0,2,0.00018507307799114453,0,0.0,0,7.89213754615048e-06,0,3.408173612342101e-05,0,7.584483582156577e-05,0,4.690136120188981e-05,0,5.520515696844086e-05,0
0,1,0.00028443326892437344,0,0.0,0,0.00030256755417212844,0,4.7297767597373445e-05,0,0.00424104598243981,0,3.01520722132409e-05,0,5.436993524199352e-05,0
0,2,0.00136212926771749,0,0.02,0,0.0010690937051549554,0,6.0381378999436025e-05,0,8.864775228700514e-07,0,3.8980779208941385e-05,0,3.999311229563318e-05,0
0,4,0.0027693126976529995,0,0.01,0,4.182904740446247e-05,0,3.1107122398827285e-05,0,0.0007977410933621914,0,8.850559243001044e-05,0,3.999311229563318e-05,0
0,5,2.7221331085966864e-06,0,0.0,0,3.4165436773037072e-06,0,2.3268115307699012e-05,0,6.98144721512995e-08,0,3.1497904274147004e-05,0,3.999311229563318e-05,0
0,1,0.6863081135682676,0,0.06,0,0.00027289954596199095,0,0.00031479259977684764,0,0.0020790037362903445,0,3.61060410796199e-05,0,4.149054439039901e-05,0
0,4,1.4823663231447873e-06,0,0.04,0,0.0007276362739503384,0,0.0002505943730397439,0,2.1018761512910968e-05,0,0.00010071451833937317,0,4.7159821406239644e-05,0
0,4,0.005397597013622794,0,0.0,0,7.145320705603808e-05,0,4.015434158937951e-05,0,3.328552419301986e-06,0,7.944804383441806e-05,0,3.999311229563318e-05,0
0,1,0.16385589914598042,0,0.0,0,9.45850188145414e-05,0,9.196097587974345e-05,0,0.0002520823656933475,0,2.9999551770742983e-05,0,4.073065792908892e-05,0
0,2,0.23633167735027916,0,0.04,0,0.00016523960221093148,0,0.0005676437551971462,0,0.011522619475288152,0,5.004046397516504e-05,0,3.999311229563318e-05,0
0,3,3.716675907126825e-05,0,0.0,0,6.468377250712365e-06,0,2.0256312563570675e-05,0,1.0047152788147615e-07,0,3.1770599889568985e-05,0,3.999311229563318e-05,0
0,3,0.002310010221255935,0,0.01,0,0.00126357632689178,0,0.0005990075683521102,0,0.00020617524702023316,0,8.643062028568238e-05,0,8.829536091070622e-05,0
0,3,1.230017883315238e-05,0,0.0,0,3.290968743385747e-05,0,1.4968989520169618e-05,0,2.1177484492719145e-06,0,3.1761519494466484e-05,0,3.999311229563318e-05,0
0,1,0.6455228464133518,0,0.01,0,0.03846968337893486,0,0.0012786094895714825,0,0.0011702061255925164,0,7.14763009455055e-05,0,4.266017276677303e-05,0
0,2,0.00120831935728915,0,0.0,0,3.865771213895641e-05,0,1.857075667884424e-05,0,2.9346926949166326e-05,0,0.02830645628273487,0,0.039103493094444275,0
0,2,0.1771116963470549,0,0.02,0,3.325292345834896e-05,0,0.00013309085995162566,0,8.17789585556978e-05,0,4.717044794233516e-05,0,5.031844193581492e-05,0
0,4,1.5368303247722156e-05,0,0.0,0,0.00017754966393113136,0,3.6498760866961695e-05,0,1.3892240970356016e-05,0,7.944804383441806e-05,0,3.999311229563318e-05,0
0,4,4.65939603378574e-06,0,0.0,0,2.0171471987850964e-05,0,2.943663445028597e-05,0,2.397559507811363e-07,0,7.944804383441806e-05,0,3.999311229563318e-05,0
0,3,1.06180202354072e-06,0,0.0,0,2.9181176159909228e-06,0,1.9895056252239024e-05,0,6.23556169260459e-07,0,3.1761519494466484e-05,0,3.999311229563318e-05,0
0,5,3.415204451563161e-06,0,0.0,0,1.3125906662025955e-05,0,2.3678366782911507e-05,0,1.7946421282169697e-07,0,3.1497904274147004e-05,0,3.999311229563318e-05,0
0,5,0.11547300969650108,0,0.05,0,0.0020401435904204845,0,0.002243580422271038,0,0.007475622183867676,0,0.010945339687168598,0,0.01970640942454338,0
0,4,0.0034053244322972986,0,0.02,0,0.00012789960601367056,0,2.4745985258950297e-05,0,0.0020577375929129536,0,8.606336632510647e-05,0,5.1488073950167745e-05,0
0,4,0.43110159566462386,0,0.05,0,0.0010308001656085253,0,0.0005682521679267259,0,0.012792817416316393,0,0.00016507475811522454,0,9.681423398433253e-05,0
0,3,0.0036206146680464162,0,0.03,0,0.0007839555619284511,0,3.6675454258520695e-05,0,4.94463008156231e-06,0,3.2372860005125403e-05,0,3.999311229563318e-05,0
0,4,0.19867671105649315,0,0.06,0,0.03434450179338455,0,0.005580954232128303,0,0.0036307694535245975,0,0.006449702195823193,0,0.00040035333950072527,0
0,3,0.17677573107817432,0,0.02,0,0.0004776473215315491,0,0.0002593506201662139,0,3.64517966498504e-05,0,0.00014560834097210318,0,0.0002264322538394481,0
0,5,0.0025761261369573406,0,0.0,0,8.33350441098446e-06,0,4.782541643715416e-05,0,4.250242554173294e-06,0,3.1514515285380185e-05,0,3.999311229563318e-05,0
0,5,0.0004812753906301634,0,0.0,0,3.452615419519134e-05,0,3.319735571135319e-05,0,2.6192805014336177e-06,0,3.1497904274147004e-05,0,3.999311229563318e-05,0
0,4,0.8853971803123658,0,0.07,0,0.0009766960283741355,0,0.01099566741789726,0,0.0919574404395765,0,0.00860835425555706,0,0.0049027930945158005,0
0,1,0.000254521497767241,0,0.0,0,2.0119234250159934e-05,0,3.712848100793703e-05,0,8.985444042719162e-05,0,2.5988483685068786e-05,0,3.999311229563318e-05,0
0,3,0.7809752007977349,0,0.02,0,0.0010950758587568998,0,0.00015207029964982776,0,9.49841984733202e-05,0,9.934820263879374e-05,0,0.00011756572348531336,0
0,5,0.005844822490783211,0,0.0,0,9.202040928357746e-06,0,3.105623599159391e-05,0,0.0001267972998925835,0,3.150218981318176e-05,0,3.999311229563318e-05,0
0,2,0.00015837883663702922,0,0.0,0,0.0001820155157474801,0,7.331522239083051e-05,0,0.00013574457442372536,0,3.97912590415217e-05,0,3.999311229563318e-05,0
0,1,5.190927311922273e-06,0,0.0,0,1.1870695743709803e-05,0,0.00014185436977219107,0,0.00028422082606985966,0,2.593315912235994e-05,0,3.999311229563318e-05,0
0,3,3.5824169196478244e-07,0,0.0,0,4.0326126509171445e-06,0,4.472373729359629e-05,0,4.821576602331218e-07,0,3.1761519494466484e-05,0,3.999311229563318e-05,0
0,2,0.0005086358011723582,0,0.0,0,2.1343017579056323e-05,0,2.1171103119756645e-05,0,6.190883203306602e-07,0,3.448793358984403e-05,0,3.999311229563318e-05,0
0,4,0.00017532206496992698,0,0.0,0,4.108247594558634e-05,0,2.4368840252517112e-05,0,1.5331839071963168e-05,0,7.944804383441806e-05,0,3.999311229563318e-05,0
0,2,0.029929311873194166,0,0.01,0,0.0006499908631667495,0,2.308080509238955e-05,0,3.5424913711727953e-06,0,3.451331576798111e-05,0,3.999311229563318e-05,0
0,4,1.7703060983995286e-06,0,0.0,0,2.8713102437905036e-06,0,2.130404310884641e-05,0,1.1469951118908176e-07,0,7.944804383441806e-05,0,3.999311229563318e-05,0
0,4,0.41338303811586513,0,0.02,0,0.0002690332185011357,0,0.0005547051767837334,0,0.04201251009131492,0,0.0002199633454438299,0,0.00012686409172601998,0
0,1,5.559605078143075e-07,0,0.0,0,1.1062972589570563e-05,0,2.4795134864567107e-05,0,4.521846119220153e-08,0,2.593315912235994e-05,0,3.999311229563318e-05,0
0,4,0.03098127273199957,0,0.0,0,3.304435085738078e-05,0,3.794643008240192e-05,0,0.000900897336328469,0,0.0001265886821784079,0,7.105791155481711e-05,0
0,4,0.015294881507496605,0,0.01,0,4.724135578726418e-05,0,2.7617087024523408e-05,0,3.087707322006921e-05,0,8.636868733447045e-05,0,4.181088297627866e-05,0
0,2,0.004709913249700828,0,0.05,0,0.0001884683151729405,0,0.0002112443923827334,0,0.008887193849875404,0,8.164162136381492e-05,0,5.4981726862024516e-05,0
0,2,0.00038255645989701716,0,0.0,0,3.045241282961797e-05,0,5.8700357447370175e-05,0,2.1164165597924013e-07,0,3.448793358984403e-05,0,3.999311229563318e-05,0
0,4,2.55528305273639e-07,0,0.0,0,1.8113497617378016e-06,0,2.1328369230115178e-05,0,2.602449781043406e-08,0,7.944804383441806e-05,0,3.999311229563318e-05,0
0,4,0.9575719094931125,0,0.0,0,0.00035117266816087067,0,0.0002292358807214826,0,0.002156754195585044,0,0.00040560614434070885,0,5.521279672393575e-05,0
0,3,3.2852288408740754e-05,0,0.01,0,1.8834061847883277e-05,0,2.5784405160092863e-05,0,3.775961716200931e-06,0,3.244750405428931e-05,0,4.111805174034089e-05,0
0,4,0.8115805697027533,0,0.0,0,0.0001484897657064721,0,6.600078852914478e-05,0,6.869704283800759e-05,0,0.0005892283516004682,0,0.0004481860378291458,0
0,3,0.003080959640103566,0,0.01,0,4.198506576358341e-05,0,2.107588069805592e-05,0,1.874608937061931e-05,0,3.1761519494466484e-05,0,4.2816591303562745e-05,0
0,4,2.9400685919648547e-05,0,0.0,0,2.4737898911553202e-06,0,2.1319892872015077e-05,0,3.701915065862056e-08,0,7.944804383441806e-05,0,3.999311229563318e-05,0
0,5,4.918657392952395e-07,0,0.0,0,1.5937137504806742e-05,0,2.1577669785250388e-05,0,1.247207735856447e-07,0,3.1497904274147004e-05,0,3.999311229563318e-05,0
0,4,0.0005915202904658336,0,0.0,0,5.3135547204874456e-05,0,2.6382352197119904e-05,0,8.986639701038468e-06,0,8.099910337477922e-05,0,3.999311229563318e-05,0
0,2,0.0004481049024729337,0,0.0,0,3.8462894735857844e-05,0,2.1177977123286696e-05,0,1.3195429736015045e-07,0,3.448793358984403e-05,0,3.999311229563318e-05,0
0,5,0.0002404732892182541,0,0.0,0,3.394975283299573e-05,0,2.1406140403906723e-05,0,1.561691005067739e-06,0,5.268687164061703e-05,0,8.04196679382585e-05,0
0,1,0.8783318297610443,0,0.04,0,0.1849391758441925,1,0.003987977266484424,0,0.030941000944057013,0,0.0028423385228961706,0,0.005833639297634363,0
0,2,3.733917477967822e-05,0,0.0,0,5.0899438065243885e-05,0,2.1172895197198264e-05,0,6.009427258349516e-07,0,3.448793358984403e-05,0,3.999311229563318e-05,0
0,5,0.000271876321475452,0,0.0,0,5.054672510595992e-05,0,5.706171271336784e-05,0,1.2566310280715708e-06,0,3.161996937706135e-05,0,3.999311229563318e-05,0
0,5,1.3872363411196036e-06,0,0.0,0,1.2479837096179835e-05,0,2.9226277609676313e-05,0,1.5046217907188134e-07,0,3.1497904274147004e-05,0,3.999311229563318e-05,0
0,2,6.58721476163595e-06,0,0.0,0,4.8498535761609674e-05,0,2.1177977123286696e-05,0,2.0637613297210601e-07,0,3.448793358984403e-05,0,3.999311229563318e-05,0
0,4,0.01811475341075511,0,0.01,0,0.00033280791831202805,0,4.160317445958326e-05,0,0.0027245684401141406,0,8.938562677940354e-05,0,4.20194846810773e-05,0
0,4,0.009900841807309385,0,0.0,0,3.092024417128414e-05,0,2.132032148179544e-05,0,1.953336279534047e-06,0,7.944804383441806e-05,0,3.999311229563318e-05,0
0,4,0.048353016186159385,0,0.0,0,8.84507335285889e-06,0,2.332660717916948e-05,0,0.0001223028207827869,0,8.047911251196638e-05,0,7.429245306411758e-05,0
0,4,0.031331205918838374,0,0.0,0,0.00019659759709611535,0,0.00018246607825558582,0,0.0009367135469053169,0,8.845241973176599e-05,0,5.195714766159654e-05,0
0,3,7.461986710114783e-05,0,0.0,0,6.752114131813869e-06,0,2.1095341305995036e-05,0,1.0017752424224107e-06,0,3.912710235454142e-05,0,5.4876978538231924e-05,0
0,1,0.0003056598045617987,0,0.0,0,2.808230192385963e-06,0,2.1058397093788014e-05,0,8.013498337465636e-07,0,2.593315912235994e-05,0,5.366236291592941e-05,0
0,4,0.8471531358519633,0,0.04,0,0.0003133394056931138,0,0.0001547611464792809,0,0.000537603384653661,0,0.0003075789427384734,0,0.00026184989837929606,0
0,2,0.07713332459976141,0,0.01,0,9.85420683718985e-06,0,2.450737069497129e-05,0,7.225688007860504e-07,0,3.448793358984403e-05,0,3.999311229563318e-05,0
0,3,0.649699738651999,0,0.0,0,1.924281423271168e-05,0,2.9873089352861292e-05,0,0.00011256318422058224,0,0.0001934206229634583,0,0.00010614044731482863,0
0,3,1.059730352930363e-06,0,0.0,0,4.720460765383905e-06,0,2.4264194535787415e-05,0,1.9489671338801853e-07,0,3.1761519494466484e-05,0,3.999311229563318e-05,0
0,5,0.00014759247517954875,0,0.0,0,2.56695129792206e-05,0,2.1500671081496983e-05,0,2.07537466920409e-08,0,3.1497904274147004e-05,0,3.999311229563318e-05,0
0,1,0.30429918881423557,0,0.0,0,3.262828249717131e-05,0,2.0191738632751524e-05,0,3.2497854958192564e-05,0,0.0002445375139359385,0,0.00029786527738906443,0
0,2,5.618930750723129e-06,0,0.0,0,1.900762435980141e-05,0,2.100854686489252e-05,0,1.0910758463405764e-06,0,3.448793358984403e-05,0,3.999311229563318e-05,0
0,3,3.6435082778236854e-05,0,0.04,0,0.002099446253851056,0,0.0008521801932059436,0,0.000440783223260685,0,3.288813240942545e-05,0,3.999311229563318e-05,0
0,2,0.0006271318165889108,0,0.0,0,0.00017994630616158247,0,3.1862209448922284e-05,0,4.715707130078008e-05,0,3.448793358984403e-05,0,3.999311229563318e-05,0
0,4,0.07357716736650254,0,0.0,0,1.3710233361052815e-05,0,2.8267303799820497e-05,0,1.961166774406068e-05,0,8.527513273293152e-05,0,5.0333219405729324e-05,0
0,1,0.5265390775892034,0,0.04,0,0.0011424588738009334,0,6.263542116712803e-05,0,0.0007819623731242329,0,2.9770928449579515e-05,0,3.999311229563318e-05,0
0,2,1.155547227908235e-05,0,0.0,0,3.890713560394943e-05,0,2.1172895197198264e-05,0,2.448535527274772e-07,0,3.448793358984403e-05,0,3.999311229563318e-05,0
0,4,1.7759101339280532e-07,0,0.0,0,6.443030542868655e-06,0,2.5900223482577695e-05,0,1.847941065827538e-07,0,0.00011497180094011128,0,3.999311229563318e-05,0
0,2,3.637098352654934e-05,0,0.0,0,1.5129206076380797e-05,0,2.460277295680914e-05,0,3.170784856139446e-07,0,3.448793358984403e-05,0,3.999311229563318e-05,0
0,5,0.8313339961821361,0,0.03,0,0.00019266127492301166,0,3.468964564032538e-05,0,1.8696019138455114e-06,0,0.0011234537232667208,0,0.000312298332573846,0
0,1,0.0211797298488612,0,0.0,0,7.2681968958931975e-06,0,2.0915859550832287e-05,0,8.884408576136923e-05,0,2.8555788958328776e-05,0,4.8150606744457036e-05,0
0,3,0.004583635637268501,0,0.0,0,0.0002631474635563791,0,3.808365303145179e-05,0,2.2286712308813143e-05,0,3.7425485061248764e-05,0,4.357647412689403e-05,0
0,4,0.09217984458559293,0,0.02,0,1.6052988939918578e-05,0,2.9565818516440467e-05,0,0.00040588061818083265,0,8.471639011986554e-05,0,4.008251562481746e-05,0
0,3,0.000900518136106285,0,0.02,0,7.95610249042511e-05,0,2.2247663125068307e-05,0,9.726487705114594e-05,0,3.320337782497518e-05,0,5.3752279200125486e-05,0
0,4,6.56546977214238e-05,0,0.0,0,1.8846116290660575e-05,0,2.1300646646750733e-05,0,3.522842721635007e-08,0,0.00018177417223341763,0,3.999311229563318e-05,0
0,3,8.051891905368106e-05,0,0.0,0,3.044106051675044e-05,0,3.724046168447985e-05,0,9.856870672063928e-05,0,3.1761519494466484e-05,0,4.428415559232235e-05,0
0,5,0.8191580711967679,0,0.0,0,5.7644669141154736e-05,0,3.403778190476761e-05,0,0.0001118030117595523,0,7.222139538498595e-05,0,0.0001421139168087393,0
0,5,6.237838191479122e-05,0,0.03,0,4.415317380335182e-05,0,4.748874542358823e-05,0,3.23712131907422e-07,0,5.689333920599893e-05,0,0.00018682250811252743,0
0,3,7.042287455711543e-05,0,0.0,0,0.000168252969160676,0,2.9729294658703713e-05,0,6.53587207039506e-06,0,3.198713238816708e-05,0,3.999311229563318e-05,0
0,3,0.0003450637358216646,0,0.0,0,4.057800197188044e-06,0,1.9704770034011154e-05,0,3.065910442029776e-06,0,3.1761519494466484e-05,0,3.999311229563318e-05,0
0,4,0.0001421117224371659,0,0.02,0,0.0012284636031836271,0,6.700672705385973e-05,0,0.014579433636341817,0,0.002425597747787833,0,4.248135883244686e-05,0
0,4,0.012201432839771936,0,0.02,0,7.284634921234101e-05,0,4.17315577498033e-05,0,1.81340426524469e-06,0,7.944804383441806e-05,0,3.999311229563318e-05,0
0,1,9.715979850927483e-07,0,0.03,0,4.394993811729364e-05,0,0.0004796409479863094,0,3.599762620485482e-05,0,3.0832525226287544e-05,0,8.283781062345952e-05,0
0,2,0.4483515693014363,0,0.01,0,1.0799727533594705e-05,0,2.9799045668620192e-05,0,5.377386521093536e-07,0,3.448793358984403e-05,0,3.999311229563318e-05,0
0,2,0.02285929991506264,0,0.0,0,1.1966113561356906e-05,0,3.3583406925767564e-05,0,1.9834335636608193e-06,0,3.557918898877688e-05,0,5.545844396692701e-05,0
0,3,0.00020866441870011135,0,0.0,0,8.623016583442222e-06,0,2.127594489307315e-05,0,9.708546107040557e-08,0,3.1761519494466484e-05,0,3.999311229563318e-05,0
0,4,0.41846507733065746,0,0.0,0,3.375846426934004e-05,0,5.4299598252447225e-05,0,1.0668487241403152e-05,0,7.945864490466192e-05,0,3.999311229563318e-05,0
0,3,0.0020173866858583457,0,0.0,0,3.257940988987684e-05,0,4.3954549520004905e-05,0,2.9344185500566804e-05,0,0.0007065170211717486,0,0.002744387835264206,0
0,1,0.8852067868434385,0,0.0,0,1.6905234588193707e-05,0,2.0132857732617123e-05,0,0.0002350535636173379,0,2.6080389943672344e-05,0,3.999311229563318e-05,0
0,4,4.175866647359071e-06,0,0.0,0,8.948643881012686e-06,0,2.810001998599728e-05,0,3.325872917128562e-05,0,7.944804383441806e-05,0,3.999311229563318e-05,0
0,4,0.007999806374239495,0,0.0,0,2.2726275346940383e-05,0,2.412137756193443e-05,0,5.2736441610514295e-05,0,9.946842328645289e-05,0,4.011231430922635e-05,0
0,4,0.029988632576967978,0,0.0,0,2.466113983246032e-05,0,4.375389773732524e-05,0,5.200453660815565e-05,0,7.944804383441806e-05,0,3.999311229563318e-05,0
0,2,0.33660818257085895,0,0.0,0,4.0237599023384973e-05,0,2.287178854910327e-05,0,0.0035524109849922264,0,3.801506318268366e-05,0,8.758389594731852e-05,0
0,5,0.0036425704489535214,0,0.0,0,2.910630610131193e-05,0,2.1974307420581003e-05,0,2.0353026692135388e-06,0,3.349119288031943e-05,0,3.999311229563318e-05,0
0,4,0.00045676818505877134,0,0.0,0,3.369995829416439e-05,0,2.730837938736787e-05,0,1.4890122938385642e-05,0,8.129017805913463e-05,0,4.2339837818872184e-05,0
0,3,9.790637002037882e-07,0,0.0,0,2.0503484847722575e-05,0,2.1499300326575676e-05,0,1.3371899601535517e-06,0,3.1761519494466484e-05,0,3.999311229563318e-05,0
0,1,0.020422221663202417,0,0.0,0,0.00013350184599403292,0,4.433913563714705e-05,0,6.672189095870005e-05,0,2.602255881356541e-05,0,3.999311229563318e-05,0
0,2,0.05349729138511087,0,0.0,0,6.813083928136621e-06,0,2.022258088129091e-05,0,4.222963005497456e-06,0,3.448793358984403e-05,0,4.0343260479858145e-05,0
0,3,3.217211675205478e-07,0,0.0,0,1.0545521035965066e-05,0,2.121364022701679e-05,0,5.639552189342573e-07,0,3.179373743478209e-05,0,3.999311229563318e-05,0
0,3,0.00021144341184552742,0,0.01,0,6.398216646630317e-05,0,1.968067593489188e-05,0,4.23572075453088e-06,0,3.1761519494466484e-05,0,3.999311229563318e-05,0
0,2,1.5458549274402647e-05,0,0.0,0,2.040980507445056e-05,0,2.1177977123286696e-05,0,6.303281564045228e-08,0,3.448793358984403e-05,0,3.999311229563318e-05,0
0,4,3.317106582645636e-06,0,0.0,0,9.077461982087698e-06,0,3.146827529890506e-05,0,2.6890250118397953e-06,0,0.00010512995504541323,0,5.8616682508727536e-05,0
0,1,1.1733665531073155e-10,0,0.0,0,9.612278518034145e-06,0,2.120303503321911e-05,0,3.513885562364215e-07,0,2.593315912235994e-05,0,3.999311229563318e-05,0
0,4,1.4653213290155964e-05,0,0.0,0,4.9152993597090244e-05,0,2.448641437535984e-05,0,2.9894504152308813e-07,0,7.944804383441806e-05,0,3.999311229563318e-05,0
0,5,0.00012745921061626395,0,0.0,0,3.414348975638859e-05,0,2.1524520142469033e-05,0,6.409917371929813e-08,0,3.1497904274147004e-05,0,3.999311229563318e-05,0
0,2,6.35906829853572e-06,0,0.0,0,9.506726200925186e-05,0,2.268351419499284e-05,0,3.9594694638782307e-07,0,3.448793358984403e-05,0,3.999311229563318e-05,0
0,2,1.5039246182843958e-06,0,0.0,0,1.1670666935970075e-05,0,2.1151059155312113e-05,0,1.484428680471688e-08,0,3.448793358984403e-05,0,3.999311229563318e-05,0
0,5,1.4419569769813407e-05,0,0.0,0,1.216923374158796e-05,0,2.1503977105569287e-05,0,1.3488964974518643e-07,0,3.1497904274147004e-05,0,3.999311229563318e-05,0
0,5,0.33643704406745684,0,0.01,0,1.579557101649698e-05,0,3.037126676156795e-05,0,1.3373620821558687e-05,0,0.00013687959290109575,0,0.0002749608538579196,0
0,2,1.5846103581118557e-05,0,0.0,0,1.8600641851662658e-05,0,2.1158645008380247e-05,0,1.4265176315816666e-07,0,3.448793358984403e-05,0,3.999311229563318e-05,0
0,2,0.022670240777530676,0,0.0,0,6.524121999973431e-06,0,2.363125606339521e-05,0,2.8384115724406823e-06,0,3.635518078226596e-05,0,4.6802226279396564e-05,0
0,1,0.005117413225256964,0,0.0,0,6.226330242498079e-06,0,2.4463248113025645e-05,0,0.00017853053957559366,0,3.063103213207796e-05,0,4.084240208612755e-05,0
0,2,0.017903139850234964,0,0.02,0,6.512970139738172e-05,0,0.0004132313137914398,0,0.008037892795132163,0,3.666225529741496e-05,0,3.999311229563318e-05,0
0,1,0.9822161627343579,1,0.05,0,0.00036376446951180696,0,0.00015524898289635033,0,0.027008040727153005,0,0.0003180251515004784,0,0.0007071333238855004,0
0,2,0.001794271326832876,0,0.0,0,0.0001731391967041418,0,2.7072661123502556e-05,0,9.104003458380264e-06,0,3.448793358984403e-05,0,3.999311229563318e-05,0
0,4,0.00042833848443845393,0,0.0,0,6.06318417339935e-06,0,3.251166541792194e-05,0,4.330562474405359e-07,0,7.944804383441806e-05,0,3.999311229563318e-05,0
0,5,0.0005544786083460589,0,0.0,0,5.769878771388903e-05,0,2.1357809425243356e-05,0,4.0874432460023365e-06,0,3.1497904274147004e-05,0,3.999311229563318e-05,0
0,2,1.4359778179058705e-07,0,0.01,0,6.455787115555722e-06,0,2.1172979085313295e-05,0,1.1428701205019516e-08,0,3.448793358984403e-05,0,3.999311229563318e-05,0
0,1,0.0007709616059142754,0,0.0,0,3.938544068660121e-06,0,2.4937666774930867e-05,0,4.880371550630642e-07,0,2.593315912235994e-05,0,4.1944975237129256e-05,0
0,1,0.015975083647893868,0,0.06,0,0.0356556735932827,0,0.00036589781305937656,0,0.00011742870722345569,0,2.6286263164365664e-05,0,3.999311229563318e-05,0
0,5,0.004926616643211509,0,0.0,0,2.4579683213232784e-06,0,2.1440773794164518e-05,0,3.9703481192547436e-08,0,3.1497904274147004e-05,0,3.999311229563318e-05,0
0,3,7.717653474896251e-10,0,0.0,0,6.491817657661159e-06,0,2.1359585222527285e-05,0,1.4477318839782918e-07,0,3.1761519494466484e-05,0,3.999311229563318e-05,0
0,3,0.002095720270586909,0,0.0,0,1.819830458771321e-06,0,2.10797298915649e-05,0,1.0255962249680918e-06,0,3.1761519494466484e-05,0,3.999311229563318e-05,0
0,3,0.00016061091674171682,0,0.02,0,0.00012833255459554493,0,5.497320053599659e-05,0,1.3994563185375197e-05,0,3.183499211445451e-05,0,3.999311229563318e-05,0
0,4,0.0012875932000659146,0,0.01,0,0.000174279572092928,0,2.023712686039449e-05,0,3.5916745213013956e-06,0,7.944804383441806e-05,0,3.999311229563318e-05,0
0,3,2.349490847763984e-06,0,0.0,0,1.6557265553274192e-05,0,2.146700912853182e-05,0,7.64755420384345e-07,0,3.184367233188823e-05,0,3.999311229563318e-05,0
0,1,5.013904583629694e-09,0,0.0,0,2.4621112970635295e-06,0,2.1163194447509737e-05,0,3.2192474238988665e-08,0,2.593315912235994e-05,0,3.999311229563318e-05,0
0,2,3.206244231405987e-06,0,0.01,0,1.2686486115853768e-05,0,2.1149315812729477e-05,0,5.5615531590198515e-08,0,3.448793358984403e-05,0,3.999311229563318e-05,0
0,4,0.0006367474920046252,0,0.0,0,0.00014327502867672592,0,6.0497629066276304e-05,0,2.1103147207156357e-05,0,8.13119622762315e-05,0,3.999311229563318e-05,0
0,4,6.500865851195648e-07,0,0.0,0,2.9548054953920655e-06,0,3.0142775092117053e-05,0,1.3541633730392244e-07,0,7.944804383441806e-05,0,3.999311229563318e-05,0
0,1,0.9379041222418544,1,0.1,0,0.003473340068012476,0,0.0003882887459923826,0,0.008684605965534912,0,7.238554826471955e-05,0,5.610569496639073e-05,0
0,3,0.003354323432318483,0,0.01,0,1.8277029084856622e-05,0,4.26688226585594e-05,0,2.0334147007786165e-05,0,3.224798638257198e-05,0,4.1416053136345e-05,0
0,1,2.0573509091954334e-05,0,0.0,0,4.437700226844754e-06,0,2.489931666355113e-05,0,2.3561954067109075e-08,0,2.593315912235994e-05,0,3.999311229563318e-05,0
0,4,9.596064424729619e-05,0,0.0,0,2.9935110433143564e-05,0,2.5182925948180483e-05,0,2.6712830715738846e-06,0,0.00013028962712269276,0,3.999311229563318e-05,0
0,1,5.035944161727389e-07,0,0.0,0,5.102743216411909e-06,0,2.104411860616852e-05,0,6.2365070493897275e-09,0,2.6045432605315e-05,0,3.999311229563318e-05,0
0,3,0.00482265475099638,0,0.0,0,1.9006374714081176e-05,0,2.4866792872642082e-05,0,6.243355092920351e-06,0,3.1761519494466484e-05,0,3.999311229563318e-05,0
0,4,0.8915331573034659,0,0.01,0,0.0001523188839200884,0,5.265464233450699e-05,0,0.0035792784982623055,0,0.00020544604922179133,0,0.00033528858330100775,0
0,2,0.00010558963106332677,0,0.0,0,0.00022217282094061375,0,2.1169498856998387e-05,0,3.5210199518543136e-07,0,3.448793358984403e-05,0,3.999311229563318e-05,0
0,4,5.957612806616655e-05,0,0.0,0,4.373770934762433e-05,0,2.1320505656734274e-05,0,1.6444855838385086e-06,0,7.944804383441806e-05,0,3.999311229563318e-05,0
0,5,0.004968551992881059,0,0.01,0,4.6257431677076966e-05,0,4.456951361959286e-05,0,2.5713964998050923e-06,0,3.2239335268968716e-05,0,3.999311229563318e-05,0
0,2,0.0016489310858100606,0,0.01,0,2.3406448235618882e-05,0,3.3882408680178524e-05,0,2.2509269840294783e-05,0,3.488832226139493e-05,0,4.187793820165098e-05,0
0,4,1.0603610693359937e-05,0,0.0,0,5.837802291353e-06,0,2.1309559982920134e-05,0,3.789295556599399e-07,0,9.324849088443443e-05,0,3.999311229563318e-05,0
0,5,1.0371732002615999e-05,0,0.01,0,0.000712002394720912,0,4.651477100742891e-05,0,3.792498292701434e-07,0,3.164873123751022e-05,0,3.999311229563318e-05,0
0,1,5.373949942525458e-07,0,0.0,0,4.139684278925415e-06,0,2.1000440856103182e-05,0,9.07718389491929e-08,0,2.593315912235994e-05,0,3.999311229563318e-05,0
0,2,2.7189442235945404e-05,0,0.0,0,7.910816202638671e-05,0,2.1169498856998387e-05,0,9.853942219866607e-08,0,3.448793358984403e-05,0,3.999311229563318e-05,0
0,3,0.0017534247207332517,0,0.01,0,5.359216811484657e-05,0,5.234714551555834e-05,0,4.380548538315206e-05,0,3.1761519494466484e-05,0,4.420972618390806e-05,0
0,5,5.55462933636554e-05,0,0.0,0,4.754526344186161e-06,0,2.1507271847093477e-05,0,3.2102704736545346e-08,0,3.1497904274147004e-05,0,3.999311229563318e-05,0
0,5,0.6553947848701208,0,0.0,0,5.794481694465503e-05,0,0.00012267876181333324,0,0.008941341275237056,0,9.541679173707962e-05,0,0.00018155657744500786,0
0,3,0.00034696189618895075,0,0.0,0,2.676699978110264e-06,0,2.4804208415792218e-05,0,7.620421506616783e-08,0,3.1761519494466484e-05,0,3.999311229563318e-05,0
0,5,0.06993997970201382,0,0.01,0,1.7538597603561357e-05,0,3.6895547059996226e-05,0,5.964237091813163e-07,0,3.1497904274147004e-05,0,3.999311229563318e-05,0
0,3,0.01564710790360003,0,0.01,0,2.0436040358617902e-05,0,3.464911431944117e-05,0,5.146724652192158e-05,0,3.329227547510527e-05,0,4.340511077316478e-05,0
0,4,5.005034258691652e-05,0,0.0,0,5.8589586842572317e-05,0,9.466158217797019e-05,0,2.4778197726246215e-06,0,0.0002637343422975391,0,0.00010510624997550622,0
0,5,0.005206277775056962,0,0.0,0,1.0764417311293073e-05,0,2.063738390895617e-05,0,9.92331239582097e-07,0,3.1925646908348426e-05,0,3.999311229563318e-05,0
0,2,2.7761532088650766e-05,0,0.0,0,4.512795931077562e-05,0,2.1169117199972248e-05,0,4.3593849601886477e-07,0,3.448793358984403e-05,0,3.999311229563318e-05,0
0,4,6.7574904833197215e-06,0,0.0,0,2.635440068843309e-05,0,2.5194031666507862e-05,0,1.902422254723497e-07,0,7.944804383441806e-05,0,3.999311229563318e-05,0
0,2,0.0002567710745044511,0,0.0,0,5.5950724345166236e-05,0,2.4106673305215218e-05,0,1.2797540762031672e-05,0,0.03042331337928772,0,0.0220525860786438,0
0,4,0.24190496794734245,0,0.02,0,0.0014349300181493163,0,0.0002335247594406362,0,0.004266074787630338,0,0.00012803247955162078,0,4.66979545308277e-05,0
0,5,4.3551403534203945e-06,0,0.0,0,2.2937063477002084e-05,0,2.532245049411238e-05,0,9.817923936355398e-08,0,3.150936754536815e-05,0,3.999311229563318e-05,0
0,1,3.825027687930137e-05,0,0.0,0,0.00017525695147924125,0,3.399283491622737e-05,0,1.760946774955302e-05,0,0.004290460608899593,0,0.005692658014595509,0
0,3,0.9847504235566364,1,0.0,0,5.626812708214857e-05,0,2.769855457782942e-05,0,5.293300775405645e-05,0,8.870995952747762e-05,0,7.478128100046888e-05,0
0,3,8.291542743888037e-08,0,0.01,0,7.004635699559003e-05,0,3.9775747347947373e-05,0,5.472765910058379e-07,0,3.1761519494466484e-05,0,3.999311229563318e-05,0
0,4,2.1001196972518168e-06,0,0.0,0,4.266393261787016e-06,0,2.5386077469442744e-05,0,1.1497323703381467e-08,0,7.944804383441806e-05,0,3.999311229563318e-05,0
0,1,0.009858021149193513,0,0.01,0,3.633989399531856e-05,0,6.692163395353843e-05,0,0.00034601598618768715,0,2.630910421430599e-05,0,3.999311229563318e-05,0
0,2,0.0005920064298761436,0,0.04,0,5.201690873946063e-05,0,2.7883143165760707e-05,0,1.8430813157556532e-06,0,3.9167152863228694e-05,0,4.321146116126329e-05,0
0,5,0.13456678255259255,0,0.02,0,7.828149682609364e-05,0,8.424579766454476e-05,0,0.001963385475381795,0,3.403741720831022e-05,0,5.361797593650408e-05,0
0,5,1.3067915551939704e-06,0,0.0,0,6.823429430369288e-05,0,2.5110238439277978e-05,0,1.0223402778819014e-07,0,3.1497904274147004e-05,0,3.999311229563318e-05,0
0,3,0.1702475147849201,0,0.01,0,0.00047177955275401473,0,6.156183868745419e-05,0,6.60721908355768e-05,0,3.3487896871520206e-05,0,4.508130223257467e-05,0
0,3,0.0014285621570477663,0,0.01,0,1.434514888387639e-05,0,2.1041467285256724e-05,0,1.7680190345099024e-05,0,3.1761519494466484e-05,0,3.999311229563318e-05,0
0,5,0.7664557729927352,0,0.01,0,1.9427108782110736e-05,0,6.296608064230569e-05,0,0.00211243111674763,0,9.306440188083798e-05,0,4.470888234209269e-05,0
0,5,0.0008428945591045506,0,0.0,0,8.182945521184593e-07,0,2.1327756448412045e-05,0,2.5687260283936085e-08,0,3.1497904274147004e-05,0,3.999311229563318e-05,0
0,4,0.6673762264685348,0,0.03,0,0.0007451965939253569,0,0.0007975981927739413,0,0.0072081933850683955,0,0.0001098759748856537,0,8.439096563961357e-05,0
0,2,0.00010896852235283044,0,0.0,0,1.4018436559126712e-05,0,2.1149315812729477e-05,0,1.2492221880513423e-07,0,3.448793358984403e-05,0,3.999311229563318e-05,0
0,1,0.0012822692450988476,0,0.05,0,0.0004083596868440509,0,4.300932377213692e-05,0,0.00012798136487253818,0,6.703295366605744e-05,0,5.110779238748364e-05,0
0,4,0.0010913277151513466,0,0.03,0,5.427399082691409e-05,0,0.0006225364677586138,0,2.7549442280791956e-05,0,0.0005210493691265583,0,0.0006403538282029331,0
0,5,0.0008813082833179322,0,0.0,0,4.9732698244042695e-05,0,2.1583165772791388e-05,0,1.0859883284059704e-07,0,3.1497904274147004e-05,0,3.999311229563318e-05,0
0,4,6.970534151631479e-05,0,0.0,0,4.354333668743493e-06,0,2.013187212049433e-05,0,1.9149287738885547e-06,0,7.944804383441806e-05,0,3.999311229563318e-05,0
0,2,0.9832066343588723,1,0.05,0,0.00060013442998752,0,8.175567710259e-05,0,0.00012904934252002436,0,0.0001289754727622494,0,7.467791147064418e-05,0
0,2,2.0292716963859303e-05,0,0.02,0,2.184176628361456e-05,0,2.0165292242742285e-05,0,1.8660865684990623e-06,0,3.448793358984403e-05,0,3.999311229563318e-05,0
0,1,7.036893095829886e-06,0,0.0,0,1.427580718882382e-05,0,3.0367587418557558e-05,0,1.1681919612875305e-06,0,2.593315912235994e-05,0,3.999311229563318e-05,0
0,2,0.001536159041374742,0,0.03,0,4.3716150685213506e-05,0,3.0046668645864503e-05,0,0.0015888346618112834,0,3.448793358984403e-05,0,3.999311229563318e-05,0
0,5,1.6354915952077045e-06,0,0.0,0,1.163706838269718e-05,0,2.1507024335457534e-05,0,7.347077901624576e-08,0,3.1497904274147004e-05,0,3.999311229563318e-05,0
0,1,0.000971323176432087,0,0.01,0,8.02356080384925e-05,0,9.103082001895007e-05,0,1.1982987554650787e-05,0,3.050227496714797e-05,0,3.999311229563318e-05,0
0,3,0.00046178129413978813,0,0.0,0,0.0001487225672462955,0,0.00011409862394661207,0,0.0006342762806860489,0,4.669213012675755e-05,0,0.0001009697443805635,0
0,3,7.537791133863495e-05,0,0.01,0,0.0001641100097913295,0,5.1943944774567784e-05,0,6.196893698710098e-06,0,3.5604585718829185e-05,0,4.109571091248654e-05,0
0,4,0.0037794405249583687,0,0.01,0,3.7266427170834504e-06,0,2.863781923724617e-05,0,3.132581960174163e-06,0,8.032415644265711e-05,0,3.999311229563318e-05,0
0,4,0.00037179725732242844,0,0.02,0,0.00013335488620214164,0,2.0796739837546775e-05,0,6.5251358954896535e-06,0,7.944804383441806e-05,0,3.999311229563318e-05,0
0,4,0.8320064276432161,0,0.05,0,0.00020215875701978803,0,2.6069687730960675e-05,0,0.0002422255328834281,0,9.681080700829625e-05,0,3.999311229563318e-05,0
0,1,0.010794840512376811,0,0.0,0,5.737943865824491e-05,0,3.489395782308664e-05,0,0.00027359395230067997,0,2.593315912235994e-05,0,3.999311229563318e-05,0
0,5,0.05038342681197399,0,0.02,0,0.0002449020103085786,0,2.470709175622295e-05,0,4.6966010461785526e-07,0,3.194489545421675e-05,0,5.218065780354664e-05,0
0,2,1.4779524345427928e-06,0,0.0,0,1.979210310310009e-06,0,2.1172895197198264e-05,0,4.2847253447955006e-08,0,3.448793358984403e-05,0,3.999311229563318e-05,0
0,5,0.8950402561065721,0,0.02,0,9.408397454535589e-05,0,3.680658907895415e-05,0,0.0004901541977115386,0,0.0029763441998511553,0,0.0004204637953080237,0
0,4,5.1829551193594525e-05,0,0.0,0,0.00016479981422889978,0,2.5031513568171617e-05,0,1.4754700787213832e-05,0,8.78260179888457e-05,0,3.999311229563318e-05,0
0,4,0.0005172501470930051,0,0.0,0,1.820188481360674e-05,0,2.5403411270420532e-05,0,1.5981609825487306e-08,0,7.944804383441806e-05,0,3.999311229563318e-05,0
0,2,0.7726195492059068,0,0.0,0,0.00013258133549243212,0,3.417129603726485e-05,0,3.7039449214068706e-06,0,5.9465983213158324e-05,0,3.999311229563318e-05,0
0,4,6.449566206419497e-05,0,0.0,0,1.308375158259878e-05,0,4.173052913727208e-05,0,6.843188259346204e-06,0,7.953148451633751e-05,0,3.999311229563318e-05,0
0,1,0.23668971970425984,0,0.04,0,0.0005671032704412937,0,0.00037031100903498875,0,0.0014421786929004077,0,0.00011076495866291225,0,0.00017908730660565197,0
0,1,0.05512349790939471,0,0.0,0,4.591028755385196e-06,0,3.5559738550740614e-05,0,8.123926469629001e-06,0,2.6618490664986894e-05,0,3.999311229563318e-05,0
0,1,0.0027009599420909952,0,0.01,0,6.93451875122264e-05,0,4.962234266536009e-05,0,0.0009153093535887388,0,2.697654053918086e-05,0,3.999311229563318e-05,0
0,2,0.04001973937775751,0,0.0,0,0.00022775451361667365,0,0.0005099561826334409,0,0.0030671781781496906,0,0.0017071565380319953,0,4.2824034608202055e-05,0
0,4,0.14802501123468817,0,0.01,0,2.6237441488774493e-05,0,9.254141075076585e-05,0,4.808092618870688e-05,0,8.199188596336171e-05,0,3.999311229563318e-05,0
0,3,0.020149358597544565,0,0.0,0,1.1799633284681477e-05,0,3.5980576340294104e-05,0,0.0002683258833247329,0,6.657943595200777e-05,0,4.359142258181237e-05,0
0,2,0.999075218221563,1,0.01,0,0.00015657558105885983,0,0.00023568620326745138,0,0.0014523543484464248,0,9.551570838084444e-05,0,7.270295463968068e-05,0
0,3,0.00019237581566596652,0,0.0,0,6.672860763501376e-05,0,2.464232182917522e-05,0,2.0885919567425326e-06,0,3.1786348699824885e-05,0,3.999311229563318e-05,0
0,2,0.000727123158159469,0,0.0,0,2.0243505787220784e-05,0,5.828037631985811e-05,0,5.34889627467124e-07,0,3.448793358984403e-05,0,3.999311229563318e-05,0
0,3,2.8979146239442986e-06,0,0.0,0,5.741500444855774e-06,0,2.1396559916964593e-05,0,6.778937414097852e-07,0,3.1761519494466484e-05,0,3.999311229563318e-05,0
0,1,0.4730124217756441,0,0.0,0,0.0001366373326163739,0,3.46337956234178e-05,0,0.0003445935905439318,0,4.6166118409018964e-05,0,7.906473183538765e-05,0
0,4,7.137016663103904e-06,0,0.0,0,4.957426881446736e-06,0,2.1328369230115178e-05,0,2.990714394844252e-08,0,7.944804383441806e-05,0,3.999311229563318e-05,0
0,2,1.2409702836431994e-05,0,0.0,0,8.007769065443426e-05,0,5.8700357447370175e-05,0,1.6643939317365703e-08,0,3.448793358984403e-05,0,3.999311229563318e-05,0
0,1,0.01414768675575679,0,0.0,0,3.530133471940644e-05,0,3.73361681916516e-05,0,1.9204205744609783e-05,0,2.6215271645924076e-05,0,4.313696626923047e-05,0
0,4,9.94230264117549e-06,0,0.0,0,8.247285586548969e-05,0,3.017288920594835e-05,0,8.441653843626778e-06,0,7.944804383441806e-05,0,3.999311229563318e-05,0
0,1,0.13068904118323912,0,0.0,0,2.348263706153375e-06,0,2.2860264874886708e-05,0,6.188437807825159e-06,0,3.132179699605331e-05,0,4.0149559936253354e-05,0
0,2,5.355208767002801e-05,0,0.0,0,1.261330908164382e-05,0,2.8331537908459976e-05,0,0.00041475615646747934,0,3.448793358984403e-05,0,3.999311229563318e-05,0
0,4,0.00214643834132843,0,0.0,0,0.0003563477366697043,0,6.421692062126792e-05,0,5.616824693810138e-05,0,0.00017727726662997156,0,6.419655255740508e-05,0
0,5,0.8774973606543057,0,0.01,0,0.00013813759142067283,0,5.1163921245581364e-05,0,0.0018727941259247477,0,0.0004054199089296162,0,0.0005220473976805806,0
0,4,0.0034845527430509026,0,0.0,0,7.380273746093735e-05,0,0.00011367317252056299,0,1.4191265367719783e-05,0,7.946077676024288e-05,0,3.999311229563318e-05,0
0,2,0.00786160460562318,0,0.0,0,1.783916559361387e-05,0,1.990247822633495e-05,0,0.00015257252684317156,0,4.0933096897788346e-05,0,3.999311229563318e-05,0
0,1,7.853441322068652e-09,0,0.0,0,2.497099558240734e-06,0,4.7323941801125396e-05,0,1.0544136964053284e-07,0,2.593315912235994e-05,0,3.999311229563318e-05,0
0,5,0.0006821672256545514,0,0.02,0,8.296696614706889e-05,0,8.980997948440228e-05,0,0.0004505489586306459,0,3.628190461313352e-05,0,4.242922295816243e-05,0
0,1,0.051407557248366265,0,0.0,0,4.521708979154937e-05,0,1.9827823012155925e-05,0,0.0001319912602538504,0,4.1990846511907876e-05,0,0.00011267108493484557,0
0,5,0.3989075887720704,0,0.03,0,0.0007246938184835017,0,6.607010104988962e-05,0,0.00031969425414603693,0,0.0001765997294569388,0,0.00037411408266052604,0
0,5,0.001976212700272321,0,0.01,0,9.094098459172528e-06,0,2.1397316463004658e-05,0,1.0650585176584963e-06,0,0.002867996459826827,0,0.0007779373554512858,0
0,2,0.0005858096209892105,0,0.0,0,2.036448677245062e-05,0,2.496559002930412e-05,0,2.3131054847812907e-08,0,3.448793358984403e-05,0,3.999311229563318e-05,0
0,5,8.281471521237417e-07,0,0.01,0,8.708334462426137e-06,0,3.2848349627053255e-05,0,1.2808678061989569e-05,0,3.1497904274147004e-05,0,3.999311229563318e-05,0
0,5,0.08157999717381019,0,0.01,0,0.00022241062833927572,0,4.845164175507962e-05,0,4.890758119719396e-06,0,0.0001392620470141992,0,0.0001832001726143062,0
0,1,0.0035878916460479323,0,0.0,0,8.513442298863083e-05,0,8.37229259049973e-05,0,0.00020341816807448992,0,3.831930007436313e-05,0,6.1022379668429494e-05,0
0,3,1.2787932564891032e-05,0,0.0,0,4.568210351862945e-05,0,2.512901310882149e-05,0,9.618176361433134e-07,0,3.206648034392856e-05,0,3.999311229563318e-05,0
0,4,0.8983633319950647,0,0.06,0,0.00017849003779701889,0,0.0012111222008085762,0,0.0023127918781365307,0,0.00020414910977706313,0,6.769059837097302e-05,0
0,2,0.0003769734083152311,0,0.0,0,8.521922427462414e-05,0,2.433079865906526e-05,0,2.7004977307052484e-06,0,3.456971899140626e-05,0,3.999311229563318e-05,0
0,3,6.079207454799638e-06,0,0.0,0,5.665622666128911e-06,0,2.8689646888330123e-05,0,9.487348844546827e-08,0,3.1761519494466484e-05,0,3.999311229563318e-05,0
0,5,4.3792858389733643e-07,0,0.0,0,5.228745794738643e-05,0,3.121841556252031e-05,0,1.0344895234044085e-06,0,3.1497904274147004e-05,0,3.999311229563318e-05,0
0,1,0.6023917285223198,0,0.0,0,1.541893470857758e-05,0,3.4490147345558786e-05,0,0.0001322390644729634,0,0.003632218111306429,0,0.0001975191116798669,0
0,1,0.00011822982095570437,0,0.01,0,2.5597179046599194e-05,0,3.663445836061325e-05,0,1.8851737455174603e-05,0,3.4850992960855365e-05,0,0.0001038068876368925,0
0,3,0.0051529613702516516,0,0.0,0,5.915487417951226e-05,0,2.823559019020806e-05,0,3.977144967267186e-06,0,3.2232008379651234e-05,0,3.999311229563318e-05,0
0,3,0.008964003795690092,0,0.03,0,0.000533800688572228,0,4.360335712283632e-05,0,2.0105076958781834e-05,0,3.5446548281470314e-05,0,3.999311229563318e-05,0
0,5,0.8947813365167829,0,0.0,0,7.09273517713882e-05,0,2.5612488279277086e-05,0,5.52647522726879e-05,0,9.550443792250007e-05,0,8.695945143699646e-05,0
0,5,1.061684972269927e-05,0,0.0,0,0.00045199625310488045,0,3.705155965769241e-05,0,7.237786422445848e-05,0,3.205493339919485e-05,0,4.5215379941510037e-05,0
0,4,0.0011593855383378582,0,0.0,0,4.369472662801854e-05,0,4.4696888431673024e-05,0,0.00042340381387251445,0,9.457205305807292e-05,0,5.334279558155686e-05,0
0,1,8.850411939707185e-05,0,0.01,0,0.00010102651140186936,0,2.936801722134174e-05,0,2.850568852120265e-07,0,2.593315912235994e-05,0,3.999311229563318e-05,0
0,4,0.00030636251456398985,0,0.0,0,5.962060640740674e-06,0,1.883597730896864e-05,0,3.801627307300724e-06,0,7.944804383441806e-05,0,3.999311229563318e-05,0
0,5,6.594308129832401e-07,0,0.01,0,0.00024039750860538334,0,4.151579651650819e-05,0,7.163468258878997e-06,0,4.1727482312126085e-05,0,3.999311229563318e-05,0
0,2,0.0007593505810267265,0,0.01,0,0.000211172184208408,0,8.809044726675065e-05,0,0.0006303279708753125,0,3.448793358984403e-05,0,3.999311229563318e-05,0
0,5,0.004442654075035003,0,0.0,0,1.488187444920186e-05,0,3.178238806683346e-05,0,1.8018885216990942e-06,0,3.1671388569520786e-05,0,3.999311229563318e-05,0
0,4,0.007766983836992511,0,0.01,0,2.259716893604491e-05,0,2.3344780471925436e-05,0,0.00016742917728380883,0,0.0001050154969561845,0,4.8716814490035176e-05,0
0,4,3.621001533706646e-05,0,0.0,0,6.479053990915418e-05,0,3.578013058233003e-05,0,1.0537813491139604e-06,0,7.944804383441806e-05,0,3.999311229563318e-05,0
0,4,9.81605449248639e-05,0,0.0,0,1.98615157387394e-06,0,5.4360566279628184e-05,0,9.897124749043682e-05,0,7.944804383441806e-05,0,3.999311229563318e-05,0
0,4,5.909170931088521e-05,0,0.07,0,0.0004726263869088143,0,0.0003805798295085151,0,0.00040397043771125496,0,0.00012271382729522884,0,4.831442129216157e-05,0
0,1,0.010555940374611147,0,0.01,0,2.3163240712165134e-06,0,2.104513166091067e-05,0,8.746651234054475e-05,0,2.8359265343169682e-05,0,3.999311229563318e-05,0
0,5,0.00025308525350100443,0,0.0,0,1.823293132474646e-05,0,3.5433591448877434e-05,0,2.5326367980961977e-05,0,3.2561281841481104e-05,0,5.227778819971718e-05,0
0,3,6.726587730175818e-08,0,0.01,0,2.1870071577723138e-05,0,2.1391463029587998e-05,0,4.450910256123861e-07,0,3.1761519494466484e-05,0,3.999311229563318e-05,0
0,4,9.349821179171152e-05,0,0.01,0,9.053548637893982e-06,0,2.4062584309876292e-05,0,2.411448217069595e-06,0,7.944804383441806e-05,0,3.999311229563318e-05,0
0,5,0.0027541052275616585,0,0.01,0,5.7897592341760173e-05,0,7.07234783209222e-05,0,0.00013848857365834246,0,3.585666127037257e-05,0,6.276663771132007e-05,0
0,1,2.20022371758527e-07,0,0.0,0,1.81990685632627e-06,0,2.104888037023789e-05,0,3.3867365097645536e-09,0,2.593315912235994e-05,0,3.999311229563318e-05,0
0,5,0.13897054592174587,0,0.0,0,0.00014348489639814943,0,6.954410510374444e-05,0,1.0876904519431745e-06,0,3.158397157676518e-05,0,3.999311229563318e-05,0
0,5,2.903075663903888e-06,0,0.0,0,9.368950850330293e-05,0,4.2926242710771994e-05,0,1.1570811121903472e-07,0,3.1497904274147004e-05,0,3.999311229563318e-05,0
0,4,0.13926414226370218,0,0.0,0,0.00022538646589964628,0,4.7545437462965165e-05,0,5.007035604639734e-05,0,0.00010572859173407778,0,4.357644502306357e-05,0
0,4,0.00041735979294515166,0,0.01,0,4.188360981061123e-05,0,6.926393633865886e-05,0,4.8977367585981566e-05,0,0.00016117477207444608,0,0.00011496851220726967,0
0,4,0.06084599352684885,0,0.01,0,0.0002986441249959171,0,0.00025403041206719783,0,1.8225404133548857e-05,0,0.0006621787906624377,0,0.00010554285836406052,0
0,4,0.002433322300125249,0,0.0,0,2.104317354678642e-05,0,3.379589365596619e-05,0,6.151654359987472e-06,0,7.944804383441806e-05,0,3.999311229563318e-05,0
0,2,0.1260693038345698,0,0.01,0,0.00023226237681228667,0,0.00013354521259131326,0,0.0032240920510578984,0,3.448793358984403e-05,0,3.999311229563318e-05,0
0,2,9.931660974977925e-06,0,0.0,0,9.5985276857391e-05,0,3.02594523910866e-05,0,2.343603189363574e-07,0,3.448793358984403e-05,0,3.999311229563318e-05,0
0,1,4.338369851711144e-06,0,0.01,0,7.957065827213228e-05,0,2.2688588304663608e-05,0,7.515302800809692e-07,0,2.593315912235994e-05,0,3.999311229563318e-05,0
0,5,0.0004894465111931026,0,0.02,0,0.00010491367720533162,0,4.036858501221145e-05,0,3.2419214290883535e-06,0,3.532102709868923e-05,0,3.999311229563318e-05,0
0,1,0.0004575370219795411,0,0.02,0,7.2291491960641e-05,0,3.8851805829545586e-05,0,0.00024726077151268096,0,4.0920163883129135e-05,0,5.241949838818982e-05,0
0,4,0.008480028212035773,0,0.0,0,1.3183223018131685e-05,0,3.685987734231119e-05,0,5.232819985108553e-06,0,7.944804383441806e-05,0,3.999311229563318e-05,0
0,3,0.05358802655499862,0,0.0,0,0.00013275515811983496,0,2.3748094655707507e-05,0,2.4311713781013617e-06,0,3.200897845090367e-05,0,3.999311229563318e-05,0
0,3,3.2240476546914156e-05,0,0.0,0,2.7935609978158027e-05,0,2.9679885875600112e-05,0,2.3632942517244588e-07,0,0.0002558336709626019,0,0.0003107843513134867,0
0,1,2.6114940469016667e-07,0,0.01,0,0.0001795755815692246,0,3.0422573191068863e-05,0,7.759312428711755e-07,0,2.593315912235994e-05,0,3.999311229563318e-05,0
0,5,1.7695559072398228e-06,0,0.0,0,1.2940305168740451e-05,0,2.1507951216049537e-05,0,3.1976457813638986e-07,0,3.1497904274147004e-05,0,3.999311229563318e-05,0
0,2,0.012839915872025598,0,0.0,0,7.183157322288025e-06,0,2.3949114411465596e-05,0,2.716615492056433e-06,0,3.448793358984403e-05,0,3.999311229563318e-05,0
0,5,4.020256231434381e-05,0,0.0,0,5.991425950924167e-06,0,2.1590592218928494e-05,0,1.1459677135138842e-07,0,3.1497904274147004e-05,0,3.999311229563318e-05,0
0,3,3.928598767132038e-06,0,0.0,0,5.399007932282984e-05,0,2.1201897790983692e-05,0,4.5990995022894647e-07,0,3.1761519494466484e-05,0,3.999311229563318e-05,0
0,1,0.0008791116262707481,0,0.03,0,0.0009318676311522722,0,0.00015861779916979013,0,0.005076518477338186,0,2.9532548069255427e-05,0,4.2920928535750136e-05,0
0,3,1.8924485634871174e-06,0,0.0,0,3.867640771204606e-05,0,2.111960490474845e-05,0,1.4801402215959238e-07,0,4.550375524559058e-05,0,5.42880006833002e-05,0
0,1,8.574973189083422e-06,0,0.0,0,2.252820195280947e-06,0,2.104261789846771e-05,0,6.719476871574726e-07,0,2.593315912235994e-05,0,3.999311229563318e-05,0
0,1,0.0004606868147767092,0,0.0,0,0.0012456552358344197,0,0.0002956935245773572,0,5.3512010583990104e-05,0,3.5627552279038355e-05,0,7.338517025345936e-05,0
0,3,2.941680485477135e-08,0,0.0,0,3.2104921956488397e-06,0,2.1302618894814873e-05,0,6.189390589236197e-08,0,3.1761519494466484e-05,0,3.999311229563318e-05,0
0,2,1.095065226967758e-06,0,0.0,0,7.18367800800479e-06,0,2.1116864412768634e-05,0,1.2293052251972662e-07,0,3.448793358984403e-05,0,3.999311229563318e-05,0
0,4,0.0009463074249672803,0,0.01,0,0.00014460321108344942,0,3.87533586997589e-05,0,0.00040908616477910135,0,0.00041477667400613427,0,5.3633470088243484e-05,0
0,2,0.02352109108479472,0,0.0,0,1.3047542779531796e-05,0,4.302874444758353e-05,0,0.00033891798665582236,0,3.448793358984403e-05,0,3.999311229563318e-05,0
0,5,0.028480600288582205,0,0.0,0,4.62043026345782e-05,0,4.5179140675281817e-05,0,0.00323142301090625,0,3.290662061772309e-05,0,3.999311229563318e-05,0
0,4,0.0010291255528481244,0,0.02,0,1.5220332898024935e-05,0,2.951325796154972e-05,0,1.7453123838280685e-05,0,9.44153216551058e-05,0,6.0322250647004694e-05,0
0,5,0.002840856415163878,0,0.0,0,5.9194488130742684e-05,0,2.1247335948252935e-05,0,2.3069935281685802e-06,0,3.170706258970313e-05,0,3.999311229563318e-05,0
0,4,0.004807614801924194,0,0.0,0,4.2561208829283714e-05,0,2.7204649401713606e-05,0,0.00012319105106038084,0,8.023028203751892e-05,0,4.100630758330226e-05,0
0,4,6.6555014665367395e-06,0,0.05,0,0.0004346666974015534,0,0.00021951751803873305,0,0.00034790450391359765,0,0.00012702131061814725,0,4.1565053834347054e-05,0
0,5,3.2703203460816285e-05,0,0.0,0,0.0005285156657919288,0,6.624031343992326e-05,0,6.938254214891271e-07,0,3.1497904274147004e-05,0,3.999311229563318e-05,0
0,2,0.00039946669098615324,0,0.01,0,5.637237336486578e-05,0,0.00012780447775162813,0,0.0004277642833720623,0,8.215858542826027e-05,0,6.527636287501082e-05,0
0,1,0.0011335363368166886,0,0.02,0,3.203834421583451e-05,0,0.00011903865877933765,0,1.1520937334326518e-05,0,2.9983058993821032e-05,0,3.999311229563318e-05,0
0,4,3.4883783504911766e-06,0,0.01,0,6.327155006147223e-06,0,2.1319892872015077e-05,0,2.710026519946534e-07,0,7.944804383441806e-05,0,3.999311229563318e-05,0
0,4,1.0340184363949852e-05,0,0.0,0,1.7755151930032298e-05,0,3.203862888636472e-05,0,7.123988142685845e-07,0,7.944804383441806e-05,0,3.999311229563318e-05,0
0,2,1.023840609261158e-05,0,0.0,0,1.2884841453342233e-05,0,2.1158645008380247e-05,0,2.494130502582967e-07,0,3.448793358984403e-05,0,3.999311229563318e-05,0
0,2,9.462946183149309e-06,0,0.0,0,4.501028888626024e-05,0,3.532471725883724e-05,0,3.3542381977543575e-07,0,6.373785436153412e-05,0,4.2697418393800035e-05,0
0,4,0.9625961502237295,0,0.06,0,0.013660279102623463,0,0.0009007398879491111,0,0.16422243450610852,1,0.001033584587275982,0,0.0006021707085892558,0
0,1,2.634295718900828e-07,0,0.0,0,1.939058620337164e-06,0,2.483504331870898e-05,0,6.976528969376128e-09,0,2.593315912235994e-05,0,3.999311229563318e-05,0
0,1,0.033694278509331384,0,0.0,0,3.345273216837086e-05,0,6.155463377351061e-05,0,9.383908632839588e-05,0,2.593315912235994e-05,0,3.999311229563318e-05,0
0,5,0.0004583912189344984,0,0.0,0,0.00019310266361571848,0,2.575181685452009e-05,0,2.2062968731785606e-07,0,3.1497904274147004e-05,0,3.999311229563318e-05,0
0,2,0.000633921058731044,0,0.0,0,9.503997716819867e-05,0,2.3514672306225887e-05,0,8.091635800612692e-07,0,3.448793358984403e-05,0,3.999311229563318e-05,0
0,2,0.002715646284187631,0,0.0,0,1.2246117876202334e-05,0,2.0365087510128242e-05,0,9.865061709702123e-06,0,3.448793358984403e-05,0,3.999311229563318e-05,0
0,2,0.004806648438384157,0,0.0,0,4.14733549405355e-05,0,2.3826790354888393e-05,0,4.426143769929277e-05,0,3.536567237460986e-05,0,4.096905104233883e-05,0
0,1,9.05974018732347e-06,0,0.0,0,5.279818651615642e-05,0,2.299866503773478e-05,0,1.5329737018534505e-05,0,2.7825299184769392e-05,0,3.999311229563318e-05,0
0,4,8.358695173276485e-05,0,0.01,0,0.00033356770290993154,0,2.7841167830353496e-05,0,1.7359424271094857e-05,0,7.944804383441806e-05,0,3.999311229563318e-05,0
0,1,1.544779982473179e-05,0,0.02,0,0.00019794682157225907,0,4.476415336098419e-05,0,8.636826888595426e-07,0,2.7018735636374913e-05,0,3.999311229563318e-05,0
0,3,0.00023574671154076373,0,0.01,0,3.1872643830865854e-06,0,2.1310276160303295e-05,0,9.248813124134428e-07,0,3.1761519494466484e-05,0,3.999311229563318e-05,0
0,2,1.532024744249474e-05,0,0.0,0,3.452915188972838e-05,0,2.510881405566207e-05,0,1.4512836006329439e-06,0,3.448793358984403e-05,0,3.999311229563318e-05,0
0,3,6.728968054258714e-08,0,0.02,0,2.1764833945780993e-05,0,2.551363079996231e-05,0,1.259832511223586e-06,0,0.00035620309063233435,0,0.0003869669162668288,0
0,1,0.30357507408222256,0,0.03,0,0.004958747886121273,0,4.879332437869375e-05,0,0.0068461717772714745,0,0.00020380142086651176,0,0.000414026144426316,0
0,5,0.0008614327839654686,0,0.0,0,4.557108695735224e-06,0,2.113028214525887e-05,0,2.8629450104242595e-06,0,5.3384352213470265e-05,0,4.140115197515115e-05,0
0,4,0.0003671753178139641,0,0.0,0,4.449407060747035e-05,0,3.8512551824819814e-05,0,0.0003341657850419867,0,8.27408439363353e-05,0,4.10212051065173e-05,0
0,2,0.0011099803597689924,0,0.03,0,1.6745007087592967e-05,0,2.8476099407508524e-05,0,6.1078610339589785e-06,0,0.00047780093154869974,0,0.00023455404152628034,0
0,2,0.0010996974499548474,0,0.0,0,1.0197948540735524e-05,0,3.89302131587646e-05,0,2.7253023176365735e-05,0,5.5838070693425834e-05,0,3.999311229563318e-05,0
0,2,6.34622716088192e-06,0,0.0,0,2.2115480533102527e-05,0,2.4175774153189976e-05,0,1.4166613669720159e-05,0,3.536544318194501e-05,0,3.999311229563318e-05,0
0,1,9.882911605944768e-05,0,0.0,0,1.3164967640477698e-06,0,2.091720167622488e-05,0,2.5206527067770774e-06,0,2.593315912235994e-05,0,3.999311229563318e-05,0
0,3,0.0006987820281854896,0,0.01,0,0.00039884939906187356,0,5.381239280509664e-05,0,7.750425912827845e-05,0,3.3809803426265717e-05,0,4.3978790927212685e-05,0
0,1,0.012707053666920803,0,0.0,0,0.00024348018632736057,0,2.8383486563088135e-05,0,5.549193022932353e-07,0,2.593315912235994e-05,0,3.999311229563318e-05,0
0,3,7.532867145986596e-09,0,0.0,0,3.4950965073221596e-06,0,2.131210726682813e-05,0,2.7159339266513207e-08,0,3.1761519494466484e-05,0,3.999311229563318e-05,0
0,3,1.1918996526898598e-05,0,0.0,0,1.4170333997753914e-05,0,2.1518039583976436e-05,0,2.7809672135113867e-07,0,3.1761519494466484e-05,0,3.999311229563318e-05,0
0,2,0.0216475743956364,0,0.02,0,7.911941065685824e-05,0,1.911883885600956e-05,0,1.008519836244124e-05,0,3.448793358984403e-05,0,3.999311229563318e-05,0
0,2,0.28893721326791955,0,0.0,0,0.00011535454541444778,0,2.3762169248196096e-05,0,5.503763936426439e-06,0,3.561419725883752e-05,0,4.094671021448448e-05,0
0,2,0.018108357939667336,0,0.01,0,0.00011676135181915015,0,3.285660461716571e-05,0,0.0015669118753787261,0,3.9986702176975086e-05,0,4.4351232645567507e-05,0
0,4,1.1367946866202053e-08,0,0.0,0,4.320455263950862e-05,0,3.0143695535631788e-05,0,3.667450486185468e-08,0,7.944804383441806e-05,0,3.999311229563318e-05,0
0,1,0.0020490553919177766,0,0.0,0,0.00017904178821481764,0,2.4718701915675407e-05,0,1.065522436031604e-05,0,2.648580993991345e-05,0,3.999311229563318e-05,0
0,1,0.17876136636014317,0,0.03,0,0.001216877019032836,0,0.0001422814044520058,0,0.002632085752396489,0,3.7556641473202035e-05,0,8.909426105674356e-05,0
0,5,0.0003630034542217374,0,0.0,0,1.593245724507142e-05,0,3.6643932455215697e-05,0,6.300563730867871e-06,0,3.205029861419462e-05,0,4.060400533489883e-05,0
0,1,0.0011554260860439924,0,0.01,0,4.562759568216279e-05,0,0.00012460045340938406,0,9.073721537331834e-05,0,2.593315912235994e-05,0,3.999311229563318e-05,0
0,2,9.65305031634268e-07,0,0.01,0,3.191411087755114e-05,0,2.8392946418302813e-05,0,5.327148106964808e-06,0,3.448793358984403e-05,0,3.999311229563318e-05,0
0,5,4.589647354032595e-06,0,0.0,0,2.6142604838241823e-05,0,2.151360178855245e-05,0,7.440259325983342e-08,0,3.1497904274147004e-05,0,3.999311229563318e-05,0
0,3,4.2572454170795113e-07,0,0.01,0,4.414496652316302e-05,0,6.483896861733912e-05,0,4.292191931843621e-06,0,3.657782144728117e-05,0,5.521998173207976e-05,0
0,5,3.91415345943467e-06,0,0.0,0,2.766516263363883e-05,0,2.54050992081784e-05,0,1.7931799627220886e-07,0,3.1497904274147004e-05,0,3.999311229563318e-05,0
0,5,0.0008618557754556636,0,0.0,0,8.850076847011223e-05,0,2.4045473754784617e-05,0,7.016109023664563e-07,0,5.4547665058635175e-05,0,4.069340866408311e-05,0
0,1,0.014215370475005824,0,0.0,0,7.284856837941334e-05,0,2.5019617709068516e-05,0,0.00010474267339860372,0,2.593315912235994e-05,0,3.999311229563318e-05,0
0,3,3.447953605011812e-07,0,0.0,0,2.645091080921702e-05,0,2.101547750890607e-05,0,1.9167448765360696e-05,0,3.1761519494466484e-05,0,3.999311229563318e-05,0
0,2,1.2302736463895687e-07,0,0.01,0,2.4062142983893864e-05,0,2.1172206372709533e-05,0,5.1160739399224485e-08,0,3.448793358984403e-05,0,3.999311229563318e-05,0
0,4,0.9880970281854417,1,0.06,0,0.07946611940860748,0,0.08612628938280682,0,0.5534875812523203,1,0.08355487138032913,0,0.05610446631908417,0
0,1,0.001403371903279295,0,0.01,0,6.35241303825751e-05,0,2.753109667183343e-05,0,2.8504530979197444e-06,0,2.593315912235994e-05,0,4.1341543692396954e-05,0
0,5,0.05427245759830734,0,0.0,0,0.00013539614155888557,0,3.049125942675412e-05,0,1.3036891300516953e-06,0,0.00014623417519032955,0,4.806863216799684e-05,0
0,4,0.08306983210580399,0,0.02,0,9.729367775435094e-06,0,2.6196697251272908e-05,0,5.154498369436029e-05,0,8.043739217100665e-05,0,4.220573464408517e-05,0
0,5,0.9239469834632152,0,0.02,0,2.6639097995939665e-05,0,8.893147390819194e-05,0,9.067252249468273e-05,0,0.00022129903663881123,0,0.0002355200267629698,0
0,3,0.9891602244772467,1,0.0,0,0.0007610084721818566,0,0.00044513912305743094,0,0.000742916017139865,0,0.0028800806030631065,0,0.0006694784970022738,0
0,2,0.026304617756086855,0,0.01,0,0.002225282369181514,0,0.00041366837574947923,0,0.01772298428480646,0,0.002369157737120986,0,0.0001586722646607086,0
0,1,0.025827617335301763,0,0.0,0,0.00015103776240721345,0,0.00024663363616070735,0,9.208016588461963e-05,0,3.182177897542715e-05,0,0.00010160481178900227,0
0,1,1.3180244877680336e-05,0,0.0,0,1.3016274351684842e-05,0,2.394301963624272e-05,0,8.431284886986866e-06,0,0.005506685469299555,0,0.031744129955768585,0
0,4,1.923967927843031e-05,0,0.0,0,1.568194966239389e-05,0,0.00023224080474792635,0,2.5400125642688157e-06,0,0.00012589913967531174,0,4.08573032473214e-05,0
0,4,0.63384863878032,0,0.03,0,0.0003684169496409595,0,0.00042863802833645716,0,0.0022745731908043088,0,0.00029895492480136454,0,0.000127205450553447,0
0,1,6.335070982999834e-05,0,0.0,0,2.284936499563628e-06,0,2.876849511221951e-05,0,2.000077156074823e-05,0,2.593315912235994e-05,0,3.999311229563318e-05,0
0,4,0.07883187316815321,0,0.03,0,3.602978176786564e-05,0,7.417791635150092e-05,0,0.004139521522149105,0,0.0001854389120126143,0,0.00012490374501794577,0
0,4,0.7472233290719226,0,0.09,0,0.015451179817318916,0,0.00036512472245866145,0,0.1591817221632501,1,0.0002644574560690671,0,0.0001072726008715108,0
0,1,6.40303130295609e-05,0,0.0,0,6.914818641234888e-06,0,2.3018158911025152e-05,0,4.6085716195670655e-07,0,2.593315912235994e-05,0,3.999311229563318e-05,0
0,2,0.02048732055220391,0,0.0,0,2.1043335436843336e-05,0,3.4344929069296304e-05,0,2.915595167219986e-05,0,3.448793358984403e-05,0,3.999311229563318e-05,0
0,4,4.5196887126166864e-05,0,0.01,0,6.195571131684119e-06,0,4.041047501574905e-05,0,4.4703338869805754e-07,0,7.944804383441806e-05,0,3.999311229563318e-05,0
0,5,4.7844828569616096e-06,0,0.0,0,1.2501755918492563e-05,0,2.1412937326948478e-05,0,4.791733474234927e-07,0,3.1497904274147004e-05,0,3.999311229563318e-05,0
0,3,0.002068031819250207,0,0.0,0,4.150516906520352e-05,0,2.6576142924322335e-05,0,1.9968635432327264e-06,0,3.506156645016745e-05,0,3.999311229563318e-05,0
0,2,0.0002679264153017153,0,0.0,0,0.0004361391474958509,0,1.9161001048866108e-05,0,2.9380934081016507e-05,0,3.8139696698635817e-05,0,3.999311229563318e-05,0
0,3,3.395056059157176e-10,0,0.01,0,1.584543497301638e-05,0,2.4995660746095588e-05,0,3.8645461975642906e-07,0,3.1761519494466484e-05,0,3.999311229563318e-05,0
0,3,2.3031720622190575e-05,0,0.0,0,3.2692705644876696e-06,0,2.1338323787365654e-05,0,6.248798006725908e-08,0,3.856831244775094e-05,0,4.4582138798432425e-05,0
0,2,0.000352544617098373,0,0.01,0,4.590561366057955e-05,0,3.317474555553063e-05,0,1.6262531168159547e-05,0,5.69398544030264e-05,0,3.999311229563318e-05,0
0,1,0.08854810291147738,0,0.0,0,1.4993258446338587e-05,0,2.013822530110847e-05,0,5.217127521356952e-06,0,2.593315912235994e-05,0,4.2391962779220194e-05,0
0,5,2.002902144349034e-07,0,0.0,0,2.2377169443643652e-05,0,2.568285990226421e-05,0,8.879981122734591e-08,0,3.1497904274147004e-05,0,3.999311229563318e-05,0
0,1,1.0348743695447327e-06,0,0.0,0,1.8221822756459005e-05,0,2.1050121213526494e-05,0,4.964322076643705e-08,0,2.593315912235994e-05,0,3.999311229563318e-05,0
0,1,0.00015178119590108304,0,0.0,0,3.411078068893403e-05,0,8.791326230055924e-05,0,0.00042210063594079787,0,2.6181540306424722e-05,0,4.002290734206326e-05,0
0,4,0.04384920959275657,0,0.04,0,0.00017312598356511444,0,3.902383091515919e-05,0,2.2462567893694316e-05,0,0.00014284462668001652,0,4.374785930849612e-05,0
0,3,0.08259638747421527,0,0.0,0,1.7732054402586073e-05,0,9.449423603997215e-05,0,3.189817676285868e-05,0,0.00022149556025397032,0,7.775369158480316e-05,0
0,5,0.2638757940222357,0,0.04,0,0.00018742353131528944,0,5.3108822201990526e-05,0,0.002018816329653992,0,5.665572825819254e-05,0,6.301204120973125e-05,0
0,1,0.00012659467142620852,0,0.01,0,2.4644332370371558e-05,0,2.1050121213526494e-05,0,6.47902325224395e-08,0,2.593315912235994e-05,0,3.999311229563318e-05,0
0,5,1.4280985433745374e-05,0,0.0,0,1.4224491678760387e-05,0,3.095418288806615e-05,0,1.314671689603643e-07,0,3.1497904274147004e-05,0,3.999311229563318e-05,0
0,4,0.26648113198249623,0,0.01,0,0.0015380417462438345,0,0.0003286301822063372,0,0.00032853679920846594,0,0.00016853226406965405,0,0.0002787312841974199,0
0,5,0.00026501382651384774,0,0.02,0,0.0005632583633996546,0,2.1434906726317983e-05,0,2.2566457196235552e-06,0,3.1497904274147004e-05,0,3.999311229563318e-05,0
0,3,0.00034511712256027663,0,0.0,0,9.507035429123789e-06,0,8.153237904264093e-05,0,4.067236053612483e-06,0,0.0001852435671025887,0,0.00014513990026898682,0
0,4,0.6688529862780099,0,0.02,0,1.5509647710132413e-05,0,6.946577907799248e-05,0,0.00013782949888104028,0,0.0001512879243819043,0,7.05431739334017e-05,0
0,3,0.057437263880034325,0,0.0,0,9.544431668473408e-05,0,2.4493817804884096e-05,0,9.980707747829707e-06,0,0.001007209182716906,0,0.002434949856251478,0
0,3,0.002098491593487298,0,0.01,0,8.320496999658644e-05,0,3.0597515625624634e-05,0,5.006940123041938e-06,0,5.656835128320381e-05,0,4.216849265503697e-05,0
0,4,0.7716333205451559,0,0.01,0,0.00023765770311001688,0,6.863237220896577e-05,0,0.0012751676529063922,0,8.020048699108884e-05,0,4.018680556328036e-05,0
0,5,0.001782788419140289,0,0.01,0,0.0005707850214093924,0,4.2253212393340434e-05,0,3.5019221142458815e-05,0,3.8246264011831954e-05,0,4.7644029109505937e-05,0
0,1,0.002728935466202541,0,0.01,0,0.00043676741188392043,0,0.00024242802402219706,0,0.001347940400303199,0,5.597377094090916e-05,0,6.284839764703065e-05,0
0,1,1.716968470577383e-05,0,0.0,0,2.1239586203591898e-05,0,0.00010302642981405862,0,1.8556728605439036e-07,0,2.593315912235994e-05,0,3.999311229563318e-05,0
0,2,0.0008083259859258345,0,0.0,0,1.2195292583783157e-05,0,2.3871165757604222e-05,0,7.320877052905283e-06,0,3.448793358984403e-05,0,3.999311229563318e-05,0
0,1,2.87827658742618e-06,0,0.0,0,5.033065826864913e-05,0,2.104800277259664e-05,0,1.3678789973233208e-07,0,2.593315912235994e-05,0,4.16544389736373e-05,0
0,3,0.0024178598075363118,0,0.0,0,0.0003080550814047456,0,2.423567975679081e-05,0,2.3942862193712037e-05,0,4.044907109346241e-05,0,5.671734470524825e-05,0
0,5,1.68722934782013e-05,0,0.01,0,9.908732317853719e-05,0,8.442656642382956e-05,0,7.636011711390292e-08,0,4.161971446592361e-05,0,4.239942427375354e-05,0
0,2,0.0031812688205615264,0,0.0,0,6.601247878279537e-05,0,1.535560808216972e-05,0,1.935410007517403e-07,0,3.469382136245258e-05,0,4.0522063500247896e-05,0
0,5,4.7031534234671635e-05,0,0.02,0,3.0862243875162676e-05,0,3.5316272188715975e-05,0,1.6691421616737647e-05,0,3.1497904274147004e-05,0,3.999311229563318e-05,0
0,5,4.672424865032273e-07,0,0.0,0,2.0187175323371775e-05,0,2.5706215348310863e-05,0,9.837649244258969e-07,0,3.1497904274147004e-05,0,3.999311229563318e-05,0
0,2,0.0008469972706293738,0,0.0,0,3.302680124761537e-05,0,2.8322560962864333e-05,0,4.173755530781126e-06,0,3.448793358984403e-05,0,3.999311229563318e-05,0
0,3,0.02631597277535308,0,0.01,0,1.815729592635762e-05,0,5.2080683758857025e-05,0,0.00043353590216988825,0,4.057492333231494e-05,0,3.999311229563318e-05,0
0,5,0.00537889029254336,0,0.0,0,0.0006020728615112603,0,2.916441296413907e-05,0,0.00023839713250930868,0,3.302816185168922e-05,0,8.567391341784969e-05,0
0,4,6.35292460759914e-05,0,0.0,0,1.0714446943893563e-05,0,0.00012450717597837523,0,1.0624314526216812e-05,0,7.944804383441806e-05,0,3.999311229563318e-05,0
0,4,1.4357103814685358e-06,0,0.0,0,0.0001022383221425116,0,3.9094086995081497e-05,0,1.3435673700434865e-05,0,7.944804383441806e-05,0,3.999311229563318e-05,0
0,5,0.0004752617566286887,0,0.0,0,2.3289063392439857e-05,0,3.610580589136193e-05,0,1.1015518413696764e-05,0,3.5110606404487044e-05,0,4.498439739109017e-05,0
0,5,1.126360302527329e-05,0,0.0,0,5.6975575716933236e-05,0,8.656321946924511e-05,0,6.693227445790198e-07,0,3.1497904274147004e-05,0,3.999311229563318e-05,0
0,2,0.0007336138126977933,0,0.0,0,3.224137253710069e-05,0,2.1151321761787466e-05,0,8.836769061203856e-08,0,3.448793358984403e-05,0,3.999311229563318e-05,0
0,3,9.646337752027183e-06,0,0.0,0,1.8954209735966288e-05,0,2.9671268782764357e-05,0,1.7944878601741321e-06,0,3.1761519494466484e-05,0,3.999311229563318e-05,0
0,3,4.257762095507502e-05,0,0.01,0,3.903546530636959e-05,0,1.9516736497435837e-05,0,3.8079364801805736e-06,0,3.1761519494466484e-05,0,3.999311229563318e-05,0
0,2,0.001086196663312484,0,0.0,0,1.4289551472757012e-05,0,2.8043265174830088e-05,0,1.0196980380880505e-07,0,3.448793358984403e-05,0,3.999311229563318e-05,0
0,4,3.659929702812713e-06,0,0.0,0,1.948752651514951e-05,0,3.937764376336858e-05,0,5.59153016871623e-06,0,0.0339084155857563,0,0.0027690043207257986,0
0,3,4.328731171424066e-06,0,0.0,0,7.139155968616251e-06,0,7.50882637133793e-05,0,0.00015037833130111277,0,3.359061520313844e-05,0,3.999311229563318e-05,0
0,5,0.002026348288386199,0,0.01,0,7.03318210071302e-06,0,3.740469402015512e-05,0,1.4770364382661696e-05,0,3.173196455463767e-05,0,4.4485292164608836e-05,0
0,2,0.00038566566915367457,0,0.02,0,0.0004409398534335196,0,4.886955921349787e-05,0,6.273256723744035e-07,0,3.503516563796438e-05,0,3.999311229563318e-05,0
0,1,0.002083213845263085,0,0.01,0,5.192661046748981e-05,0,4.076618841059204e-05,0,0.00010703608177252354,0,0.00013745666365139186,0,4.64074473711662e-05,0
0,3,1.169024183647198e-08,0,0.01,0,5.4831096349516883e-05,0,3.0094231078770546e-05,0,3.5763913115282564e-07,0,4.221442577545531e-05,0,4.2391959141241387e-05,0
0,3,9.152516804627601e-08,0,0.01,0,4.414050272316672e-05,0,2.530289238624629e-05,0,1.742309287905054e-06,0,3.203347296221182e-05,0,3.999311229563318e-05,0
0,5,0.03496274511609778,0,0.01,0,0.00030158404842950404,0,4.93029134035545e-05,0,8.08314768553908e-05,0,3.181338252034038e-05,0,3.999311229563318e-05,0
0,2,0.004459612627769654,0,0.01,0,0.0006780130206607282,0,7.142505718959059e-05,0,2.2458494813423736e-05,0,3.448793358984403e-05,0,3.999311229563318e-05,0
0,3,3.5163041633870382e-06,0,0.0,0,1.2489302207541186e-05,0,4.1427928703879026e-05,0,1.528645582702526e-07,0,3.1761519494466484e-05,0,3.999311229563318e-05,0
0,1,9.978528774176665e-06,0,0.0,0,3.569817408788367e-06,0,2.4750072482446056e-05,0,4.6672104888228066e-07,0,2.593315912235994e-05,0,3.999311229563318e-05,0
0,5,2.907661360946561e-10,0,0.0,0,2.9428250854834914e-05,0,4.0471934733752835e-05,0,1.580482494313686e-07,0,6.86979474266991e-05,0,5.97495527472347e-05,0
0,1,0.0016989638509348336,0,0.0,0,3.0408011298277415e-05,0,5.856498075103018e-05,0,2.026298659994911e-06,0,4.747975617647171e-05,0,4.0201706724474207e-05,0
0,1,1.6365795829866676e-08,0,0.01,0,6.042550739948638e-05,0,3.241727539327916e-05,0,9.165254210163574e-07,0,2.593315912235994e-05,0,3.999311229563318e-05,0
0,2,0.00016215094242570885,0,0.02,0,0.00031907609081827104,0,2.250514258541376e-05,0,0.00012011249728574893,0,3.448793358984403e-05,0,3.999311229563318e-05,0
0,2,0.0034463203898378995,0,0.0,0,0.0005592490779235959,0,4.029490054048587e-05,0,1.785731219867754e-05,0,3.448793358984403e-05,0,3.999311229563318e-05,0
0,1,0.00043416445443701977,0,0.0,0,7.4811196100199595e-06,0,1.1606544730317077e-05,0,8.88550818485211e-06,0,2.702313577174209e-05,0,3.999311229563318e-05,0
0,1,2.5025014770148933e-06,0,0.0,0,1.473629799875198e-05,0,2.102918842664444e-05,0,7.138157354269512e-08,0,2.593315912235994e-05,0,3.999311229563318e-05,0
0,5,0.009557753597998592,0,0.0,0,1.4813454981776886e-05,0,2.1212276803312703e-05,0,7.839563270754492e-08,0,4.469836494536139e-05,0,4.1758732550079e-05,0
0,2,0.00043883904264735283,0,0.0,0,1.739833169267513e-05,0,2.0072030744035583e-05,0,7.329704012100359e-07,0,3.448793358984403e-05,0,3.999311229563318e-05,0
0,1,0.010577765847066586,0,0.01,0,3.01820309687173e-05,0,2.3169645050499768e-05,0,5.075883813553686e-05,0,2.6293466362403706e-05,0,3.999311229563318e-05,0
0,4,1.125925743628616e-07,0,0.01,0,5.153202437213622e-06,0,2.8931506091987787e-05,0,2.0173781515011453e-08,0,7.944804383441806e-05,0,3.999311229563318e-05,0
0,3,3.8518617161947663e-10,0,0.0,0,3.4915751712105703e-06,0,2.1340777298417257e-05,0,7.222773841493062e-08,0,3.1761519494466484e-05,0,3.999311229563318e-05,0
0,5,0.0071426160201492825,0,0.03,0,9.274699550587684e-05,0,3.187093574007621e-05,0,0.018370786111356747,0,3.4547523682704195e-05,0,4.629548857337795e-05,0
0,1,3.12297489925068e-05,0,0.0,0,9.655072062741965e-06,0,2.3628851432230948e-05,0,3.1528116162197647e-06,0,2.7027195756090805e-05,0,3.999311229563318e-05,0
0,1,0.14227071840346167,0,0.01,0,7.910643034847453e-05,0,1.5229693015789938e-05,0,2.2171761976271862e-05,0,4.521811933955178e-05,0,5.133165541337803e-05,0
0,2,3.7576282374025313e-06,0,0.0,0,8.273962521343492e-06,0,2.1162171853845216e-05,0,4.659556553165398e-08,0,3.448793358984403e-05,0,3.999311229563318e-05,0
0,1,0.9991834370186633,1,0.05,0,0.01652267388999462,0,0.0003469114996917015,0,0.005638298087536728,0,0.00037636925117112696,0,0.0001470363640692085,0
0,5,0.06942604973515898,0,0.0,0,1.9850454918923788e-05,0,4.1247627711785714e-05,0,7.725209297582424e-05,0,0.0001603140408406034,0,6.3644431065768e-05,0
0,5,8.367554755594467e-06,0,0.0,0,6.746635335730389e-05,0,0.00010425616137038696,0,7.452787081864144e-07,0,3.1497904274147004e-05,0,3.999311229563318e-05,0
0,5,0.0006108343377699455,0,0.03,0,0.0006836788961663842,0,7.419004528425746e-05,0,4.5757042676887805e-06,0,3.171764183207415e-05,0,3.999311229563318e-05,0
0,3,2.1507277931963766e-05,0,0.0,0,0.0001819091703509912,0,3.301027552846713e-05,0,5.220382430336386e-06,0,3.2921441743383184e-05,0,3.999311229563318e-05,0
0,3,2.2336602643520413e-08,0,0.0,0,9.151222002401482e-06,0,3.4359861025655547e-05,0,3.160678588291001e-08,0,3.1761519494466484e-05,0,3.999311229563318e-05,0
0,3,0.0014908982873869047,0,0.02,0,8.943517605075613e-05,0,0.00010003991845045799,0,1.6048821531100295e-05,0,3.469951479928568e-05,0,4.525257463683374e-05,0
0,5,0.08860334922393653,0,0.06,0,0.05842981114983559,0,0.16038236186140967,1,0.005621810794360095,0,5.2124618378002197e-05,0,5.0288559577893466e-05,0
0,2,0.006541065081765119,0,0.01,0,7.10611348040402e-05,0,3.367593826971307e-05,0,3.088749213003206e-05,0,3.448793358984403e-05,0,3.999311229563318e-05,0
0,1,1.1887062775639455e-05,0,0.02,0,0.0005633656983263791,0,3.139932835646911e-05,0,3.855742047258781e-06,0,3.463941175141372e-05,0,0.0002790772123262286,0
0,4,1.2898329714971035e-06,0,0.02,0,1.7840338841779158e-05,0,2.5377278499357888e-05,0,1.6705301745373987e-07,0,7.944804383441806e-05,0,3.999311229563318e-05,0
0,1,5.405517117282177e-05,0,0.0,0,1.3808607945975382e-05,0,2.1027287036734015e-05,0,4.384654475326965e-08,0,2.593315912235994e-05,0,3.999311229563318e-05,0
0,4,0.00013064421506365085,0,0.0,0,4.160581283940701e-06,0,2.3845615732496734e-05,0,4.91070062649764e-06,0,7.944804383441806e-05,0,3.999311229563318e-05,0
0,5,2.7798619697325912e-05,0,0.0,0,2.200488597736694e-05,0,2.441158325770952e-05,0,3.492100262397896e-05,0,3.249502333346754e-05,0,3.999311229563318e-05,0
0,4,0.7446408755724472,0,0.02,0,0.00035844725789502263,0,0.00016691218907690847,0,0.0008605114361487771,0,0.00013237338862381876,0,5.626299389405176e-05,0
0,3,3.135190880539033e-06,0,0.02,0,4.6199766075005755e-05,0,7.075054215778813e-05,0,5.23021798345916e-05,0,3.416583058424294e-05,0,3.999311229563318e-05,0
0,3,3.549996314988644e-05,0,0.0,0,2.163792851206381e-05,0,2.799122320562749e-05,0,1.5006134952716587e-05,0,3.1761519494466484e-05,0,4.0171911678044125e-05,0
0,4,0.19690633426594437,0,0.04,0,0.0001695374376140535,0,7.633888786255266e-05,0,0.0004975791164924738,0,0.00010652226774254814,0,4.1430943383602425e-05,0
0,4,0.0019458700112585272,0,0.0,0,5.887298539164476e-05,0,3.5694239749301975e-05,0,1.6053686549402016e-05,0,7.944804383441806e-05,0,3.999311229563318e-05,0
0,4,4.758421946109071e-06,0,0.0,0,5.5734944908181205e-05,0,2.5413349262107566e-05,0,1.3955871181206242e-07,0,7.944804383441806e-05,0,3.999311229563318e-05,0
0,1,3.2326075949884994e-07,0,0.01,0,3.562735946616158e-05,0,2.1016633151141295e-05,0,2.0307265946736934e-07,0,2.593315912235994e-05,0,3.999311229563318e-05,0
0,1,0.00011802835799140205,0,0.0,0,1.270708344236482e-05,0,2.0898409630102827e-05,0,7.18798828933302e-07,0,2.593315912235994e-05,0,3.999311229563318e-05,0
0,4,0.13457328398827326,0,0.01,0,7.549452129751444e-05,0,0.00010607251517137787,0,0.00013712733364994574,0,0.00011966806778218597,0,5.053451968706213e-05,0
0,2,0.0037587261110860358,0,0.0,0,0.0004723251040559262,0,2.4378602341355815e-05,0,1.1196113395504041e-06,0,3.544530045473948e-05,0,3.999311229563318e-05,0
0,2,0.00015403700016741368,0,0.0,0,6.395654054358602e-05,0,4.126495900072912e-05,0,8.521617389516737e-06,0,3.448793358984403e-05,0,3.999311229563318e-05,0
0,3,1.4557212625283348e-05,0,0.0,0,3.1127844977163477e-06,0,2.8144574680373852e-05,0,2.839949978612238e-07,0,3.1761519494466484e-05,0,3.999311229563318e-05,0
0,2,0.014694067181374927,0,0.0,0,1.9055396478506736e-05,0,3.355729829279641e-05,0,8.981500490164169e-07,0,3.448793358984403e-05,0,3.999311229563318e-05,0
0,2,0.0019377925949300157,0,0.0,0,6.264361581997946e-05,0,3.3357077322743246e-05,0,6.344373879677572e-05,0,3.448793358984403e-05,0,3.999311229563318e-05,0
0,4,2.750887744885869e-05,0,0.0,0,1.2247869562997948e-05,0,3.701708027857826e-05,0,4.0990546894805205e-05,0,7.944804383441806e-05,0,3.999311229563318e-05,0
0,5,0.00016208695010182822,0,0.0,0,7.944215030875057e-05,0,2.4412822820788202e-05,0,3.0013627756323163e-05,0,3.1497904274147004e-05,0,3.999311229563318e-05,0
0,3,0.9396023936624299,0,0.02,0,4.149820233578794e-05,0,3.952415629232337e-05,0,9.772728297606692e-06,0,0.00012282811803743243,0,0.00014200957957655191,0
0,5,3.2277653631324133e-06,0,0.0,0,5.2643994422396645e-05,0,2.15184352000092e-05,0,3.851549288945751e-07,0,3.1497904274147004e-05,0,3.999311229563318e-05,0
0,4,2.484028623150239e-06,0,0.0,0,6.683891115244478e-05,0,2.792216384292428e-05,0,1.5395724552261802e-06,0,7.944804383441806e-05,0,3.999311229563318e-05,0
0,5,0.009014154788862453,0,0.0,0,2.4083403332042508e-05,0,3.0447909040321226e-05,0,1.7949303602527044e-05,0,3.1497904274147004e-05,0,3.999311229563318e-05,0
0,5,0.0011530473202300375,0,0.0,0,2.4075479814200662e-05,0,2.13402658851313e-05,0,6.5715871628687895e-06,0,3.7274701753631234e-05,0,4.255585008650087e-05,0
0,1,2.240280084984642e-08,0,0.0,0,2.702171514101792e-05,0,2.078372701416225e-05,0,3.4679376858637836e-07,0,2.593315912235994e-05,0,3.999311229563318e-05,0
0,1,6.6195811630205495e-09,0,0.0,0,9.185793715005275e-06,0,2.123201116376004e-05,0,1.4465653244559705e-07,0,2.593315912235994e-05,0,3.999311229563318e-05,0
0,3,0.03152508389820611,0,0.0,0,3.262990139774047e-05,0,5.074767789566987e-05,0,5.4747417182502874e-05,0,3.254458715673536e-05,0,3.999311229563318e-05,0
0,5,3.408759741773312e-07,0,0.04,0,0.0014534384245052934,0,0.0008965849144830429,0,0.0007085112726303018,0,3.4565549867693335e-05,0,6.2706480093766e-05,0
0,4,8.989806435582767e-05,0,0.03,0,2.9732993425568566e-05,0,2.3879348790006286e-05,0,7.968107713468647e-06,0,7.944804383441806e-05,0,3.999311229563318e-05,0
0,5,4.462526032774643e-07,0,0.0,0,0.00013121121446602046,0,2.5789350989147956e-05,0,6.358543033295016e-07,0,3.1497904274147004e-05,0,3.999311229563318e-05,0
0,2,6.314587272709019e-05,0,0.0,0,1.645334850763902e-05,0,2.3960098965745664e-05,0,4.108869820694086e-06,0,3.448793358984403e-05,0,3.999311229563318e-05,0
0,5,1.7060325704062043e-07,0,0.0,0,1.8827848180080764e-05,0,2.1445019700817877e-05,0,5.1653525475388286e-08,0,3.1497904274147004e-05,0,3.999311229563318e-05,0
0,3,0.00023212982853176918,0,0.02,0,0.0007370554376393557,0,9.15146165041783e-05,0,4.908397613380338e-05,0,3.4467768273316324e-05,0,4.6429569920292124e-05,0
0,3,1.2007197949219157e-07,0,0.0,0,9.401106581208296e-06,0,2.9679358131764704e-05,0,8.301366623940766e-07,0,3.1761519494466484e-05,0,3.999311229563318e-05,0
0,2,3.195417435548619e-05,0,0.0,0,2.9790920962113887e-05,0,2.259623383367485e-05,0,7.677789905284023e-07,0,3.448793358984403e-05,0,3.999311229563318e-05,0
0,2,9.65256989674847e-06,0,0.0,0,3.0048742701183073e-05,0,2.1175252795401694e-05,0,2.816679522461633e-08,0,3.448793358984403e-05,0,3.999311229563318e-05,0
0,5,7.771353677391099e-06,0,0.02,0,0.00024004523584153503,0,3.690061690595363e-05,0,3.2293572102835707e-07,0,3.1497904274147004e-05,0,3.999311229563318e-05,0
0,2,0.37681279568989906,0,0.01,0,0.00012543806224130094,0,0.00018187680635165548,0,6.378625956246706e-05,0,4.008993710158393e-05,0,4.3077368900412694e-05,0
0,4,0.00014777780686508953,0,0.0,0,4.2835454223677516e-05,0,5.666618034115701e-05,0,1.441704492099904e-05,0,8.373477612622082e-05,0,3.999311229563318e-05,0
0,5,0.022901378751709292,0,0.01,0,0.0002886587171815336,0,0.0005882124313163866,0,0.0003106198890669714,0,0.00056794798001647,0,0.0001450162526452914,0
0,2,0.1755802084004099,0,0.0,0,0.00046027955249883235,0,8.386774724528606e-05,0,1.3495844773593774e-05,0,6.0698781453538686e-05,0,5.998728738632053e-05,0
0,5,0.19736123702400962,0,0.0,0,0.0005245950887911022,0,0.00010272456465689909,0,0.0006143111880062451,0,0.00013721190043725073,0,5.19199893460609e-05,0
0,2,0.0011612752741038362,0,0.0,0,0.00025061098858714104,0,3.933920407716964e-05,0,1.3663016574890413e-05,0,3.680142981465906e-05,0,4.062636071466841e-05,0
0,5,0.0052287572579622615,0,0.0,0,0.0019349155481904745,0,3.176674398944465e-05,0,0.04623476517707492,0,3.972830745624378e-05,0,5.043718556407839e-05,0
0,2,0.0001026623310930599,0,0.01,0,0.00011373552115401253,0,4.669447980522614e-05,0,4.9540253712890925e-06,0,3.448793358984403e-05,0,3.999311229563318e-05,0
0,1,0.00666603488024884,0,0.0,0,0.00010275995737174526,0,2.8959543553419138e-05,0,1.7738079868197568e-05,0,3.007666782650631e-05,0,3.999311229563318e-05,0
0,4,0.0008847829952007538,0,0.03,0,5.749181582359597e-06,0,4.107057520208221e-05,0,8.698972536967739e-07,0,8.031819015741348e-05,0,4.3457290303194895e-05,0
0,2,1.7054669684814368e-06,0,0.0,0,0.0002446933649480343,0,8.934925940214301e-05,0,4.392186273059227e-05,0,3.4829277865355834e-05,0,3.999311229563318e-05,0
0,5,0.00015159110639915838,0,0.02,0,0.00014129947521723807,0,2.1440262046347354e-05,0,3.0432889879222213e-07,0,4.222766438033432e-05,0,3.999311229563318e-05,0
0,5,0.9378133646730019,0,0.05,0,0.0004293338570278138,0,0.003434141767794936,0,0.004765293732934504,0,0.0061912513338029385,0,0.0008279994362965226,0
0,3,6.419846895994504e-05,0,0.0,0,9.022935410030186e-05,0,2.116300852465897e-05,0,1.6751332937539903e-05,0,3.2565334549872205e-05,0,4.585596616379917e-05,0
0,3,0.0019554507610961853,0,0.01,0,1.122576850320911e-05,0,3.472359953380782e-05,0,6.8281068164930884e-06,0,4.855527731706388e-05,0,4.3151860154466704e-05,0
0,3,0.00041367142438476805,0,0.0,0,3.873661262332462e-05,0,2.119019089139763e-05,0,1.0481521864398866e-05,0,3.215195465600118e-05,0,3.999311229563318e-05,0
0,2,0.00014659437919319225,0,0.0,0,0.0002186077763326466,0,4.07838443160849e-05,0,1.2451637397067925e-05,0,3.508392546791583e-05,0,3.999311229563318e-05,0
0,1,0.030474651187619235,0,0.02,0,0.0004332565004006028,0,0.0009109711666482649,0,0.00012520889995826554,0,6.054801633581519e-05,0,0.00023959124519024044,0
0,4,0.3561122235170457,0,0.01,0,0.008613132871687412,0,0.002515990180234974,0,0.003681990340298364,0,0.0012441871222108603,0,0.00113197835162282,0
0,3,3.6111016084933268e-06,0,0.0,0,4.4551903556566685e-05,0,2.7603113553215635e-05,0,3.2817068073407208e-06,0,3.1761519494466484e-05,0,3.999311229563318e-05,0
0,1,1.8394453012522667e-05,0,0.0,0,4.571095632854849e-05,0,2.810753367637801e-05,0,4.366332141611748e-07,0,2.593315912235994e-05,0,3.999311229563318e-05,0
0,2,8.782702299663106e-06,0,0.0,0,1.9810400772257708e-05,0,2.1174014714333946e-05,0,1.4031622890382083e-08,0,3.448793358984403e-05,0,3.999311229563318e-05,0
0,1,6.475310232865683e-07,0,0.0,0,1.077329034160357e-05,0,2.3885813710572107e-05,0,1.3729366799782127e-07,0,2.593315912235994e-05,0,3.999311229563318e-05,0
0,2,5.483011262937701e-06,0,0.01,0,0.00014054456551093608,0,2.967438545573846e-05,0,1.4168255640852589e-06,0,3.448793358984403e-05,0,3.999311229563318e-05,0
0,1,0.23431633237516106,0,0.04,0,0.06995457410812378,0,0.04755852405848361,0,0.053487702419783616,0,8.30679782666266e-05,0,0.0002422492834739387,0
0,2,9.959633493625225e-07,0,0.0,0,1.0952329830615781e-05,0,2.1162171853845216e-05,0,6.20389700484648e-08,0,3.448793358984403e-05,0,3.999311229563318e-05,0
0,2,1.4404752625875797e-05,0,0.0,0,4.9508922529639676e-05,0,8.23980106418981e-05,0,1.0120525409695128e-05,0,3.656042099464685e-05,0,4.1766186768654734e-05,0
0,5,0.005868175123800325,0,0.0,0,0.00020963349379599094,0,6.590244799300927e-05,0,2.975172439031563e-07,0,3.2432159059681e-05,0,3.999311229563318e-05,0
0,3,0.025771595186419805,0,0.0,0,2.978680277010426e-05,0,3.0155779204837343e-05,0,7.530709041262227e-07,0,5.753129153163172e-05,0,3.999311229563318e-05,0
0,3,2.122244216998731e-08,0,0.0,0,1.2254728062544018e-05,0,3.010714963928193e-05,0,1.2992556575280882e-07,0,3.1842864700593054e-05,0,3.999311229563318e-05,0
0,5,1.1501811639344415e-05,0,0.01,0,9.65706494753249e-05,0,3.031972359183366e-05,0,7.04328100549014e-07,0,3.1497904274147004e-05,0,3.999311229563318e-05,0
0,1,7.060491786411998e-06,0,0.0,0,2.0041599782416597e-05,0,2.9841480564087e-05,0,3.166371894470484e-08,0,2.593315912235994e-05,0,3.999311229563318e-05,0
0,3,0.0010544436167285343,0,0.0,0,7.614254718646407e-05,0,2.121237690265493e-05,0,1.6228145775740831e-06,0,3.1761519494466484e-05,0,3.999311229563318e-05,0
0,2,7.981426720051118e-07,0,0.0,0,0.00030176754808053374,0,1.912450929200327e-05,0,7.435819690432814e-06,0,3.448793358984403e-05,0,3.999311229563318e-05,0
0,4,1.3644115896124244e-05,0,0.0,0,0.00027676307945512235,0,3.525548659250022e-05,0,0.00022481468851518464,0,9.220986248692498e-05,0,3.999311229563318e-05,0
0,5,2.971919590438779e-05,0,0.0,0,1.1482666195661295e-05,0,2.5644270564182238e-05,0,1.1250398977717255e-07,0,3.5826746170641854e-05,0,4.078280835528858e-05,0
0,2,2.2028292193686212e-06,0,0.01,0,2.532817961764522e-05,0,2.4126168928060704e-05,0,3.20581679741792e-07,0,3.448793358984403e-05,0,3.999311229563318e-05,0
0,4,0.0004226065575840538,0,0.0,0,3.510946407914162e-05,0,3.812249362913678e-05,0,9.061171207740426e-07,0,7.944804383441806e-05,0,3.999311229563318e-05,0
0,4,0.03971715519932772,0,0.0,0,7.966146222315729e-05,0,3.126273968964413e-05,0,8.56785489121346e-05,0,7.944804383441806e-05,0,3.999311229563318e-05,0
0,3,0.0120631621916214,0,0.02,0,5.312921348377131e-05,0,3.806584866121386e-05,0,0.0002657614604668304,0,7.338253635680303e-05,0,4.3569059926085174e-05,0
0,1,0.00041137444310008944,0,0.0,0,2.5906239898176864e-05,0,2.1074437977369692e-05,0,2.6857988380044884e-06,0,2.647566725499928e-05,0,4.0276212530443445e-05,0
0,2,1.2367737379476351e-06,0,0.0,0,0.00014030341117177159,0,2.4720601063808247e-05,0,3.3821130519793384e-07,0,4.336045094532892e-05,0,4.1103157855104655e-05,0
0,1,0.00011000200241848434,0,0.01,0,2.7910498829442076e-05,0,0.0003293297713558645,0,6.435346882320949e-05,0,3.8095105992397293e-05,0,4.446304228622466e-05,0
0,3,1.3246627709032573e-06,0,0.01,0,1.1211872333660722e-05,0,2.1088131212633348e-05,0,1.6237331059122853e-07,0,3.1761519494466484e-05,0,3.999311229563318e-05,0
0,3,4.6126978089667525e-05,0,0.0,0,4.6274242777144536e-05,0,2.4399296191025758e-05,0,9.457563497190796e-07,0,3.1761519494466484e-05,0,3.999311229563318e-05,0
0,3,2.4497444885527767e-06,0,0.0,0,4.4939093641005456e-05,0,2.9769352919543574e-05,0,1.1021004668523816e-05,0,3.1788098567631096e-05,0,3.999311229563318e-05,0
0,3,0.001119389344716783,0,0.0,0,3.23412059515249e-05,0,2.9692887319658267e-05,0,4.017776364819151e-06,0,3.1801635486772284e-05,0,3.999311229563318e-05,0
0,5,1.71960312044168e-08,0,0.0,0,2.3587952455272898e-05,0,2.1527304206094128e-05,0,1.4826105365584976e-07,0,3.1497904274147004e-05,0,3.999311229563318e-05,0
0,2,2.405658679672254e-08,0,0.0,0,0.00010230795305687934,0,2.1178240063961998e-05,0,3.194234782709464e-07,0,3.448793358984403e-05,0,3.999311229563318e-05,0
0,3,4.6231445338048336e-07,0,0.0,0,3.451598604442552e-05,0,2.9777009225449878e-05,0,3.521990833943563e-07,0,3.1761519494466484e-05,0,3.999311229563318e-05,0
0,2,0.0005330971421969347,0,0.0,0,0.00021977414144203067,0,2.8155714090701058e-05,0,5.436447883182509e-05,0,3.448793358984403e-05,0,3.999311229563318e-05,0
0,4,3.6848772269324536e-05,0,0.0,0,8.909329153539147e-06,0,2.1283589266602716e-05,0,1.5246403121904292e-07,0,7.944804383441806e-05,0,3.999311229563318e-05,0
0,1,0.0002116515455011612,0,0.02,0,0.00013102704542689025,0,7.87712012002849e-05,0,3.261971483405717e-06,0,2.593315912235994e-05,0,3.999311229563318e-05,0
0,5,0.6984925572234857,0,0.02,0,2.5871304387692362e-05,0,3.5067376643098554e-05,0,3.2990452418568904e-05,0,3.214040043530986e-05,0,3.999311229563318e-05,0
0,2,0.006588906241422062,0,0.03,0,0.0004161754040978849,0,7.402899581732608e-05,0,0.0020680912415550158,0,3.448793358984403e-05,0,3.999311229563318e-05,0
0,4,8.223788523323325e-05,0,0.0,0,4.4026324758306146e-05,0,5.1476654354181645e-05,0,1.939247639541964e-06,0,8.276263542938977e-05,0,3.999311229563318e-05,0
0,5,4.3828028848560314e-09,0,0.0,0,4.465477559278952e-06,0,2.1609552206798126e-05,0,3.260727288446023e-07,0,3.1497904274147004e-05,0,3.999311229563318e-05,0
0,2,0.0015576181336424517,0,0.0,0,6.562120688613504e-05,0,2.012262592140399e-05,0,1.6311297026414497e-06,0,3.448793358984403e-05,0,3.999311229563318e-05,0
0,3,3.9211403789958224e-05,0,0.0,0,1.1886021638929378e-05,0,2.8953537936024246e-05,0,2.844780135792135e-07,0,3.302186087239534e-05,0,4.795692802872509e-05,0
0,1,0.00029604494161524777,0,0.0,0,3.29939357470721e-05,0,2.077284846406596e-05,0,1.972860437967271e-06,0,2.593315912235994e-05,0,3.999311229563318e-05,0
0,2,0.00028967416776766816,0,0.03,0,9.362591663375497e-05,0,2.9091570725231977e-05,0,6.184971217210611e-06,0,4.104532490600832e-05,0,4.275699393474497e-05,0
0,4,2.1375253618186793e-05,0,0.01,0,6.237650086404756e-05,0,0.0002883708938407494,0,0.000355539632489082,0,0.00011065584840252995,0,8.331680146511644e-05,0
0,3,0.1703325425108438,0,0.0,0,2.000839049287606e-05,0,2.1136552094503638e-05,0,5.557342488059449e-05,0,6.978574674576521e-05,0,4.3181680666748434e-05,0
0,2,0.0016773557195050536,0,0.02,0,0.00016825857164803892,0,9.405566537841725e-05,0,0.00026389702775826614,0,4.4283449824433774e-05,0,9.543497435515746e-05,0
0,5,1.1865969128123098e-05,0,0.0,0,0.0002700882323551923,0,6.157162884823295e-05,0,1.286352484344362e-07,0,4.175600042799488e-05,0,4.7651410568505526e-05,0
0,2,0.19779218142781033,0,0.01,0,0.000615473953075707,0,5.734020140850822e-05,0,7.998715873521104e-06,0,3.7359473935794085e-05,0,3.999311229563318e-05,0
0,5,0.8530161778847579,0,0.06,0,0.17379233241081238,0,0.016441832305449478,0,0.4471877990947945,1,0.00035109021700918674,0,0.0007819697493687272,0
0,3,0.00026155895903415635,0,0.01,0,2.819489782268647e-05,0,3.0435435990350813e-05,0,1.6458082430462867e-05,0,3.187598122167401e-05,0,3.999311229563318e-05,0
0,1,0.00010154632220557199,0,0.0,0,1.0815660971275065e-05,0,2.0394901158310972e-05,0,6.73699758565466e-06,0,2.593315912235994e-05,0,3.999311229563318e-05,0
0,3,3.343391440179573e-07,0,0.02,0,0.0001523690007161349,0,2.7140075073602365e-05,0,1.1549286816598777e-06,0,4.209410690236837e-05,0,4.514836109592579e-05,0
0,2,0.0013387391123670274,0,0.04,0,0.0009615962626412511,0,0.00021530463012577462,0,0.00010937314399540411,0,3.493222175166011e-05,0,3.999311229563318e-05,0
0,2,0.004620574754305211,0,0.0,0,2.7687941837939434e-05,0,3.2959911439866736e-05,0,2.3180383455967366e-06,0,3.448793358984403e-05,0,3.999311229563318e-05,0
0,3,4.494856660345527e-06,0,0.0,0,3.8890626456122845e-05,0,2.1316104811249456e-05,0,4.94824782688357e-07,0,3.1761519494466484e-05,0,3.999311229563318e-05,0
0,5,3.102043284002465e-07,0,0.0,0,3.5661625588545576e-05,0,2.51776314207929e-05,0,1.465312711038725e-08,0,3.1497904274147004e-05,0,3.999311229563318e-05,0
0,2,2.382217091966297e-05,0,0.02,0,0.00016020983457565308,0,5.914108338695435e-05,0,3.82098856304391e-06,0,3.448793358984403e-05,0,3.999311229563318e-05,0
0,4,3.178808293914263e-07,0,0.0,0,1.723288733046502e-05,0,5.323014021718018e-05,0,1.7603880550202381e-07,0,7.944804383441806e-05,0,3.999311229563318e-05,0
0,3,1.1240342932687219e-05,0,0.0,0,4.659283877117559e-05,0,8.082460893571087e-05,0,8.094374915575598e-06,0,3.1761519494466484e-05,0,3.999311229563318e-05,0
0,3,0.006069337573108382,0,0.0,0,7.53739514038898e-05,0,2.122797379943977e-05,0,8.582225496457811e-07,0,3.1761519494466484e-05,0,3.999311229563318e-05,0
0,4,4.52134092542067e-08,0,0.0,0,7.492515123885823e-06,0,2.1318822601249766e-05,0,3.935177680994982e-09,0,7.944804383441806e-05,0,3.999311229563318e-05,0
0,4,0.015107080878352884,0,0.0,0,2.6409043130115606e-05,0,2.051300382307667e-05,0,5.002608371205032e-06,0,8.225949568441138e-05,0,3.999311229563318e-05,0
0,4,0.15030815790554286,0,0.02,0,0.00037732376949861646,0,9.265763081079278e-05,0,0.0002466824065456967,0,0.00013167022552806884,0,4.002291098004207e-05,0
0,2,0.0016471408498532694,0,0.0,0,3.397426917217672e-05,0,6.640775290235165e-05,0,1.9585392806222876e-07,0,3.448793358984403e-05,0,3.999311229563318e-05,0
0,2,1.3311455144250373e-06,0,0.01,0,4.287264164304361e-05,0,2.1162171853845216e-05,0,3.031579543695373e-07,0,3.448793358984403e-05,0,3.999311229563318e-05,0
0,1,2.008817119157818e-06,0,0.0,0,8.207296559703536e-06,0,4.2444106133998314e-05,0,1.6448375000291062e-06,0,2.593315912235994e-05,0,3.999311229563318e-05,0
0,5,1.1357461971650495e-05,0,0.0,0,1.6616126231383532e-05,0,2.152309436883634e-05,0,3.190228030987716e-07,0,3.1497904274147004e-05,0,3.999311229563318e-05,0
0,3,0.002528910520391107,0,0.0,0,3.096013824688271e-05,0,3.1400562974775946e-05,0,2.8358614401981262e-05,0,3.348682730575092e-05,0,3.999311229563318e-05,0
0,5,0.0013791938316229076,0,0.0,0,0.0007187643786892295,0,6.131447353633982e-05,0,5.261240993543477e-07,0,3.1659244996262714e-05,0,3.999311229563318e-05,0
0,3,0.010160386162330955,0,0.03,0,0.008379925973713398,0,0.0010760735475658287,0,0.00028610322053073973,0,0.0004413360438775271,0,0.0003180010535288602,0
0,1,1.1048608917435394e-06,0,0.0,0,9.176302410196513e-05,0,2.104778659533864e-05,0,8.144056960944022e-08,0,2.593315912235994e-05,0,3.999311229563318e-05,0
0,3,0.0005236323650785466,0,0.01,0,9.34605941438349e-06,0,3.7816637865566354e-05,0,3.4788809093634625e-07,0,3.2069488952402025e-05,0,3.999311229563318e-05,0
0,2,0.22532688593223332,0,0.0,0,0.00029815424932166934,0,4.8417953626756806e-05,0,0.00033600804061858716,0,0.00012426674948073924,0,0.0001558014191687107,0
0,4,0.00011223434963064701,0,0.0,0,1.751140553096775e-05,0,2.9385230975766546e-05,0,1.0233066384930339e-05,0,9.247954585589468e-05,0,4.038050610688515e-05,0
0,3,2.593517668246096e-07,0,0.0,0,6.936184490768937e-06,0,2.1492318946386866e-05,0,2.881512327554933e-07,0,3.1761519494466484e-05,0,3.999311229563318e-05,0
0,2,4.5561588675260385e-06,0,0.0,0,2.467601007083431e-05,0,2.111251090753558e-05,0,9.985861190913662e-08,0,3.448793358984403e-05,0,3.999311229563318e-05,0
0,2,0.0013056571669146132,0,0.0,0,2.2480435291072354e-05,0,2.837305276236259e-05,0,4.568555744420789e-07,0,7.387308869510889e-05,0,5.031109321862459e-05,0
0,3,1.771789827158008e-05,0,0.0,0,0.0001217368699144572,0,2.988397260983194e-05,0,2.4167641575714645e-06,0,3.3060852729249746e-05,0,4.210888437228277e-05,0
0,1,7.247414730507765e-10,0,0.01,0,6.480244337581098e-06,0,2.0601928799744724e-05,0,9.21965378562743e-08,0,2.593315912235994e-05,0,3.999311229563318e-05,0
0,3,1.6158039972558302e-07,0,0.0,0,7.009110049693845e-06,0,2.1416579764234443e-05,0,1.540078039425665e-07,0,3.291547909611836e-05,0,3.999311229563318e-05,0
0,2,9.037858817333274e-06,0,0.0,0,6.129407120170072e-05,0,2.100748872554862e-05,0,5.290366210733046e-07,0,3.448793358984403e-05,0,3.999311229563318e-05,0
0,3,0.00021041863023928383,0,0.01,0,0.00023475187481381,0,4.5383756852185744e-05,0,3.995474247494386e-05,0,3.444325921009295e-05,0,4.328595969127491e-05,0
0,4,0.11200929007634922,0,0.0,0,4.68965845357161e-05,0,3.764156382360511e-05,0,0.00019290738614820743,0,0.00010897197353187948,0,4.883607471128926e-05,0
0,3,1.1688687089945155e-06,0,0.0,0,1.2037555734423222e-06,0,2.518303095290875e-05,0,9.291982110616723e-08,0,3.1761519494466484e-05,0,3.999311229563318e-05,0
0,5,0.0006701371095127842,0,0.01,0,0.000872496806550771,0,4.3899580943113264e-05,0,5.4627349791951295e-06,0,3.1497904274147004e-05,0,3.999311229563318e-05,0
0,3,1.6168891739486114e-06,0,0.0,0,1.754789991537109e-05,0,3.914190534503768e-05,0,3.5837884086273025e-07,0,3.1761519494466484e-05,0,3.999311229563318e-05,0
0,3,1.6559623651188208e-07,0,0.0,0,2.2507829271489754e-05,0,1.9692450022056336e-05,0,1.2102506866716812e-06,0,3.2155901863006875e-05,0,3.999311229563318e-05,0
0,1,3.504138710255087e-05,0,0.01,0,0.00012051167868776247,0,5.888365656276978e-05,0,2.953746160254789e-06,0,2.593315912235994e-05,0,3.999311229563318e-05,0
0,2,0.12306745475617355,0,0.01,0,6.130476685939357e-05,0,3.1608101168249315e-05,0,2.003346048044387e-07,0,3.542255217325874e-05,0,4.064870881848037e-05,0
0,1,0.003222426118931143,0,0.0,0,0.00016619257803540677,0,4.411678544991988e-05,0,0.00016505462878335973,0,4.136968345846981e-05,0,0.0001868780527729541,0
0,2,3.782168641009073e-08,0,0.0,0,9.848513400356751e-06,0,2.1173930822115806e-05,0,1.1528521024112217e-07,0,3.448793358984403e-05,0,3.999311229563318e-05,0
0,3,0.0071565551099833265,0,0.01,0,0.0009112661355175078,0,9.176034133778072e-05,0,0.00010608955135343661,0,0.00015318869554903358,0,5.059394607087597e-05,0
0,1,0.0013109425115890986,0,0.0,0,8.11632980912691e-06,0,2.0867095114723513e-05,0,1.2823414930712699e-05,0,2.593315912235994e-05,0,3.999311229563318e-05,0
0,3,0.00021025779736748396,0,0.01,0,0.00022728118347004056,0,7.549553349315867e-05,0,0.00011030489988119143,0,3.180178828188218e-05,0,3.999311229563318e-05,0
0,1,8.113683140656715e-08,0,0.01,0,7.677036592212971e-06,0,1.9825729126021997e-05,0,9.407691687975635e-08,0,2.593315912235994e-05,0,3.999311229563318e-05,0
0,1,4.642361561116812e-05,0,0.0,0,4.963684477843344e-05,0,3.122146637876062e-05,0,3.158536532377745e-06,0,2.593315912235994e-05,0,3.999311229563318e-05,0
0,5,8.383808464664912e-06,0,0.0,0,1.5649142369511537e-05,0,3.334841147330972e-05,0,5.468770346041606e-07,0,3.1497904274147004e-05,0,3.999311229563318e-05,0
0,2,0.005848218485096871,0,0.05,0,8.553275256417692e-05,0,7.613288857468342e-05,0,8.057319470156793e-05,0,3.780761471716687e-05,0,5.4736025049351156e-05,0
0,1,0.00022744121628851864,0,0.0,0,7.099719368852675e-05,0,3.7375310594341784e-05,0,5.877668487057807e-07,0,2.6238580176141113e-05,0,3.999311229563318e-05,0
0,3,0.0027148500530542723,0,0.01,0,5.74235018575564e-05,0,2.2247393314951235e-05,0,3.11726734621859e-05,0,4.5003467675996944e-05,0,4.500685099628754e-05,0
0,1,6.643973194448028e-08,0,0.0,0,3.018430334122968e-06,0,2.5680990049400526e-05,0,5.434097954591593e-08,0,2.593315912235994e-05,0,3.999311229563318e-05,0
0,5,0.00012060003259854415,0,0.0,0,0.0011413857573643327,0,2.5808529198019164e-05,0,2.6394496868775296e-06,0,3.159532570862211e-05,0,3.999311229563318e-05,0
0,3,0.00026627204260219636,0,0.0,0,1.5182436982286163e-05,0,2.5134143420370893e-05,0,1.6994643281058542e-07,0,3.1761519494466484e-05,0,3.999311229563318e-05,0
0,5,6.165967807260062e-05,0,0.0,0,0.00021822458074893802,0,3.6466172912428644e-05,0,5.609992423642515e-07,0,3.597114482545294e-05,0,4.405326399137266e-05,0
0,3,1.23300815724956e-11,0,0.0,0,3.1330331694334745e-05,0,2.1500189913192415e-05,0,3.6234659242755225e-07,0,3.1761519494466484e-05,0,3.999311229563318e-05,0
0,1,0.00016096576483017413,0,0.01,0,0.0001380441099172458,0,2.9117395075807046e-05,0,5.284549121801185e-07,0,2.6871508453041315e-05,0,4.131919195060618e-05,0
0,5,0.00010156167044977634,0,0.0,0,1.2574323591252323e-05,0,2.5760589625469723e-05,0,5.034164059274178e-07,0,3.1497904274147004e-05,0,3.999311229563318e-05,0
0,3,3.960969539029823e-05,0,0.0,0,1.0886505151574966e-05,0,4.286447331957503e-05,0,8.041308424715658e-05,0,3.3686104870866984e-05,0,3.999311229563318e-05,0
0,5,0.004833001419613236,0,0.0,0,0.0011172587983310223,0,3.040132799270494e-05,0,7.853819943792529e-06,0,3.1497904274147004e-05,0,3.999311229563318e-05,0
0,4,0.03787451012623484,0,0.01,0,1.648394209041726e-05,0,2.6874852884690404e-05,0,0.00012577027519530823,0,8.119428821373731e-05,0,4.2518600821495056e-05,0
0,4,0.002621300076881767,0,0.0,0,1.4384999303729273e-05,0,6.890620775756742e-05,0,4.069576682293155e-05,0,7.944804383441806e-05,0,3.999311229563318e-05,0
0,4,1.6196161105132006e-08,0,0.0,0,1.7657317584962584e-05,0,2.5679509964898356e-05,0,1.770523922644584e-07,0,7.944804383441806e-05,0,3.999311229563318e-05,0
0,1,0.022156736718563764,0,0.0,0,8.266804798040539e-05,0,4.8697597259875296e-05,0,5.934892330107959e-05,0,2.9181062927818857e-05,0,4.376275319373235e-05,0
0,4,3.864702739721012e-05,0,0.0,0,2.0884119294350967e-05,0,4.9924703848534576e-05,0,5.625176248215623e-07,0,7.944804383441806e-05,0,3.999311229563318e-05,0
0,4,0.00010926557698618339,0,0.0,0,1.1222045031900052e-05,0,3.264106242176364e-05,0,1.1392892768391897e-05,0,7.961492519825697e-05,0,4.1475639591226354e-05,0
0,5,0.09640351134027723,0,0.03,0,7.067592378007248e-05,0,0.00019345237152980545,0,8.012460184487629e-06,0,4.910631832899526e-05,0,4.404576975503005e-05,0
0,4,9.705010617834244e-14,0,0.01,0,0.00022156821796670556,0,0.0006801157300492014,0,7.41113898052158e-06,0,0.00032072822796180844,0,0.00016153832257259637,0
0,4,0.23939064501782492,0,0.03,0,0.0015179760521277785,0,0.009246595780758678,0,0.002551918385326177,0,0.00019739846175070852,0,4.248137338436209e-05,0
0,5,0.0011167880089242791,0,0.01,0,0.00015901587903499603,0,2.1417358315212474e-05,0,8.108923393366821e-06,0,3.168701732647605e-05,0,3.999311229563318e-05,0
0,1,0.006958352451421244,0,0.02,0,0.0005115296808071434,0,0.00099809036821072,0,0.0009020868175332457,0,2.6742804038804024e-05,0,4.517817433224991e-05,0
0,4,0.003810788018134703,0,0.02,0,6.397405377356336e-05,0,0.00020568125065605286,0,0.00016738886276768537,0,8.151165093295276e-05,0,3.999311229563318e-05,0
0,5,4.070042634427837e-07,0,0.0,0,2.3167538529378362e-05,0,3.1028838483929094e-05,0,7.39448069765498e-08,0,3.1497904274147004e-05,0,3.999311229563318e-05,0
0,4,0.036824584694445835,0,0.0,0,3.501550600049086e-05,0,3.704344931082427e-05,0,5.710684775340529e-07,0,0.0006397838587872684,0,6.794350338168442e-05,0
0,3,0.019142588476408585,0,0.01,0,3.9695405575912446e-05,0,1.9652751886539023e-05,0,1.3237573522706368e-06,0,3.5388442483963445e-05,0,3.999311229563318e-05,0
0,5,0.005535321086477942,0,0.0,0,0.006545122712850571,0,0.00010497892712766392,0,7.612779829454007e-06,0,3.37534183927346e-05,0,4.108079519937746e-05,0
0,2,0.009162282313701512,0,0.02,0,0.0007937120972201228,0,0.00023431647531928682,0,0.00037146716215576755,0,3.448793358984403e-05,0,4.496214023674838e-05,0
0,1,4.403743747917163e-07,0,0.0,0,1.9215232896385714e-05,0,2.1034990867974296e-05,0,6.48980320429382e-08,0,2.593315912235994e-05,0,3.999311229563318e-05,0
0,2,0.035904673575839756,0,0.01,0,0.00019726119353435934,0,2.301538776251193e-05,0,5.243748395126718e-06,0,3.448793358984403e-05,0,3.999311229563318e-05,0
0,3,5.933366369632004e-09,0,0.0,0,1.9846498616971076e-05,0,3.5943411669689194e-05,0,4.367411420161039e-07,0,3.1891649996396154e-05,0,3.999311229563318e-05,0
0,4,0.9940332273399215,1,0.04,0,0.19616353511810303,0,0.04622158715345882,0,0.26377933032904427,1,0.014122115448117256,0,0.014814616180956364,0
0,3,0.027970849894150128,0,0.0,0,0.00010052431025542319,0,2.1348406826666704e-05,0,8.66737459033169e-07,0,3.224551983294077e-05,0,4.546129275695421e-05,0
0,1,0.999902272745194,1,0.01,0,0.0010674705263227224,0,0.000393284942586195,0,0.00019897336569393154,0,0.17160502076148987,0,0.07618306577205658,0
0,1,3.057382075122589e-06,0,0.0,0,1.860699376265984e-05,0,2.1006690176609303e-05,0,7.30443463467573e-09,0,2.593315912235994e-05,0,3.999311229563318e-05,0
0,1,0.18106136975579223,0,0.02,0,0.0015570615651085973,0,7.549695239949573e-05,0,6.02621551022833e-06,0,0.0003346730081830174,0,0.00041100653470493853,0
0,3,4.514860318708906e-05,0,0.0,0,0.0004790202365256846,0,6.765244300507172e-05,0,0.00047859249713014295,0,3.2883086532820016e-05,0,3.999311229563318e-05,0
0,5,1.7942749473185598e-07,0,0.0,0,7.959517097333446e-05,0,2.5117780479611062e-05,0,8.90425769206784e-08,0,3.1497904274147004e-05,0,3.999311229563318e-05,0
0,3,1.0033425374931661e-05,0,0.0,0,3.176875179633498e-05,0,1.954663659268053e-05,0,4.368370173183811e-06,0,3.24960274156183e-05,0,3.999311229563318e-05,0
0,3,2.096507076732718e-06,0,0.01,0,5.294139100442408e-06,0,3.0439280935961785e-05,0,2.0545984748627236e-08,0,3.1761519494466484e-05,0,3.999311229563318e-05,0
0,4,1.0818579065639746e-06,0,0.0,0,3.087695949943736e-05,0,2.4152667399568124e-05,0,7.540790774438841e-07,0,7.944804383441806e-05,0,3.999311229563318e-05,0
0,4,5.4552154513905965e-05,0,0.0,0,1.238760887645185e-05,0,2.1299993004246207e-05,0,8.94952973558842e-08,0,7.944804383441806e-05,0,3.999311229563318e-05,0
0,4,2.55413048957834e-06,0,0.0,0,3.570849003153853e-06,0,2.021488680859051e-05,0,3.0224313522528586e-07,0,7.944804383441806e-05,0,3.999311229563318e-05,0
0,4,2.6466852230055102e-06,0,0.0,0,2.0732786651933566e-05,0,2.1322852542848424e-05,0,4.4935455232063276e-07,0,7.944804383441806e-05,0,3.999311229563318e-05,0
0,2,1.7048591141822464e-07,0,0.0,0,9.821611683946685e-07,0,2.349039059025693e-05,0,1.5069518931246435e-07,0,3.448793358984403e-05,0,3.999311229563318e-05,0
0,2,2.844769734786628e-05,0,0.0,0,1.2065048395015765e-05,0,2.8171279738248623e-05,0,4.370157730693753e-07,0,3.448793358984403e-05,0,3.999311229563318e-05,0
0,1,1.70572535534483e-05,0,0.01,0,7.016720701358281e-06,0,2.480614084871972e-05,0,2.911085625594133e-07,0,3.173125151079148e-05,0,3.999311229563318e-05,0
0,4,5.2926451551464415e-08,0,0.0,0,1.0605245734041091e-05,0,2.945143055794342e-05,0,8.645918341667248e-08,0,7.944804383441806e-05,0,3.999311229563318e-05,0
0,5,0.23523632457742544,0,0.01,0,0.00017289601964876056,0,0.00017250868181636534,0,0.00016024778103766157,0,5.235091521171853e-05,0,4.784514385391958e-05,0
0,1,1.4826856184576553e-05,0,0.0,0,1.134412059400347e-06,0,2.1012764141856e-05,0,3.48210342139099e-08,0,2.593315912235994e-05,0,3.999311229563318e-05,0
0,5,0.0075893484728818865,0,0.03,0,6.511802348541096e-05,0,4.9609130575076304e-05,0,0.0004223574854595994,0,4.297244595363736e-05,0,4.224297299515456e-05,0
0,1,6.34246903147696e-05,0,0.01,0,1.3298675185069442e-05,0,4.54753577555727e-05,0,1.994064250247223e-08,0,2.593315912235994e-05,0,3.999311229563318e-05,0
0,5,9.451896592616894e-06,0,0.0,0,4.333314336690819e-06,0,2.125619499525914e-05,0,3.4355536287882024e-06,0,3.1497904274147004e-05,0,3.999311229563318e-05,0
0,4,0.0021841253842454344,0,0.0,0,2.074330950563308e-05,0,2.0604442140204187e-05,0,1.5786760744028424e-06,0,8.176332630682737e-05,0,3.999311229563318e-05,0
0,3,0.06786729156866582,0,0.01,0,0.00010371169628342614,0,7.849455158661607e-05,0,0.00499510469434507,0,0.0009598730830475688,0,0.0004232642240822315,0
0,4,0.0218269528734452,0,0.04,0,1.58117418322945e-05,0,4.477810463938172e-05,0,0.00023274511591642443,0,0.00016389248776249588,0,5.50784679944627e-05,0
0,2,0.0028810449367556684,0,0.0,0,3.107807788182981e-05,0,0.00014789627420578368,0,0.00014833623945230566,0,3.504058622638695e-05,0,3.999311229563318e-05,0
0,5,0.0033452306560252686,0,0.0,0,6.70590952722705e-06,0,2.9169077878702956e-05,0,7.978327424538372e-08,0,3.72261565644294e-05,0,5.242666520643979e-05,0
0,1,1.7603434819269292e-05,0,0.01,0,2.509237856429536e-05,0,2.4841824352427484e-05,0,2.8226350492843005e-05,0,2.7617294108495116e-05,0,3.999311229563318e-05,0
0,3,0.00019311190743322772,0,0.0,0,1.186569261335535e-05,0,2.1322750634945684e-05,0,4.7090453886420253e-07,0,3.1761519494466484e-05,0,3.999311229563318e-05,0
0,5,1.1949730264262295e-08,0,0.02,0,4.237089342495892e-06,0,2.1451607757725624e-05,0,2.1126037200675375e-08,0,3.154531441396102e-05,0,4.122234167880379e-05,0
0,3,0.004280666909882201,0,0.0,0,1.311797313974239e-05,0,3.6773189700895355e-05,0,3.2544755397737792e-06,0,3.2080486562335864e-05,0,3.999311229563318e-05,0
0,4,0.0014878275066417443,0,0.01,0,7.045809616101906e-05,0,0.00010246838083283264,0,0.00032202291529575183,0,8.251413237303495e-05,0,4.319651998230256e-05,0
0,4,0.01632690391488801,0,0.0,0,5.2058148867217824e-05,0,2.0434002312760363e-05,0,1.0708596798590171e-06,0,7.976540655363351e-05,0,3.999311229563318e-05,0
0,3,0.001032376333054961,0,0.0,0,0.0016476379241794348,0,5.252836153031975e-05,0,6.877847988577626e-05,0,3.712764009833336e-05,0,4.1542698454577476e-05,0
0,5,0.00745079036434134,0,0.0,0,7.140143679862376e-06,0,6.660354751662981e-05,0,3.0536708463263526e-05,0,3.678524444694631e-05,0,4.064870881848037e-05,0
0,5,0.007274130596171522,0,0.0,0,8.126351531245746e-06,0,2.9457440156609033e-05,0,0.00019187573883975111,0,3.245061088819057e-05,0,4.227275712764822e-05,0
0,3,1.7217642659407097e-05,0,0.0,0,0.00010296201799064875,0,2.630814009113986e-05,0,3.6257215055003416e-05,0,3.3054737286875024e-05,0,3.999311229563318e-05,0
0,3,5.217595247654617e-05,0,0.0,0,1.1982237083429936e-05,0,2.1317011835227222e-05,0,1.5081704700154468e-07,0,3.1761519494466484e-05,0,3.999311229563318e-05,0
0,3,6.762358974105715e-05,0,0.0,0,2.867266994144302e-05,0,1.7770666715480243e-05,0,2.6962325312868507e-06,0,3.234669929952361e-05,0,3.999311229563318e-05,0
0,2,3.018166212846168e-08,0,0.0,0,2.400099765509367e-05,0,2.1173930822115806e-05,0,6.080205596492616e-08,0,3.448793358984403e-05,0,3.999311229563318e-05,0
0,5,0.40277114533680414,0,0.02,0,0.0007641700794920325,0,0.001046755916523877,0,0.0014110075749138357,0,8.38328487589024e-05,0,7.072741573210806e-05,0
0,1,9.384827479557298e-07,0,0.0,0,6.485971243819222e-05,0,2.06166238912478e-05,0,1.4148799761835008e-07,0,2.6475581762497313e-05,0,3.999311229563318e-05,0
0,2,0.0020380019766371165,0,0.0,0,0.0006187832914292812,0,3.2593803221595286e-05,0,6.737733521135754e-06,0,3.4557182516437024e-05,0,3.999311229563318e-05,0
0,5,0.0016311858428449246,0,0.02,0,4.113135946681723e-05,0,3.24275314348979e-05,0,3.322351732888184e-06,0,3.163773726555519e-05,0,3.999311229563318e-05,0
0,5,2.854336576468315e-07,0,0.0,0,1.8012869986705482e-05,0,2.1435096107101627e-05,0,1.1832678308357322e-06,0,3.1497904274147004e-05,0,3.999311229563318e-05,0
0,3,2.817816679856712e-05,0,0.0,0,5.7199373259209096e-05,0,2.0841771961101222e-05,0,1.9077548634678724e-05,0,3.1761519494466484e-05,0,3.999311229563318e-05,0
0,5,4.203531983798799e-06,0,0.02,0,0.0002638046280480921,0,9.58528139105336e-05,0,4.824762462697574e-06,0,3.1556221074424684e-05,0,3.999311229563318e-05,0
0,2,7.927393302468197e-06,0,0.0,0,0.00024880445562303066,0,2.3868709365273087e-05,0,4.60020353242551e-08,0,3.791379640460946e-05,0,4.628066380973905e-05,0
0,2,1.5218737585551757e-08,0,0.01,0,0.0001020641575451009,0,2.9671601923498235e-05,0,9.922282671944488e-08,0,3.4749395126709715e-05,0,3.999311229563318e-05,0
0,3,1.99832015025303e-08,0,0.0,0,2.2972574242885457e-06,0,2.1450351419095927e-05,0,7.713474944940042e-08,0,3.1761519494466484e-05,0,3.999311229563318e-05,0
0,1,3.0634804065006027e-06,0,0.01,0,0.00015020875434856862,0,0.0006814291087060984,0,8.19513744389313e-05,0,2.593315912235994e-05,0,3.999311229563318e-05,0
0,2,0.34815262340366515,0,0.03,0,0.00028196119819767773,0,0.0004358430879684586,0,0.0011980472416818861,0,3.448793358984403e-05,0,3.999311229563318e-05,0
0,1,0.003219811826846326,0,0.0,0,1.5470501239178702e-05,0,2.1080510703406924e-05,0,2.9405296190759804e-07,0,6.198447226779535e-05,0,3.999311229563318e-05,0
0,3,7.208223033601103e-05,0,0.0,0,3.501339961076155e-05,0,3.015705841055363e-05,0,5.427681863886267e-07,0,3.253949398640543e-05,0,4.014210935565643e-05,0
0,1,0.0013665797634123341,0,0.0,0,1.3519179447030183e-05,0,2.3959571300061e-05,0,3.987101417593542e-06,0,2.593315912235994e-05,0,3.999311229563318e-05,0
0,5,9.86717793339701e-07,0,0.0,0,2.902076630562078e-06,0,2.1503764117110657e-05,0,1.9159436608890603e-08,0,3.1497904274147004e-05,0,3.999311229563318e-05,0
0,1,0.06449893249934163,0,0.03,0,0.0001728660281514749,0,0.008195377960829957,0,3.2006702734861335e-05,0,3.075722270295955e-05,0,4.245157106197439e-05,0
0,5,0.0001269006774767408,0,0.01,0,5.7989767810795456e-05,0,3.0461589456453705e-05,0,1.7135373882261592e-06,0,3.6824701965088025e-05,0,3.999311229563318e-05,0
0,1,1.404411454802571e-07,0,0.0,0,3.6589958654076327e-06,0,2.1005754077543975e-05,0,9.03532165101745e-09,0,2.593315912235994e-05,0,3.999311229563318e-05,0
0,3,1.9077571422314985e-09,0,0.0,0,8.28033262223471e-06,0,2.1217356171766387e-05,0,6.29515328195589e-08,0,3.1761519494466484e-05,0,3.999311229563318e-05,0
0,1,0.0006599911808523584,0,0.0,0,0.0005784436361864209,0,0.00028401269283313824,0,1.0363873828569146e-05,0,4.5970202336320654e-05,0,3.999311229563318e-05,0
0,1,0.00014840734889290334,0,0.0,0,1.2080914530088194e-05,0,2.7690849815955386e-05,0,7.731393176770424e-06,0,2.593315912235994e-05,0,3.999311229563318e-05,0
0,2,3.669757794899525e-06,0,0.01,0,2.328753180336207e-05,0,2.978522427659986e-05,0,1.5322737899292616e-07,0,3.448793358984403e-05,0,3.999311229563318e-05,0
0,5,1.791466024999732e-05,0,0.0,0,2.3431908630300313e-05,0,5.712691152970081e-05,0,3.9212957098587624e-07,0,3.1497904274147004e-05,0,3.999311229563318e-05,0
0,5,2.8394133984139234e-09,0,0.0,0,4.248896857461659e-06,0,2.843937756905762e-05,0,2.213933467764602e-08,0,3.1497904274147004e-05,0,3.999311229563318e-05,0
0,3,0.010730522305043469,0,0.0,0,7.089963037287816e-05,0,3.881166736487629e-05,0,0.00015752579883760516,0,3.531200854922645e-05,0,4.520056245382875e-05,0
0,5,3.251071341322258e-07,0,0.02,0,5.165255788597278e-05,0,2.0273510847306064e-05,0,3.890913197671777e-05,0,3.15006218443159e-05,0,3.999311229563318e-05,0
0,3,0.6044182881932881,0,0.01,0,0.00031078883330337703,0,0.00010392493847539919,0,1.0088046485972172e-05,0,0.0005742761422879994,0,0.0006159530021250248,0
0,5,2.781761965906696e-06,0,0.0,0,4.337964492151514e-05,0,2.5350976815816543e-05,0,6.405002586736682e-07,0,3.1497904274147004e-05,0,3.999311229563318e-05,0
0,1,1.7109524494561783e-09,0,0.0,0,3.881212251144461e-06,0,2.1254142011640427e-05,0,3.889543213150545e-08,0,2.593315912235994e-05,0,3.999311229563318e-05,0
0,1,0.15684654861144887,0,0.0,0,7.449418626492843e-05,0,2.3953485453901503e-05,0,8.596059186379973e-05,0,4.134215123485774e-05,0,5.443074769573286e-05,0
0,3,0.9669890121835247,1,0.05,0,0.001577820279635489,0,0.0006730018796275003,0,0.014783142447952554,0,0.0009962329640984535,0,0.00036320590879768133,0
0,5,5.66884415009905e-10,0,0.0,0,2.843557194864843e-05,0,2.1520476968077807e-05,0,1.9134895534183674e-07,0,3.1497904274147004e-05,0,3.999311229563318e-05,0
0,4,1.4359979616300875e-05,0,0.0,0,5.3945932450005785e-06,0,2.3814007337187643e-05,0,4.1521491039514573e-07,0,8.431715832557529e-05,0,3.999311229563318e-05,0
0,3,0.00014761457489269512,0,0.0,0,3.812571594608016e-05,0,2.1019244041008945e-05,0,2.52805512616353e-06,0,3.527398803271353e-05,0,3.999311229563318e-05,0
0,4,0.10904548359760351,0,0.04,0,0.0005268583772704005,0,6.946905357113765e-05,0,0.000290852830842592,0,0.00011489535972941667,0,5.421468449640088e-05,0
0,3,1.350505946024486e-05,0,0.0,0,3.2413423468824476e-05,0,4.077701096254416e-05,0,6.690930688039706e-06,0,3.1761519494466484e-05,0,3.999311229563318e-05,0
0,5,3.77748304675777e-07,0,0.0,0,3.6987562452850398e-06,0,2.1515677602381014e-05,0,1.2627462831747178e-08,0,3.1497904274147004e-05,0,3.999311229563318e-05,0
0,5,0.77187343726824,0,0.02,0,0.02156955748796463,0,0.011712869830044104,0,0.05215882750465607,0,6.865470641059801e-05,0,4.2220650357194245e-05,0
0,4,0.004746134987303607,0,0.0,0,5.179585059522651e-05,0,2.7994392069035664e-05,0,8.116758045468644e-07,0,7.945085963001475e-05,0,3.999311229563318e-05,0
0,4,0.004635595436916292,0,0.0,0,0.00034647565917111933,0,4.028842542175721e-05,0,0.00010775640565332003,0,7.975200423970819e-05,0,3.999311229563318e-05,0
0,3,3.0668702640994e-07,0,0.0,0,1.8514843759476207e-05,0,2.1103353342153714e-05,0,1.7217236342168168e-07,0,3.1761519494466484e-05,0,3.999311229563318e-05,0
0,1,0.0007651227971018794,0,0.0,0,0.00130790239199996,0,3.918943220915768e-05,0,1.2131631970014753e-05,0,3.210299109923653e-05,0,3.999311229563318e-05,0
0,1,7.69869457089462e-05,0,0.0,0,1.2420838174875826e-05,0,2.068620783087637e-05,0,6.411774704269979e-07,0,2.593315912235994e-05,0,3.999311229563318e-05,0
0,5,0.00010179851189516981,0,0.0,0,6.700086032651598e-06,0,2.1359977516390363e-05,0,1.4200018927587518e-06,0,3.2096184440888464e-05,0,3.999311229563318e-05,0
0,4,0.08108329461521603,0,0.04,0,9.038185089593753e-05,0,0.0001557488344354531,0,0.0021588011297238767,0,0.0001578810188220814,0,4.753948451252654e-05,0
0,1,9.689946081985121e-08,0,0.0,0,6.56916699881549e-06,0,2.4425467234857264e-05,0,1.4588408472834439e-06,0,2.593315912235994e-05,0,3.999311229563318e-05,0
0,3,3.9451525041991806e-07,0,0.01,0,1.6235786461038515e-05,0,2.3127592368498428e-05,0,2.194698173172795e-06,0,3.1761519494466484e-05,0,3.999311229563318e-05,0
0,4,0.28380336933559225,0,0.04,0,0.00015750578313600272,0,0.00012078083749529325,0,0.00012870476878872964,0,0.0013045796658843756,0,9.301851969212294e-05,0
0,4,0.07700776833645043,0,0.02,0,0.00017970676708500832,0,3.6150680368835616e-05,0,5.826400904416392e-05,0,0.00017833348829299212,0,7.688415644224733e-05,0
0,4,0.5490447418554297,0,0.01,0,0.0039682514034211636,0,0.00016153204425196018,0,0.0024686518255270557,0,0.00032310353708453476,0,4.142349644098431e-05,0
0,5,0.0027553951652754954,0,0.01,0,2.6539193640928715e-05,0,0.00014414761299033085,0,6.961426163920611e-05,0,0.00016051977581810206,0,6.123771163402125e-05,0
0,2,0.00016121655039618487,0,0.0,0,8.334068115800619e-05,0,2.4129318223331023e-05,0,3.6092374219609144e-08,0,6.632928125327453e-05,0,3.999311229563318e-05,0
0,2,0.04281493027293973,0,0.0,0,3.622844451456331e-05,0,0.00013228924566571063,0,0.0002389775528734844,0,5.308719846652821e-05,0,4.8627101932652295e-05,0
0,5,2.7445140124831628e-11,0,0.01,0,3.162034772685729e-05,0,2.1438462097291964e-05,0,3.197473347340043e-08,0,3.1497904274147004e-05,0,3.999311229563318e-05,0
0,3,1.1064175820220347e-09,0,0.0,0,9.709531695989426e-06,0,2.1450351419095927e-05,0,2.1513517584619984e-07,0,3.1761519494466484e-05,0,3.999311229563318e-05,0
0,5,5.679816836468709e-06,0,0.0,0,2.4814624339342117e-05,0,2.392730712949489e-05,0,4.591469464117042e-06,0,3.306059807073325e-05,0,3.999311229563318e-05,0
0,5,0.001655726445939814,0,0.01,0,7.691817700106185e-06,0,2.115527868807182e-05,0,3.9288501886890914e-05,0,3.538861346896738e-05,0,4.0104863728629425e-05,0
0,2,0.028910260026686736,0,0.0,0,3.0128283469821326e-05,0,2.881909787085226e-05,0,6.6614068453510575e-06,0,3.647998528322205e-05,0,3.999311229563318e-05,0
0,4,1.9581705619250315e-06,0,0.01,0,6.998317076067906e-06,0,3.474439246104241e-05,0,2.4282269635827772e-08,0,7.944804383441806e-05,0,3.999311229563318e-05,0
0,2,0.3239994965903977,0,0.02,0,3.448005736572668e-05,0,0.0003843019009014218,0,0.00023784265433163737,0,0.00022144743707031012,0,5.8907968195853755e-05,0
0,5,0.0008759183349956099,0,0.0,0,5.0706830734270625e-06,0,2.135451876078552e-05,0,7.857235077454279e-08,0,3.1497904274147004e-05,0,3.999311229563318e-05,0
0,4,0.015280311168176384,0,0.01,0,0.00010478930198587477,0,4.5594969965484896e-05,0,6.0453238158533034e-05,0,8.969815098680556e-05,0,3.999311229563318e-05,0
0,4,4.8458306931183614e-08,0,0.0,0,2.7293288439977914e-05,0,3.0117384158260663e-05,0,4.955351445308114e-07,0,8.004403207451105e-05,0,3.999311229563318e-05,0
0,2,7.969038702931323e-06,0,0.0,0,4.7204339352902025e-06,0,2.1174014714333946e-05,0,3.635812663273251e-08,0,3.448793358984403e-05,0,3.999311229563318e-05,0
0,3,3.183603896525884e-07,0,0.0,0,2.656727156136185e-05,0,3.7231785907463805e-05,0,4.989939758234113e-06,0,3.218963320250623e-05,0,3.999311229563318e-05,0
0,2,0.00017598117446517386,0,0.0,0,1.727141898300033e-05,0,2.387320169770709e-05,0,4.293900198211017e-07,0,3.448793358984403e-05,0,3.999311229563318e-05,0
0,1,3.514663252302231e-06,0,0.01,0,7.261338032549247e-05,0,2.0543562447850538e-05,0,7.968177962458094e-08,0,2.593315912235994e-05,0,3.999311229563318e-05,0
0,3,0.001818035893968654,0,0.0,0,1.2770850844390225e-05,0,2.3068423909555313e-05,0,1.7870155481926193e-05,0,3.1761519494466484e-05,0,3.999311229563318e-05,0
0,4,0.0002143354718639399,0,0.01,0,5.5906293709995225e-05,0,3.7687511607417225e-05,0,5.823010800475449e-05,0,8.038226224016398e-05,0,3.999311229563318e-05,0
0,1,0.012257905629463812,0,0.0,0,0.00015425006859004498,0,2.364546483934323e-05,0,1.4270226619636802e-05,0,2.593315912235994e-05,0,3.999311229563318e-05,0
0,1,0.0004244650852580458,0,0.02,0,2.5088791517191567e-05,0,4.128228100528226e-05,0,0.001071903421913648,0,2.593315912235994e-05,0,3.999311229563318e-05,0
0,5,1.5037402061858401e-05,0,0.0,0,1.4060196008358616e-05,0,2.8319552569303862e-05,0,2.5742202368244086e-07,0,3.294531052233651e-05,0,0.0001233619695995003,0
0,5,0.00046310160065684885,0,0.01,0,1.4736860975972377e-05,0,5.405725646372629e-05,0,0.0030858183013532637,0,3.7933801650069654e-05,0,5.369240898289718e-05,0
0,1,0.018065679222926585,0,0.0,0,0.0017172170337289572,0,0.0001357443438342167,0,0.0017814358633332081,0,0.00014915064093656838,0,0.00010470979032106698,0
0,4,1.8823490988830992e-06,0,0.0,0,2.977876465592999e-05,0,2.0528632203338336e-05,0,1.3134250603451046e-05,0,0.0006600585766136646,0,0.00011621153680607677,0
0,5,7.022522280359738e-07,0,0.0,0,3.0245906600612216e-05,0,7.432647030617206e-05,0,2.0604865904215635e-07,0,3.1497904274147004e-05,0,3.999311229563318e-05,0
0,3,3.2235258206990713e-07,0,0.0,0,5.371512543206336e-06,0,2.9924130277066838e-05,0,2.3939617724872867e-07,0,3.1761519494466484e-05,0,3.999311229563318e-05,0
0,4,1.253364186384171e-06,0,0.0,0,5.5891914598760195e-06,0,4.2388542592462634e-05,0,5.169331956274592e-07,0,7.944804383441806e-05,0,3.999311229563318e-05,0
0,4,0.0002344876302480135,0,0.0,0,0.00016508165572304279,0,2.0636796998677406e-05,0,5.8318915896483634e-08,0,7.944804383441806e-05,0,3.999311229563318e-05,0
0,3,2.0150184381729382e-05,0,0.0,0,8.470228749501985e-06,0,2.6853119361546656e-05,0,5.4084568012439636e-06,0,3.37672172463499e-05,0,4.177363734925166e-05,0
0,3,2.2812872606630703e-09,0,0.0,0,2.2689027900923975e-05,0,2.1524378777235847e-05,0,1.1364349382234286e-06,0,3.1761519494466484e-05,0,3.999311229563318e-05,0
0,1,0.000147049839343874,0,0.0,0,8.224376870202832e-06,0,2.874741841690362e-05,0,5.0708170882767124e-08,0,2.593315912235994e-05,0,3.999311229563318e-05,0
0,2,0.07287232244449028,0,0.02,0,0.003797631012275815,0,0.0003427234214847816,0,0.00029510172385198766,0,3.526753789628856e-05,0,3.999311229563318e-05,0
0,5,1.216409332899851e-09,0,0.01,0,0.0003701931273099035,0,3.0316980304227766e-05,0,1.8808227206908489e-06,0,3.1497904274147004e-05,0,3.999311229563318e-05,0
0,3,3.884579712376288e-08,0,0.0,0,1.069507015927229e-05,0,2.1450351419095927e-05,0,1.465175759046475e-07,0,3.1761519494466484e-05,0,3.999311229563318e-05,0
0,3,0.01311524332970751,0,0.01,0,0.0006245753611437976,0,0.00014822779563085744,0,1.803989264553572e-05,0,8.51654913276434e-05,0,4.322635868447833e-05,0
0,1,7.771864856388219e-06,0,0.02,0,0.002316522179171443,0,0.00011855937609248173,0,4.472694602013531e-06,0,2.593315912235994e-05,0,3.999311229563318e-05,0
0,3,5.689265678510605e-07,0,0.0,0,9.19395279197488e-06,0,3.0424036390698928e-05,0,6.627952699102858e-08,0,3.1761519494466484e-05,0,3.999311229563318e-05,0
0,3,5.789395018781928e-05,0,0.0,0,4.728494332084665e-06,0,2.5265859343815738e-05,0,4.577316504725872e-08,0,3.1761519494466484e-05,0,3.999311229563318e-05,0
0,5,6.133297889049313e-08,0,0.0,0,1.0837539775820915e-05,0,2.1511176776902982e-05,0,1.4736410822111887e-07,0,3.1497904274147004e-05,0,3.999311229563318e-05,0
0,5,0.4457952671507189,0,0.02,0,0.002000780077651143,0,3.303094627855758e-05,0,1.8431243531453057e-05,0,6.90839224262163e-05,0,0.00011259892926318571,0
0,2,5.859424246843254e-05,0,0.0,0,3.7032656109659e-05,0,2.0089387890995657e-05,0,2.8709026936385447e-05,0,3.937492874683812e-05,0,3.999311229563318e-05,0
0,1,0.00016182594582643604,0,0.0,0,5.996811160002835e-05,0,2.510879382669187e-05,0,6.105607528104158e-05,0,2.6256777346134186e-05,0,3.999311229563318e-05,0
0,5,3.710815975648664e-07,0,0.0,0,2.26951960939914e-05,0,2.8282057962376375e-05,0,2.4312359652401375e-07,0,3.15006218443159e-05,0,3.999311229563318e-05,0
0,3,6.74633713141847e-07,0,0.0,0,2.3153846996137872e-05,0,2.3082208134507933e-05,0,9.57548111986633e-06,0,3.496505814837292e-05,0,4.272723163012415e-05,0
0,3,5.867204231699053e-07,0,0.0,0,0.00010014991858042777,0,3.4579365646233684e-05,0,1.4938566938404299e-05,0,3.534634743118659e-05,0,3.999311229563318e-05,0
0,4,1.7289988509555982e-06,0,0.0,0,4.0098861063597724e-05,0,2.131851100563859e-05,0,5.503202588181513e-07,0,7.944804383441806e-05,0,3.999311229563318e-05,0
0,2,3.123648479254366e-05,0,0.0,0,3.801543243753258e-06,0,2.3825066805037017e-05,0,4.0763599501365575e-07,0,3.448793358984403e-05,0,3.999311229563318e-05,0
0,4,0.9037823123175006,0,0.01,0,0.0011400997173041105,0,9.11026252725635e-05,0,6.599831647732796e-06,0,0.0001107079369830899,0,0.0001361353206448257,0
0,3,4.117082183351804e-06,0,0.01,0,4.580036329571158e-05,0,1.9642042028049033e-05,0,8.75961794971127e-07,0,3.1761519494466484e-05,0,3.999311229563318e-05,0
0,3,0.0009523731609174608,0,0.01,0,0.00010237450624117628,0,0.00010561303549531217,0,0.002511235458420762,0,5.282076745061204e-05,0,3.999311229563318e-05,0
0,3,0.0023068168676489524,0,0.01,0,0.0002409732696833089,0,4.0244008617915886e-05,0,0.0021504171030496694,0,4.7127377911238e-05,0,4.4075648474972695e-05,0
0,3,6.339209387779788e-08,0,0.0,0,7.034651935100555e-05,0,2.2846524427158588e-05,0,7.647212339945616e-06,0,3.3672655263217166e-05,0,3.999311229563318e-05,0
0,1,7.269384317546389e-05,0,0.01,0,7.292717782547697e-05,0,2.703259883213969e-05,0,1.3309600239085642e-06,0,2.596029662527144e-05,0,3.999311229563318e-05,0
0,5,2.462035521939749e-10,0,0.0,0,1.877346949186176e-05,0,3.063993962782346e-05,0,6.603763454974313e-07,0,3.2324911444447935e-05,0,3.999311229563318e-05,0
0,4,0.006413836568491837,0,0.05,0,0.0010789477964863181,0,0.005387239336298111,0,0.0446795974262475,0,0.00010329081123927608,0,5.4206844652071595e-05,0
0,1,0.0008269092131739186,0,0.03,0,0.004046231973916292,0,6.0218321779747384e-05,0,3.990234770266618e-05,0,2.593315912235994e-05,0,3.999311229563318e-05,0
0,1,1.8806805482987976e-05,0,0.0,0,1.653326762607321e-05,0,2.1026994253305793e-05,0,6.852697867595684e-08,0,2.593315912235994e-05,0,3.999311229563318e-05,0
0,5,3.111788578157635e-05,0,0.0,0,2.504559461158351e-06,0,2.4939518709635357e-05,0,1.8704918581475246e-06,0,3.1765783205628395e-05,0,3.999311229563318e-05,0
0,4,0.04386723145870835,0,0.0,0,4.627282760338858e-05,0,4.647419245889161e-05,0,0.0001604390417040646,0,0.00010982443200191483,0,5.682050687028095e-05,0
0,1,2.4647917228294717e-09,0,0.0,0,2.955542913696263e-05,0,2.9767010413934978e-05,0,3.19814091375876e-07,0,2.593315912235994e-05,0,3.999311229563318e-05,0
0,2,9.73494287615337e-06,0,0.0,0,4.1209059418179095e-05,0,2.461003535848744e-05,0,1.2874039357393716e-07,0,3.448793358984403e-05,0,3.999311229563318e-05,0
0,2,0.0002401662673229237,0,0.0,0,2.6227833586744964e-05,0,4.0264397414887165e-05,0,2.338831553031091e-06,0,3.448793358984403e-05,0,3.999311229563318e-05,0
0,3,2.0137146820329522e-05,0,0.01,0,1.07266751001589e-05,0,2.4881474659711724e-05,0,5.246993405059933e-06,0,3.1761519494466484e-05,0,3.999311229563318e-05,0
0,2,0.00031620688657940215,0,0.0,0,2.4781991669442505e-05,0,2.0280827959234517e-05,0,1.1832045095973817e-06,0,3.448793358984403e-05,0,3.999311229563318e-05,0
0,2,9.73381661501499e-06,0,0.0,0,0.000116335490019992,0,2.1162944200231352e-05,0,2.789481188861154e-08,0,3.448793358984403e-05,0,3.999311229563318e-05,0
0,2,1.0431848746734492e-06,0,0.01,0,1.2062103451171424e-05,0,2.0281350255530703e-05,0,2.452008892276983e-07,0,4.1987746953964233e-05,0,4.425444785738364e-05,0
0,5,2.336806328768774e-07,0,0.0,0,0.00012063675239915028,0,2.1512233679174528e-05,0,7.335177011597907e-08,0,3.1497904274147004e-05,0,3.999311229563318e-05,0
0,1,0.00015069313354469568,0,0.08,0,0.015378577634692192,0,0.03790297527629234,0,0.0013831840777772779,0,5.509171751327813e-05,0,0.0001044541277224198,0
0,3,5.648416325755955e-08,0,0.0,0,5.723688445868902e-06,0,2.2889299124198962e-05,0,1.0379525552765581e-05,0,3.1761519494466484e-05,0,3.999311229563318e-05,0
0,1,0.02199781387813758,0,0.01,0,0.016196709126234055,0,0.0009400233384133051,0,0.0005772957293028024,0,0.001422380213625729,0,8.871119644027203e-05,0
0,5,4.351569611715375e-10,0,0.01,0,0.000885383749846369,0,8.489412855994716e-05,0,0.0003093848565709169,0,3.762141932384111e-05,0,3.999311229563318e-05,0
0,4,0.0014436369047228753,0,0.03,0,0.0013915315503254533,0,0.0014078757249626538,0,0.004176394531515734,0,0.00018985137285199016,0,4.805346543435007e-05,0
0,2,4.196411712122788e-05,0,0.0,0,8.703502317075618e-06,0,4.5400426050722384e-05,0,3.224155635316717e-06,0,3.448793358984403e-05,0,3.999311229563318e-05,0
0,3,2.6231683934854416e-07,0,0.0,0,3.707931682583876e-06,0,2.1522662921643772e-05,0,1.3333690839775458e-07,0,3.1761519494466484e-05,0,3.999311229563318e-05,0
0,5,3.997441907792369e-05,0,0.02,0,0.00028796656988561153,0,2.0313110615459196e-05,0,8.982328220098397e-05,0,3.1497904274147004e-05,0,3.999311229563318e-05,0
0,3,0.30714487149416453,0,0.07,0,0.0005293306312523782,0,0.0002210254438514957,0,0.0187698008938559,0,0.00014883087715134025,0,5.82597240281757e-05,0
0,1,0.0003577605495876869,0,0.0,0,8.576285836170428e-06,0,2.8724503819022886e-05,0,5.45149363196466e-06,0,2.593315912235994e-05,0,3.999311229563318e-05,0
0,1,4.730374243489804e-07,0,0.01,0,5.8847559557762e-05,0,3.0053785014913623e-05,0,3.069700859731104e-06,0,2.593315912235994e-05,0,3.999311229563318e-05,0
0,5,0.18261665379693365,0,0.01,0,1.009000789053971e-05,0,2.48405087021574e-05,0,6.593889271368736e-05,0,3.234557880205102e-05,0,4.1944975237129256e-05,0
0,2,3.585171547837237e-06,0,0.0,0,5.565655374084599e-05,0,3.292847541729789e-05,0,6.916260309639746e-06,0,3.448793358984403e-05,0,3.999311229563318e-05,0
0,2,6.238866023633028e-07,0,0.0,0,6.943246262380853e-05,0,2.6249696842601362e-05,0,1.5757023328283866e-05,0,3.453835233813152e-05,0,3.999311229563318e-05,0
0,5,0.002581719358625337,0,0.0,0,7.004285635048291e-06,0,3.30504946386674e-05,0,2.8282712096381415e-07,0,3.1497904274147004e-05,0,3.999311229563318e-05,0
0,1,1.676667319970823e-07,0,0.0,0,4.827957582165254e-06,0,2.1042445739734693e-05,0,8.247033305697005e-09,0,2.593315912235994e-05,0,3.999311229563318e-05,0
0,3,4.4016646237523624e-06,0,0.01,0,5.4773190640844405e-05,0,1.9761429447013662e-05,0,2.466577225658625e-06,0,3.1761519494466484e-05,0,3.999311229563318e-05,0
0,1,0.0007292242699421743,0,0.02,0,0.00012916405103169382,0,0.0026811135746499727,0,9.274666461331643e-05,0,2.7958043574471958e-05,0,3.999311229563318e-05,0
0,3,0.0024434395536542643,0,0.01,0,8.369852730538696e-05,0,0.0004132755705159081,0,0.0009079677829415627,0,0.00029391460702754557,0,0.00013480665802489966,0
0,2,0.0005290646838730627,0,0.01,0,0.00010557483619777486,0,2.8426259746771453e-05,0,9.158992306088664e-06,0,3.541804107953794e-05,0,3.999311229563318e-05,0
0,4,2.343523854648985e-06,0,0.0,0,7.988845027284697e-06,0,1.99938201463926e-05,0,3.62339409183023e-05,0,8.689784590387717e-05,0,3.999311229563318e-05,0
0,3,0.0001824287561871726,0,0.0,0,8.854137377056759e-06,0,3.619890739418067e-05,0,4.6348507103373223e-07,0,3.1761519494466484e-05,0,3.999311229563318e-05,0
0,5,0.07241494979564451,0,0.02,0,3.0392473490792327e-05,0,2.349237614335786e-05,0,3.3335725880383857e-06,0,3.1547187973046675e-05,0,4.909632480121218e-05,0
0,3,0.00014816473688592888,0,0.0,0,1.4708344679092988e-05,0,3.2945301346132276e-05,0,0.0003453869680683168,0,3.1937095627654344e-05,0,4.7733345127198845e-05,0
0,4,0.08731468525551654,0,0.01,0,4.960410296916962e-05,0,7.923789207365411e-05,0,2.4619902263661594e-05,0,0.0002836899657268077,0,0.00010133308387594298,0
0,5,0.0015144512668837735,0,0.01,0,0.00015099499432835728,0,7.146285947715328e-05,0,9.065097546444708e-06,0,3.38368299708236e-05,0,3.999311229563318e-05,0
0,3,0.004258614678669071,0,0.01,0,0.0005195492412894964,0,4.4132010320308326e-05,0,0.0003589359371259293,0,0.0002548597985878587,0,0.00018838836695067585,0
0,2,0.23561343289228778,0,0.01,0,0.000101941499451641,0,0.00011099134494213717,0,1.9598309389365013e-05,0,3.566508530639112e-05,0,3.999311229563318e-05,0
0,4,9.172196420124722e-05,0,0.0,0,2.201044662797358e-05,0,2.795474520430363e-05,0,1.4095259432070356e-05,0,8.015336061362177e-05,0,3.999311229563318e-05,0
0,1,4.879773047007183e-08,0,0.0,0,1.9537637854227796e-06,0,2.105466769602937e-05,0,8.939469298493988e-09,0,2.593315912235994e-05,0,3.999311229563318e-05,0
0,3,0.04486571793333382,0,0.0,0,0.00022746263130102307,0,4.1818709827072756e-05,0,0.0004213029030191939,0,3.271472451160662e-05,0,3.999311229563318e-05,0
0,5,0.00921027101202127,0,0.0,0,8.348172741534654e-06,0,3.880869903392198e-05,0,1.3089243644377896e-06,0,4.952403833158314e-05,0,4.1609746403992176e-05,0
0,4,0.30227429724047344,0,0.06,0,0.14033612608909607,0,0.348688393376416,1,0.41524078937611764,1,0.0008361194632016122,0,0.0015320505481213331,0
0,1,0.07891949755473975,0,0.0,0,0.00013678868708666414,0,4.4352467795682316e-05,0,8.286640537193542e-06,0,0.00013661885168403387,0,3.999311229563318e-05,0
0,1,0.0001544545076045971,0,0.0,0,1.8828890461008996e-05,0,2.0411711841293967e-05,0,8.019166936363613e-06,0,2.593315912235994e-05,0,3.999311229563318e-05,0
0,1,2.499505926366337e-06,0,0.0,0,1.0651394404703751e-05,0,2.1013113873544922e-05,0,2.8368931666876346e-09,0,2.593315912235994e-05,0,3.999311229563318e-05,0
0,4,2.8209939951887563e-06,0,0.0,0,1.6168172805919312e-05,0,3.338777044306152e-05,0,3.242061312228197e-08,0,7.944804383441806e-05,0,3.999311229563318e-05,0
0,2,9.468134313501664e-05,0,0.01,0,9.748765296535566e-05,0,2.0282438419318566e-05,0,1.6186424062106004e-05,0,3.448793358984403e-05,0,3.999311229563318e-05,0
0,4,4.5448090653453076e-08,0,0.01,0,7.974338950589299e-05,0,4.0230786525259906e-05,0,6.810638047774514e-07,0,7.944804383441806e-05,0,3.999311229563318e-05,0
0,5,1.1315846625154297e-05,0,0.0,0,1.4186181033437606e-05,0,2.1562766177925644e-05,0,1.817170074438062e-07,0,3.1497904274147004e-05,0,3.999311229563318e-05,0
0,3,9.48737713681445e-09,0,0.0,0,1.6776144548202865e-05,0,2.1388319122290424e-05,0,3.699556461128932e-07,0,3.1761519494466484e-05,0,3.999311229563318e-05,0
0,3,2.091167096755458e-05,0,0.0,0,9.035960829351097e-06,0,1.766591985117263e-05,0,1.5897640792283595e-05,0,3.381325223017484e-05,0,3.999311229563318e-05,0
0,2,8.881040481350004e-06,0,0.0,0,6.991822010604665e-05,0,2.030556657008907e-05,0,5.171547821586986e-07,0,3.448793358984403e-05,0,3.999311229563318e-05,0
0,2,4.787233889972874e-05,0,0.0,0,2.7159259843756445e-05,0,2.476672359231773e-05,0,0.00011254574994011671,0,3.448793358984403e-05,0,3.999311229563318e-05,0
0,2,0.0030918234027865706,0,0.0,0,0.00023773159773554653,0,2.8428240983881914e-05,0,3.893838619151571e-05,0,3.499133890727535e-05,0,3.999311229563318e-05,0
0,3,2.7170542621775108e-08,0,0.0,0,2.1514266336453147e-05,0,2.2354854049455227e-05,0,4.773451607950967e-07,0,3.1761519494466484e-05,0,3.999311229563318e-05,0
0,3,8.31836928715597e-05,0,0.0,0,0.00046461945748887956,0,2.4122568833848867e-05,0,5.522254107795418e-06,0,3.1790514185559005e-05,0,3.999311229563318e-05,0
0,1,0.0002800235404006092,0,0.01,0,3.405007009860128e-05,0,6.68052062627472e-05,0,0.00014580121589332512,0,2.593315912235994e-05,0,3.999311229563318e-05,0
0,4,0.009284277354735129,0,0.0,0,7.11052562110126e-05,0,2.4989593498143298e-05,0,3.3919604064524473e-05,0,9.998222958529368e-05,0,3.999311229563318e-05,0
0,4,0.0001410140445233245,0,0.02,0,7.058546179905534e-05,0,0.0001078753193200921,0,4.3655432981246974e-05,0,0.0004270390491001308,0,7.128140714485198e-05,0
0,2,1.1803653148017432e-05,0,0.0,0,2.2903621356817894e-05,0,2.889651744609913e-05,0,5.029941006303617e-07,0,3.8491252780659124e-05,0,3.999311229563318e-05,0
0,2,0.009750611276254064,0,0.0,0,0.00011478025407996029,0,0.001455735983781393,0,0.0005179585575416602,0,3.448793358984403e-05,0,3.999311229563318e-05,0
0,5,1.4537426758341884e-05,0,0.0,0,9.294789379055146e-06,0,4.134748120725007e-05,0,1.7473152091622577e-05,0,3.1497904274147004e-05,0,3.999311229563318e-05,0
0,1,0.011394641278472508,0,0.01,0,0.004324182868003845,0,0.0005435050228840951,0,0.00016967034470179236,0,5.205362685956061e-05,0,4.097649798495695e-05,0
0,4,0.003211835415591987,0,0.02,0,0.0009253117023035884,0,0.00039417557283907465,0,0.0049594533922387146,0,0.00011102897406090051,0,6.531424151035026e-05,0
0,5,3.0452399657534676e-05,0,0.0,0,3.9254551666090265e-05,0,8.319421313965851e-05,0,2.4531902946390353e-05,0,3.5887638659914955e-05,0,4.3323168938513845e-05,0
0,4,1.1402325360830366e-05,0,0.01,0,0.00026263465406373143,0,3.447800981723661e-05,0,8.739602671113965e-07,0,7.944804383441806e-05,0,3.999311229563318e-05,0
0,4,9.46095639482773e-05,0,0.01,0,2.4979781301226467e-05,0,5.8189596096253516e-05,0,2.6440798611279802e-06,0,9.051481902133673e-05,0,4.198967508273199e-05,0
0,4,9.652978292591512e-05,0,0.0,0,1.7028678485075943e-05,0,2.4292704845931055e-05,0,3.5320848243552584e-06,0,7.944804383441806e-05,0,3.999311229563318e-05,0
0,4,6.203002780895887e-07,0,0.01,0,3.051651583518833e-05,0,5.6812870758650864e-05,0,4.896140837449953e-07,0,8.083670400083065e-05,0,3.999311229563318e-05,0
0,2,0.00018032634549923723,0,0.0,0,2.8104886951041408e-05,0,3.973519314780589e-05,0,2.695607504430483e-06,0,3.448793358984403e-05,0,3.999311229563318e-05,0
0,2,0.001284191543059788,0,0.01,0,0.0002647293440531939,0,0.00010193635336128477,0,0.00019827995687803155,0,3.489429582259618e-05,0,4.0834951505530626e-05,0
0,4,3.603070657956369e-07,0,0.01,0,2.3343496650340967e-05,0,5.207966172561313e-05,0,2.6047824781023235e-06,0,0.00010628525342326611,0,4.206416997476481e-05,0
0,5,9.497313823340743e-06,0,0.0,0,1.3516266335500404e-05,0,2.1270995956318866e-05,0,5.735898593919713e-06,0,3.1527888495475054e-05,0,4.2391959141241387e-05,0
0,2,0.2123508042075281,0,0.01,0,0.00021594036661554128,0,0.00015800261721342468,0,2.165848117229711e-05,0,3.949873644160107e-05,0,3.999311229563318e-05,0
0,4,0.3188362604741171,0,0.09,0,0.0012528282823041081,0,0.0005223952192671669,0,0.015346795102319203,0,0.0007959950598888099,0,7.435783481923863e-05,0
0,5,9.904909520656364e-08,0,0.0,0,4.9860151193570346e-05,0,2.159917062400703e-05,0,3.6527596616692235e-08,0,3.1497904274147004e-05,0,3.999311229563318e-05,0
0,4,7.2447014706717345e-09,0,0.0,0,6.3837705965852365e-06,0,6.615846597669645e-05,0,4.2721373243179135e-08,0,7.944804383441806e-05,0,3.999311229563318e-05,0
0,5,3.558951915418334e-05,0,0.0,0,9.734964805829804e-06,0,4.4906403546038986e-05,0,0.00019859497316054468,0,7.407040538964793e-05,0,4.157248986302875e-05,0
0,5,1.2620882438313097e-06,0,0.0,0,8.36544313642662e-06,0,2.5224597648472708e-05,0,7.364164863214119e-08,0,0.00011515529331518337,0,8.568825433030725e-05,0
0,3,0.2502529156364958,0,0.06,0,0.0003138958418276161,0,0.00012863355448603048,0,0.0019385419774362322,0,5.7579934946261346e-05,0,4.370314491097815e-05,0
0,2,3.614851995522732e-05,0,0.0,0,0.00038245777250267565,0,3.5355370691427636e-05,0,7.754369304928887e-07,0,3.448793358984403e-05,0,3.999311229563318e-05,0
0,1,0.0006036153926757783,0,0.0,0,0.00039790061418898404,0,3.06942657959179e-05,0,2.6922864993338388e-05,0,2.756056892394554e-05,0,4.171403998043388e-05,0
0,3,0.003915524183175274,0,0.0,0,4.753246685140766e-05,0,2.4864522412804725e-05,0,5.352572824640079e-06,0,3.202719381079078e-05,0,3.999311229563318e-05,0
0,1,0.00014971132099436503,0,0.0,0,0.00027984147891402245,0,2.8778006358229357e-05,0,8.51995052927459e-07,0,2.8181490051792935e-05,0,4.0954149881144986e-05,0
0,1,0.0004493173537090992,0,0.0,0,1.731182237563189e-05,0,3.4896216931261785e-05,0,1.8364142730907576e-06,0,2.593315912235994e-05,0,3.999311229563318e-05,0
0,5,0.0009007486623928468,0,0.03,0,0.00013381688040681183,0,2.1390174377554334e-05,0,2.0137455262012527e-07,0,5.195696576265618e-05,0,3.999311229563318e-05,0
0,4,0.00015686954210068305,0,0.0,0,2.8365911930450238e-05,0,2.060595960495266e-05,0,1.8099118337976344e-05,0,7.9626843216829e-05,0,3.999311229563318e-05,0
0,1,0.002753708543672437,0,0.03,0,7.047556573525071e-05,0,2.3956429561402866e-05,0,1.8919001173910346e-07,0,2.593315912235994e-05,0,3.999311229563318e-05,0
0,2,9.705428458678727e-06,0,0.0,0,6.7194041548646055e-06,0,2.8431307027597376e-05,0,4.116016653884191e-06,0,3.448793358984403e-05,0,3.999311229563318e-05,0
0,3,4.222966477422136e-06,0,0.0,0,0.00016907459939830005,0,3.842202857281018e-05,0,2.469100297786369e-06,0,3.2326381187886e-05,0,3.999311229563318e-05,0
0,4,0.004629760780809367,0,0.01,0,0.0003291749453637749,0,2.804735074677162e-05,0,0.00017144483677347777,0,9.654869791120291e-05,0,3.999311229563318e-05,0
0,4,6.217206150766352e-05,0,0.0,0,5.0040544010698795e-05,0,2.927800134130155e-05,0,1.9441111305369478e-05,0,7.944804383441806e-05,0,3.999311229563318e-05,0
0,2,1.305694819542779e-05,0,0.0,0,3.506593202473596e-05,0,2.9671601923498235e-05,0,2.664829450164906e-08,0,3.448793358984403e-05,0,3.999311229563318e-05,0
0,1,1.3962803574923402e-05,0,0.0,0,2.335162389499601e-05,0,2.1344822968772208e-05,0,4.719686354078188e-06,0,2.593315912235994e-05,0,3.999311229563318e-05,0
0,3,9.030837339041477e-05,0,0.0,0,6.982134800637141e-05,0,1.9400832524259733e-05,0,1.1889260358347764e-06,0,3.2126281439559534e-05,0,3.999311229563318e-05,0
0,2,0.0006011779325241791,0,0.01,0,3.895632835337892e-05,0,2.1174014714333946e-05,0,1.8735784375701123e-07,0,3.448793358984403e-05,0,3.999311229563318e-05,0
0,2,2.829825269369558e-08,0,0.01,0,0.000518478627782315,0,2.7904426593906968e-05,0,9.484680325602765e-07,0,3.481301973806694e-05,0,3.999311229563318e-05,0
0,2,5.029837067280331e-05,0,0.0,0,8.28092815936543e-05,0,2.967438545573846e-05,0,2.368703634227087e-06,0,3.448793358984403e-05,0,3.999311229563318e-05,0
0,1,0.050111203104208905,0,0.03,0,4.897141479887068e-05,0,8.36285223565521e-05,0,0.00041719029399428634,0,5.1245875511085615e-05,0,4.899249324807897e-05,0
0,2,0.00016864703526785863,0,0.0,0,8.994536983664148e-06,0,2.0245683566774917e-05,0,1.61184700484287e-06,0,3.448793358984403e-05,0,3.999311229563318e-05,0
0,3,0.29201352651702733,0,0.02,0,0.00016378438158426434,0,4.14031341606524e-05,0,0.00026698753335404566,0,3.970730540459044e-05,0,5.127953045303002e-05,0
0,4,7.796313613286264e-09,0,0.0,0,1.940048605320044e-05,0,2.114496310549108e-05,0,9.061320771410222e-08,0,7.944804383441806e-05,0,3.999311229563318e-05,0
0,2,0.0008403647158894987,0,0.01,0,0.00028210371965542436,0,4.1781785616407884e-05,0,8.396438325018879e-08,0,3.448793358984403e-05,0,3.999311229563318e-05,0
0,3,6.715300881436329e-08,0,0.0,0,0.00016056679305620492,0,4.324223512116462e-05,0,2.2081263972281026e-06,0,3.1761519494466484e-05,0,3.999311229563318e-05,0
0,1,0.00015682802491618765,0,0.0,0,5.7371176808374e-05,0,3.4255392284184394e-05,0,7.679916292146658e-08,0,2.6097299269167706e-05,0,3.999311229563318e-05,0
0,4,0.006713013506023974,0,0.01,0,0.0001947113632922992,0,0.00012100632442251708,0,3.207175430852682e-05,0,9.406096796737984e-05,0,4.014210935565643e-05,0
0,2,5.993262572780565e-07,0,0.0,0,0.00023125603911466897,0,2.5049219081088086e-05,0,1.4392212383758623e-06,0,3.448793358984403e-05,0,3.999311229563318e-05,0
0,3,0.007832462289242033,0,0.01,0,4.5792585297022015e-05,0,2.1151303737970452e-05,0,7.989567565090985e-06,0,3.226100670872256e-05,0,3.999311229563318e-05,0
0,4,8.940821052978221e-07,0,0.0,0,1.8571625332697295e-05,0,2.131799827064079e-05,0,7.108447089553877e-08,0,7.944804383441806e-05,0,3.999311229563318e-05,0
0,5,2.0867089600602323e-06,0,0.01,0,8.095542398223188e-06,0,2.1515841917622905e-05,0,2.2906925321588275e-07,0,3.1497904274147004e-05,0,3.999311229563318e-05,0
0,1,1.8854527123254099e-07,0,0.01,0,4.157939656579401e-06,0,2.0292955761316907e-05,0,4.7353409316425203e-07,0,2.593315912235994e-05,0,3.999311229563318e-05,0
0,3,0.00043082785827195925,0,0.0,0,4.3722598093154375e-06,0,2.1517870142254356e-05,0,7.549332499158149e-08,0,3.1761519494466484e-05,0,3.999311229563318e-05,0
0,4,0.0010966595810633646,0,0.0,0,7.578035820188234e-06,0,2.9255403770590134e-05,0,8.250705372391333e-06,0,8.307955431519076e-05,0,3.999311229563318e-05,0
0,4,0.9929685053496758,1,0.04,0,0.06002965196967125,0,0.013008928712310823,0,0.0037571434252389488,0,0.05156810209155083,0,0.03139255940914154,0
0,4,8.214674915540701e-06,0,0.0,0,5.179052550374763e-06,0,2.812938744738885e-05,0,8.285470685156579e-08,0,7.944804383441806e-05,0,3.999311229563318e-05,0
0,5,0.002601690681535059,0,0.02,0,0.0007104367250576615,0,0.0012432321155475367,0,0.002568643379641533,0,0.0002277110324939713,0,5.805133332614787e-05,0
0,5,0.00023055272567543416,0,0.01,0,4.8286157834809273e-05,0,2.3720111558524906e-05,0,1.6535300652933247e-07,0,3.1497904274147004e-05,0,3.999311229563318e-05,0
0,4,0.010849686523306909,0,0.0,0,2.6948091544909403e-05,0,3.269546261670502e-05,0,3.720180850238834e-05,0,8.084861474344507e-05,0,4.1021197830559686e-05,0
0,1,0.006036332470076753,0,0.0,0,9.943520126398653e-06,0,7.147207412440103e-05,0,3.4104075892588214e-06,0,2.593315912235994e-05,0,3.999311229563318e-05,0
0,2,0.0051976633458888435,0,0.04,0,0.003618782153353095,0,0.0003091377008008744,0,0.0017757949496643118,0,5.291011621011421e-05,0,5.8586923842085525e-05,0
0,5,0.00036767901056567343,0,0.0,0,2.296956881764345e-05,0,2.3464397991170095e-05,0,1.2491491380327964e-05,0,3.322632983326912e-05,0,5.259760655462742e-05,0
0,3,3.177641642593177e-05,0,0.0,0,0.00011050690955016762,0,2.1526408038035726e-05,0,3.7317122415526245e-07,0,3.1761519494466484e-05,0,3.999311229563318e-05,0
0,3,3.1098694306494743e-06,0,0.0,0,2.6638970666681416e-05,0,2.521513258693208e-05,0,1.5552795200719762e-06,0,3.1761519494466484e-05,0,3.999311229563318e-05,0
0,4,0.01625009751960792,0,0.01,0,7.718237611697987e-05,0,3.318076238240545e-05,0,1.2891203327971482e-05,0,7.944804383441806e-05,0,4.011231067124754e-05,0
0,5,7.339354448099301e-05,0,0.01,0,1.280971264350228e-05,0,2.5556962898349715e-05,0,4.583620264183983e-06,0,3.2088930311147124e-05,0,4.431395063875243e-05,0
0,5,0.001600110469644091,0,0.0,0,1.5212423932098318e-05,0,4.060182628005453e-05,0,3.956632417210059e-06,0,3.159417974529788e-05,0,3.999311229563318e-05,0
0,4,0.033044122973326304,0,0.01,0,0.0019484476651996374,0,0.0006506403490059202,0,4.2783995777081546e-05,0,7.971028389874846e-05,0,3.999311229563318e-05,0
0,2,0.34897582076936606,0,0.02,0,0.0005339834024198353,0,0.00010673739501830827,0,0.000804626694244611,0,3.509809903334826e-05,0,4.01644610974472e-05,0
0,4,0.0007340341609717822,0,0.0,0,0.00012525291822385043,0,0.0004490821249470771,0,4.678903913512329e-05,0,0.00020679728186223656,0,8.496323425788432e-05,0
0,5,3.4361605563058605e-10,0,0.0,0,1.1752141290344298e-05,0,2.1503764117110657e-05,0,8.86071463222198e-08,0,3.1497904274147004e-05,0,3.999311229563318e-05,0
0,4,0.015009652191628607,0,0.0,0,4.323707617004402e-05,0,3.689407989425748e-05,0,4.692807959303833e-05,0,8.827138663036749e-05,0,3.999311229563318e-05,0
0,5,0.00013019790828322375,0,0.0,0,0.0004416090960148722,0,2.551878677620036e-05,0,1.708986022282046e-07,0,3.1497904274147004e-05,0,3.999311229563318e-05,0
0,1,1.2787039807608889e-08,0,0.0,0,9.903791578835808e-06,0,3.2587638992195804e-05,0,1.4924297962766702e-07,0,2.593315912235994e-05,0,3.999311229563318e-05,0
0,5,3.89069913438912e-08,0,0.0,0,2.4334491172339767e-05,0,3.0164842867078305e-05,0,2.933212991755434e-07,0,3.1497904274147004e-05,0,3.999311229563318e-05,0
0,5,0.0037973950844422412,0,0.01,0,2.0560071789077483e-05,0,0.00018901334408614093,0,2.7594858915170172e-05,0,3.181897773174569e-05,0,4.118509605177678e-05,0
0,3,1.4834802159404295e-06,0,0.0,0,5.8810699556488544e-05,0,2.914209513111893e-05,0,2.0917981186853316e-06,0,3.625452154665254e-05,0,3.999311229563318e-05,0
0,5,3.5439680226040553e-06,0,0.0,0,4.821336915483698e-05,0,5.04590266058356e-05,0,4.5309757398297526e-07,0,3.154489604639821e-05,0,3.999311229563318e-05,0
0,2,6.847543648671348e-05,0,0.0,0,3.5695989936357364e-05,0,2.115967993629635e-05,0,2.642763851565843e-07,0,3.448793358984403e-05,0,3.999311229563318e-05,0
0,1,5.00842497632291e-09,0,0.01,0,8.214774425141513e-05,0,2.9112949588328907e-05,0,1.1853267705765554e-06,0,2.593315912235994e-05,0,3.999311229563318e-05,0
0,3,0.004464133291633675,0,0.0,0,9.103101911023259e-05,0,2.934507238656859e-05,0,1.1917408330627211e-05,0,4.5954740926390514e-05,0,4.294326572562568e-05,0
0,1,0.0009375123748130834,0,0.03,0,0.05143251642584801,0,0.0024037863628732503,0,3.6444617906595335e-05,0,5.4811582231195644e-05,0,4.598260420607403e-05,0
0,3,0.00025069670886780003,0,0.0,0,3.6516754335025325e-05,0,2.5095772006905536e-05,0,3.7497146286073957e-07,0,3.1761519494466484e-05,0,3.999311229563318e-05,0
0,3,1.6406728823967244e-07,0,0.0,0,3.328833190607838e-05,0,2.1445063052147486e-05,0,3.4562441833284973e-07,0,3.1761519494466484e-05,0,3.999311229563318e-05,0
0,3,3.294309925449678e-08,0,0.0,0,7.433236987708369e-06,0,2.1421264812794675e-05,0,6.803685704184255e-08,0,3.1761519494466484e-05,0,3.999311229563318e-05,0
0,4,0.7622756009376929,0,0.01,0,0.011217148043215275,0,0.002104827100124855,0,0.0030392095951052183,0,0.00013965963444206864,0,3.999311229563318e-05,0
0,4,0.000775391437154356,0,0.0,0,4.341073690738995e-06,0,2.0560291783992685e-05,0,6.650587023618284e-07,0,7.953148451633751e-05,0,3.999311229563318e-05,0
0,4,9.849824963714251e-08,0,0.0,0,5.407300250226399e-06,0,2.1137320177466406e-05,0,7.501107838889668e-09,0,7.944804383441806e-05,0,3.999311229563318e-05,0
0,4,3.2108254951944835e-09,0,0.0,0,4.980243829777464e-06,0,2.1318822601249766e-05,0,1.6255356007011365e-08,0,7.944804383441806e-05,0,4.002290734206326e-05,0
0,5,1.3998001626606816e-08,0,0.0,0,4.6513818233506754e-05,0,2.1641501945131294e-05,0,2.0996754948057825e-07,0,3.1497904274147004e-05,0,3.999311229563318e-05,0
0,3,2.8300687344555666e-06,0,0.02,0,2.87191887764493e-05,0,0.0001063362420007555,0,1.0019642376677647e-05,0,3.1949930416885763e-05,0,4.299538704799488e-05,0
0,2,9.348889805496844e-08,0,0.0,0,1.5579840692225844e-05,0,2.1173930822115806e-05,0,1.902193565100101e-08,0,3.448793358984403e-05,0,3.999311229563318e-05,0
0,4,0.0005596414588409101,0,0.0,0,4.4569580495590344e-05,0,0.00011488143958172658,0,6.68713106089216e-06,0,7.944804383441806e-05,0,3.999311229563318e-05,0
0,1,0.9279700025847517,1,0.07,0,0.040468230843544006,0,0.0030992964330782908,0,0.000910026507347061,0,0.0008938321843743324,0,0.0012463763123378158,0
0,2,3.96012078314091e-06,0,0.0,0,1.0788528015837073e-05,0,2.1174014714333946e-05,0,7.2683960280472195e-09,0,3.448793358984403e-05,0,3.999311229563318e-05,0
0,2,9.139103694376446e-05,0,0.01,0,4.458185867406428e-05,0,4.096292944031378e-05,0,5.167296497731069e-06,0,3.702499088831246e-05,0,5.557754775509238e-05,0
0,3,6.962823211623067e-07,0,0.0,0,1.5015337339718826e-05,0,2.1445063052147486e-05,0,2.1046214568104524e-07,0,3.1761519494466484e-05,0,3.999311229563318e-05,0
0,2,0.07067113586600828,0,0.03,0,0.001931854523718357,0,9.852221368722243e-05,0,2.5028884762557314e-05,0,4.856810119235888e-05,0,5.23889139003586e-05,0
0,3,8.487663943212824e-08,0,0.0,0,4.1531104216119274e-05,0,2.123963023552283e-05,0,2.8261522689070286e-07,0,3.1761519494466484e-05,0,3.999311229563318e-05,0
0,3,1.1148988636725138e-06,0,0.0,0,3.214392108930042e-06,0,2.1405579596588262e-05,0,2.645023869510564e-07,0,3.1761519494466484e-05,0,3.999311229563318e-05,0
0,3,0.0014225499509171412,0,0.0,0,7.316345727303997e-05,0,4.4852797109579104e-05,0,1.0063302488373876e-06,0,3.702326284837909e-05,0,4.064125823788345e-05,0
0,5,0.0012863903361662466,0,0.01,0,4.062726293341257e-05,0,3.221046700360692e-05,0,6.0374252816053284e-05,0,4.196180816506967e-05,0,3.999311229563318e-05,0
0,2,8.590964785154943e-08,0,0.01,0,1.4738405297975987e-05,0,2.1162944200231352e-05,0,3.1515345804780597e-07,0,3.448793358984403e-05,0,3.999311229563318e-05,0
0,4,5.181468879810371e-07,0,0.0,0,1.051998606271809e-05,0,3.0139515893737784e-05,0,4.4315840448300025e-07,0,7.944804383441806e-05,0,3.999311229563318e-05,0
0,1,1.2010540866665744e-06,0,0.03,0,3.942145485780202e-05,0,3.500930761296077e-05,0,3.282580712309524e-06,0,2.593315912235994e-05,0,3.999311229563318e-05,0
0,4,0.0003388593529476005,0,0.01,0,0.00010055412712972611,0,0.0014312661588711442,0,4.636582027949012e-05,0,8.09558987384662e-05,0,4.0283655835082754e-05,0
0,5,0.0005441367141470428,0,0.0,0,0.00020656165725085884,0,3.704877122170438e-05,0,0.0004098870749440246,0,4.438204996404238e-05,0,4.090201036888175e-05,0
0,5,2.8593413362859017e-07,0,0.02,0,2.1803391064167954e-05,0,2.1609552206798126e-05,0,8.74953614816463e-07,0,3.1497904274147004e-05,0,3.999311229563318e-05,0
0,2,0.0007883334816302888,0,0.0,0,0.0001809971872717142,0,5.477747772653089e-05,0,4.7818149975644014e-05,0,3.448793358984403e-05,0,3.999311229563318e-05,0
0,3,0.00013907932065465145,0,0.01,0,5.298740688886028e-06,0,2.3471749734452756e-05,0,2.1908440970093253e-05,0,3.463675966486335e-05,0,3.999311229563318e-05,0
0,3,6.037310309990582e-07,0,0.02,0,2.8071939595974982e-05,0,1.9520018980064922e-05,0,2.1741360511802885e-06,0,3.1761519494466484e-05,0,3.999311229563318e-05,0
0,5,4.022422452461293e-09,0,0.0,0,2.7462508569442434e-06,0,2.1519885988978067e-05,0,1.6033576539883197e-08,0,3.1497904274147004e-05,0,3.999311229563318e-05,0
0,3,5.149450088891786e-05,0,0.0,0,8.213497494580224e-05,0,2.3702094460011862e-05,0,3.5168941196161596e-05,0,3.1763131119078025e-05,0,3.999311229563318e-05,0
0,3,5.9357580579612635e-09,0,0.0,0,9.503435285296291e-05,0,2.5067216647238807e-05,0,6.890518096402328e-07,0,3.1761519494466484e-05,0,3.999311229563318e-05,0
0,4,7.949884509351256e-05,0,0.0,0,7.458324489562074e-06,0,2.022794508745598e-05,0,4.1941003269481814e-07,0,7.944804383441806e-05,0,3.999311229563318e-05,0
0,5,3.6822548891833533e-07,0,0.0,0,2.621565363369882e-05,0,0.00023825252211493467,0,4.321433424376328e-07,0,3.1497904274147004e-05,0,3.999311229563318e-05,0
0,3,9.571470950305365e-05,0,0.01,0,3.475047924439423e-05,0,2.2906348505775007e-05,0,4.501822842780378e-06,0,3.1761519494466484e-05,0,3.999311229563318e-05,0
0,4,0.002917914782119843,0,0.0,0,1.845862061600201e-05,0,2.0294639309616787e-05,0,1.7644645579821042e-05,0,8.540137059753761e-05,0,4.105845437152311e-05,0
0,1,0.0001049314108614006,0,0.01,0,0.00014578762056771666,0,6.772571268201238e-05,0,0.0010482909173442948,0,2.593315912235994e-05,0,3.999311229563318e-05,0
0,5,3.815821421199165e-06,0,0.0,0,2.4616518203401938e-05,0,2.1582650626439627e-05,0,1.6386738973863078e-07,0,3.154604200972244e-05,0,3.999311229563318e-05,0
0,2,0.00038089464567449754,0,0.01,0,2.2615537091041915e-05,0,9.753038161829356e-05,0,6.729580640397811e-05,0,3.448793358984403e-05,0,3.999311229563318e-05,0
0,4,8.288883044204734e-09,0,0.0,0,8.573767445341218e-06,0,2.1295965859290996e-05,0,1.3747088471878824e-08,0,7.944804383441806e-05,0,3.999311229563318e-05,0
0,2,0.08985777122676675,0,0.01,0,7.445178925991058e-05,0,5.0363534173614215e-05,0,4.5250599818150664e-06,0,3.8493028114316985e-05,0,5.420677553047426e-05,0
0,5,0.999736535805279,1,0.04,0,0.009122321382164955,0,0.003045674042935459,0,0.019786321687366947,0,0.0014007703866809607,0,0.0014385750982910395,0
0,1,6.466184973443961e-06,0,0.0,0,5.6986450545082334e-06,0,2.033538976744588e-05,0,2.035793107056845e-06,0,2.593315912235994e-05,0,3.999311229563318e-05,0
0,2,0.0016443870409771637,0,0.0,0,4.1043353121494874e-05,0,0.00027165607136531367,0,0.00020696751927064188,0,3.4931461414089426e-05,0,3.999311229563318e-05,0
0,4,9.404336153174269e-05,0,0.01,0,1.2764093298756052e-05,0,2.05542643333928e-05,0,9.987804988281667e-06,0,7.953744352562353e-05,0,3.999311229563318e-05,0
0,2,2.5334928243721022e-05,0,0.02,0,6.899990694364533e-06,0,2.0322935349890615e-05,0,5.6320088713751985e-06,0,3.6313820601208135e-05,0,3.999311229563318e-05,0
0,1,0.0001819932245538437,0,0.01,0,1.2352101293799933e-05,0,2.47571489332616e-05,0,4.575078037394545e-06,0,2.6089403036166914e-05,0,3.999311229563318e-05,0
0,3,1.141891864534391e-05,0,0.02,0,0.000518288929015398,0,0.0001643501203842068,0,0.0031888136937141625,0,8.537971007172018e-05,0,4.993854963686317e-05,0
0,1,1.2192743158099578e-08,0,0.0,0,2.436203067190945e-05,0,2.1006690176609303e-05,0,1.4129749315878452e-07,0,2.593315912235994e-05,0,3.999311229563318e-05,0
0,3,4.403362972167161e-06,0,0.0,0,1.3082503755867947e-05,0,2.8953111849456375e-05,0,9.230836218402493e-07,0,3.2288007787428796e-05,0,3.999311229563318e-05,0
0,2,0.00018176422310681325,0,0.02,0,0.00038255550316534936,0,0.0005478666425643001,0,0.0009567061165277985,0,3.456107879173942e-05,0,3.999311229563318e-05,0
0,5,8.274727916375005e-08,0,0.0,0,0.0001560077944304794,0,2.1519797203480908e-05,0,5.980123081141868e-07,0,3.1497904274147004e-05,0,3.999311229563318e-05,0
0,3,9.510760138803428e-05,0,0.0,0,3.783206193475053e-05,0,5.518000265755818e-05,0,4.5238543886908673e-07,0,3.1761519494466484e-05,0,3.999311229563318e-05,0
0,2,0.0002837571304647309,0,0.0,0,6.123133971414063e-06,0,2.7395018949915094e-05,0,5.771102753890121e-07,0,3.915637353202328e-05,0,4.371804971015081e-05,0
0,2,7.2479007308574375e-06,0,0.0,0,1.486546443629777e-05,0,2.1177977123286696e-05,0,1.6283478138637491e-07,0,3.564761209418066e-05,0,3.999311229563318e-05,0
0,3,0.002905796904935766,0,0.01,0,2.4463819499942474e-05,0,1.9306719072843988e-05,0,8.109150692684844e-06,0,3.3403375709895045e-05,0,4.074555909028277e-05,0
0,5,1.6765295764310078e-08,0,0.0,0,1.5360596080427058e-05,0,2.1523912690549755e-05,0,5.751169319628832e-08,0,3.1497904274147004e-05,0,3.999311229563318e-05,0
0,4,0.0001585975203034057,0,0.03,0,7.837672455934808e-05,0,2.3965379507911508e-05,0,9.946836353579822e-06,0,0.0004656926612369716,0,4.011231430922635e-05,0
0,1,0.05120671050405936,0,0.0,0,0.0006429599598050117,0,0.00014722383183257717,0,0.00016092510258822572,0,2.7022291760658845e-05,0,4.841848203795962e-05,0
0,4,0.6088262143758078,0,0.01,0,0.0001381901529384777,0,4.4493502444435804e-05,0,0.0003515288409247125,0,0.00013025767111685127,0,0.0001440814376110211,0
0,3,0.00619759031593955,0,0.01,0,1.5797799278516322e-05,0,2.967743645186032e-05,0,1.0650569165965003e-05,0,4.710871507995762e-05,0,4.821010952582583e-05,0
0,2,0.02638956846340339,0,0.0,0,6.273586041061208e-05,0,3.7083639585895256e-05,0,4.424799363869323e-05,0,5.420702655101195e-05,0,0.00011982404248556122,0
0,5,0.0028572285472121886,0,0.02,0,1.633496503927745e-05,0,2.960942867622699e-05,0,2.865735340025974e-07,0,4.8562043957645074e-05,0,5.5539290769957006e-05,0
0,2,0.15263668207009273,0,0.03,0,4.934070602757856e-06,0,3.1000083902584114e-05,0,0.00015236230271898848,0,3.448793358984403e-05,0,3.999311229563318e-05,0
0,5,0.43139750194704696,0,0.0,0,3.1100491469260305e-05,0,2.1432773243779635e-05,0,6.42308352767216e-06,0,0.0003497890429571271,0,0.000220704561797902,0
0,5,7.004529461732315e-09,0,0.0,0,6.051964646758279e-06,0,2.151538933553438e-05,0,2.5710081424338118e-08,0,3.1497904274147004e-05,0,3.999311229563318e-05,0
0,4,0.027689131638416832,0,0.0,0,3.1804309401195496e-05,0,1.987257408556847e-05,0,4.974403076150631e-05,0,7.994868064997718e-05,0,3.999311229563318e-05,0
0,1,3.375253440026252e-05,0,0.04,0,8.670850365888327e-05,0,0.0010848934996738333,0,7.93766486394853e-05,0,2.593315912235994e-05,0,4.00303651986178e-05,0
0,5,3.3624661374642366e-06,0,0.0,0,2.4369141101487912e-05,0,2.5482488813829905e-05,0,9.765051595744342e-08,0,3.1497904274147004e-05,0,3.999311229563318e-05,0
0,2,0.022457716094581536,0,0.01,0,8.021742360142525e-06,0,1.9858213243347864e-05,0,1.3719633963105436e-06,0,3.448793358984403e-05,0,4.487266778596677e-05,0
0,3,0.8220838910718339,0,0.0,0,0.001823059981688857,0,0.00031379233042160226,0,0.0010567898121224592,0,7.042389188427478e-05,0,0.00035916012711822987,0
0,4,4.1661813481640115e-06,0,0.0,0,1.2365526345092803e-05,0,2.1293927610125767e-05,0,5.448661078210626e-07,0,7.944804383441806e-05,0,3.999311229563318e-05,0
0,1,2.8715249784354636e-06,0,0.0,0,1.9602416614361573e-06,0,2.4101187386785476e-05,0,2.984729729101286e-08,0,2.593315912235994e-05,0,3.999311229563318e-05,0
0,2,0.006725218063423714,0,0.01,0,2.6255287593812682e-05,0,2.0295188334371124e-05,0,8.513836400973663e-05,0,3.448793358984403e-05,0,3.999311229563318e-05,0
0,4,8.60233178527309e-07,0,0.01,0,7.419561370625161e-06,0,4.176712786277827e-05,0,5.927668558822511e-08,0,7.944804383441806e-05,0,3.999311229563318e-05,0
0,4,0.0028001496853024073,0,0.0,0,3.997438761871308e-05,0,3.759893529694068e-05,0,1.4619266366894693e-06,0,7.944804383441806e-05,0,4.03656049456913e-05,0
0,5,0.0001487131602208179,0,0.0,0,1.2062620044162031e-05,0,2.8036692457242415e-05,0,4.7790013086597725e-05,0,3.496076533338055e-05,0,4.1393690480617806e-05,0
0,5,2.0984367744711653e-05,0,0.0,0,1.8074506442644633e-05,0,5.7112107916623843e-05,0,8.717349038007557e-06,0,3.3250089472858235e-05,0,7.286517939064652e-05,0
0,4,4.273474303292292e-06,0,0.0,0,2.9124935281288344e-06,0,2.1288762116314162e-05,0,2.9216627388471498e-08,0,7.944804383441806e-05,0,3.999311229563318e-05,0
0,1,0.025078223262334033,0,0.0,0,6.873986421851441e-05,0,3.07070999860821e-05,0,4.081099500275258e-05,0,3.00887186313048e-05,0,4.021661152364686e-05,0
0,1,0.00011660298430708393,0,0.0,0,8.983031148090959e-05,0,2.0864402718158316e-05,0,1.1514806327661792e-06,0,2.6448131393408403e-05,0,6.422329897759482e-05,0
0,2,0.06062382000208626,0,0.0,0,2.354017851757817e-05,0,2.338079127628201e-05,0,9.744852431416744e-06,0,3.448793358984403e-05,0,3.999311229563318e-05,0
0,1,0.0001716038646497911,0,0.0,0,1.7517303376735072e-06,0,2.8459007339158503e-05,0,1.672310697350545e-05,0,2.6707397410064004e-05,0,4.531217928160913e-05,0
0,2,1.7889315621385052e-06,0,0.01,0,3.480564146229881e-06,0,2.1172895197198264e-05,0,4.7231046056071546e-08,0,3.448793358984403e-05,0,3.999311229563318e-05,0
0,4,0.9844118567948843,1,0.01,0,7.762799941701815e-05,0,6.552995745844013e-05,0,0.0022294883659826994,0,0.0005887016886845231,0,0.00020405848044902086,0
0,5,0.9381500073689834,0,0.02,0,0.004377805627882481,0,0.0001388691367997232,0,0.10598813257034626,0,0.00019239942776039243,0,9.939940355252475e-05,0
0,5,0.0002800701806465523,0,0.01,0,5.446401337394491e-05,0,2.5218297105987058e-05,0,5.235477465749736e-07,0,3.338155511301011e-05,0,5.042282282374799e-05,0
0,2,0.015280434513333208,0,0.05,0,0.0004109216097276658,0,2.283253314323817e-05,0,1.2663634508548881e-05,0,3.448793358984403e-05,0,3.999311229563318e-05,0
0,5,1.9203177502031353e-06,0,0.0,0,9.281273378292099e-06,0,2.1432981137362375e-05,0,1.056953630669804e-07,0,6.729737651767209e-05,0,4.439589974936098e-05,0
0,4,0.061472221347992455,0,0.01,0,3.6067647215531906e-06,0,0.00015546178286441307,0,5.26594496718546e-05,0,0.0001973651524167508,0,0.00010912870493484661,0
0,5,0.48883225610902636,0,0.01,0,4.6799370466033e-05,0,4.8506838157896576e-05,0,0.00041019118270697007,0,8.581474685342982e-05,0,0.0005197543068788946,0
0,3,7.877378051962608e-07,0,0.0,0,6.097779532865388e-06,0,2.1338323787365654e-05,0,7.245885691004102e-08,0,3.1761519494466484e-05,0,3.999311229563318e-05,0
0,4,0.21106770512542955,0,0.0,0,3.6072546208743006e-05,0,2.914724210883798e-05,0,3.3763749806578075e-05,0,7.948975689942017e-05,0,3.999311229563318e-05,0
0,1,3.957122362002925e-05,0,0.0,0,2.1280522560118698e-05,0,4.86726625660869e-05,0,2.40630866344652e-07,0,2.6335603251936845e-05,0,4.088710556970909e-05,0
0,5,0.08167494431338192,0,0.01,0,7.865420047892258e-05,0,3.1662029507273906e-05,0,1.4992093100460876e-07,0,3.87308064091485e-05,0,7.311810622923076e-05,0
0,4,2.642020094235457e-07,0,0.0,0,0.00016144647088367492,0,3.6049938422293445e-05,0,1.0505494533288314e-06,0,7.944804383441806e-05,0,3.999311229563318e-05,0
0,1,9.875570076593617e-10,0,0.0,0,7.042464403639315e-06,0,2.1226933999163245e-05,0,4.253693323010995e-08,0,2.593315912235994e-05,0,3.999311229563318e-05,0
0,2,2.631778905734788e-08,0,0.02,0,3.5449873394099995e-05,0,2.4976436543063917e-05,0,5.752863985566758e-07,0,3.448793358984403e-05,0,3.999311229563318e-05,0
0,1,8.995505115799527e-07,0,0.0,0,9.793134267965797e-06,0,2.103732576469216e-05,0,3.183606277642216e-09,0,2.593315912235994e-05,0,3.999311229563318e-05,0
0,4,0.00014681761670837888,0,0.01,0,7.860933692427352e-06,0,3.903542531118539e-05,0,4.301490977183003e-06,0,7.944804383441806e-05,0,3.999311229563318e-05,0
0,3,0.009570878633946846,0,0.01,0,3.508198642521165e-05,0,0.0005712310215337832,0,8.407694347499122e-05,0,8.812762825982645e-05,0,4.10137654398568e-05,0
0,5,9.527676479998909e-06,0,0.0,0,5.304135356709594e-06,0,2.1504277380597132e-05,0,7.491809552937191e-08,0,3.1497904274147004e-05,0,3.999311229563318e-05,0
0,2,0.0002987523409039941,0,0.0,0,0.0003768384922295809,0,2.0769945762972607e-05,0,1.6580642671895274e-06,0,3.448793358984403e-05,0,3.999311229563318e-05,0
0,2,0.14588489719819858,0,0.01,0,0.000351958122337237,0,4.1815966135696665e-05,0,0.0006615730403372315,0,3.767538510146551e-05,0,0.00010625816503306851,0
0,3,0.0012161440516241045,0,0.0,0,1.4189292414812371e-05,0,2.099192620719278e-05,0,8.664122645529341e-06,0,3.241578451707028e-05,0,4.211634586681612e-05,0
0,4,5.043508907830473e-05,0,0.0,0,2.0639576177927665e-05,0,3.350267972522402e-05,0,2.4869983617693735e-06,0,7.944804383441806e-05,0,4.019425978185609e-05,0
0,5,0.00927079298675026,0,0.01,0,0.000230250385357067,0,2.9211163548029044e-05,0,6.929689279433798e-07,0,5.046025034971535e-05,0,6.266781565500423e-05,0
0,5,0.0002366881951019839,0,0.0,0,1.3323658095032442e-05,0,2.3019557981289202e-05,0,7.13668665441017e-08,0,3.8658723497064784e-05,0,4.552075915853493e-05,0
0,5,0.194250275672462,0,0.08,0,0.0004004627699032426,0,0.00012775359313331791,0,0.0007934910348138563,0,0.0001718534913379699,0,0.00020410078286658973,0
0,5,0.6848398710355097,0,0.02,0,0.00010559296060819179,0,2.2988251958723014e-05,0,3.153675761411344e-05,0,0.08332028985023499,0,0.02588902786374092,0
0,5,1.1516250527393341e-06,0,0.0,0,2.7751163997891126e-06,0,2.1503977105569287e-05,0,8.847173153393524e-08,0,3.1497904274147004e-05,0,3.999311229563318e-05,0
0,5,0.017488824353159536,0,0.02,0,3.0516806873492897e-05,0,4.120279133308405e-05,0,2.390511519292021e-06,0,3.989490869571455e-05,0,4.076791083207354e-05,0
0,3,0.0002461095168695812,0,0.0,0,2.6929952582577243e-05,0,2.3338865606985587e-05,0,2.3089663325190455e-05,0,3.2166273740585893e-05,0,3.999311229563318e-05,0
0,5,0.9631243269588422,0,0.08,0,0.015271407552063465,0,0.01780199448012119,0,0.015251282384529923,0,0.0071320971474051476,0,0.0010681721614673734,0
0,4,2.230930657243565e-05,0,0.0,0,3.3905696454894496e-06,0,2.0691589488889406e-05,0,1.7724810007751312e-07,0,9.134488936979324e-05,0,5.043732380727306e-05,0
0,3,0.00037318356621127065,0,0.0,0,6.24668100499548e-05,0,2.869797604294886e-05,0,1.3295747963942116e-05,0,3.1761519494466484e-05,0,3.999311229563318e-05,0
0,2,0.05733335306737209,0,0.0,0,8.605397306382656e-05,0,3.6037413907326694e-05,0,1.5953226221412825e-06,0,3.448793358984403e-05,0,4.0037815779214725e-05,0
0,4,1.7488963710086063e-05,0,0.0,0,2.282205423398409e-05,0,6.984484913969946e-05,0,2.5309558770504687e-06,0,7.944804383441806e-05,0,3.999311229563318e-05,0
0,2,0.5718795475528733,0,0.02,0,0.0003372119681444019,0,4.92145202882814e-05,0,0.002535632645545943,0,0.00019832089310511947,0,0.0008845851989462972,0
0,2,1.1130369806222467e-05,0,0.0,0,3.4434906410751864e-05,0,2.1161136804051065e-05,0,3.264840311881062e-07,0,3.448793358984403e-05,0,3.999311229563318e-05,0
0,2,0.4717608758754357,0,0.01,0,0.00011782759247580543,0,0.00034398590413501755,0,0.00029350827856245055,0,0.00012136063742218539,0,5.116016109241173e-05,0
0,4,6.286530869688887e-07,0,0.0,0,2.416837014607154e-05,0,2.0164972101915347e-05,0,6.439845371437248e-06,0,7.944804383441806e-05,0,3.999311229563318e-05,0
0,2,0.8930794751770208,0,0.02,0,0.00034918118035420775,0,0.00010137070477456045,0,0.005116400514752547,0,3.637886038632132e-05,0,4.006761446362361e-05,0
0,2,5.772116831081052e-08,0,0.0,0,2.911707451858092e-05,0,2.1161136804051065e-05,0,1.6006768079950134e-08,0,3.448793358984403e-05,0,3.999311229563318e-05,0
0,4,0.0011699421081979378,0,0.0,0,7.629725587321445e-06,0,5.456560791220072e-05,0,2.4578050983224583e-06,0,7.944804383441806e-05,0,3.999311229563318e-05,0
0,1,0.02496175153992124,0,0.01,0,0.00040824722964316607,0,0.0005262514314665422,0,0.008452442057661583,0,2.9953405828564428e-05,0,4.403087586979382e-05,0
0,4,0.5845643787462541,0,0.07,0,6.127320375526324e-05,0,0.0002910404976511401,0,0.0004129995186556041,0,0.00022252312919590622,0,0.00012246699770912528,0
0,3,0.0015282363131137798,0,0.0,0,0.00010982764069922268,0,2.620054763293538e-05,0,3.570813767056754e-05,0,3.182548243785277e-05,0,3.999311229563318e-05,0
0,4,0.014965660110369506,0,0.06,0,0.0009050945518538356,0,0.0011063122982887831,0,0.002838654718025063,0,0.00016750865324866027,0,7.808196824043989e-05,0
0,3,0.0015573981049694934,0,0.0,0,0.00010663508874131367,0,5.940727383924952e-05,0,1.8999616185692507e-06,0,3.201959407306276e-05,0,3.999311229563318e-05,0
0,3,1.6220982496038598e-05,0,0.0,0,4.0161579818231985e-05,0,4.20130692875918e-05,0,1.6645649322564986e-05,0,3.1761519494466484e-05,0,4.083494786755182e-05,0
0,4,2.236779477413929e-09,0,0.0,0,2.495421085768612e-06,0,2.477527769208059e-05,0,8.155774097442835e-08,0,7.944804383441806e-05,0,3.999311229563318e-05,0
0,4,0.010320926808424122,0,0.01,0,0.0003003041201736778,0,7.663565154115592e-05,0,0.00010426942364160853,0,8.30057033454068e-05,0,5.1145390898454934e-05,0
0,2,0.00018319083441666598,0,0.0,0,2.0592074179148767e-06,0,2.034214317615424e-05,0,3.228492248209903e-07,0,3.448793358984403e-05,0,3.999311229563318e-05,0
0,1,0.002811576970303449,0,0.0,0,8.66987738845637e-06,0,3.137360143000906e-05,0,8.760882297294225e-05,0,2.5999670469900593e-05,0,3.999311229563318e-05,0
0,3,2.1551410482757903e-05,0,0.0,0,3.869094143738039e-06,0,2.1302618894814873e-05,0,7.057590113762278e-08,0,3.1761519494466484e-05,0,3.999311229563318e-05,0
0,3,0.06035698568101994,0,0.01,0,4.599360181600787e-05,0,4.683501026111519e-05,0,0.0001626887226981473,0,3.407537951716222e-05,0,4.482051735976711e-05,0
0,5,0.7838439384738787,0,0.01,0,3.862285302602686e-05,0,2.1130954529915327e-05,0,6.353377370567115e-05,0,3.992418714915402e-05,0,3.999311229563318e-05,0
0,4,0.0018094207108754691,0,0.01,0,1.3660051990882494e-05,0,2.8307567369585872e-05,0,1.911428497540941e-05,0,7.944804383441806e-05,0,3.999311229563318e-05,0
0,2,1.1554059881532885e-05,0,0.0,0,1.7005180779960938e-05,0,2.0072287010029435e-05,0,1.266009823660679e-07,0,3.448793358984403e-05,0,3.999311229563318e-05,0
0,5,0.9696830618815596,0,0.03,0,0.004507243633270264,0,0.0002397402227768311,0,0.06490484275293391,0,0.0006307780276983976,0,0.00024939634022302926,0
0,2,0.0038455141671798186,0,0.0,0,0.0001286525948671624,0,4.5686336268326555e-05,0,4.82928847151195e-06,0,3.489534719847143e-05,0,3.999311229563318e-05,0
0,4,0.0001260215826735652,0,0.01,0,4.691635331255384e-05,0,3.273777132633788e-05,0,1.661564746576747e-06,0,0.00011016344797099009,0,4.0350714698433876e-05,0
0,2,0.054268514513207466,0,0.02,0,9.941089956555516e-05,0,2.0260721764247008e-05,0,6.117730057180419e-06,0,3.448793358984403e-05,0,3.999311229563318e-05,0
0,4,0.17107434891307968,0,0.03,0,0.00013850412506144494,0,6.438836667178847e-05,0,5.062235313477991e-05,0,0.00019331369549036026,0,4.282407462596893e-05,0
0,2,0.00015244768694302842,0,0.0,0,5.720976332668215e-06,0,2.0080624812095943e-05,0,7.231075098238005e-07,0,3.448793358984403e-05,0,3.999311229563318e-05,0
0,3,0.0375514421938234,0,0.02,0,0.0002783128584269434,0,5.516620201380031e-05,0,9.189678853506e-05,0,3.1775929528521374e-05,0,4.186303704045713e-05,0
0,2,5.079619459598116e-07,0,0.0,0,1.953834726009518e-05,0,3.5335974747963354e-05,0,2.584277904140084e-07,0,3.448793358984403e-05,0,3.999311229563318e-05,0
0,4,0.0011542700981981907,0,0.01,0,2.9274271582835354e-05,0,3.653864230655825e-05,0,3.5197838799473397e-06,0,9.221272193826735e-05,0,4.041775900986977e-05,0
0,1,0.018067795543941344,0,0.02,0,6.621592910960317e-05,0,8.894247603247474e-05,0,0.002765872196783053,0,2.6226458430755883e-05,0,3.999311229563318e-05,0
0,5,0.00030573209204960244,0,0.01,0,8.022046677069739e-05,0,3.0329249447676684e-05,0,1.0189293443911507e-06,0,3.1497904274147004e-05,0,4.0350714698433876e-05,0
0,2,4.317746838401809e-05,0,0.0,0,6.796710295020603e-06,0,2.1161136804051065e-05,0,2.9487942580485815e-07,0,3.448793358984403e-05,0,3.999311229563318e-05,0
0,2,0.00015868095826919286,0,0.01,0,6.448702333727852e-05,0,4.252782590843491e-05,0,5.813298117960557e-05,0,3.556850424502045e-05,0,4.210888801026158e-05,0
0,2,0.11231690806456641,0,0.0,0,3.897360875271261e-05,0,2.096469272476591e-05,0,5.569167753593683e-06,0,3.448793358984403e-05,0,4.315182741265744e-05,0
0,1,4.043254208807644e-07,0,0.0,0,2.42985479417257e-05,0,2.104463957930382e-05,0,2.378019792396494e-08,0,2.593315912235994e-05,0,3.999311229563318e-05,0
0,1,0.0009437145079286993,0,0.0,0,6.225896413525334e-06,0,2.8408205201142316e-05,0,3.5225635692243124e-05,0,3.2777425076346844e-05,0,4.0015460399445146e-05,0
0,1,0.055332593321150245,0,0.02,0,5.236200740910135e-05,0,8.044280791471066e-05,0,0.0014370389937486945,0,3.0712104489794e-05,0,4.002291098004207e-05,0
0,1,0.6597080084200951,0,0.02,0,0.0011595854302868247,0,9.032333830082868e-05,0,0.0030820650814631007,0,0.00016678655811119825,0,0.00016739172860980034,0
0,1,0.00828766940403855,0,0.0,0,1.1271415132796392e-05,0,2.0970791145918228e-05,0,8.973539861607418e-06,0,2.593315912235994e-05,0,3.999311229563318e-05,0
0,1,1.0715429851636195e-05,0,0.03,0,0.000510186655446887,0,0.00010728606879594799,0,8.889745863355117e-06,0,2.593315912235994e-05,0,3.999311229563318e-05,0
0,1,4.198559619822014e-05,0,0.0,0,8.418141987931449e-06,0,2.1012764141856e-05,0,2.808565778625216e-08,0,2.593315912235994e-05,0,3.999311229563318e-05,0
0,5,0.20644198525622465,0,0.0,0,3.59446021320764e-05,0,2.5254174605060102e-05,0,3.1245775033568414e-05,0,3.742417902685702e-05,0,5.6672593927942216e-05,0
0,3,0.013853768627274317,0,0.02,0,1.9549584976630285e-05,0,0.00010465153075669724,0,5.8133386774507164e-05,0,3.8948444853303954e-05,0,5.832571332575753e-05,0
0,3,1.5232487532660982e-06,0,0.0,0,3.4658046388358343e-06,0,2.132025161067769e-05,0,1.2639581973678327e-07,0,3.1761519494466484e-05,0,3.999311229563318e-05,0
0,5,8.304832108613542e-08,0,0.0,0,8.007303404156119e-05,0,2.150337023339064e-05,0,9.292289441301082e-07,0,3.1497904274147004e-05,0,3.999311229563318e-05,0
0,5,3.717957312666429e-05,0,0.0,0,1.6129301002365537e-05,0,2.921537029555139e-05,0,5.099185482486547e-07,0,3.1497904274147004e-05,0,3.999311229563318e-05,0
0,5,6.470238600855986e-07,0,0.0,0,5.830062946188264e-06,0,2.1377375944368388e-05,0,7.874904068976636e-07,0,3.1497904274147004e-05,0,3.999311229563318e-05,0
0,4,0.00019410047231433687,0,0.0,0,2.2526726752403192e-05,0,8.242984266796218e-05,0,4.602448378218121e-06,0,7.958512287586927e-05,0,3.999311229563318e-05,0
0,3,0.014232946424355046,0,0.0,0,1.5471430742763914e-05,0,4.927174354347226e-05,0,0.00011853063554008743,0,3.271428795414977e-05,0,3.999311229563318e-05,0
0,1,0.006194458927095791,0,0.01,0,1.5231411452987231e-05,0,2.0460695825618394e-05,0,6.493389732884626e-05,0,3.024617581104394e-05,0,3.999311229563318e-05,0
0,4,4.198153304594863e-05,0,0.0,0,1.3635049981530756e-05,0,2.1141539869110428e-05,0,5.109721082544449e-07,0,7.944804383441806e-05,0,3.999311229563318e-05,0
0,1,5.871464407446943e-05,0,0.04,0,6.708527507726103e-05,0,4.506632088195052e-05,0,2.6549420375812723e-07,0,2.5956042009056546e-05,0,3.999311229563318e-05,0
0,4,0.002735403404584269,0,0.0,0,1.5017213627288584e-05,0,3.634087273128699e-05,0,0.00011259517969810242,0,7.944804383441806e-05,0,3.999311229563318e-05,0
0,1,4.814128355399984e-05,0,0.01,0,0.00014138169353827834,0,0.00013395565547587334,0,9.18437363055937e-06,0,2.626590503496118e-05,0,4.648922185879201e-05,0
0,3,0.003630674131165254,0,0.0,0,6.538740126416087e-05,0,2.1392375465103945e-05,0,8.992047110976952e-06,0,3.1761519494466484e-05,0,4.253353472449817e-05,0
0,3,6.868991778126637e-06,0,0.0,0,5.3468579608306754e-06,0,2.92863476228757e-05,0,3.038582873771676e-07,0,3.1761519494466484e-05,0,3.999311229563318e-05,0
0,4,5.980592404650181e-05,0,0.02,0,4.225216980557889e-05,0,4.01066702532197e-05,0,8.853167847685236e-07,0,8.585942850913852e-05,0,3.999311229563318e-05,0
0,3,0.0003421571462709455,0,0.0,0,7.357484719250351e-06,0,2.1513247834113894e-05,0,3.526174160842981e-08,0,3.1761519494466484e-05,0,3.999311229563318e-05,0
0,5,0.1337546347357877,0,0.01,0,0.00010865067451959476,0,2.530345470767045e-05,0,7.64805015880904e-05,0,3.358692265464924e-05,0,3.999311229563318e-05,0
0,1,0.003485110243759938,0,0.0,0,1.8431495618642657e-06,0,2.085986763121323e-05,0,1.227191387576771e-06,0,2.593315912235994e-05,0,3.999311229563318e-05,0
0,3,0.6873017935650407,0,0.02,0,0.0007753456011414528,0,0.0002052296426350492,0,0.00026540184346432455,0,0.0001475267781643197,0,7.521329825976864e-05,0
0,4,0.0035711992846916446,0,0.02,0,8.580298162996769e-05,0,5.9872527673787944e-05,0,0.0003784686960507356,0,0.0001458426413591951,0,4.8135560064110905e-05,0
0,3,0.9711300135899419,1,0.05,0,0.00753104267641902,0,0.0011374641831749862,0,0.001629199579081493,0,0.05634639412164688,0,0.014656038023531437,0
0,1,1.7838223239114974e-06,0,0.0,0,4.523365987552097e-06,0,2.1049761334314038e-05,0,4.031697436444742e-09,0,2.593315912235994e-05,0,3.999311229563318e-05,0
0,5,0.005786880966384161,0,0.0,0,0.00012772518675774336,0,3.6580835240171445e-05,0,1.624712556844489e-05,0,3.8601356209255755e-05,0,4.397127122501843e-05,0
0,4,5.565286382730265e-05,0,0.0,0,7.316240953514352e-05,0,3.228557221126117e-05,0,6.2811875050165e-06,0,7.944804383441806e-05,0,3.999311229563318e-05,0
0,1,0.00025180543159471637,0,0.0,0,2.1142261175555177e-05,0,2.1048530043281936e-05,0,3.288900048983261e-07,0,2.593315912235994e-05,0,3.999311229563318e-05,0
0,2,0.09859412214915177,0,0.02,0,0.0008129113703034818,0,0.00038999930716142615,0,0.00028369876721150454,0,3.448793358984403e-05,0,4.0797702240524814e-05,0
0,3,0.4800132601364369,0,0.04,0,0.00015014044765848666,0,0.0001681599583156631,0,0.0015297634960570788,0,4.391477341414429e-05,0,7.916973117971793e-05,0
0,2,0.07311992366687106,0,0.01,0,0.004202365409582853,0,0.00018523634750105373,0,0.0035548049118836467,0,0.00011814355821115896,0,0.00019165087724104524,0
0,3,0.0004594959627260954,0,0.01,0,0.0002282540954183787,0,3.9381058404065765e-05,0,8.084474968650199e-05,0,3.1761519494466484e-05,0,3.999311229563318e-05,0
0,2,2.3767919065352057e-06,0,0.0,0,2.052402669505682e-05,0,2.116602284313824e-05,0,7.023725485890897e-08,0,3.448793358984403e-05,0,3.999311229563318e-05,0
0,4,0.011386121572987835,0,0.0,0,7.285676838364452e-05,0,5.20377692536214e-05,0,1.3266929981435744e-05,0,7.944804383441806e-05,0,3.999311229563318e-05,0
0,4,0.0018658297550536568,0,0.0,0,4.247130618750816e-06,0,2.6346214849754546e-05,0,1.3375091354330183e-07,0,7.944804383441806e-05,0,3.999311229563318e-05,0
0,3,5.867671332700321e-05,0,0.0,0,8.119984158838633e-06,0,2.1520188499976933e-05,0,5.212027891850365e-07,0,3.1761519494466484e-05,0,3.999311229563318e-05,0
0,2,3.409046935637507e-06,0,0.0,0,1.234587216458749e-05,0,2.1161136804051065e-05,0,9.074039484481337e-08,0,3.448793358984403e-05,0,3.999311229563318e-05,0
0,3,0.0031527887314061107,0,0.0,0,4.156200520810671e-05,0,2.157434950953817e-05,0,1.0787452487404657e-05,0,3.1761519494466484e-05,0,4.020915730507113e-05,0
0,1,4.3140842380152136e-07,0,0.0,0,2.646637767611537e-05,0,3.6028100478718575e-05,0,2.5641028575777088e-08,0,2.593315912235994e-05,0,3.999311229563318e-05,0
0,3,0.31100847239026724,0,0.0,0,5.502817657543346e-06,0,2.5515796357329515e-05,0,9.158735002095587e-07,0,3.1761519494466484e-05,0,3.999311229563318e-05,0
0,3,0.9143139813764495,0,0.01,0,0.0003273463808000088,0,4.61407078339157e-05,0,3.6153272892093516e-05,0,0.00029397220350801945,0,0.0001732266100589186,0
0,3,0.10826254481104586,0,0.03,0,0.005400300491601229,0,0.0005319647901387391,0,0.005913152547124048,0,0.00010856730659725145,0,4.682448343373835e-05,0
0,5,0.00018294467770121631,0,0.01,0,2.5819223083090037e-05,0,2.5274990571094415e-05,0,1.5493048228727067e-07,0,3.2061885576695204e-05,0,4.178108065389097e-05,0
0,2,5.850674537583202e-06,0,0.0,0,2.1217983885435387e-05,0,2.06270378665022e-05,0,1.6332823524321319e-06,0,3.448793358984403e-05,0,3.999311229563318e-05,0
0,3,7.293177444190562e-06,0,0.0,0,2.057958909063018e-06,0,2.151799894252783e-05,0,6.630346778227558e-08,0,3.1761519494466484e-05,0,3.999311229563318e-05,0
0,4,8.798390417675335e-05,0,0.0,0,3.3745279779395787e-06,0,1.9836167706202683e-05,0,4.463587016602428e-07,0,7.944804383441806e-05,0,3.999311229563318e-05,0
0,3,0.0010663399949147822,0,0.0,0,1.3859704267815687e-05,0,2.8683357583624694e-05,0,8.32780945236158e-06,0,3.389392077224329e-05,0,4.046990943606943e-05,0
0,4,0.00033314850043449854,0,0.01,0,2.989272070408333e-05,0,2.481037798701141e-05,0,3.6812243150417515e-07,0,7.944804383441806e-05,0,3.999311229563318e-05,0
0,1,0.0018925055039486257,0,0.01,0,1.2987606169190258e-05,0,4.5966666733336076e-05,0,1.9423192689066285e-06,0,2.593315912235994e-05,0,3.999311229563318e-05,0
0,2,0.002787321360961102,0,0.01,0,0.00028276664670556784,0,5.737664131103041e-05,0,4.1742991059908715e-05,0,5.3722422308055684e-05,0,3.999311229563318e-05,0
0,2,0.009169399947148079,0,0.01,0,5.5960270401556045e-05,0,2.0280012834026467e-05,0,5.19683315621691e-05,0,3.448793358984403e-05,0,3.999311229563318e-05,0
0,3,1.81816029480391e-05,0,0.02,0,7.669367914786562e-05,0,2.293601191383432e-05,0,8.159157117798267e-06,0,3.4225417039124295e-05,0,5.024352140026167e-05,0
0,3,1.819422518793699e-08,0,0.0,0,8.373304808628745e-06,0,2.1494593954012148e-05,0,2.795453530388201e-07,0,3.1761519494466484e-05,0,3.999311229563318e-05,0
0,1,0.002964599442936709,0,0.0,0,5.296159088175045e-06,0,2.1026994253305793e-05,0,4.023760039728573e-08,0,2.593315912235994e-05,0,3.999311229563318e-05,0
0,5,0.0011215820253681057,0,0.01,0,1.4899809684720822e-05,0,2.143437328903687e-05,0,4.277262727649602e-07,0,3.151624332531355e-05,0,3.999311229563318e-05,0
0,4,5.196000602976831e-05,0,0.0,0,2.9183123842813075e-05,0,5.295128195943771e-05,0,3.612595465280762e-07,0,7.944804383441806e-05,0,3.999311229563318e-05,0
0,3,0.04505150763307549,0,0.01,0,9.955196583177894e-05,0,6.68552747406069e-05,0,9.774661069172785e-05,0,0.00016408645024057478,0,5.3566058340948075e-05,0
0,2,1.234903059151931e-06,0,0.0,0,6.896207651152508e-06,0,2.1151059155312113e-05,0,5.5140586904046574e-08,0,3.448793358984403e-05,0,3.999311229563318e-05,0
0,4,0.07433455229760758,0,0.0,0,3.4950953704537824e-05,0,2.3976516386154593e-05,0,9.900692671360672e-06,0,7.970431761350483e-05,0,3.999311229563318e-05,0
0,1,0.8163273048694911,0,0.03,0,9.273841715184972e-05,0,0.00031578910803860304,0,0.034940836643038084,0,0.00011632742098299786,0,4.276448453310877e-05,0
0,5,0.3812691400252198,0,0.03,0,0.0006169572006911039,0,0.00014294317041727386,0,0.010356714526445567,0,4.546463969745673e-05,0,0.00012970126408617944,0
0,2,0.00027617404985695685,0,0.02,0,5.370390135794878e-05,0,1.9135846324041863e-05,0,4.5008858322949757e-05,0,3.448793358984403e-05,0,3.999311229563318e-05,0
0,5,0.0006275306422719606,0,0.0,0,1.9558274289011024e-06,0,2.14000048683454e-05,0,5.381239929162617e-07,0,3.847349944408052e-05,0,4.045501191285439e-05,0
0,1,5.144054079902423e-06,0,0.0,0,6.211491381691303e-06,0,3.417008948680412e-05,0,3.6920387539896885e-08,0,2.593315912235994e-05,0,3.999311229563318e-05,0
0,1,0.07800212833116894,0,0.0,0,7.83976647653617e-05,0,3.2282393666013755e-05,0,0.0001854188828095177,0,0.00017144210869446397,0,4.5818793296348304e-05,0
0,4,0.01103005204962278,0,0.0,0,3.1187510103336535e-06,0,2.409253277795173e-05,0,9.963629760331473e-06,0,8.25442184577696e-05,0,5.088420584797859e-05,0
0,1,0.005574411750519131,0,0.0,0,1.7127749742940068e-05,0,3.924025690505033e-05,0,0.00023972992891501952,0,2.593315912235994e-05,0,3.999311229563318e-05,0
0,2,9.019340496619566e-07,0,0.0,0,6.254512845771387e-05,0,2.1172206372709533e-05,0,4.686792808280298e-07,0,3.448793358984403e-05,0,3.999311229563318e-05,0
0,2,1.2930391828134472e-09,0,0.0,0,8.404954314755742e-06,0,2.1161909112662246e-05,0,1.0434381097866938e-08,0,3.448793358984403e-05,0,3.999311229563318e-05,0
0,1,3.173318336048754e-06,0,0.0,0,1.1105106750619598e-05,0,3.006372465400198e-05,0,1.0625652037710188e-06,0,2.593315912235994e-05,0,3.999311229563318e-05,0
0,2,0.0005963251758857816,0,0.02,0,1.6857406080816872e-05,0,3.430395459003485e-05,0,1.469884471718557e-06,0,3.6214823921909556e-05,0,3.999311229563318e-05,0
0,3,0.004950728086758077,0,0.0,0,3.957619264838286e-05,0,4.274321406545427e-05,0,4.215365916960803e-05,0,5.086359669803642e-05,0,6.921017484273762e-05,0
0,4,0.19051055414218102,0,0.01,0,0.0003117229789495468,0,0.000498702013963393,0,0.0004357205299859001,0,0.00020142970606684685,0,0.0001564026460982859,0
0,4,0.0011399751086945153,0,0.0,0,0.000205258431378752,0,3.218545930285582e-05,0,2.936717023363542e-06,0,8.318011532537639e-05,0,3.999311229563318e-05,0
0,5,9.92664576719772e-05,0,0.01,0,8.774148227530532e-06,0,2.9735475924236082e-05,0,4.381558795522727e-06,0,3.1828716601012275e-05,0,5.952578067081049e-05,0
0,5,1.6893774749369116e-05,0,0.0,0,8.449727829429321e-06,0,2.1509098621940926e-05,0,1.8846207258210356e-08,0,3.1497904274147004e-05,0,3.999311229563318e-05,0
0,1,0.009318536770730638,0,0.02,0,5.2379989938344806e-05,0,0.00012181790968291315,0,3.7392214792817955e-05,0,0.00010232070053461939,0,0.00012208218686282635,0
0,4,4.346061130064151e-07,0,0.0,0,1.5314477423089556e-05,0,2.5392689419065456e-05,0,1.2251509193888164e-06,0,7.944804383441806e-05,0,3.999311229563318e-05,0
0,2,2.1797481472808527e-06,0,0.0,0,9.571754162607249e-06,0,2.1150287242664176e-05,0,2.509590613879295e-07,0,3.448793358984403e-05,0,3.999311229563318e-05,0
0,5,1.2855190307107654e-07,0,0.01,0,0.00030360373784787953,0,2.3027082359520217e-05,0,1.0162642346028578e-05,0,3.2566484151175246e-05,0,4.044755405629985e-05,0
0,4,0.03805806569935614,0,0.01,0,0.0005152861122041941,0,0.0001923858095002439,0,9.041747123518046e-05,0,0.00010051840945379809,0,4.3524352804524824e-05,0
0,1,1.1521563170724804e-05,0,0.0,0,4.440536486072233e-06,0,2.1447011152153914e-05,0,9.925858812342149e-08,0,2.593315912235994e-05,0,3.999311229563318e-05,0
0,3,0.00098730769406944,0,0.0,0,5.501540726982057e-05,0,3.164583825648313e-05,0,4.6601866096054483e-07,0,3.1761519494466484e-05,0,3.999311229563318e-05,0
0,2,3.373842327604649e-05,0,0.02,0,7.067598926369101e-05,0,1.7183807404144863e-05,0,3.4246049841745414e-06,0,3.448793358984403e-05,0,3.999311229563318e-05,0
0,2,7.299026681133437e-08,0,0.0,0,3.051662861253135e-05,0,2.0673601887632935e-05,0,1.13307930157077e-06,0,3.448793358984403e-05,0,3.999311229563318e-05,0
0,2,0.0012586582218154414,0,0.0,0,9.480379958404228e-06,0,2.0345145941132364e-05,0,2.136258486496817e-06,0,3.881860538967885e-05,0,3.999311229563318e-05,0
0,2,3.768379544067549e-05,0,0.0,0,5.858606891706586e-05,0,2.1177977123286696e-05,0,4.024018592788674e-08,0,3.448793358984403e-05,0,3.999311229563318e-05,0
0,2,5.919353315884943e-07,0,0.0,0,2.630011658766307e-05,0,2.4715442952625713e-05,0,5.116648031030347e-06,0,3.448793358984403e-05,0,3.999311229563318e-05,0
0,4,0.20120659556781784,0,0.04,0,5.258945020614192e-05,0,0.00022726641456963703,0,0.0032781012299751156,0,8.959686965681612e-05,0,4.172893750364892e-05,0
0,4,0.00012842310806270195,0,0.0,0,8.00882298790384e-06,0,3.638960110008035e-05,0,3.5653574480196507e-06,0,7.944804383441806e-05,0,3.999311229563318e-05,0
0,2,0.0039777759539741595,0,0.02,0,6.873543043184327e-06,0,2.8372253337417666e-05,0,9.172805420367266e-05,0,3.771460251300596e-05,0,4.0447561332257465e-05,0
0,4,2.287551380749925e-05,0,0.0,0,1.1347579857101664e-05,0,2.5603396424229332e-05,0,7.809323605595863e-08,0,7.944804383441806e-05,0,3.999311229563318e-05,0
0,1,0.008657340883545115,0,0.0,0,9.190568380290642e-05,0,7.06082978115769e-05,0,1.5171892255763382e-06,0,2.7523818062036298e-05,0,4.398620149004273e-05,0
0,5,0.9607146879719205,0,0.02,0,0.00012510729720816016,0,4.6463030643615906e-05,0,0.0022358433570640367,0,0.0004677765828091651,0,0.00010395681601949036,0
0,1,0.0017316076406910523,0,0.01,0,8.386973786400631e-05,0,0.00018006651166087482,0,0.0028774493001945496,0,2.6029831133200787e-05,0,4.067105692229234e-05,0
0,5,1.4467247767004043e-06,0,0.0,0,3.2433614251203835e-05,0,2.15236080936978e-05,0,2.0673496569091039e-07,0,3.1497904274147004e-05,0,3.999311229563318e-05,0
0,4,3.2585793241488115e-08,0,0.01,0,6.650417344644666e-05,0,0.0001554335335775879,0,1.2420807123141927e-05,0,0.00013795134145766497,0,4.729393549496308e-05,0
0,5,0.016310237897159255,0,0.0,0,8.887358490028419e-06,0,1.9822222252876748e-05,0,2.3965305917462737e-07,0,3.1497904274147004e-05,0,3.999311229563318e-05,0
0,5,1.0400462781366122e-06,0,0.0,0,8.567008080717642e-06,0,2.575181685452009e-05,0,6.716534263949073e-08,0,3.1497904274147004e-05,0,3.999311229563318e-05,0
0,4,0.0002617393683891229,0,0.0,0,6.6853872340288945e-06,0,2.7353011362981388e-05,0,4.48546862845322e-06,0,7.944804383441806e-05,0,3.999311229563318e-05,0
0,4,0.00018157337370089513,0,0.01,0,2.0752864656969905e-05,0,2.928286121214025e-05,0,3.623281364597125e-07,0,7.944804383441806e-05,0,3.999311229563318e-05,0
0,2,0.00010904054392947228,0,0.0,0,4.157270450377837e-05,0,2.1161909112662246e-05,0,3.7880945304327747e-07,0,3.448793358984403e-05,0,3.999311229563318e-05,0
0,3,6.031660733278668e-05,0,0.0,0,1.8504306353861466e-05,0,2.1412956310458967e-05,0,2.767751010209504e-07,0,3.1761519494466484e-05,0,3.999311229563318e-05,0
0,2,2.8170293891314974e-05,0,0.01,0,9.423660958418623e-05,0,2.2686917891433806e-05,0,5.864414108783325e-07,0,3.448793358984403e-05,0,3.999311229563318e-05,0
0,1,0.16267384755490755,0,0.01,0,9.429111742065288e-06,0,2.249531828805401e-05,0,0.0001154367242798669,0,2.5949340852093883e-05,0,4.0253857150673866e-05,0
0,2,0.2149225630565402,0,0.0,0,9.336193033959717e-05,0,3.5086173093113704e-05,0,0.0005570634425161733,0,3.448793358984403e-05,0,3.999311229563318e-05,0
0,1,0.7835507230742046,0,0.02,0,0.0003135638253297657,0,0.00015916135142366995,0,0.0013091337058476337,0,3.9544636820210144e-05,0,4.1937531932489946e-05,0
0,2,0.01524884527387429,0,0.0,0,3.7483001506188884e-05,0,3.1158728428599946e-05,0,9.137663554650915e-05,0,3.448793358984403e-05,0,3.999311229563318e-05,0
0,3,0.9185315801218993,0,0.01,0,0.00028366828337311745,0,5.5538380103927055e-05,0,0.0019630414667036597,0,0.00010663519060472026,0,0.00011145797907374799,0
0,5,3.002743454189781e-07,0,0.0,0,3.089091842412017e-05,0,2.165393894035113e-05,0,7.151747597879825e-07,0,3.1497904274147004e-05,0,3.999311229563318e-05,0
0,1,0.0017275200080474388,0,0.0,0,7.259746053023264e-05,0,3.2758424279189486e-05,0,5.746349215318327e-07,0,2.593315912235994e-05,0,3.999311229563318e-05,0
0,1,2.4482225945625457e-05,0,0.0,0,0.00022411273675970733,0,4.111568770719034e-05,0,5.064076339820385e-06,0,2.6066549253300764e-05,0,3.999311229563318e-05,0
0,2,0.18704790565382118,0,0.01,0,4.188652746961452e-05,0,2.9358241878135636e-05,0,0.00033438491657892904,0,3.7194116885075346e-05,0,5.392369348555803e-05,0
0,5,5.127968832915822e-05,0,0.01,0,0.00010448786633787677,0,3.0032674032246158e-05,0,3.7247923013442124e-06,0,3.1497904274147004e-05,0,3.999311229563318e-05,0
0,5,6.247075107561143e-06,0,0.0,0,2.992300687765237e-05,0,2.1557381093810707e-05,0,5.791541306300651e-07,0,3.1497904274147004e-05,0,3.999311229563318e-05,0
0,4,0.0035875891622440216,0,0.0,0,0.00013081345241516829,0,4.5859188304321865e-05,0,4.061544959791175e-06,0,7.944804383441806e-05,0,3.999311229563318e-05,0
0,1,4.1114265594455745e-08,0,0.0,0,4.530143542069709e-06,0,2.955848571451869e-05,0,4.7302275314139606e-08,0,2.593315912235994e-05,0,3.999311229563318e-05,0
0,3,2.477551016718233e-06,0,0.02,0,0.00013453478459268808,0,0.00010636346107322575,0,4.106846879423581e-06,0,3.1761519494466484e-05,0,3.999311229563318e-05,0
0,5,1.0841633990198452e-08,0,0.0,0,1.7250564269488677e-05,0,2.443043323055169e-05,0,9.072270726890038e-08,0,3.1497904274147004e-05,0,3.999311229563318e-05,0
0,2,0.0016598352277901404,0,0.01,0,3.0455636078841053e-05,0,3.533764459714074e-05,0,1.1451578037155468e-07,0,3.49755646311678e-05,0,3.999311229563318e-05,0
0,1,0.0006062427649035448,0,0.0,0,1.486485325585818e-05,0,3.639356385165054e-05,0,1.7384122065201409e-06,0,2.5952122086891904e-05,0,4.4731183152180165e-05,0
0,2,0.02227860544517399,0,0.0,0,9.662763659434859e-06,0,2.2836713111065908e-05,0,1.8814108218941597e-05,0,3.448793358984403e-05,0,3.999311229563318e-05,0
0,3,1.2390027845641494e-06,0,0.0,0,1.0528628081374336e-05,0,2.1338323787365654e-05,0,1.128483990307313e-07,0,3.1761519494466484e-05,0,3.999311229563318e-05,0
0,5,0.002550930200062925,0,0.01,0,0.0002664003986865282,0,9.49020079352213e-05,0,0.0013330937980375055,0,5.7045264838961884e-05,0,3.999311229563318e-05,0
0,2,0.5140909611662107,0,0.02,0,0.0001291255175601691,0,3.3862846279838655e-05,0,0.0004578662376213646,0,4.9020498408935964e-05,0,5.3327999921748415e-05,0
0,5,1.3185798258120092e-07,0,0.0,0,4.663495474233059e-06,0,2.151085399361404e-05,0,6.02652095166003e-08,0,3.1497904274147004e-05,0,3.999311229563318e-05,0
0,3,0.0003150039641168754,0,0.0,0,0.00011167299089720473,0,2.4282423869620984e-05,0,1.3467325916641406e-05,0,3.325102443341166e-05,0,3.999311229563318e-05,0
0,3,0.024813580517165305,0,0.0,0,4.045468085678294e-05,0,4.735298104001849e-05,0,5.551734708856302e-06,0,3.2414514862466604e-05,0,3.999311229563318e-05,0
0,2,0.01962603973293735,0,0.0,0,0.0011412552557885647,0,5.5304230393291845e-05,0,4.0498589727665685e-05,0,7.250413182191551e-05,0,4.674272349802777e-05,0
0,4,6.568861553458763e-06,0,0.0,0,7.264358373504365e-06,0,2.036057964337697e-05,0,2.1737994748118004e-07,0,7.951360021252185e-05,0,3.999311229563318e-05,0
0,2,2.126448113860465e-05,0,0.0,0,0.0001753809629008174,0,4.067971985745358e-05,0,1.983706024763845e-05,0,5.232777039054781e-05,0,5.031842738389969e-05,0
0,1,0.0008369112711949001,0,0.0,0,5.115003659739159e-05,0,2.7873614973270074e-05,0,1.4870950809142879e-05,0,2.607776150398422e-05,0,3.999311229563318e-05,0
0,5,0.0014497832525667796,0,0.0,0,6.159101758385077e-05,0,2.3859595762520368e-05,0,9.410668108046556e-06,0,3.1497904274147004e-05,0,3.999311229563318e-05,0
0,4,0.012142533734845756,0,0.0,0,8.30973731353879e-05,0,5.163125931018098e-05,0,5.210001160709229e-05,0,8.305226219817996e-05,0,5.0832502893172204e-05,0
0,2,0.5445782924656206,0,0.02,0,0.0009412609506398439,0,0.002966859537788488,0,0.024379596236147997,0,0.00018543400801718235,0,4.0343260479858145e-05,0
0,3,1.2551953697483e-06,0,0.0,0,2.1350773749873042e-05,0,2.4881433107547898e-05,0,1.7189030184859497e-06,0,3.1761519494466484e-05,0,3.999311229563318e-05,0
0,3,7.854228099538369e-06,0,0.01,0,2.8725614811264677e-06,0,2.099846476815338e-05,0,4.941252728411391e-08,0,3.1761519494466484e-05,0,3.999311229563318e-05,0
0,1,1.0626017309002596e-05,0,0.0,0,8.743868420424405e-06,0,2.060892204797147e-05,0,1.310726573178135e-08,0,2.593315912235994e-05,0,3.999311229563318e-05,0
0,1,1.2442676770915043e-05,0,0.0,0,1.2709470865956973e-05,0,2.1050121213526494e-05,0,7.260439298376406e-08,0,2.593315912235994e-05,0,3.999311229563318e-05,0
0,2,0.007766133990571068,0,0.0,0,7.416027074214071e-05,0,4.6379861449007354e-05,0,0.004651846161860912,0,3.448793358984403e-05,0,3.999311229563318e-05,0
0,2,0.0017660366737535468,0,0.0,0,2.948651490441989e-05,0,4.100655527119941e-05,0,4.6372141662742025e-06,0,4.0026996430242434e-05,0,3.999311229563318e-05,0
0,5,9.612841230269005e-08,0,0.0,0,3.358801404829137e-05,0,2.1507271847093477e-05,0,2.659976112437e-07,0,3.1497904274147004e-05,0,3.999311229563318e-05,0
0,1,0.0007341601649773983,0,0.0,0,3.934288542950526e-05,0,9.478849477706571e-05,0,6.0591117893685153e-05,0,2.7618149033514783e-05,0,3.999311229563318e-05,0
0,5,0.0001018019902119851,0,0.0,0,7.791077223373577e-06,0,2.1561827824439466e-05,0,6.173702127415918e-08,0,3.1497904274147004e-05,0,3.999311229563318e-05,0
0,4,2.5058897564020442e-05,0,0.0,0,1.6551866792724468e-05,0,2.5603396424229332e-05,0,1.3886936361415677e-07,0,7.944804383441806e-05,0,3.999311229563318e-05,0
0,4,0.00013890462941459157,0,0.0,0,3.3848533348646015e-05,0,3.6305955101127614e-05,0,1.3064521127485366e-07,0,7.944804383441806e-05,0,3.999311229563318e-05,0
0,3,4.0007708634494676e-05,0,0.0,0,3.4595632314449176e-05,0,0.00010707521544318097,0,4.473057583402843e-06,0,3.1761519494466484e-05,0,3.999311229563318e-05,0
0,5,0.00029601392934632014,0,0.0,0,3.61284583050292e-05,0,2.5479517315255684e-05,0,2.8233559960263884e-07,0,3.1497904274147004e-05,0,3.999311229563318e-05,0
0,2,9.439075406386851e-06,0,0.0,0,1.7498787201475352e-05,0,2.1149315812729477e-05,0,3.2223648073295764e-08,0,3.448793358984403e-05,0,3.999311229563318e-05,0
0,3,0.1993639142186574,0,0.0,0,1.1983152944594622e-05,0,2.1091273371242535e-05,0,2.9863585806257047e-07,0,3.235821714042686e-05,0,3.999311229563318e-05,0
0,5,0.00025719241837514567,0,0.0,0,8.459984201181214e-06,0,2.5889524718355994e-05,0,1.7683718190965587e-07,0,3.1497904274147004e-05,0,3.999311229563318e-05,0
0,4,0.00016575500051046985,0,0.01,0,0.0005300137563608587,0,0.00023355860427432673,0,0.00010759059008442312,0,0.00019608790171332657,0,5.851228706887923e-05,0
0,1,2.294850473606957e-07,0,0.0,0,9.516006684862077e-06,0,2.123283560296403e-05,0,1.4072834717051914e-07,0,2.593315912235994e-05,0,3.999311229563318e-05,0
0,4,2.28732865894701e-06,0,0.01,0,9.467208656133153e-06,0,2.1276484022913717e-05,0,5.176541042797835e-08,0,7.944804383441806e-05,0,3.999311229563318e-05,0
0,2,3.7238221541936066e-07,0,0.01,0,4.8529818741371855e-06,0,2.0595318169292215e-05,0,1.5641938220887205e-07,0,3.448793358984403e-05,0,3.999311229563318e-05,0
0,5,0.0003884472589298921,0,0.01,0,0.00019483115465845913,0,2.4298113233879477e-05,0,3.1810882977080593e-07,0,3.259820368839428e-05,0,4.3807416659547016e-05,0
0,1,7.984271127179536e-09,0,0.0,0,4.322787935961969e-05,0,2.1233784703883328e-05,0,5.36919528250273e-08,0,2.593315912235994e-05,0,3.999311229563318e-05,0
0,4,1.1326585531645627e-05,0,0.0,0,3.707534779096022e-05,0,3.3103844858766176e-05,0,1.469340048555506e-06,0,7.953151362016797e-05,0,3.999311229563318e-05,0
0,5,7.391492045352279e-05,0,0.01,0,6.433231646951754e-06,0,2.480711070675764e-05,0,1.0336441528505784e-06,0,3.159355037496425e-05,0,3.999311229563318e-05,0
0,4,5.364751488420395e-05,0,0.03,0,0.0001373695704387501,0,6.540368454637271e-05,0,0.0001113667646201324,0,8.046271977946162e-05,0,6.201324140420184e-05,0
0,4,0.01681969780487475,0,0.01,0,5.8029148931382224e-05,0,2.8718704753332297e-05,0,0.00027186510692837483,0,8.248012454714626e-05,0,4.283896487322636e-05,0
0,1,0.0316359857088345,0,0.0,0,1.2746042557409965e-05,0,2.02691675621785e-05,0,1.1274269080112922e-05,0,2.6872268790611997e-05,0,4.049970448249951e-05,0
0,5,0.007924170789779956,0,0.0,0,2.5400551749044098e-05,0,2.5434487470581093e-05,0,7.469523940840475e-07,0,3.1497904274147004e-05,0,3.999311229563318e-05,0
0,2,4.051127424289193e-06,0,0.01,0,1.6799116565380245e-05,0,2.9317660452533772e-05,0,5.336594062532388e-07,0,3.6177996662445366e-05,0,3.999311229563318e-05,0
0,2,0.00010208186145569964,0,0.0,0,3.243324317736551e-05,0,2.0273508096008837e-05,0,1.3976921309481717e-06,0,3.448793358984403e-05,0,3.999311229563318e-05,0
0,5,0.0026948238904300507,0,0.0,0,0.0006135911680757999,0,7.191467803786045e-05,0,2.381177196252852e-05,0,0.00016478533507324755,0,8.522837742930278e-05,0
0,2,0.0004762593926419065,0,0.0,0,8.991012691694777e-06,0,3.233305538578126e-05,0,4.0747698099589036e-06,0,5.6582768593216315e-05,0,4.064870881848037e-05,0
0,2,0.0053221593914958495,0,0.0,0,1.6805959603516385e-05,0,2.0321077566105076e-05,0,6.346361621015919e-06,0,3.448793358984403e-05,0,3.999311229563318e-05,0
0,2,0.0024385122788133343,0,0.01,0,0.005135694518685341,0,3.6539752126903825e-05,0,0.0004281057809669247,0,4.2612908146111295e-05,0,4.06263570766896e-05,0
0,3,0.5611479011118161,0,0.01,0,6.597100582439452e-05,0,4.004642182243754e-05,0,0.0008522294540160047,0,4.4397642341209576e-05,0,5.2747243898920715e-05,0
0,3,0.025417297682997955,0,0.01,0,6.51007576379925e-06,0,4.627543956894902e-05,0,0.0005339617186020096,0,3.4806373150786385e-05,0,4.020171400043182e-05,0
0,2,0.008486698911333818,0,0.02,0,7.959896174725145e-05,0,1.985910317367616e-05,0,3.53694144397822e-05,0,3.448793358984403e-05,0,3.999311229563318e-05,0
0,5,4.3282821358782103e-08,0,0.0,0,4.6537108573829755e-05,0,4.260243441733464e-05,0,8.405991864768532e-06,0,3.3434196666348726e-05,0,3.999311229563318e-05,0
0,2,0.3248318914129369,0,0.02,0,0.0005355847533792257,0,0.00030183096521242306,0,0.015085809482709597,0,8.369323040824383e-05,0,0.00011360096686985344,0
0,4,0.7169945119435549,0,0.02,0,0.0004671649949159473,0,0.00023391985289317074,0,5.709174508794503e-05,0,9.828493784880266e-05,0,6.592394493054599e-05,0
0,4,0.4592385188165773,0,0.01,0,5.162611341802403e-05,0,0.00012269783283047218,0,0.0002040411922293984,0,9.495126141700894e-05,0,4.873898433288559e-05,0
0,2,0.03225223742955689,0,0.0,0,5.158910062164068e-05,0,5.603520534421333e-05,0,1.586096577211077e-05,0,4.6428518544416875e-05,0,4.100630394532345e-05,0
0,2,0.10372539304112174,0,0.02,0,0.0023107994347810745,0,0.0006422936839979746,0,0.12422227682468047,0,6.219777424121276e-05,0,0.00014381542860064656,0
0,5,7.01091576656164e-05,0,0.0,0,3.337145017212606e-06,0,2.246265359686705e-05,0,3.323865285635621e-05,0,3.1554929591948166e-05,0,3.999311229563318e-05,0
0,1,3.197076909699122e-07,0,0.0,0,3.4761721963150194e-06,0,2.0986681666314448e-05,0,8.901549051100152e-09,0,2.593315912235994e-05,0,3.999311229563318e-05,0
0,3,9.516131455116558e-08,0,0.0,0,4.3358272705518175e-06,0,2.9286083180700487e-05,0,3.069459716754423e-07,0,3.1761519494466484e-05,0,3.999311229563318e-05,0
0,5,4.776264169213602e-07,0,0.0,0,4.939917926094495e-05,0,2.1521079420887923e-05,0,5.128619053372684e-07,0,3.1497904274147004e-05,0,3.999311229563318e-05,0
0,5,0.0012872789478093666,0,0.02,0,4.9984264478553087e-05,0,0.00020439811460958,0,0.0017102133087548007,0,3.1497904274147004e-05,0,3.999311229563318e-05,0
0,2,0.002520077550059796,0,0.0,0,3.1997889891499653e-05,0,1.8928338919364716e-05,0,0.0005778221739619107,0,3.448793358984403e-05,0,4.19971183873713e-05,0
0,4,0.09164233540996446,0,0.01,0,0.00010142565588466823,0,6.90891554418428e-05,0,0.00010986144480291703,0,8.488933235639706e-05,0,4.844840077566914e-05,0
0,4,0.0067088399124274,0,0.0,0,2.3547650016553234e-06,0,2.4604579378823757e-05,0,6.810946639624883e-07,0,8.032862388063222e-05,0,3.999311229563318e-05,0
0,2,0.0012566619092045075,0,0.0,0,3.774881406570785e-05,0,3.012284858898584e-05,0,1.8935443715731915e-06,0,3.6350473237689584e-05,0,3.999311229563318e-05,0
0,1,1.1215196549890272e-05,0,0.0,0,2.8250185550859896e-06,0,2.066398462602689e-05,0,6.196145457835446e-07,0,2.593315912235994e-05,0,3.999311229563318e-05,0
0,5,0.37145449596907315,0,0.0,0,5.993197555653751e-05,0,8.963533229006198e-05,0,0.009720434165910728,0,3.752614793484099e-05,0,4.23249184677843e-05,0
0,2,0.0008990159938986437,0,0.0,0,0.00010607474541757256,0,2.116602284313824e-05,0,1.9797527206798753e-06,0,3.448793358984403e-05,0,3.999311229563318e-05,0
0,2,7.487609042690792e-05,0,0.0,0,1.9849509044433944e-05,0,2.1172206372709533e-05,0,1.4055955304534017e-07,0,3.448793358984403e-05,0,3.999311229563318e-05,0
0,2,0.007819548368242018,0,0.01,0,0.000735644658561796,0,3.4357306014345784e-05,0,3.5643856836459454e-05,0,3.448793358984403e-05,0,3.999311229563318e-05,0
0,3,0.0024821386228833947,0,0.0,0,2.499152969903662e-06,0,2.7883688985323787e-05,0,3.5428200102499254e-05,0,3.203022788511589e-05,0,4.0209164581028745e-05,0
0,1,0.0017431944769426364,0,0.0,0,2.0777858935616678e-06,0,2.6296752882043456e-05,0,0.00046420773346161627,0,2.593315912235994e-05,0,3.999311229563318e-05,0
0,1,0.07196508589633703,0,0.01,0,1.8517228454584256e-05,0,2.4962589354455096e-05,0,1.7920763129305631e-06,0,2.6333649657317437e-05,0,4.0782801079330966e-05,0
0,4,0.0004105354946332177,0,0.0,0,4.228342277201591e-06,0,2.229679599846703e-05,0,1.9756181178231544e-06,0,7.944804383441806e-05,0,3.999311229563318e-05,0
0,3,1.0825129980837126e-06,0,0.0,0,6.47916294838069e-06,0,3.061395962894631e-05,0,1.894705641684409e-07,0,3.1761519494466484e-05,0,3.999311229563318e-05,0
0,3,4.906029734894384e-06,0,0.01,0,4.8886911827139556e-05,0,1.939059421265837e-05,0,9.193582731399643e-07,0,3.1761519494466484e-05,0,3.999311229563318e-05,0
0,1,0.13613218420057996,0,0.05,0,6.31274378974922e-05,0,9.187799215867457e-05,0,1.4326759813290683e-05,0,3.211093644495122e-05,0,3.999311229563318e-05,0
0,1,0.0019148278687163788,0,0.02,0,0.0001438587496522814,0,0.00011078095790326411,0,3.733267885997265e-05,0,2.593315912235994e-05,0,3.999311229563318e-05,0
0,2,0.0008891335600818824,0,0.0,0,3.786039542319486e-06,0,2.3864336118842314e-05,0,5.4649275062601946e-06,0,3.448793358984403e-05,0,4.027620525448583e-05,0
0,2,0.00011036308436245493,0,0.0,0,1.4203915270627476e-05,0,2.3899183414330964e-05,0,3.467424709997478e-05,0,3.448793358984403e-05,0,3.999311229563318e-05,0
0,3,0.0025353714661401077,0,0.01,0,0.00019616320787463337,0,4.931948841933765e-05,0,1.7342725859854127e-05,0,4.228412944939919e-05,0,4.049971539643593e-05,0
0,5,0.12510041906107905,0,0.01,0,7.370660114247585e-06,0,3.0317086763914502e-05,0,2.2662388572722844e-05,0,3.1497904274147004e-05,0,4.529727084445767e-05,0
0,4,6.241473455887021e-05,0,0.02,0,3.8946936911088414e-06,0,2.3536398089644758e-05,0,4.3762256617195726e-05,0,7.96625972725451e-05,0,4.10212051065173e-05,0
0,4,0.2996864456588795,0,0.04,0,0.0006710494635626674,0,0.00012956410887032344,0,0.000709189194357701,0,0.00034367022453807294,0,0.0001697741827229038,0
0,3,0.17525330614825005,0,0.0,0,0.00041099326335825026,0,2.309632106242436e-05,0,0.00014758427079563364,0,4.030462514492683e-05,0,4.896252721664496e-05,0
0,1,0.0009005283649368424,0,0.01,0,2.097631477226969e-05,0,2.9545081462228797e-05,0,4.4901648229092226e-05,0,2.683566890482325e-05,0,4.73756663268432e-05,0
0,5,0.005100695922923465,0,0.01,0,5.527095254365122e-06,0,8.662339286272225e-05,0,0.0008640531476619234,0,8.949100447352976e-05,0,6.510552339022979e-05,0
0,5,0.029978828601594176,0,0.0,0,0.0002666715590748936,0,3.616164160043639e-05,0,0.001065182045459576,0,3.151853525196202e-05,0,3.999311229563318e-05,0
0,4,0.0035861792565320947,0,0.05,0,9.926161874318495e-05,0,0.00042268002084449886,0,3.647853848451809e-05,0,0.00016405391215812415,0,0.00014769569679629058,0
0,1,0.05286230875162525,0,0.0,0,0.0002902914711739868,0,7.448930375364901e-05,0,9.030504479917172e-05,0,8.494606299791485e-05,0,3.999311229563318e-05,0
0,5,0.02764999185741123,0,0.0,0,6.579904584214091e-05,0,2.1509098621940926e-05,0,4.5135692522876904e-07,0,3.1497904274147004e-05,0,3.999311229563318e-05,0
0,4,0.00020612603407975575,0,0.0,0,1.4950222976040095e-05,0,3.298094502438762e-05,0,4.369431828555424e-06,0,0.00010972747259074822,0,4.906686081085354e-05,0
0,2,8.757072821111321e-05,0,0.0,0,5.404096737038344e-05,0,2.1171896287085225e-05,0,4.2308702296461405e-07,0,3.448793358984403e-05,0,3.999311229563318e-05,0
0,5,0.0028462830047082453,0,0.01,0,0.0002442281402181834,0,3.259459599296547e-05,0,6.225525582081446e-05,0,3.1497904274147004e-05,0,3.999311229563318e-05,0
0,1,0.9753476884948714,1,0.09,0,0.020377129316329956,0,0.012899921595972275,0,0.26460721451640457,1,0.0021085033658891916,0,0.0006139696342870593,0
0,4,2.6175057764610995e-05,0,0.0,0,1.5874051314312965e-05,0,3.2999113174852276e-05,0,1.0299648550931922e-06,0,8.21463399915956e-05,0,3.999311229563318e-05,0
0,5,1.0974826775128509e-08,0,0.02,0,0.00011120129056507722,0,2.5274990571094415e-05,0,2.0652378378598085e-08,0,3.216030017938465e-05,0,3.999311229563318e-05,0
0,1,0.00317562500718737,0,0.02,0,0.005168022587895393,0,0.0004127027426997635,0,0.030611415003902583,0,7.377499423455447e-05,0,7.148262375267223e-05,0
0,2,3.9892808451149654e-07,0,0.02,0,0.0001768391957739368,0,7.306022889129101e-05,0,6.755116851893629e-05,0,3.4582222724566236e-05,0,3.999311229563318e-05,0
0,2,2.9386967189175623e-07,0,0.0,0,3.933943298761733e-05,0,2.1172895197198264e-05,0,9.011250705826364e-07,0,3.448793358984403e-05,0,3.999311229563318e-05,0
0,3,4.165335078399134e-06,0,0.0,0,0.00010377867874922231,0,3.1597406476942806e-05,0,8.14946898809719e-05,0,3.1761519494466484e-05,0,3.999311229563318e-05,0
0,5,1.7041378896277626e-06,0,0.0,0,1.1843508218589704e-06,0,4.84229870260407e-05,0,1.1079976559248929e-08,0,3.1497904274147004e-05,0,3.999311229563318e-05,0
0,3,0.00014770018796971985,0,0.0,0,3.5138489238306647e-06,0,2.1326399310380858e-05,0,4.171549870933671e-07,0,3.1761519494466484e-05,0,4.003780850325711e-05,0
0,3,0.00014655144368048447,0,0.0,0,3.071927130804397e-05,0,2.985599224952523e-05,0,9.596979798351559e-06,0,3.449712312431075e-05,0,4.70479171781335e-05,0
0,3,0.0009902623815610833,0,0.01,0,0.00012887582124676555,0,2.112212204416326e-05,0,1.859263752993058e-06,0,3.6100729630561545e-05,0,4.016446473542601e-05,0
0,1,0.4258715392072398,0,0.03,0,0.0004344567423686385,0,3.4269569614246755e-05,0,0.0003524334403488192,0,2.6184439775533974e-05,0,4.082005762029439e-05,0
0,4,0.922326742958946,0,0.05,0,0.0030039844568818808,0,0.0010704523069792115,0,0.022441405500712903,0,0.00022123917005956173,0,0.0002450231113471091,0
0,3,3.7116426701463675e-06,0,0.0,0,4.605513458955102e-05,0,1.9662784042877147e-05,0,2.742609763774327e-05,0,3.232754534110427e-05,0,3.999311229563318e-05,0
0,5,0.005119059498661447,0,0.0,0,1.057850840879837e-05,0,3.09807909788984e-05,0,2.7645590462789174e-05,0,3.950073732994497e-05,0,4.416496813064441e-05,0
0,1,1.255834622452582e-05,0,0.01,0,3.9312431908911094e-05,0,3.156994826256792e-05,0,1.603336187515346e-05,0,2.593315912235994e-05,0,3.999311229563318e-05,0
0,4,0.0010134906764026673,0,0.01,0,0.0012007858604192734,0,0.011915709573204253,0,6.608492706599422e-05,0,8.06699026725255e-05,0,3.999311229563318e-05,0
0,5,0.000789717751131318,0,0.0,0,0.00019540044013410807,0,3.042620250561609e-05,0,1.5143063815101044e-06,0,3.1497904274147004e-05,0,3.999311229563318e-05,0
0,3,0.0002701018181746967,0,0.0,0,6.365498848026618e-05,0,2.114472304223407e-05,0,6.074055080930518e-06,0,3.219302016077563e-05,0,3.999311229563318e-05,0
0,3,0.6553646544141957,0,0.01,0,0.0003377707034815103,0,3.0295411441629475e-05,0,4.485927191740778e-06,0,3.3307980629615486e-05,0,4.037305916426703e-05,0
0,4,0.008120570902200022,0,0.01,0,0.00036801156238652766,0,2.8580864308037068e-05,0,0.00011612786184569086,0,8.009639714146033e-05,0,3.999311229563318e-05,0
0,5,0.0037269073281440564,0,0.01,0,2.1957866920274682e-05,0,3.0473697121913545e-05,0,9.320032209886348e-07,0,4.590113530866802e-05,0,3.999311229563318e-05,0
0,5,3.1654168868435476e-05,0,0.0,0,5.022953700972721e-05,0,2.2007721699250902e-05,0,7.03215643271323e-07,0,3.1497904274147004e-05,0,3.999311229563318e-05,0
0,3,2.2123408462257596e-05,0,0.0,0,6.828923505963758e-05,0,2.4123599556120685e-05,0,3.974200146694623e-07,0,3.1761519494466484e-05,0,3.999311229563318e-05,0
0,1,0.035922478189953366,0,0.01,0,0.001445924281142652,0,4.8150920982859717e-05,0,0.019351414654667994,0,3.0112332751741633e-05,0,9.282712562708184e-05,0
0,4,0.7099767512658128,0,0.05,0,0.00019552996673155576,0,7.503296968075421e-05,0,0.005055071880579665,0,8.64238609210588e-05,0,5.2985440561315045e-05,0
0,1,0.00029602809260676226,0,0.0,0,5.849042281624861e-06,0,2.1072415153641456e-05,0,7.743971871729153e-07,0,2.593315912235994e-05,0,4.014210935565643e-05,0
0,2,0.007316167691541569,0,0.0,0,1.7853171812021174e-05,0,2.009221583588078e-05,0,0.0001586626552202038,0,3.448793358984403e-05,0,3.999311229563318e-05,0
0,1,0.014558210192179354,0,0.0,0,9.313565897173248e-06,0,2.4379664917197346e-05,0,7.810559096414664e-06,0,2.6260957383783534e-05,0,3.999311229563318e-05,0
0,4,0.00018027650382089597,0,0.0,0,5.2003269956912845e-05,0,4.258004351796818e-05,0,2.417811099684332e-06,0,7.944804383441806e-05,0,3.999311229563318e-05,0
0,4,0.0030371782483137612,0,0.0,0,9.019963727041613e-06,0,2.7716977925207928e-05,0,3.945903090942333e-05,0,0.0002211989922216162,0,6.4964042394422e-05,0
0,4,2.5115194370181326e-05,0,0.0,0,7.306614861590788e-06,0,2.539177639193405e-05,0,4.2324915774678373e-08,0,7.944804383441806e-05,0,3.999311229563318e-05,0
0,2,1.7155131417036112e-05,0,0.0,0,4.088463538209908e-05,0,2.1168726271403648e-05,0,4.2694215798014145e-07,0,3.448793358984403e-05,0,3.999311229563318e-05,0
0,3,0.0010420990626595328,0,0.0,0,4.6758730604778975e-05,0,7.691094036247049e-05,0,9.452142919872184e-05,0,3.3173582778545097e-05,0,4.0425205952487886e-05,0
0,2,4.2945632640901366e-05,0,0.02,0,8.324172085849568e-05,0,2.470827882532907e-05,0,1.8459329682510073e-06,0,3.448793358984403e-05,0,3.999311229563318e-05,0
0,4,3.8011591332699774e-06,0,0.0,0,0.0001317886490141973,0,2.1304090771591423e-05,0,6.531008170814143e-07,0,7.944804383441806e-05,0,3.999311229563318e-05,0
0,5,9.700918472681632e-06,0,0.02,0,0.00010202883277088404,0,3.651797793418894e-05,0,7.621590354527426e-05,0,4.201181945973076e-05,0,4.368081135908142e-05,0
0,2,0.0009876166705081668,0,0.0,0,5.4013969929656014e-05,0,3.4434208010881654e-05,0,1.478849977431324e-05,0,3.448793358984403e-05,0,3.999311229563318e-05,0
0,4,2.659257588436571e-06,0,0.01,0,5.084803888166789e-06,0,1.9850396655518657e-05,0,1.8849041853626622e-06,0,7.944804383441806e-05,0,3.999311229563318e-05,0
0,4,6.743116802669012e-05,0,0.0,0,0.0001563866826472804,0,4.7949136627160883e-05,0,5.246551138234313e-07,0,7.944804383441806e-05,0,3.999311229563318e-05,0
0,2,0.0002945647380701338,0,0.0,0,1.3080221833661199e-05,0,2.0252780072659434e-05,0,4.376638192017583e-06,0,3.448793358984403e-05,0,3.999311229563318e-05,0
0,3,0.008636558427629254,0,0.01,0,0.00012012330262223259,0,0.0001516380163987666,0,0.0002521506531671419,0,3.932229446945712e-05,0,0.00010938870400423184,0
0,1,0.0013258387301437336,0,0.01,0,8.815136425255332e-06,0,2.7923208146054737e-05,0,0.0003926475403062637,0,2.593315912235994e-05,0,3.999311229563318e-05,0
0,5,0.00010665480447537074,0,0.0,0,0.00011675735004246235,0,2.1518269097337173e-05,0,4.7534516187022593e-07,0,3.1497904274147004e-05,0,3.999311229563318e-05,0
0,2,0.9769871580911558,1,0.01,0,0.0007667614263482392,0,5.738318047133569e-05,0,5.8572317470842266e-05,0,7.78652320150286e-05,0,6.102344923419878e-05,0
0,3,0.3629643994853819,0,0.05,0,0.0010791431413963437,0,8.22538923700244e-05,0,0.003783691903815722,0,9.066962957149372e-05,0,0.0008270365069620311,0
0,1,0.5562565065256911,0,0.01,0,0.00012846625759266317,0,9.454046711857875e-05,0,0.00014296788519558803,0,0.0009882132289931178,0,0.0076604909263551235,0
0,3,0.016497052860960273,0,0.02,0,0.0001878670882433653,0,3.105070670646864e-05,0,1.4971853317694272e-05,0,6.079074591980316e-05,0,3.999311229563318e-05,0
0,4,3.138068444179277e-05,0,0.0,0,0.00018162127526011318,0,5.904301434813543e-05,0,2.1004358609967643e-05,0,7.944804383441806e-05,0,4.068596172146499e-05,0
0,5,4.9046321545928654e-05,0,0.01,0,1.7600978026166558e-05,0,2.6703643386900422e-05,0,1.1471806355924216e-06,0,3.153382203890942e-05,0,4.00303651986178e-05,0
0,4,9.638899286960249e-08,0,0.02,0,0.00011602827726164833,0,0.0006490103065203252,0,2.761326690004326e-06,0,7.944804383441806e-05,0,3.999311229563318e-05,0
0,5,1.510960208677038e-05,0,0.0,0,4.4071693992009386e-05,0,2.1457390550215833e-05,0,5.5673311280583345e-08,0,3.1497904274147004e-05,0,3.999311229563318e-05,0
0,1,0.013746565980971574,0,0.02,0,3.078419831581414e-05,0,2.8111290837493566e-05,0,0.0008039889886241677,0,2.593315912235994e-05,0,3.999311229563318e-05,0
0,3,0.010341711109410888,0,0.01,0,1.6469202819280326e-05,0,2.1369483704647725e-05,0,1.6661394930892828e-06,0,3.1761519494466484e-05,0,3.999311229563318e-05,0
0,5,6.0736919917986846e-06,0,0.0,0,6.234493412193842e-06,0,4.70363935202875e-05,0,2.8831909269571757e-06,0,3.1497904274147004e-05,0,3.999311229563318e-05,0
0,2,1.2083829468195813e-08,0,0.01,0,1.1776712199207395e-05,0,2.1168726271403648e-05,0,4.914886057767663e-06,0,3.448793358984403e-05,0,3.999311229563318e-05,0
0,1,0.39881424208593624,0,0.01,0,0.0008682452607899904,0,0.00021450115278609473,0,8.831341695327546e-06,0,4.439937765710056e-05,0,4.118509968975559e-05,0
0,2,0.9057319941248607,0,0.06,0,0.007779924664646387,0,0.00335774849567632,0,0.03927415893492875,0,5.970865095150657e-05,0,9.44002385949716e-05,0
0,3,0.0002064515090763737,0,0.0,0,0.00010669112816685811,0,4.102974507906483e-05,0,1.7114830243163477e-05,0,3.314629793749191e-05,0,4.687677574111149e-05,0
0,4,0.030099313554396295,0,0.01,0,1.4601136172132101e-05,0,3.2903093532784186e-05,0,3.3975054417379225e-05,0,0.00020073811174370348,0,0.00026645336765795946,0
0,1,0.007744523944278365,0,0.04,0,1.4776432180951815e-05,0,6.25598677100613e-05,0,6.997609115729308e-05,0,2.929391121142544e-05,0,3.999311229563318e-05,0
0,1,1.365514357215903e-05,0,0.0,0,0.0001404359209118411,0,9.203718817562601e-05,0,1.1284957513748358e-05,0,9.744476119522005e-05,0,5.0959170039277524e-05,0
0,2,0.8956623028467532,0,0.04,0,1.712322591629345e-05,0,2.3798084530319432e-05,0,5.7983953551565376e-05,0,5.0718444981612265e-05,0,7.21669930499047e-05,0
0,5,0.00042151646893940877,0,0.0,0,1.8656674001249485e-05,0,2.1520399637261828e-05,0,1.050020428691088e-07,0,3.1497904274147004e-05,0,3.999311229563318e-05,0
0,3,2.022417272975408e-05,0,0.01,0,1.4357179679791443e-05,0,2.4678611456968157e-05,0,2.503466645421053e-06,0,3.199240018147975e-05,0,3.999311229563318e-05,0
0,1,0.5174946863169496,0,0.01,0,2.769417187664658e-05,0,2.7927292770350188e-05,0,0.0003072874972213011,0,4.391724360175431e-05,0,0.00012810678163077682,0
0,5,0.38672371761609464,0,0.1,0,0.007532946299761534,0,0.004044356591759798,0,0.022712506877537852,0,4.355861165095121e-05,0,4.124470069655217e-05,0
0,1,0.009635036078881717,0,0.0,0,1.2499156582634896e-05,0,2.6334738740037695e-05,0,5.340674556120656e-06,0,3.930164530174807e-05,0,4.902191722067073e-05,0
0,2,4.133216013523095e-07,0,0.0,0,3.7506528315134346e-05,0,3.65798158355882e-05,0,9.978098564571508e-07,0,3.448793358984403e-05,0,3.999311229563318e-05,0
0,3,0.0003032288094436278,0,0.02,0,6.123390903667314e-06,0,2.2693380351073385e-05,0,5.773641616241888e-05,0,3.3467895264038816e-05,0,4.0983948565553874e-05,0
0,5,0.0005081176433930907,0,0.02,0,6.082162872189656e-05,0,5.9441149323313475e-05,0,0.0023116627384056083,0,3.505731001496315e-05,0,4.0678514778846875e-05,0
0,3,9.776911474195237e-08,0,0.0,0,0.00013313636009115726,0,2.3896108937741938e-05,0,2.764779060622234e-05,0,3.576981180231087e-05,0,6.39283171040006e-05,0
0,1,0.02176040413043624,0,0.06,0,0.0016892103012651205,0,0.0005331569035813212,0,0.004395862306040141,0,8.708019595360383e-05,0,0.0006520008901134133,0
0,1,2.4459993294694313e-08,0,0.01,0,0.0005228493828326464,0,0.0005555354483247813,0,4.128784766133831e-05,0,5.018114825361408e-05,0,4.879874541074969e-05,0
0,1,0.0017419847940963991,0,0.02,0,0.0005509715410880744,0,0.0003389661020483456,0,4.8828277493319014e-05,0,0.00034910585964098573,0,0.0003011358785443008,0
0,5,5.368588104164341e-05,0,0.0,0,1.0785791346279439e-05,0,9.609480727408e-06,0,6.0422253296196164e-05,0,5.539197081816383e-05,0,4.1468196286587045e-05,0
0,2,0.5107045447372108,0,0.01,0,0.011966897174715996,0,0.00028343079251589914,0,0.007485319726445245,0,3.6129611544311047e-05,0,7.994967745617032e-05,0
0,1,7.886364509573655e-06,0,0.0,0,1.0685304914659355e-05,0,2.499185117193947e-05,0,3.892002936548612e-07,0,2.593315912235994e-05,0,3.999311229563318e-05,0
0,3,0.048504073165686064,0,0.0,0,7.547760469606146e-05,0,7.136383967249156e-05,0,1.999735514855348e-05,0,3.2657673727953807e-05,0,3.999311229563318e-05,0
0,1,1.120054558251578e-05,0,0.01,0,1.676370266068261e-05,0,3.3658896885973233e-05,0,2.289110332013166e-06,0,2.593315912235994e-05,0,3.999311229563318e-05,0
0,3,1.7661896573903183e-06,0,0.0,0,9.506700735073537e-06,0,2.0200492866926907e-05,0,5.261332551084795e-07,0,3.1761519494466484e-05,0,3.999311229563318e-05,0
0,2,0.0004913740332329399,0,0.0,0,5.592703746515326e-05,0,4.150864714826294e-05,0,1.8918394044786556e-06,0,3.448793358984403e-05,0,3.999311229563318e-05,0
0,1,0.8556724071758302,0,0.07,0,0.012036819010972977,0,0.0019294538514134066,0,0.5614351032696852,1,5.317388422554359e-05,0,5.652415347867645e-05,0
0,1,4.8110803289599334e-08,0,0.0,0,6.098401627241401e-06,0,2.8146814332810312e-05,0,4.0409578094100984e-07,0,2.593315912235994e-05,0,3.999311229563318e-05,0
0,4,0.6825190589243674,0,0.02,0,0.05826403573155403,0,0.002708105316871265,0,0.20078665298845394,1,0.0001808899687603116,0,0.0001065889373421669,0
0,4,0.00020101578697781183,0,0.0,0,1.1106832971563563e-05,0,3.275449937601518e-05,0,2.6423193426368093e-06,0,7.944804383441806e-05,0,3.999311229563318e-05,0
0,2,0.031426371812131856,0,0.02,0,5.3666579333366826e-05,0,0.0005274677449306741,0,0.00013174327860431692,0,3.9197886508191004e-05,0,6.730934546794742e-05,0
0,4,1.1398448250383089e-05,0,0.0,0,0.0001543270336696878,0,2.4438206325676114e-05,0,2.7595700237750873e-06,0,7.944804383441806e-05,0,3.999311229563318e-05,0
0,5,0.003974518269767572,0,0.02,0,0.00069241359597072,0,0.00031592747121432594,0,0.00028760492432319286,0,3.1497904274147004e-05,0,3.999311229563318e-05,0
0,5,3.070539372438341e-05,0,0.0,0,2.9690860174014233e-05,0,3.36395462750169e-05,0,6.645701290171032e-07,0,3.1513951398665085e-05,0,3.999311229563318e-05,0
0,3,0.003203056290300378,0,0.0,0,3.885978367179632e-05,0,4.670190938027601e-05,0,1.1395106701095076e-05,0,3.1761519494466484e-05,0,3.999311229563318e-05,0
0,4,0.0016729992970224428,0,0.01,0,0.004391821101307869,0,0.0007919696913961105,0,0.0008086384237618144,0,0.0001439850457245484,0,5.17191510880366e-05,0
0,4,0.003882151160897992,0,0.0,0,1.562950092193205e-05,0,2.7509326901923968e-05,0,3.458117431700309e-06,0,7.944804383441806e-05,0,3.999311229563318e-05,0
0,3,0.0002945627658916179,0,0.0,0,3.426266857786686e-06,0,4.151466636953907e-05,0,5.282913163698691e-07,0,3.1761519494466484e-05,0,3.999311229563318e-05,0
0,1,0.0045894086105658875,0,0.0,0,3.6944870771549176e-06,0,3.715702928939705e-05,0,1.4465262489943936e-06,0,2.6353007342549972e-05,0,4.191517291474156e-05,0
0,1,0.00273136330005532,0,0.0,0,1.7292763004661538e-05,0,2.4424611559051266e-05,0,1.5103493670402969e-05,0,2.593315912235994e-05,0,3.999311229563318e-05,0
0,1,0.24411256663198386,0,0.0,0,9.634235175326467e-05,0,0.00033232353012204287,0,0.0016609211766443247,0,3.052000465686433e-05,0,4.4045853428542614e-05,0
0,1,0.00018537614576543028,0,0.01,0,4.7195382649078965e-05,0,3.655277827085056e-05,0,0.00016813819347778807,0,2.6490864911465906e-05,0,3.999311229563318e-05,0
0,4,0.0006238513046208995,0,0.0,0,4.613618875737302e-05,0,2.9674981480151818e-05,0,6.348105056475364e-07,0,7.944804383441806e-05,0,3.999311229563318e-05,0
0,1,0.003792514600412169,0,0.01,0,1.5501160305575468e-05,0,7.004663547827776e-05,0,0.00035026398933572567,0,3.393059887457639e-05,0,4.455985254026018e-05,0
0,5,0.00014902947917701695,0,0.0,0,7.824306521797553e-05,0,3.395438267402763e-05,0,1.494604988202973e-06,0,3.1497904274147004e-05,0,3.999311229563318e-05,0
0,1,8.404727153962055e-08,0,0.0,0,3.5911277791456087e-06,0,2.0846363697346447e-05,0,6.517714156140462e-08,0,2.593315912235994e-05,0,3.999311229563318e-05,0
0,4,0.0007234896353192295,0,0.0,0,1.2987236004846636e-05,0,4.4962130046206945e-05,0,5.684551470511871e-05,0,8.70915173436515e-05,0,3.999311229563318e-05,0
0,5,0.0017212849479195968,0,0.0,0,0.0001428758550900966,0,3.602465863955583e-05,0,3.092243229418475e-06,0,3.1497904274147004e-05,0,3.999311229563318e-05,0
0,1,0.00027451664716455484,0,0.01,0,4.055758472532034e-05,0,2.0803529208826315e-05,0,7.932496520613916e-07,0,2.593315912235994e-05,0,3.999311229563318e-05,0
0,4,9.135629531161751e-07,0,0.0,0,1.6122427041409537e-05,0,2.067299832346233e-05,0,1.029585826509236e-06,0,7.944804383441806e-05,0,3.999311229563318e-05,0
0,1,9.345073574541724e-05,0,0.0,0,5.2038045396329835e-05,0,3.0607708508187314e-05,0,3.28986816349506e-06,0,2.593315912235994e-05,0,3.999311229563318e-05,0
0,4,0.0364382559045448,0,0.01,0,0.00016875409346539527,0,2.0325665333094556e-05,0,4.8369233242341386e-05,0,8.04850715212524e-05,0,3.999311229563318e-05,0
0,3,3.408764483998542e-07,0,0.0,0,4.900841668131761e-05,0,3.0244472581837623e-05,0,1.666298146232185e-05,0,4.05522296205163e-05,0,4.048480695928447e-05,0
0,5,0.07030024076223688,0,0.03,0,0.00028856820426881313,0,7.269504985131353e-05,0,0.0006563291389087884,0,6.804851727792993e-05,0,6.9648158387281e-05,0
0,1,0.0003970635302119433,0,0.02,0,0.002489043166860938,0,0.0002512327585252981,0,0.0005732485211041026,0,2.6015286493930034e-05,0,3.999311229563318e-05,0
0,4,0.8714689849850438,0,0.1,0,0.02521854266524315,0,0.02080498610127055,0,0.573006202115435,1,0.060983479022979736,0,0.05450427159667015,0
0,2,0.0010650841943184537,0,0.01,0,0.0008509441977366805,0,0.0004682743998503815,0,0.0005057110963227646,0,4.588664523907937e-05,0,3.999311229563318e-05,0
0,2,0.0008504349705293807,0,0.0,0,6.589513077415177e-07,0,2.908074208332596e-05,0,2.7912793121803245e-08,0,3.448793358984403e-05,0,3.999311229563318e-05,0
0,2,0.013566792536705896,0,0.0,0,3.123299029539339e-05,0,0.00012640765295730233,0,4.000815659994569e-06,0,3.448793358984403e-05,0,4.056676698382944e-05,0
0,2,0.8779959420547486,0,0.08,0,0.0003288804437033832,0,0.0008357327356401373,0,0.005840099383269677,0,4.0145707316696644e-05,0,9.149478864856064e-05,0
0,4,0.00011020909480613796,0,0.0,0,0.00017449291772209108,0,0.0012979209244836445,0,4.87340776214931e-06,0,7.944804383441806e-05,0,4.008996256743558e-05,0
0,1,0.018772902679183995,0,0.02,0,5.52503188373521e-05,0,2.8434809822026816e-05,0,3.6578289107727885e-05,0,2.6294464987586252e-05,0,4.0924354834714904e-05,0
0,2,9.799792224048764e-07,0,0.01,0,1.7374984963680618e-05,0,6.171176226357788e-05,0,4.268185247751888e-07,0,3.448793358984403e-05,0,3.999311229563318e-05,0
0,3,0.011315060799754627,0,0.0,0,0.00011240525054745376,0,4.4507737950263186e-05,0,9.193876948770883e-05,0,4.9875412514666095e-05,0,4.350942253950052e-05,0
0,4,0.00015436238230114152,0,0.01,0,7.705839379923418e-05,0,2.0652467672270537e-05,0,8.355317082235764e-08,0,7.944804383441806e-05,0,3.999311229563318e-05,0
0,3,7.470365316313387e-06,0,0.01,0,2.8827027563238516e-05,0,2.0006798012866275e-05,0,2.0374545974730597e-05,0,3.1761519494466484e-05,0,3.999311229563318e-05,0
0,5,0.0024888485397321766,0,0.0,0,1.5970730601111427e-05,0,9.63919856014287e-05,0,0.0001623523808428343,0,3.1497904274147004e-05,0,3.999311229563318e-05,0
0,2,0.0014441874571329621,0,0.04,0,7.006873784121126e-05,0,0.00012168670432813726,0,0.0005028085274328614,0,3.448793358984403e-05,0,3.999311229563318e-05,0
0,1,0.0039011705862093374,0,0.01,0,0.00019431150576565415,0,8.741817883762216e-05,0,0.0024128912539830905,0,2.6827035981114022e-05,0,3.999311229563318e-05,0
0,5,2.039972686487826e-05,0,0.01,0,1.292446813749848e-05,0,4.3013090242285585e-05,0,3.1266921957546066e-07,0,3.1497904274147004e-05,0,3.999311229563318e-05,0
0,1,0.28102349940662197,0,0.04,0,0.0013163841795176268,0,0.005838297327441657,0,0.016009449373892565,0,0.0004385697247926146,0,0.00013391469838097692,0
0,5,0.9817999059422883,0,0.05,0,0.202699214220047,1,0.019738674954030287,0,0.4478575897992525,1,0.00031760704587213695,0,0.0014314284780994058,0
0,5,5.77754270637639e-06,0,0.0,0,1.2749360394082032e-05,0,3.0008670450218615e-05,0,3.318800666117607e-07,0,3.1497904274147004e-05,0,3.999311229563318e-05,0
0,2,0.0017578852962703854,0,0.0,0,1.5730720406281762e-05,0,5.8723462996624865e-05,0,7.316716164805442e-05,0,3.4853030228987336e-05,0,3.999311229563318e-05,0
0,1,0.003767364495474435,0,0.0,0,0.0006361654377542436,0,0.000216475218488306,0,3.2696530053106268e-06,0,0.00023697962751612067,0,0.0006166741950437427,0
0,5,0.0006169884958933733,0,0.01,0,5.290677108860109e-06,0,4.4789332611533647e-05,0,7.505586306431298e-05,0,5.4419448133558035e-05,0,4.990885645383969e-05,0
0,1,0.010873507957466293,0,0.0,0,6.717764335917309e-05,0,6.915814112917167e-05,0,0.0009503907795724451,0,2.593315912235994e-05,0,5.4355576139641926e-05,0
0,3,0.0018631861973436054,0,0.0,0,7.408015335386153e-06,0,3.9939394198212136e-05,0,1.280564709438795e-05,0,3.180806743330322e-05,0,3.999311229563318e-05,0
0,1,0.0445825379733649,0,0.01,0,4.833038474316709e-05,0,4.542396620463935e-05,0,0.001195801709815517,0,2.613302058307454e-05,0,4.0157014154829085e-05,0
0,3,0.861184894703569,0,0.01,0,0.06668706238269806,0,0.008235787061345317,0,0.014870016410521204,0,0.014053813181817532,0,0.0036271102726459503,0
0,4,8.948274500168821e-06,0,0.01,0,2.3236974811879918e-05,0,2.251204637816275e-05,0,4.3714870317593045e-06,0,7.944804383441806e-05,0,4.212377825751901e-05,0
0,1,0.18405451956967897,0,0.0,0,0.0004698322736658156,0,0.00103649139951688,0,0.0034988627472447697,0,3.8410129491239786e-05,0,5.244928252068348e-05,0
0,3,1.8162675903266868e-05,0,0.0,0,3.512842158670537e-05,0,1.997774987456621e-05,0,2.4966982932966388e-06,0,3.1761519494466484e-05,0,3.999311229563318e-05,0
0,4,7.488097679576737e-05,0,0.0,0,6.308988304226659e-06,0,2.5679778353083005e-05,0,4.8620964523544815e-08,0,7.944804383441806e-05,0,3.999311229563318e-05,0
0,3,0.9131093587231511,0,0.08,0,0.0016160374507308006,0,0.0006686710790789388,0,0.03810150206809155,0,0.00011921428085770458,0,0.0001021310526994057,0
0,4,0.0037304796006956396,0,0.0,0,5.532502109417692e-05,0,0.00015037870015686118,0,6.299318149254785e-05,0,0.0001779325248207897,0,4.832940612686798e-05,0
0,4,0.6316074945653986,0,0.02,0,0.000563062378205359,0,0.0001074253992835895,0,0.00019129909983263383,0,0.00026023120153695345,0,0.00012422259896993637,0
0,3,0.0001903183276347141,0,0.07,0,0.0019259628606960177,0,0.00024389324559558138,0,0.00010022359421590773,0,3.3792945032473654e-05,0,3.999311229563318e-05,0
0,3,5.706814506124572e-06,0,0.0,0,4.7840741899563e-05,0,2.0021239614975502e-05,0,6.910618089032798e-06,0,3.1761519494466484e-05,0,3.999311229563318e-05,0
0,2,0.0012591680632680785,0,0.0,0,0.00011527208698680624,0,7.465792807917447e-05,0,4.015865551825003e-06,0,3.448793358984403e-05,0,3.999311229563318e-05,0
0,2,9.771288991050561e-05,0,0.0,0,5.591434455709532e-05,0,6.806341494200125e-05,0,0.00012023128681049645,0,3.5550870961742476e-05,0,3.999311229563318e-05,0
0,4,0.09321179221119254,0,0.0,0,7.282155274879187e-05,0,3.134499235577964e-05,0,0.000178188251118893,0,8.896870713215321e-05,0,3.999311229563318e-05,0
0,3,2.123411502421497e-07,0,0.0,0,2.1383724742918275e-05,0,2.0358132842237794e-05,0,4.625982692182011e-07,0,3.1761519494466484e-05,0,3.999311229563318e-05,0
0,1,7.124519530674437e-05,0,0.0,0,8.487471495755017e-05,0,3.31788058320291e-05,0,2.667565526953279e-07,0,2.593315912235994e-05,0,3.999311229563318e-05,0
0,4,3.6512918213560295e-06,0,0.0,0,6.134359864518046e-05,0,2.4624696453031747e-05,0,6.203908394111191e-07,0,7.944804383441806e-05,0,3.999311229563318e-05,0
0,5,9.435975897390981e-07,0,0.0,0,2.563176713010762e-05,0,4.306232043324067e-05,0,7.452527651116569e-07,0,3.1497904274147004e-05,0,3.999311229563318e-05,0
0,2,0.0006643400221932056,0,0.01,0,5.6912420404842123e-05,0,0.0003561934217175679,0,0.0002373193300990846,0,5.9393256378825754e-05,0,0.00020802908693440259,0
0,1,0.00035253446060854794,0,0.0,0,1.5042792256281245e-06,0,2.0316526551631835e-05,0,0.00010596119214629293,0,2.593315912235994e-05,0,3.999311229563318e-05,0
0,5,0.10332036397378729,0,0.02,0,9.190454875351861e-05,0,0.0005450924314779972,0,1.0433434660296628e-05,0,5.823636456625536e-05,0,4.489500861382112e-05,0
0,3,9.927329986144598e-07,0,0.0,0,1.9591352611314505e-05,0,7.440485231130302e-05,0,2.9648395322992222e-06,0,3.614841989474371e-05,0,3.999311229563318e-05,0
0,4,0.0012072043642151044,0,0.0,0,0.00014948277384974062,0,2.5001825184673288e-05,0,0.0007495818322059855,0,9.039418364409357e-05,0,5.020682874601334e-05,0
0,2,0.004376336224340795,0,0.0,0,3.550908149918541e-05,0,2.9282126452985563e-05,0,2.417625976357997e-06,0,3.8479342038044706e-05,0,3.999311229563318e-05,0
0,4,0.44855714672171704,0,0.04,0,0.00429866136983037,0,0.0012508352395532779,0,0.036225821750366316,0,0.00026037852512672544,0,0.0010496056638658047,0
0,1,0.20389530518700216,0,0.02,0,6.0163034504512325e-05,0,7.08440359051459e-05,0,0.001915367627928717,0,3.27741690853145e-05,0,4.1080802475335076e-05,0
0,2,0.0029762315168635335,0,0.02,0,1.989998054341413e-05,0,5.5590947630016166e-05,0,0.00021169611657045613,0,3.545665094861761e-05,0,4.0894556150306016e-05,0
0,5,0.030004524936451185,0,0.03,0,0.0026445440016686916,0,0.01761824737836388,0,0.031316476276343486,0,7.325197657337412e-05,0,6.191676948219538e-05,0
0,3,0.013809996552794678,0,0.01,0,2.7245436285738833e-05,0,2.4868562208775546e-05,0,1.788560180573288e-05,0,3.583408033591695e-05,0,3.999311229563318e-05,0
0,5,0.0020703286105714543,0,0.0,0,7.858558092266321e-06,0,3.037421930461525e-05,0,1.0629100298239929e-06,0,3.3674321457510814e-05,0,4.0253857150673866e-05,0
0,4,0.0009166100969533315,0,0.04,0,0.00023241124290507287,0,2.248198970052659e-05,0,2.0397167521492217e-06,0,0.00011352416186127812,0,4.905954483547248e-05,0
0,2,0.1269127540564845,0,0.09,0,0.14410941302776337,0,0.020318365683362597,0,0.12571041804265415,0,0.04645290970802307,0,0.0145897027105093,0
0,2,7.5959284600356845e-06,0,0.0,0,4.639619874069467e-05,0,6.797975605010022e-05,0,2.024531061734789e-05,0,4.700574208982289e-05,0,5.1078481192234904e-05,0
0,1,0.0025927320204175495,0,0.01,0,9.165221854345873e-06,0,2.196619030166338e-05,0,0.00016701240095763135,0,2.6227091439068317e-05,0,5.032539047533646e-05,0
0,1,0.0055948220600242045,0,0.0,0,8.601267836638726e-06,0,4.290827454144758e-05,0,0.000306731593571278,0,2.6797102691489272e-05,0,3.999311229563318e-05,0
0,2,0.0004001370106854915,0,0.0,0,4.8130543291335925e-05,0,3.761246119618726e-05,0,0.00017841993939196965,0,4.0209288272308186e-05,0,3.999311229563318e-05,0
0,4,0.09494726188590485,0,0.02,0,0.00021817651577293873,0,0.00023093990806178277,0,0.014753984635206066,0,0.0005331438733264804,0,0.0002253372804261744,0
0,3,0.04110616578582356,0,0.01,0,6.320254760794342e-05,0,0.00022226245240121624,0,0.004109996345988282,0,6.524323543999344e-05,0,7.684505544602871e-05,0
0,3,3.254323202820546e-05,0,0.02,0,0.0003473158576525748,0,8.288346684967479e-05,0,0.002555880968358726,0,4.205038567306474e-05,0,4.807605728274211e-05,0
0,5,0.0031543829639986342,0,0.02,0,0.00011648966756183654,0,3.2362807166371725e-05,0,0.0004309732955224866,0,3.241078229621053e-05,0,4.0507155063096434e-05,0
0,4,0.019059181060780285,0,0.01,0,7.789413211867213e-05,0,0.00017229814903577332,0,0.003157525458821636,0,0.00010723988089011982,0,0.0001171872136183083,0
0,4,0.005073959544031895,0,0.0,0,1.2797746421711054e-05,0,1.962933669047638e-05,0,2.8081082189601507e-05,0,7.944804383441806e-05,0,3.999311229563318e-05,0
0,2,0.002265543087194981,0,0.0,0,2.2348227503243834e-05,0,1.928282304348687e-05,0,6.087188973473659e-05,0,3.448793358984403e-05,0,4.156503564445302e-05,0
0,1,1.8261194244950572e-07,0,0.0,0,1.6618010704405606e-05,0,2.755568662482406e-05,0,4.2025855886642745e-07,0,2.593315912235994e-05,0,3.999311229563318e-05,0
0,5,1.0742681966643109e-06,0,0.0,0,2.3201833755592816e-05,0,1.6322195999592726e-05,0,6.553363894686814e-07,0,3.1497904274147004e-05,0,3.999311229563318e-05,0
0,4,2.040088668949666e-06,0,0.0,0,1.5382773881356115e-06,0,2.0529851553661484e-05,0,4.892000965437001e-07,0,7.944804383441806e-05,0,3.999311229563318e-05,0
0,5,9.351577411437536e-05,0,0.0,0,4.057971455040388e-05,0,0.0005719527493744654,0,0.0014082281826827221,0,4.09081949328538e-05,0,4.623602217179723e-05,0
0,2,3.142688906789111e-05,0,0.0,0,4.5071366912452504e-05,0,6.972940821755015e-05,0,5.389189869716532e-07,0,3.448793358984403e-05,0,3.999311229563318e-05,0
0,2,3.2011028381785906e-07,0,0.0,0,4.953259576723212e-06,0,2.8656787771532643e-05,0,4.8736270159680475e-08,0,3.448793358984403e-05,0,3.999311229563318e-05,0
0,1,0.0009714083997800728,0,0.03,0,3.303014091216028e-05,0,4.130343707546208e-05,0,0.0005767273789984009,0,2.9049526347080246e-05,0,4.044011438963935e-05,0
0,1,0.9935136893132911,1,0.13,1,0.010327963158488274,0,0.00879157937389093,0,0.4041967783963184,1,0.008312475867569447,0,0.0057147168554365635,0
0,4,0.0019817670225397346,0,0.0,0,0.0003382769355084747,0,8.166146668871754e-05,0,1.3389485635660612e-05,0,7.944804383441806e-05,0,3.999311229563318e-05,0
0,2,0.0024237345516587828,0,0.0,0,0.0002451463951729238,0,3.69963569223301e-05,0,2.9694155713794148e-05,0,3.5630917409434915e-05,0,3.999311229563318e-05,0
0,1,0.18683043238316638,0,0.03,0,0.013336756266653538,0,0.0014572467972554393,0,0.0016701822405588557,0,2.800253605528269e-05,0,3.999311229563318e-05,0
0,1,0.02368334596760668,0,0.0,0,7.638997340109199e-05,0,0.00011175950946358117,0,0.0008954466497831679,0,2.718901123444084e-05,0,4.5617747673531994e-05,0
0,2,0.42883011462992154,0,0.0,0,0.00015334509953390807,0,0.0001643188543559389,0,0.008283381223961911,0,4.396774966153316e-05,0,8.2842365372926e-05,0
0,5,7.85514094787943e-06,0,0.0,0,9.280911035602912e-05,0,2.478004268264244e-05,0,1.6401135121955397e-06,0,3.1497904274147004e-05,0,3.999311229563318e-05,0
0,5,0.05898980536593092,0,0.0,0,8.107789471978322e-05,0,3.959942867695075e-05,0,2.027093049623511e-06,0,3.1497904274147004e-05,0,3.999311229563318e-05,0
0,3,0.33996292800729616,0,0.05,0,0.012651397846639156,0,0.004470851113167649,0,0.06767114313620468,0,5.617102578980848e-05,0,8.975724631454796e-05,0
0,1,0.3536363394191642,0,0.0,0,8.091916242847219e-05,0,3.452285919040591e-05,0,0.00013527486418236267,0,2.7578911613090895e-05,0,4.024641020805575e-05,0
0,5,0.9816893847763084,0,0.0,0,0.0010885819792747498,0,0.000762681840430223,0,0.0072902625061014095,0,0.0003617269394453615,0,0.0002491512568667531,0
0,3,9.616259061379902e-05,0,0.01,0,5.798755228170194e-05,0,2.0017127467506848e-05,0,7.967597044250734e-06,0,3.23412059515249e-05,0,3.999311229563318e-05,0
0,5,0.14121055162524856,0,0.03,0,0.0015982068143785,0,0.01120038843773709,0,0.016230924071749774,0,0.0046749720349907875,0,0.012643617577850819,0
0,2,4.2017229964639244e-05,0,0.0,0,4.2003768612630665e-05,0,2.437711698494303e-05,0,1.0858922599923612e-06,0,3.448793358984403e-05,0,3.999311229563318e-05,0
0,4,0.0013356557883309824,0,0.0,0,1.4053090126253664e-05,0,2.0679845834940628e-05,0,5.844359805774744e-07,0,7.944804383441806e-05,0,3.999311229563318e-05,0
0,2,5.749690568690936e-08,0,0.01,0,5.531130591407418e-05,0,2.0782380089035128e-05,0,3.8330756005569517e-07,0,3.448793358984403e-05,0,3.999311229563318e-05,0
0,2,0.01737334368168587,0,0.03,0,0.010289229452610016,0,0.00047213987161824796,0,0.0063712038429544595,0,3.943661067751236e-05,0,3.999311229563318e-05,0
0,2,0.02385691625053981,0,0.03,0,0.00013288331683725119,0,0.00044775320644791286,0,0.004005746165331211,0,3.518687663017772e-05,0,5.460138345370069e-05,0
0,4,0.5455538491523919,0,0.01,0,3.50739574059844e-05,0,1.775515891019531e-05,0,0.001667004970320646,0,9.462072921451181e-05,0,0.00010618683154461905,0
0,5,0.002682609381689244,0,0.0,0,2.879522980947513e-06,0,3.550693625666443e-05,0,4.101839140434655e-07,0,0.0002782147203106433,0,0.0010099136270582676,0
0,3,0.17097152288664902,0,0.09,0,0.0005985048483125865,0,0.0004067594233493494,0,0.004560365118805678,0,0.00020963093265891075,0,7.733581878710538e-05,0
0,3,0.00045988540787679543,0,0.0,0,1.5276493286364712e-05,0,3.3067725195882776e-05,0,2.5623421953160567e-06,0,3.1761519494466484e-05,0,3.999311229563318e-05,0
0,5,0.00013636798509135197,0,0.0,0,0.00017767076496966183,0,3.590086945465007e-05,0,0.0008380079928066364,0,3.1497904274147004e-05,0,3.999311229563318e-05,0
0,1,2.975987381673089e-08,0,0.09,0,0.0026980822440236807,0,0.00014595522825854026,0,9.171437305501105e-05,0,3.174122321070172e-05,0,9.374911314807832e-05,0
0,4,7.62150492246451e-05,0,0.0,0,3.535186988301575e-05,0,4.3180029298337746e-05,0,6.030229736172208e-07,0,8.02278591436334e-05,0,5.152534140506759e-05,0
0,3,0.0021760294382299527,0,0.0,0,0.0006158286705613136,0,0.0009770719961584681,0,0.00026630754371730184,0,0.0004405071376822889,0,0.0012276886263862252,0
0,1,0.05473388894181102,0,0.11,1,0.0039027207531034946,0,0.0008330379318159406,0,0.007856057975761619,0,8.999351848615333e-05,0,0.00011905759311048314,0
0,2,0.0003323706484213305,0,0.01,0,0.00011851157614728436,0,2.516175806899638e-05,0,2.6108724433757643e-07,0,3.448793358984403e-05,0,3.999311229563318e-05,0
0,5,0.12125082823867615,0,0.0,0,7.475072197848931e-05,0,0.00019967294683038994,0,5.493151816078381e-05,0,3.201643630745821e-05,0,4.418738535605371e-05,0
0,2,0.2698159323734347,0,0.02,0,0.0010454640723764896,0,0.0005200559771164533,0,9.99832625867912e-06,0,0.00011693170381477103,0,0.0002072516072075814,0
0,5,1.8015191001651794e-05,0,0.01,0,2.05315063794842e-05,0,1.1987361492801863e-05,0,0.00015102431463720736,0,3.332636333652772e-05,0,3.999311229563318e-05,0
0,1,9.665674101051629e-06,0,0.0,0,7.774710866215173e-06,0,2.0673109928927208e-05,0,9.068438743193263e-08,0,2.593315912235994e-05,0,3.999311229563318e-05,0
0,3,0.001203561636199715,0,0.0,0,3.7647901081072632e-06,0,2.730311275132218e-05,0,1.7901535517098481e-06,0,3.1761519494466484e-05,0,3.999311229563318e-05,0
0,3,0.04888869744901427,0,0.01,0,4.351197276264429e-05,0,5.009048016882584e-05,0,0.0014290724136767775,0,3.539690078468993e-05,0,4.330827505327761e-05,0
0,5,5.3071893022993585e-06,0,0.02,0,6.610387208638713e-05,0,3.4166123127131556e-05,0,8.31002798431784e-07,0,0.0004470811691135168,0,0.0006899728905409575,0
0,2,0.8511081343671176,0,0.09,0,0.0011018026852980256,0,0.008054227988693232,0,0.06313121404216511,0,0.00023427871929015964,0,0.0007256404496729374,0
0,2,0.014910185284589582,0,0.03,0,0.0006875283434055746,0,0.0003954327469728448,0,0.0003146263139352241,0,7.466862734872848e-05,0,3.999311229563318e-05,0
0,1,0.005740014917579798,0,0.01,0,4.848179378313944e-05,0,4.074687412209528e-05,0,0.0015746903247597854,0,3.06475194520317e-05,0,4.079770587850362e-05,0
0,1,2.8497964755981712e-05,0,0.08,0,0.03247025981545448,0,0.0014127924778759282,0,0.001820241633557812,0,3.320834366604686e-05,0,5.095158121548593e-05,0
0,4,0.037255066233660906,0,0.05,0,0.0001926603727042675,0,0.00020575984264205584,0,0.00013020224806525372,0,9.011833753902465e-05,0,4.077536141267046e-05,0
0,5,0.22788563533126904,0,0.04,0,0.0001253065565833822,0,0.0002254535774353429,0,0.016182836565335267,0,0.0013447970850393176,0,0.0006780113908462226,0
0,5,0.045634821268469516,0,0.04,0,6.482706521637738e-05,0,8.368970987178991e-05,0,0.012763243372509723,0,0.00013006407243665308,0,5.8847548643825576e-05,0
0,3,0.1941501898131618,0,0.02,0,0.0019348447676748037,0,5.257003636033974e-05,0,4.836685531323152e-05,0,9.044555918080732e-05,0,4.049970812047832e-05,0
0,2,0.006564700137667507,0,0.0,0,2.5115172320511192e-05,0,2.4382854167629586e-05,0,7.344320368423458e-07,0,3.448793358984403e-05,0,3.999311229563318e-05,0
0,4,0.00234390198445937,0,0.0,0,1.32267962271726e-06,0,2.7387817035354026e-05,0,1.697986828996867e-05,0,7.96894237282686e-05,0,3.999311229563318e-05,0
0,5,0.00012340268694916739,0,0.0,0,6.441757432185113e-05,0,2.1809394153254757e-05,0,1.2326280048462458e-06,0,3.1527888495475054e-05,0,3.999311229563318e-05,0
0,5,0.010786831141818781,0,0.02,0,7.797549983479257e-07,0,6.68264473339666e-05,0,0.00017205262189271757,0,3.1497904274147004e-05,0,3.999311229563318e-05,0
0,2,0.0002828770644625744,0,0.0,0,2.510829654056579e-05,0,2.5229748615094196e-05,0,3.222387741853578e-08,0,3.448793358984403e-05,0,3.999311229563318e-05,0
0,2,0.00414910907583156,0,0.0,0,6.738308729836717e-05,0,1.8289620534887506e-05,0,1.3718151771016244e-05,0,3.448793358984403e-05,0,4.66160308860708e-05,0
0,1,0.03430495725306427,0,0.0,0,1.2180020348750986e-05,0,1.5597429701997674e-05,0,1.3285195503308538e-05,0,2.593315912235994e-05,0,3.999311229563318e-05,0
0,1,1.268648215050878e-07,0,0.03,0,0.0015909570502117276,0,0.006779730628107831,0,0.0052413551226299275,0,3.242196544306353e-05,0,6.056864731363021e-05,0
0,5,9.962824631048007e-06,0,0.05,0,0.0004247209581080824,0,4.365370258916535e-05,0,4.264915919364471e-05,0,3.1922656489769e-05,0,4.017191531602293e-05,0
0,2,0.00017566423970897515,0,0.0,0,1.1363217709003948e-05,0,0.00010537245208505757,0,9.005448090158649e-05,0,3.759247192647308e-05,0,3.999311229563318e-05,0
0,5,7.55270327421575e-05,0,0.0,0,3.501866103761131e-06,0,2.3327295321153063e-05,0,3.2238161522961393e-06,0,3.1497904274147004e-05,0,3.999311229563318e-05,0
0,2,0.9843775177795251,1,0.03,0,0.06186189875006676,0,0.024248299403856553,0,0.10590351259131378,0,0.0013215037761256099,0,0.00021762109827250242,0
0,4,0.03302340846695987,0,0.01,0,0.00014846582780592144,0,0.0001233130050454866,0,1.9632456965817238e-05,0,7.944804383441806e-05,0,3.999311229563318e-05,0
0,4,0.9697597113646175,0,0.16,1,0.1609283685684204,0,0.030336770651552936,0,0.4350417031287298,1,0.001417428022250533,0,0.0034346901811659336,0
0,4,0.3747235148701172,0,0.02,0,0.0009692858438938856,0,0.0003987612159721615,0,0.006540339952380175,0,0.00013963122910354286,0,0.00012170382251497358,0
0,4,0.00011800856961151469,0,0.0,0,1.0840165487024933e-05,0,2.373817632634128e-05,0,5.351823109121503e-07,0,7.944804383441806e-05,0,3.999311229563318e-05,0
0,2,3.364009697721206e-05,0,0.0,0,0.0002535133680794388,0,0.00014940912536419828,0,8.248249613158983e-06,0,3.448793358984403e-05,0,3.999311229563318e-05,0
0,2,0.0051499455028735305,0,0.0,0,9.660481009632349e-05,0,3.493587255631155e-05,0,8.788332641652922e-06,0,4.194083885522559e-05,0,5.007264553569257e-05,0
0,5,0.0018159606667043947,0,0.0,0,9.83618065220071e-06,0,2.292606444330885e-05,0,3.3321357360109867e-06,0,3.1521831260761246e-05,0,3.999311229563318e-05,0
0,5,1.1979926731786056e-05,0,0.0,0,2.219806219727616e-06,0,2.337752703966584e-05,0,5.162035095339348e-07,0,3.1497904274147004e-05,0,3.999311229563318e-05,0
0,1,0.0010778506549614184,0,0.0,0,6.7519072217692155e-06,0,1.7460637614183863e-05,0,2.3472795611757494e-05,0,4.505238030105829e-05,0,4.067106419824995e-05,0
0,1,0.0017230204419509446,0,0.04,0,6.60003861412406e-05,0,0.00044243693867015196,0,0.002805555652230615,0,2.628058246045839e-05,0,4.0589111449662596e-05,0
0,3,0.0068504942654670515,0,0.0,0,7.035482212813804e-06,0,2.234256093905327e-05,0,2.741273632360212e-06,0,3.1761519494466484e-05,0,3.999311229563318e-05,0
0,1,2.700950697831881e-06,0,0.01,0,0.00016019701433833688,0,2.904490038387505e-05,0,2.1841453414564106e-07,0,2.593315912235994e-05,0,3.999311229563318e-05,0
0,4,4.146985778566442e-06,0,0.0,0,1.875795169326011e-05,0,2.059371110644337e-05,0,1.0359716181521947e-06,0,7.944804383441806e-05,0,3.999311229563318e-05,0
0,3,0.8678711719594326,0,0.05,0,0.26240062713623047,0,0.019997639075330982,0,0.3747802700671073,1,0.006933297496289015,0,0.0011612456291913986,0
0,4,0.00010353587488933011,0,0.0,0,3.3270521271333564e-06,0,2.234026558457652e-05,0,3.3338307485813116e-05,0,7.944804383441806e-05,0,3.999311229563318e-05,0
0,5,8.636821143416851e-06,0,0.0,0,1.092480715669808e-06,0,1.9555364690626837e-05,0,4.59929856123711e-08,0,3.1497904274147004e-05,0,3.999311229563318e-05,0
0,2,9.307453873936528e-06,0,0.02,0,5.2726940339198336e-05,0,2.3898503767899467e-05,0,3.1410740011419097e-06,0,3.448793358984403e-05,0,3.999311229563318e-05,0
0,4,0.0006140702082719306,0,0.03,0,2.158951247110963e-05,0,8.899852069614624e-05,0,1.797959379379963e-05,0,7.944804383441806e-05,0,3.999311229563318e-05,0
0,4,0.017279304145762692,0,0.03,0,0.00018674871535040438,0,0.00011400278516181364,0,0.0001615169855543536,0,0.00051430135499686,0,0.002124984050169587,0
0,1,0.0003150310469304837,0,0.01,0,1.1666425962175708e-05,0,2.141977481866338e-05,0,2.134431236841409e-06,0,3.230502989026718e-05,0,4.0462458855472505e-05,0
0,2,0.05764273339485907,0,0.01,0,8.153222734108567e-05,0,4.656590506064148e-05,0,0.0001254593449738026,0,6.52465969324112e-05,0,6.539635069202632e-05,0
0,4,6.216264806963744e-06,0,0.0,0,2.5154095055768266e-05,0,0.0001596085496247698,0,5.237102019811663e-06,0,7.944804383441806e-05,0,3.999311229563318e-05,0
0,5,1.2724061219974595e-10,0,0.02,0,0.00024518658756278455,0,0.00030984538671421534,0,2.1321476309879374e-06,0,0.00016198033699765801,0,9.499621955910698e-05,0
0,5,2.00899615234129e-05,0,0.01,0,0.0009280876838602126,0,0.00016739324811704164,0,0.007257703119931697,0,3.767097950913012e-05,0,0.00042664774809964,0
0,2,4.933047183991165e-07,0,0.0,0,0.00031932868296280503,0,0.0002969851335074008,0,0.0002339684623315906,0,0.00014455085329245776,0,0.0003705433045979589,0
0,5,5.9856124107077985e-05,0,0.03,0,2.6951664040097967e-05,0,0.00010173925520229785,0,0.006006870551783925,0,3.288309380877763e-05,0,4.0157014154829085e-05,0
0,3,0.0037033062882996523,0,0.01,0,1.3754563951806631e-05,0,1.9145876794970545e-05,0,4.529524372093201e-05,0,3.2019892387324944e-05,0,4.374779018689878e-05,0
0,1,0.03230903757540752,0,0.02,0,0.001233876682817936,0,0.00022473765429178698,0,0.047223632237497225,0,4.1534218325978145e-05,0,8.467917359666899e-05,0
0,5,0.00014488419490018642,0,0.0,0,5.3157640650169924e-05,0,5.727401463224858e-05,0,8.387700092202285e-07,0,3.217642370145768e-05,0,4.1192546632373706e-05,0
0,4,0.000309252254457112,0,0.0,0,1.701212204352487e-05,0,2.0663454649651957e-05,0,9.611817016137927e-07,0,7.944804383441806e-05,0,3.999311229563318e-05,0
0,5,1.285202320910175e-06,0,0.0,0,0.00022422666370403022,0,0.0004461883781429924,0,0.00018091814728304803,0,5.2552466513589025e-05,0,5.261295154923573e-05,0
0,4,5.483351900319707e-07,0,0.0,0,2.8937585739186034e-05,0,4.177655240436759e-05,0,7.983064785552594e-07,0,7.944804383441806e-05,0,3.999311229563318e-05,0
0,5,0.0010800015332026033,0,0.0,0,1.1308311513857916e-05,0,1.2229792462273082e-05,0,3.2410060874708665e-05,0,3.151613418594934e-05,0,3.999311229563318e-05,0
0,1,0.018736959415145887,0,0.0,0,5.7364431995665655e-06,0,4.1957408701908835e-05,0,1.2776514706756038e-05,0,2.593315912235994e-05,0,3.999311229563318e-05,0
0,5,8.435672293175692e-07,0,0.0,0,7.15342684998177e-06,0,3.081374695021533e-05,0,1.0335127407478907e-06,0,3.15173965645954e-05,0,3.999311229563318e-05,0
0,1,0.0001282681428755307,0,0.0,0,8.680946848471649e-06,0,4.079307303763996e-05,0,2.609950365515834e-07,0,2.593315912235994e-05,0,3.999311229563318e-05,0
0,2,9.448554357989361e-05,0,0.0,0,4.669142526836367e-06,0,2.508148690929838e-05,0,1.4962155972776697e-08,0,3.448793358984403e-05,0,3.999311229563318e-05,0
0,2,7.6360837277843e-07,0,0.0,0,8.28293923404999e-06,0,2.4378995371501855e-05,0,1.8497638463692988e-07,0,3.5601358831627294e-05,0,3.999311229563318e-05,0
0,5,2.930922471841446e-05,0,0.0,0,1.4600162103306502e-05,0,2.3331712026266277e-05,0,2.794479505963662e-07,0,3.1497904274147004e-05,0,3.999311229563318e-05,0
0,3,0.09266484748500924,0,0.01,0,0.0004117982171010226,0,5.1473526232685127e-05,0,3.3247831848329675e-05,0,0.00011557266407180578,0,0.00014443417603615671,0
0,3,0.00025946741369735143,0,0.0,0,0.00010064103844342753,0,2.9088063280245278e-05,0,1.2531601341509833e-05,0,3.1761519494466484e-05,0,3.999311229563318e-05,0
0,3,0.002573334522154273,0,0.05,0,0.0010523950913920999,0,0.0007914953401347858,0,0.007821880742290784,0,8.39639687910676e-05,0,6.456117262132466e-05,0
0,3,0.00599540505616062,0,0.1,0,0.04050175100564957,0,0.02776468328513709,0,0.03689388971736025,0,0.000264556088950485,0,0.0008084905566647649,0
0,5,0.001218977420748702,0,0.0,0,2.856136234186124e-06,0,2.2607103371763344e-05,0,1.7275889927951372e-05,0,3.627954356488772e-05,0,4.2868767195614055e-05,0
0,1,0.0001730293273799382,0,0.0,0,6.525920070998836e-06,0,5.083573600944147e-05,0,1.5240484462536862e-07,0,2.593315912235994e-05,0,3.999311229563318e-05,0
0,4,0.00022491152705796585,0,0.0,0,7.762814493617043e-05,0,3.111025495360218e-05,0,2.4842937549050033e-07,0,7.944804383441806e-05,0,3.999311229563318e-05,0
0,2,0.0005073941377317522,0,0.01,0,5.1395534683251753e-05,0,3.855088804784082e-05,0,2.5288993681668937e-06,0,3.448793358984403e-05,0,3.999311229563318e-05,0
0,3,7.812555570475434e-06,0,0.0,0,8.232616892200895e-06,0,2.010133702470957e-05,0,9.19977475450313e-07,0,3.1761519494466484e-05,0,3.999311229563318e-05,0
0,3,9.659560975517325e-08,0,0.0,0,2.3937820969877066e-06,0,2.3323397071662978e-05,0,4.185269657280828e-07,0,3.1761519494466484e-05,0,3.999311229563318e-05,0
0,1,1.5627399565124325e-05,0,0.01,0,5.583442543866113e-05,0,3.583270623554754e-05,0,0.00010657324355742072,0,2.593315912235994e-05,0,3.999311229563318e-05,0
0,4,8.73516682531283e-06,0,0.0,0,0.00013655111251864582,0,0.00017008559175907872,0,0.0010896269237459248,0,8.920684194890782e-05,0,4.638506652554497e-05,0
0,1,0.0025715453835812355,0,0.01,0,0.00016508952830918133,0,0.00017825615957052428,0,0.01403217490312737,0,2.7125121050630696e-05,0,5.6031945860013366e-05,0
0,1,0.005368756282414182,0,0.02,0,0.001478539197705686,0,0.000436642393866352,0,0.022975031979379782,0,2.6162715585087426e-05,0,4.1497991333017126e-05,0
0,1,0.00044691048987515863,0,0.0,0,2.6474075639271177e-05,0,2.4485744516003946e-05,0,3.050443617273353e-07,0,2.739933734119404e-05,0,3.999311229563318e-05,0
0,1,7.704380877588466e-09,0,0.0,0,1.2811136684831581e-06,0,2.0836604403630238e-05,0,5.7683905486191196e-08,0,2.593315912235994e-05,0,3.999311229563318e-05,0
0,1,0.10858629021598867,0,0.04,0,0.00010014037252403796,0,0.0005158048824157271,0,0.03718987815267981,0,3.0455821615760215e-05,0,4.089456342626363e-05,0
0,4,0.6785281206437594,0,0.07,0,0.0019048858666792512,0,0.0030868423881138004,0,0.002902915636752176,0,0.000579525250941515,0,0.00033721717773005366,0
0,3,1.2803830904536166e-05,0,0.0,0,2.535419298510533e-06,0,2.022388744586299e-05,0,5.984704935073068e-08,0,3.1761519494466484e-05,0,3.999311229563318e-05,0
0,3,8.909314059112152e-06,0,0.01,0,2.8375354304444045e-05,0,2.9552098961776234e-05,0,3.1148212509827246e-07,0,3.1761519494466484e-05,0,3.999311229563318e-05,0
0,4,0.165305817040477,0,0.05,0,2.710717308218591e-05,0,7.501381784740882e-05,0,0.0018366049378469413,0,0.00013769749784842134,0,7.863722566980869e-05,0
0,1,0.3917610567099393,0,0.0,0,0.004255401436239481,0,0.013553420674906396,0,0.020875148829173917,0,3.018816641997546e-05,0,6.262533133849502e-05,0
0,1,0.04869882236297512,0,0.04,0,0.00013068964472040534,0,0.001047462372478874,0,0.0030292661151772138,0,2.731028689595405e-05,0,4.8656846047379076e-05,0
0,3,0.0004708362529245252,0,0.01,0,0.0002058120589936152,0,0.00025247319005232394,0,0.00041689165278781183,0,9.021053119795397e-05,0,4.045500827487558e-05,0
0,1,2.4526510215315292e-09,0,0.01,0,0.00012484141916502267,0,9.014597800121456e-05,0,1.764322986120894e-06,0,2.613092328829225e-05,0,3.999311229563318e-05,0
0,3,1.6406410566415223e-06,0,0.01,0,3.8520560337929055e-05,0,4.290720882236669e-05,0,1.6930856989200343e-05,0,3.1761519494466484e-05,0,3.999311229563318e-05,0
0,1,2.304265368057798e-05,0,0.01,0,4.219741640554275e-06,0,3.6472043750712104e-05,0,9.842555177483549e-05,0,2.593315912235994e-05,0,3.999311229563318e-05,0
0,4,8.359285319545024e-07,0,0.0,0,3.321926487842575e-05,0,2.067053664860782e-05,0,5.450798255544894e-07,0,7.944804383441806e-05,0,3.999311229563318e-05,0
0,4,7.635618043613775e-07,0,0.03,0,2.5762285076780245e-05,0,2.442259595490114e-05,0,1.384838030621439e-06,0,7.944804383441806e-05,0,3.999311229563318e-05,0
0,3,8.667011884972536e-05,0,0.01,0,8.56001497595571e-05,0,0.0002131622727499158,0,5.763317975869021e-05,0,3.182917498634197e-05,0,3.999311229563318e-05,0
0,4,0.9607700138124771,0,0.1,0,0.00700144749134779,0,0.016183666291812473,0,0.1402603486613141,0,0.0003233284514863044,0,0.000753538217395544,0
0,4,0.1992829011367218,0,0.04,0,0.0017927931621670723,0,0.006062410638964267,0,0.0013228417948050956,0,0.0005634832195937634,0,0.00014286856458056718,0
0,2,0.00017491936290765065,0,0.0,0,5.74342220716062e-06,0,1.6831248326764857e-05,0,9.133893409156331e-06,0,3.448793358984403e-05,0,4.0298564272234216e-05,0
0,1,0.004446250209718722,0,0.01,0,0.0002189770166296512,0,0.0001049879731294677,0,0.00026212991059623464,0,3.26469998981338e-05,0,4.209397593513131e-05,0
0,5,0.05118398686853144,0,0.02,0,0.0006025944021530449,0,8.418862487251971e-05,0,8.733539375706307e-06,0,3.2522351830266416e-05,0,5.442298061097972e-05,0
0,3,0.0005608572841783748,0,0.01,0,0.00022793743119109422,0,3.9047265144440374e-05,0,2.4459569150782955e-06,0,3.3593776606721804e-05,0,3.999311229563318e-05,0
0,2,0.0002260825857707538,0,0.0,0,8.914589670894202e-06,0,1.7519381804500277e-05,0,2.4807473066145687e-06,0,3.469382500043139e-05,0,3.999311229563318e-05,0
0,1,9.889179454861988e-06,0,0.01,0,9.458520071348175e-05,0,6.539136356613557e-05,0,3.349893903772517e-05,0,2.593315912235994e-05,0,3.999311229563318e-05,0
0,1,0.013661061126919935,0,0.02,0,0.005080343224108219,0,0.0023989159445947776,0,0.0010319613788880614,0,4.251914288033731e-05,0,4.680230267695151e-05,0
0,3,0.00031983393993765993,0,0.01,0,4.092766630492406e-06,0,2.0228845037295052e-05,0,1.2652759233959585e-07,0,3.1761519494466484e-05,0,3.999311229563318e-05,0
0,2,0.009254983393752943,0,0.01,0,0.0006278264918364584,0,3.661862973172064e-05,0,0.0018921573667152252,0,3.541115074767731e-05,0,4.029111369163729e-05,0
0,3,0.0047946344186489106,0,0.0,0,5.56163904548157e-05,0,3.8304879362594275e-05,0,0.00017170547737700712,0,3.1773826776770875e-05,0,3.999311229563318e-05,0
0,1,6.656685424078337e-05,0,0.01,0,1.783685183909256e-05,0,6.37924176250846e-05,0,0.0008465729916575096,0,2.593315912235994e-05,0,3.999311229563318e-05,0
0,2,1.3975219481845252e-06,0,0.0,0,5.693549610441551e-06,0,2.0875878434249358e-05,0,3.0998197282199545e-08,0,3.448793358984403e-05,0,3.999311229563318e-05,0
0,1,2.1770709356740728e-07,0,0.0,0,1.776172393874731e-05,0,2.5235556535554605e-05,0,3.392457613780242e-08,0,2.593315912235994e-05,0,3.999311229563318e-05,0
0,5,3.4120580061019256e-05,0,0.0,0,1.3399795761870337e-06,0,2.003206694300545e-05,0,1.9274764678401178e-07,0,3.1497904274147004e-05,0,3.999311229563318e-05,0
0,4,4.8167271310255264e-06,0,0.0,0,1.0775776900118217e-05,0,2.066973738462269e-05,0,6.837271283483954e-08,0,7.944804383441806e-05,0,3.999311229563318e-05,0
0,1,0.06269930690544633,0,0.0,0,2.4226012101280503e-05,0,2.1901603812726695e-05,0,0.00013814305829222404,0,3.565916631487198e-05,0,4.5945558667881414e-05,0
0,4,0.0007574464583031306,0,0.02,0,3.180194471497089e-05,0,4.4917467484402606e-05,0,9.735198955579552e-05,0,9.553160634823143e-05,0,4.333065953687765e-05,0
0,4,0.004394731201900775,0,0.02,0,0.0011119605042040348,0,2.347968217424008e-05,0,2.5916171276621084e-05,0,0.00036925848689861596,0,0.0002919826365541667,0
0,3,0.017892549835419738,0,0.02,0,0.04181322827935219,0,0.004280321177957938,0,0.0011044646172614042,0,0.0240914486348629,0,0.011018176563084126,0
0,2,0.018432272003070092,0,0.0,0,1.3835431673214771e-05,0,2.566186166556134e-05,0,1.8547678790822525e-05,0,3.590787309804e-05,0,4.8537986003793776e-05,0
0,1,2.1816796062162206e-05,0,0.0,0,0.00012045331095578149,0,3.725740039846206e-05,0,5.85774611453243e-06,0,2.593315912235994e-05,0,3.999311229563318e-05,0
0,1,4.953662552262417e-05,0,0.0,0,0.0007216741796582937,0,6.170416072486731e-05,0,8.360595997198457e-06,0,2.593315912235994e-05,0,3.999311229563318e-05,0
0,3,3.4676266356882873e-06,0,0.01,0,1.9682573110912926e-05,0,0.00010112762896949913,0,8.800779038865603e-05,0,3.262310929130763e-05,0,4.228021134622395e-05,0
0,3,0.00041746326128403203,0,0.0,0,3.6065015592612326e-05,0,2.3306693676085428e-05,0,4.1480678949315534e-05,0,3.177279722876847e-05,0,3.999311229563318e-05,0
0,1,0.0004239035570543366,0,0.01,0,6.27316112513654e-05,0,5.6240707245166515e-05,0,0.010945498934878986,0,2.593315912235994e-05,0,3.999311229563318e-05,0
0,4,0.1871437087644453,0,0.01,0,0.0009981637122109532,0,5.36652168463873e-05,0,2.3705805676393315e-05,0,0.00010593405022518709,0,5.043017154093832e-05,0
0,4,0.0003542983424116862,0,0.0,0,0.0001678017870290205,0,3.351119266835664e-05,0,9.712991639441231e-05,0,7.944804383441806e-05,0,3.999311229563318e-05,0
0,4,1.4155664485673207e-05,0,0.05,0,0.005113015882670879,0,0.005349497227529321,0,0.00044896213435449743,0,0.00014214054681360722,0,7.628685852978379e-05,0
0,1,0.0004569551043801135,0,0.02,0,0.0004618624516297132,0,0.0005132318355647802,0,0.0005516490124822281,0,8.901301043806598e-05,0,0.00013837633014190942,0
0,3,1.0539593371211785e-05,0,0.0,0,5.627556674880907e-06,0,1.9988422808903966e-05,0,4.068797607125108e-07,0,3.1761519494466484e-05,0,3.999311229563318e-05,0
0,5,0.00033351237315127957,0,0.0,0,0.00022946621174924076,0,0.00024203613751480415,0,5.099309543238471e-06,0,4.3654796172631904e-05,0,4.5416614739224315e-05,0
0,4,8.983518759061261e-05,0,0.03,0,0.0006663478561677039,0,8.452181883805332e-05,0,0.0001582342217397567,0,9.974587010219693e-05,0,5.840121957589872e-05,0
0,2,4.670767734110413e-05,0,0.0,0,5.377253273763927e-06,0,2.931748911974714e-05,0,5.949625737210044e-07,0,3.448793358984403e-05,0,3.999311229563318e-05,0
0,5,0.9052577797886499,0,0.04,0,0.0003606268437579274,0,0.0004651333504077139,0,1.5086845485463614e-05,0,0.00018363659910392016,0,0.00012318183144088835,0
0,2,2.6162311876627316e-09,0,0.0,0,1.550188426335808e-05,0,2.9473917352394345e-05,0,1.517817655482883e-07,0,3.448793358984403e-05,0,3.999311229563318e-05,0
0,2,0.0004220453521198936,0,0.02,0,9.219819730788004e-06,0,2.0841019048559628e-05,0,5.009321756791033e-07,0,3.448793358984403e-05,0,3.999311229563318e-05,0
0,2,1.7369154702274055e-06,0,0.0,0,2.7649628464132547e-05,0,3.7343497735342516e-05,0,9.045330412467261e-06,0,3.448793358984403e-05,0,3.999311229563318e-05,0
0,1,4.4591626747233963e-08,0,0.0,0,9.539617167320102e-07,0,2.0979867753395564e-05,0,7.095790462589583e-08,0,2.593315912235994e-05,0,3.999311229563318e-05,0
0,2,8.897875940411469e-06,0,0.0,0,0.0005914591602049768,0,0.00010008833731711544,0,9.625223094738494e-06,0,3.5191977076465264e-05,0,3.999311229563318e-05,0
0,2,0.0006535857362693628,0,0.01,0,9.905709703161847e-06,0,3.541949251965778e-05,0,4.7984778405335936e-05,0,3.448793358984403e-05,0,3.999311229563318e-05,0
0,1,0.04225021532898803,0,0.07,0,0.0020410751458257437,0,0.0001995087278769897,0,0.009898736372419814,0,3.2333980925614014e-05,0,4.324869951233268e-05,0
0,4,1.9320460844219455e-07,0,0.0,0,0.00012385148147586733,0,2.420562210829298e-05,0,1.2411400737826987e-06,0,7.944804383441806e-05,0,3.999311229563318e-05,0
0,3,2.3610013667720074e-06,0,0.02,0,1.7870461306301877e-05,0,3.039922345114846e-05,0,2.5942617706598127e-06,0,3.1761519494466484e-05,0,3.999311229563318e-05,0
0,3,0.043805137575943134,0,0.01,0,0.0011158664710819721,0,3.879222353689208e-05,0,0.0006749230253709262,0,3.18538150168024e-05,0,3.999311229563318e-05,0
0,5,2.4801700151244636e-06,0,0.02,0,0.00033482557046227157,0,5.898669138467331e-05,0,4.676179632928352e-05,0,3.1650000892113894e-05,0,3.999311229563318e-05,0
0,4,0.015524814156479957,0,0.02,0,2.7912386940442957e-05,0,9.320997808784111e-05,0,5.891579012011794e-05,0,7.944804383441806e-05,0,4.0291110053658485e-05,0
0,3,0.04797317301541005,0,0.01,0,1.1800860193034168e-05,0,4.725571826234448e-05,0,5.317123530506674e-05,0,3.353378997417167e-05,0,3.999311229563318e-05,0
0,3,0.009396355044629576,0,0.03,0,0.002055305987596512,0,0.0005774974864763758,0,0.006255140145505113,0,4.320142761571333e-05,0,6.366744491970167e-05,0
0,5,0.7700373119940862,0,0.08,0,0.05498311668634415,0,0.06712498446590506,0,0.1704953510317102,0,0.00011743933282559738,0,0.00021902787557337433,0
0,1,0.00039949545841664187,0,0.01,0,5.7729994296096265e-05,0,0.00010250145619595319,0,2.819746834719465e-07,0,2.593315912235994e-05,0,3.999311229563318e-05,0
0,3,0.0013298490229506261,0,0.0,0,3.5582132113631815e-05,0,2.9343406375355628e-05,0,2.53709965956101e-07,0,3.1761519494466484e-05,0,3.999311229563318e-05,0
0,2,0.00016322180773075412,0,0.01,0,0.0011366864200681448,0,0.00019717926189741385,0,7.266857580925807e-05,0,3.448793358984403e-05,0,3.999311229563318e-05,0
0,5,1.493649897022614e-06,0,0.03,0,5.3986161219654605e-05,0,4.107966688485672e-05,0,6.299243420932147e-06,0,3.1497904274147004e-05,0,3.999311229563318e-05,0
0,5,0.0006955237363606451,0,0.01,0,8.39463700685883e-06,0,2.0689364654269753e-05,0,2.8347099665339883e-07,0,3.835050301859155e-05,0,3.999311229563318e-05,0
0,1,0.14235021058404204,0,0.02,0,0.0003433224046602845,0,0.000136954690284139,0,0.007077854306243224,0,6.282654794631526e-05,0,5.878110459889285e-05,0
0,5,0.01877400569191194,0,0.01,0,0.0001481780200265348,0,0.00017275824466191303,0,3.150337897748444e-05,0,3.3714950404828414e-05,0,3.999311229563318e-05,0
0,3,2.0318175679790998e-05,0,0.0,0,1.5246526345435996e-05,0,4.083189998715488e-05,0,9.260601004332069e-06,0,3.1761519494466484e-05,0,3.999311229563318e-05,0
0,5,0.21070057580945972,0,0.0,0,0.0001359467423753813,0,3.7571864898053875e-05,0,4.664410851540863e-06,0,3.150693737552501e-05,0,4.0417762647848576e-05,0
0,3,3.586860473901071e-06,0,0.0,0,2.039042328760843e-06,0,1.9956497290138115e-05,0,5.270264856312561e-07,0,3.1761519494466484e-05,0,3.999311229563318e-05,0
0,5,0.000816217888810432,0,0.05,0,0.0006204376695677638,0,0.00019097016189945686,0,0.000979828522342329,0,0.00012122647603973746,0,9.821684216149151e-05,0
0,1,0.00015425311838032364,0,0.0,0,1.1596344847930595e-05,0,4.552029589459567e-05,0,0.0022583781463084746,0,2.7207634047954343e-05,0,4.2034389480249956e-05,0
0,2,0.12209389401707209,0,0.03,0,4.052843360113911e-05,0,8.964988806173437e-05,0,0.0006177817477777992,0,7.436132727889344e-05,0,6.640760693699121e-05,0
0,2,0.22386574787877417,0,0.02,0,0.06945198029279709,0,0.008791907805967893,0,0.04569472465462187,0,0.0004579749656841159,0,0.00024364273122046143,0
0,4,0.009381674442402304,0,0.0,0,0.00027176542789675295,0,0.00015029519993583763,0,0.0008506827415793272,0,0.0002619303413666785,0,4.651919880416244e-05,0
0,3,0.0001852514758150691,0,0.04,0,9.73354181041941e-05,0,0.0005109196289110002,0,2.413132962938429e-06,0,4.368587542558089e-05,0,3.999311229563318e-05,0
0,5,0.7231341605125796,0,0.0,0,3.124955765088089e-05,0,3.6088219010015206e-05,0,1.5273203822227267e-07,0,6.935300916666165e-05,0,0.00014153923257254064,0
0,3,0.31436360740306124,0,0.03,0,0.0001892796135507524,0,0.00019768416296353256,0,0.038260141616526286,0,9.067025530384853e-05,0,7.186252332758158e-05,0
0,2,0.5478320681026504,0,0.0,0,0.003063319018110633,0,3.484427631643166e-05,0,2.463381261635337e-05,0,3.712486432050355e-05,0,3.999311229563318e-05,0
0,3,0.024489502468690357,0,0.02,0,2.377458440605551e-05,0,2.7983073465764288e-05,0,0.0002989969545164163,0,3.187347101629712e-05,0,3.999311229563318e-05,0
0,3,0.00232540204170369,0,0.07,0,0.0011879167286679149,0,0.0037026926362005324,0,0.006605927476251552,0,9.428304474567994e-05,0,6.346723239403218e-05,0
0,3,0.6908295556724267,0,0.06,0,0.0014031629543751478,0,0.004192205521703017,0,0.0011838096076592997,0,9.403802687302232e-05,0,7.789666415192187e-05,0
0,3,0.00023831766248070816,0,0.0,0,4.0493119740858674e-05,0,3.50021513178745e-05,0,5.075799918134693e-07,0,3.1761519494466484e-05,0,3.999311229563318e-05,0
0,4,0.00016732317751235208,0,0.02,0,3.0281380531960167e-05,0,0.00010068756309768341,0,3.546761179669103e-05,0,7.953796739457175e-05,0,3.999311229563318e-05,0
0,3,0.07406870031199045,0,0.05,0,0.022482065483927727,0,0.0018815047345015123,0,0.055585701065341664,0,0.00031446455977857113,0,0.00019235901709180325,0
0,4,0.0002580914975537658,0,0.02,0,6.661163206445053e-05,0,2.4806725373177108e-05,0,2.5962344682020228e-06,0,8.47011833684519e-05,0,3.999311229563318e-05,0
0,5,0.5147624785258861,0,0.0,0,5.0933038437506184e-05,0,7.096925450327443e-05,0,0.00036527554174441536,0,3.965384166804142e-05,0,3.999311229563318e-05,0
0,2,0.20119869679174285,0,0.0,0,0.00041013903683051467,0,0.0003054936534651292,0,0.00011490864330710597,0,3.956394721171819e-05,0,4.2637839214876294e-05,0
0,4,0.0009359859320671437,0,0.0,0,7.0395494731201325e-06,0,1.3117042437530352e-05,0,1.0960816980863129e-05,0,9.71521221799776e-05,0,4.601994442055002e-05,0
0,4,3.059998516057519e-06,0,0.0,0,0.0002483809075783938,0,3.147973742473477e-05,0,1.8972106354054812e-06,0,7.944804383441806e-05,0,4.064126551384106e-05,0
0,5,2.5759475966130893e-08,0,0.0,0,9.823712389334105e-06,0,1.985012443019733e-05,0,4.112329378572839e-07,0,3.1497904274147004e-05,0,3.999311229563318e-05,0
0,3,0.0016816698446354692,0,0.01,0,4.3267104047117755e-05,0,2.95963131194919e-05,0,0.00029747649502861936,0,4.3730749894166365e-05,0,4.9044378101825714e-05,0
0,2,0.2377110634749563,0,0.01,0,0.00027114967815577984,0,0.00028047464488757776,0,0.0020652859855098946,0,4.791519677382894e-05,0,3.999311229563318e-05,0
0,4,0.005543170973327059,0,0.01,0,0.0021133290138095617,0,0.0003208424172520148,0,0.015297545929001895,0,8.630786760477349e-05,0,4.000800981884822e-05,0
0,2,2.5065475641465607e-05,0,0.0,0,5.8918249123962596e-05,0,4.0469991930036585e-05,0,2.3263468752813856e-06,0,3.448793358984403e-05,0,3.999311229563318e-05,0
0,2,4.262823001648286e-05,0,0.0,0,2.59287789958762e-05,0,0.00012805486577615853,0,5.957553794930299e-06,0,3.488327274681069e-05,0,3.999311229563318e-05,0
0,5,0.09148242681746899,0,0.0,0,1.1965429621341173e-05,0,1.8233959339195956e-05,0,1.0576113505384067e-06,0,3.1497904274147004e-05,0,3.999311229563318e-05,0
0,3,0.5301342278230338,0,0.03,0,0.0523797944188118,0,0.012877087279855088,0,0.020544968415192766,0,0.0014297981979325414,0,0.0003365750890225172,0
0,3,0.004426828047325349,0,0.0,0,3.506960638333112e-05,0,1.3033833896954536e-05,0,1.9266929741819345e-05,0,4.78144756925758e-05,0,5.197220161790028e-05,0
0,4,0.6729746745389322,0,0.02,0,3.5456905607134104e-05,0,0.000139100265276112,0,0.0031965532631512378,0,0.00013548661081586033,0,0.00013936124742031097,0
0,3,0.1363833508506585,0,0.03,0,0.000950417947024107,0,0.00022450868276238003,0,0.0009595523127215562,0,4.5741460780845955e-05,0,3.999311229563318e-05,0
0,5,0.985662961939097,0,0.14,1,0.031304731965065,0,0.02502966459267714,0,0.00720365927181796,0,0.0007428554235957563,0,0.00029276893474161625,0
0,4,0.9992870490173079,1,0.03,0,0.055317554622888565,0,0.0004851535228092492,0,0.06545801698296069,0,0.00021400237164925784,0,4.7405508666997775e-05,0
0,2,0.00030374308215916444,0,0.0,0,8.0768448242452e-05,0,2.4832892757521255e-05,0,2.1837129554623599e-07,0,3.448793358984403e-05,0,3.999311229563318e-05,0
0,5,0.5023796026103673,0,0.08,0,0.5691708326339722,1,0.4958788026460543,1,0.02335701112218685,0,0.0028895814903080463,0,0.0006662723026238382,0
0,1,0.008567436457155957,0,0.0,0,1.8525583072914742e-05,0,3.532044514714035e-05,0,6.778565059981503e-05,0,3.7001966120442376e-05,0,4.9796981329564005e-05,0
0,1,0.0004328794275012056,0,0.01,0,6.42899249214679e-05,0,0.00011101319616175352,0,0.00018124098292629506,0,2.627126195875462e-05,0,4.072320371051319e-05,0
0,3,0.00021331103705076135,0,0.03,0,0.0001353867119178176,0,3.635469670403161e-05,0,0.00023730170679635336,0,7.423764327540994e-05,0,4.105100379092619e-05,0
0,2,0.0008061304176142093,0,0.0,0,8.3468112279661e-06,0,2.9933373087355148e-05,0,6.758192481413049e-07,0,3.448793358984403e-05,0,3.999311229563318e-05,0
0,4,0.00011697781296257481,0,0.05,0,0.0015617291210219264,0,0.0003587985466845911,0,0.0046402282329377625,0,8.190902008209378e-05,0,3.999311229563318e-05,0
0,1,0.13567563868967863,0,0.04,0,0.02633475512266159,0,0.010171275973896669,0,0.007665801020197348,0,0.00024692234001122415,0,0.00017485638090875,0
0,1,0.1129809762805565,0,0.01,0,0.000514370622113347,0,0.00015821511603564088,0,6.210136927985104e-06,0,2.6465655537322164e-05,0,4.892514698440209e-05,0
0,1,0.004233442525633353,0,0.02,0,0.017593102529644966,0,0.006574139233872392,0,0.0004983282555421424,0,3.2091444154502824e-05,0,8.172343950718641e-05,0
0,5,1.3314135853876448e-07,0,0.0,0,1.272531562790391e-06,0,1.2340567716331155e-05,0,1.8569377796532541e-06,0,3.206867040717043e-05,0,4.010486736660823e-05,0
0,2,0.019425457806942267,0,0.0,0,2.189945735153742e-05,0,4.3572546875726035e-05,0,1.955052003553362e-07,0,3.5546992876334116e-05,0,3.999311229563318e-05,0
0,2,8.27355230126777e-05,0,0.01,0,0.0002459925599396229,0,4.632832270840113e-05,0,2.374654880649787e-06,0,0.00029976823134347796,0,3.999311229563318e-05,0
0,3,2.788900797547462e-05,0,0.0,0,3.7388458622444887e-06,0,2.3577776387140377e-05,0,1.6736850782659495e-06,0,3.1761519494466484e-05,0,3.999311229563318e-05,0
0,1,0.03044766145792763,0,0.0,0,5.699476787413005e-06,0,2.287694892162492e-05,0,0.000579148741137652,0,2.6105179131263867e-05,0,3.999311229563318e-05,0
0,1,1.0137898534581053e-05,0,0.01,0,1.4152628864394501e-05,0,2.0836604403630238e-05,0,8.027182336264524e-08,0,2.9173594157327898e-05,0,3.999311229563318e-05,0
0,4,3.98299976362589e-05,0,0.0,0,0.00018109196389559656,0,2.0603439487801002e-05,0,2.763921175111174e-06,0,7.944804383441806e-05,0,3.999311229563318e-05,0
0,1,0.04808595413726443,0,0.01,0,0.0009924571495503187,0,0.0023207482515291947,0,0.004849431674645067,0,0.0006123186321929097,0,0.00022995390463620424,0
0,5,0.001829014141729776,0,0.02,0,6.598660547751933e-05,0,0.0001891478757514463,0,0.0001626894975547905,0,4.613473356585018e-05,0,4.067105692229234e-05,0
0,5,5.0530724651234864e-05,0,0.0,0,3.6280613130657e-05,0,2.761097538842875e-05,0,3.917876341301098e-07,0,4.202769559924491e-05,0,3.999311229563318e-05,0
0,2,0.0031659665692335475,0,0.0,0,0.008063612505793571,0,0.00020520546841695016,0,0.0003402637731949596,0,4.017951141577214e-05,0,0.0001694700913503766,0
0,4,0.026577450479733835,0,0.04,0,0.0019026444060727954,0,0.00035212326310454827,0,0.0104358954208807,0,0.0007841050392016768,0,0.0016486233798786998,0
0,2,0.0056194480428998885,0,0.0,0,6.0944596043555066e-05,0,0.00020420100755468975,0,0.00016768572809221132,0,3.708898657350801e-05,0,3.999311229563318e-05,0
0,1,0.04879099069126982,0,0.04,0,0.0003235095355194062,0,5.391071238975101e-05,0,2.577144113677146e-05,0,3.020123222086113e-05,0,3.999311229563318e-05,0
0,2,0.00019613098696478744,0,0.01,0,2.744469566096086e-05,0,5.048786643355078e-05,0,1.109739335103295e-06,0,3.448793358984403e-05,0,3.999311229563318e-05,0
0,4,0.00011714905158229686,0,0.0,0,1.518819885859557e-06,0,3.035290950565802e-05,0,3.2291942765444245e-07,0,7.944804383441806e-05,0,3.999311229563318e-05,0
0,1,0.753388714327951,0,0.02,0,0.00481606088578701,0,0.0010125747240634128,0,0.00028750607774375494,0,3.529412060743198e-05,0,3.999311229563318e-05,0
0,2,0.991773799704411,1,0.03,0,0.302223801612854,1,0.07426519281682673,0,0.13148943317231204,0,0.001140586449764669,0,0.00028529390692710876,0
0,3,4.052255429951576e-06,0,0.01,0,6.500943527498748e-06,0,2.41253936099727e-05,0,1.3050838705023047e-06,0,3.24266184179578e-05,0,4.111060479772277e-05,0
0,4,0.005191743397588427,0,0.02,0,0.0001422958157490939,0,0.0002451275412717673,0,0.0018862740933780731,0,0.0005120809655636549,0,0.00018867480685003102,0
0,5,0.0047182812774580985,0,0.01,0,1.8669685232453048e-05,0,3.59935442818506e-05,0,2.4865446098599428e-06,0,3.640395880211145e-05,0,3.999311229563318e-05,0
0,4,8.784895535761115e-06,0,0.0,0,1.1418336725910194e-05,0,2.0949262516013524e-05,0,3.137316602344345e-07,0,7.944804383441806e-05,0,3.999311229563318e-05,0
0,1,0.00012787460271393192,0,0.0,0,2.466186288074823e-06,0,1.756299595530618e-05,0,2.3490776751459655e-05,0,2.593315912235994e-05,0,3.999311229563318e-05,0
0,3,0.26615847559252653,0,0.03,0,0.0020888724830001593,0,0.00026623408403086605,0,0.00411092693997971,0,0.00017061317339539528,0,0.00012109098315704614,0
0,5,0.43656090948962945,0,0.07,0,0.002504760166630149,0,0.00020951698097467435,0,0.09829776644014146,0,9.265486733056605e-05,0,0.0018265490652993321,0
0,5,0.0016634211749060681,0,0.01,0,0.00010138098150491714,0,0.00021888168537710623,0,7.79253487766024e-06,0,3.150758857373148e-05,0,3.999311229563318e-05,0
0,2,0.0015966902091754142,0,0.02,0,2.595346813905053e-05,0,2.9968449386842254e-05,0,2.5687663415750177e-06,0,3.536567237460986e-05,0,3.999311229563318e-05,0
0,2,0.9778306946365782,1,0.15,1,0.8744508624076843,1,0.15600832892225058,0,0.18223337130853637,1,0.000873265671543777,0,0.008056159131228924,0
0,4,0.0060921416307303826,0,0.03,0,0.0012603026116266847,0,0.0003740157348771748,0,0.0017365155828552835,0,0.00032200696296058595,0,0.0002568204654380679,0
0,2,3.0768684650172058e-06,0,0.01,0,1.3229180694906972e-05,0,2.5046597238243934e-05,0,1.471406944423018e-06,0,3.448793358984403e-05,0,3.999311229563318e-05,0
0,2,8.309786719644254e-05,0,0.0,0,7.134563202271238e-05,0,4.176100488743833e-05,0,1.310553208180207e-05,0,5.076005254522897e-05,0,3.999311229563318e-05,0
0,1,0.4986162848362527,0,0.02,0,0.00020105189469177276,0,0.0002379869554545683,0,0.046241179224186864,0,5.161354783922434e-05,0,5.795441393274814e-05,0
0,5,0.9098596575176802,0,0.03,0,0.46085652709007263,1,0.03492340356062898,0,0.2981858155789496,1,0.00017117938841693103,0,0.0001578295195940882,0
0,4,5.332598072263335e-06,0,0.0,0,1.4224438018572982e-05,0,2.065378637854276e-05,0,5.123880830077055e-07,0,7.944804383441806e-05,0,3.999311229563318e-05,0
0,2,0.4533683641733378,0,0.0,0,0.0027627621311694384,0,0.00022777191131006976,0,0.000994552141276925,0,3.816868411377072e-05,0,4.3740394175983965e-05,0
0,1,8.802867622985222e-05,0,0.01,0,0.0001108593205572106,0,3.4053191113636913e-05,0,1.8233222485097487e-06,0,2.593315912235994e-05,0,3.999311229563318e-05,0
0,5,0.00800302823574463,0,0.0,0,6.782568561902735e-06,0,2.8105854989824236e-05,0,2.708624482263084e-07,0,3.1497904274147004e-05,0,3.999311229563318e-05,0
0,1,0.015654697945603317,0,0.01,0,1.0924570233328268e-05,0,9.163382145893195e-05,0,0.0007075122673884226,0,2.6057743525598198e-05,0,3.999311229563318e-05,0
0,1,0.0007269623199098128,0,0.01,0,0.00010069009294966236,0,3.460001730659353e-05,0,7.619738424795383e-06,0,2.620669147290755e-05,0,3.999311229563318e-05,0
0,1,2.039527837280648e-06,0,0.0,0,6.203576049301773e-06,0,7.772125240795732e-05,0,3.307707650727702e-07,0,2.593315912235994e-05,0,3.999311229563318e-05,0
0,3,0.8971182450757491,0,0.0,0,5.948756370344199e-05,0,2.6830511717962887e-05,0,0.00033352631769594855,0,0.0001378512679366395,0,7.32969056116417e-05,0
0,4,0.019179730378838626,0,0.04,0,0.01477359700948,0,0.0007483659716969104,0,0.006943840587861063,0,0.00013257043610792607,0,0.00016734363452997059,0
0,3,7.351888800749723e-05,0,0.0,0,1.6612386389169842e-05,0,1.7524529044882826e-05,0,1.694025489847788e-06,0,3.1761519494466484e-05,0,3.999311229563318e-05,0
0,1,0.000324240920349533,0,0.04,0,0.0037290374748408794,0,0.007314030436978607,0,0.0006676519179726275,0,7.537344936281443e-05,0,6.845078314654529e-05,0
0,3,0.04215009012920865,0,0.01,0,1.932404120452702e-05,0,2.316427224328619e-05,0,1.2895755163722994e-06,0,3.189378548995592e-05,0,3.999311229563318e-05,0
0,3,0.00518256017719908,0,0.0,0,7.785781235725153e-06,0,1.9672256925293487e-05,0,1.122191616633689e-06,0,3.1761519494466484e-05,0,3.999311229563318e-05,0
0,5,0.12445787990101663,0,0.01,0,6.79332833897206e-06,0,2.0689154119528078e-05,0,1.1832621901683396e-05,0,3.167572504025884e-05,0,3.999311229563318e-05,0
0,4,0.8896758677755074,0,0.0,0,0.002872750861570239,0,0.00035388266943039927,0,0.0003850934833808047,0,0.000191666345926933,0,4.093925599590875e-05,0
0,2,0.001799360955010022,0,0.02,0,0.02359939180314541,0,0.002188655977165559,0,0.01273339156953993,0,0.0013813942205160856,0,0.0001967501302715391,0
0,2,0.9367236742539445,0,0.06,0,0.014784512110054493,0,0.0035534478971321936,0,0.0807148151770354,0,0.00011181969603057951,0,9.02385581866838e-05,0
0,2,0.13186840808339828,0,0.02,0,0.0020623235031962395,0,0.0002483750360664425,0,0.000848912089484622,0,3.4687851439230144e-05,0,3.999311229563318e-05,0
0,2,0.00174730338897006,0,0.0,0,7.802816980984062e-05,0,6.377973479803066e-05,0,6.767423451264111e-05,0,0.00014531303895637393,0,6.602097710128874e-05,0
0,5,0.10212674454376951,0,0.02,0,3.9665810618316755e-05,0,2.0695514356519383e-05,0,0.0020704609176961392,0,9.171180863631889e-05,0,0.00014985013694968075,0
0,2,7.303754371832656e-08,0,0.0,0,2.321741521882359e-05,0,2.499517539226176e-05,0,4.022952369477787e-07,0,3.448793358984403e-05,0,3.999311229563318e-05,0
0,3,0.0621843515012899,0,0.0,0,5.162852175999433e-05,0,1.262202268700097e-05,0,0.001091368423829949,0,3.433644087635912e-05,0,4.0864750189939514e-05,0
0,4,0.8138583584912579,0,0.04,0,0.000239341810811311,0,0.00037891132198995293,0,0.0004392012388964746,0,0.0018632583087310195,0,0.0006147798267193139,0
0,5,0.04029196102843627,0,0.0,0,0.00015179517504293472,0,2.8913932121916405e-05,0,8.48549242107232e-06,0,4.946464832755737e-05,0,4.5878536184318364e-05,0
0,1,0.009142244136416386,0,0.0,0,2.6919171432382427e-05,0,4.741790983872898e-05,0,0.003150798437006258,0,3.00380870612571e-05,0,6.167140963952988e-05,0
0,2,0.07356919688087624,0,0.0,0,0.00021248459233902395,0,0.0009800730884925374,0,0.0015108849547915376,0,3.567332896636799e-05,0,3.999311229563318e-05,0
0,4,5.344650476609523e-05,0,0.0,0,1.791496470104903e-05,0,4.19758391227278e-05,0,2.4653601120729815e-06,0,7.944804383441806e-05,0,3.999311229563318e-05,0
0,2,0.0011161010537466994,0,0.01,0,6.647438112850068e-06,0,5.503068815707142e-05,0,1.1760876394830656e-06,0,3.448793358984403e-05,0,3.999311229563318e-05,0
0,3,0.0019808618956483246,0,0.03,0,3.7537552998401225e-05,0,5.492965888995472e-05,0,0.0005765998784294317,0,3.1761519494466484e-05,0,3.999311229563318e-05,0
0,3,0.00048658564274545163,0,0.0,0,4.701977741206065e-05,0,2.4541776395068598e-05,0,3.995555917510892e-06,0,3.1794541428098455e-05,0,3.999311229563318e-05,0
0,3,0.0014268123735590738,0,0.0,0,1.993732621485833e-05,0,4.546607588432246e-05,0,4.215061655155433e-06,0,3.1787862099008635e-05,0,4.247393007972278e-05,0
0,1,0.0034511587880003162,0,0.04,0,0.00045333305024541914,0,8.880356674105969e-05,0,3.454169086922137e-05,0,2.7374140699976124e-05,0,3.999311229563318e-05,0
0,5,7.914938271752246e-08,0,0.02,0,7.369675131485565e-06,0,8.089442395045325e-05,0,1.2906572594664488e-05,0,3.1557570764562115e-05,0,4.230256672599353e-05,0
0,1,5.94630879273196e-05,0,0.01,0,0.0002484955475665629,0,0.00014510711182812397,0,0.0006775523624317572,0,2.593315912235994e-05,0,3.999311229563318e-05,0
0,5,0.9638465933101897,0,0.08,0,0.010926068760454655,0,0.00030793890360084454,0,0.0011512937151294303,0,5.1549683121265844e-05,0,9.447331831324846e-05,0
0,4,0.001566546749001467,0,0.0,0,0.0003503256884869188,0,7.716233898446762e-05,0,0.00013242366535700317,0,8.444987906841561e-05,0,3.999311229563318e-05,0
0,4,2.091277927199153e-06,0,0.0,0,4.3053489207522944e-05,0,5.00035433921497e-05,0,7.199218890854846e-07,0,7.944804383441806e-05,0,3.999311229563318e-05,0
0,2,0.016570575502275108,0,0.0,0,7.662260941287968e-06,0,5.212389099625269e-05,0,2.009766148300246e-05,0,3.517617005854845e-05,0,4.8329362471122295e-05,0
0,4,0.3935729134016206,0,0.03,0,0.004381005186587572,0,0.00313612312181058,0,0.03476073477626514,0,9.382543066749349e-05,0,3.999311229563318e-05,0
0,5,9.65330170230467e-06,0,0.0,0,4.386756700114347e-06,0,2.1285532015017646e-05,0,6.1772227277904375e-06,0,3.1497904274147004e-05,0,3.999311229563318e-05,0
0,1,0.003376662220807948,0,0.01,0,6.437562842620537e-05,0,2.4017889430672563e-05,0,2.938640903356251e-06,0,0.00013989182480145246,0,8.01728674559854e-05,0
0,4,0.0012809112385066311,0,0.04,0,0.0007614186615683138,0,3.8416851754235034e-05,0,1.857155082772757e-05,0,8.244553464464843e-05,0,3.999311229563318e-05,0
0,4,0.002033304624643583,0,0.0,0,2.6471298042451963e-05,0,2.0152087369552022e-05,0,1.031745984648672e-06,0,7.944804383441806e-05,0,4.034326411783695e-05,0
0,4,5.807635705753331e-06,0,0.03,0,5.604193211183883e-05,0,3.523120576527176e-05,0,7.125733785502426e-06,0,8.19288834463805e-05,0,3.999311229563318e-05,0
0,2,2.5256651861798047e-06,0,0.0,0,2.834308907040395e-05,0,4.7356238002249506e-05,0,4.088177135677785e-07,0,3.448793358984403e-05,0,3.999311229563318e-05,0
0,2,2.3788975237483905e-05,0,0.0,0,5.3795549320057034e-05,0,3.813172327490352e-05,0,8.025768622003662e-06,0,4.456498209037818e-05,0,3.999311229563318e-05,0
0,1,0.0007312017639869657,0,0.0,0,4.831739261135226e-06,0,2.0966129957646084e-05,0,7.286521422634128e-08,0,2.593315912235994e-05,0,3.999311229563318e-05,0
0,3,0.00015679070799443459,0,0.0,0,2.4803766791592352e-05,0,2.755327373906795e-05,0,1.9402377108078466e-05,0,3.1761519494466484e-05,0,3.999311229563318e-05,0
0,4,0.00037970617085596555,0,0.01,0,0.0002208660589531064,0,5.1058259833544584e-05,0,3.064184354904983e-07,0,7.944804383441806e-05,0,3.999311229563318e-05,0
0,3,0.04769669596333058,0,0.0,0,7.574698247481138e-05,0,6.242578565436684e-05,0,0.00025736378564604977,0,0.00013765350740868598,0,6.114215648267418e-05,0
0,2,0.6731815085248529,0,0.04,0,0.0013805828057229519,0,0.0014287428227898159,0,0.053407711856541994,0,4.739719588542357e-05,0,0.00025715454830788076,0
0,2,0.035905441542516216,0,0.04,0,0.0014263028278946877,0,0.0018630196148125082,0,0.006175509699746531,0,3.448793358984403e-05,0,3.999311229563318e-05,0
0,1,0.01863085816825318,0,0.01,0,6.131599366199225e-05,0,2.3766126213425598e-05,0,5.795840977441329e-05,0,2.693512760743033e-05,0,3.999311229563318e-05,0
0,5,4.281749324613326e-05,0,0.0,0,1.1638605883490527e-06,0,1.952418901199776e-05,0,1.9584710886977736e-06,0,3.1497904274147004e-05,0,3.999311229563318e-05,0
0,2,3.72402939842345e-05,0,0.0,0,9.384177246829495e-06,0,2.0402269376009677e-05,0,1.1636369626116339e-05,0,3.448793358984403e-05,0,3.999311229563318e-05,0
0,4,0.9713735378981672,1,0.05,0,0.5129563808441162,1,0.05171721862330946,0,0.415698405332571,1,0.0003017270937561989,0,0.00012285902630537748,0
0,2,9.680272574389513e-05,0,0.02,0,5.248703928373288e-06,0,3.693041456093503e-05,0,7.513673251928581e-05,0,3.448793358984403e-05,0,3.999311229563318e-05,0
0,1,0.017042564242878054,0,0.01,0,5.8470141084399074e-05,0,0.0005620545482456831,0,0.0007384140887072296,0,3.162395296385512e-05,0,4.170658576185815e-05,0
0,4,0.0001016926294753576,0,0.0,0,7.684456249990035e-06,0,2.1002659262938243e-05,0,4.674258817112256e-08,0,7.944804383441806e-05,0,3.999311229563318e-05,0
0,5,4.783246633364784e-05,0,0.0,0,8.858199726091698e-05,0,2.348147066326144e-05,0,3.3869007109639603e-06,0,3.15712604788132e-05,0,3.999311229563318e-05,0
0,4,0.13867386701079232,0,0.01,0,0.006707801483571529,0,0.002118668786152854,0,0.00018987066111294292,0,0.00020902713004034013,0,5.422925823950209e-05,0
0,3,0.0009649761404923064,0,0.0,0,2.1218429537839256e-05,0,1.749229301784455e-05,0,5.430427093118757e-06,0,3.220914732082747e-05,0,3.999311229563318e-05,0
0,5,0.00014210222055655313,0,0.0,0,2.1435312191897538e-06,0,2.3566553862296356e-05,0,2.1332735501156343e-07,0,3.1497904274147004e-05,0,3.999311229563318e-05,0
0,5,4.787737521984736e-07,0,0.01,0,0.0008204475743696094,0,8.319962573518891e-05,0,1.1568192921890858e-05,0,3.1497904274147004e-05,0,3.999311229563318e-05,0
0,3,0.006893811472096819,0,0.0,0,2.2023443307261914e-05,0,2.077069804464884e-05,0,7.958135650786553e-05,0,3.1790514185559005e-05,0,3.999311229563318e-05,0
0,4,0.0006757399527670733,0,0.01,0,2.2608010112890042e-05,0,2.356510384114918e-05,0,2.9198282187020953e-07,0,7.944804383441806e-05,0,3.999311229563318e-05,0
0,1,0.00038520358768577323,0,0.0,0,0.00014360493514686823,0,0.00012415127936116533,0,0.0007047765850211585,0,3.406334508326836e-05,0,9.390214108861983e-05,0
0,4,0.011356317202264977,0,0.01,0,0.00011069505853811279,0,3.577826698714985e-05,0,0.00023933452861150584,0,8.192443056032062e-05,0,3.999311229563318e-05,0
0,4,0.00014908265656071113,0,0.02,0,3.002173252752982e-05,0,2.2039529864173906e-05,0,6.780710479762043e-05,0,0.00026347883976995945,0,5.514575605047867e-05,0
0,1,0.0059509645069991965,0,0.01,0,0.0004969793953932822,0,0.00023289422620300626,0,0.0019576289056232855,0,4.252604048815556e-05,0,0.00029560201801359653,0
0,3,0.0012469991781438698,0,0.04,0,5.615999907604419e-05,0,6.969206409940953e-05,0,0.007615907868126031,0,0.0005180242005735636,0,0.0010468586115166545,0
0,5,0.0032156361441262127,0,0.01,0,1.1671082802422461e-06,0,2.6643211461673017e-05,0,0.00038681260399382256,0,7.84892836236395e-05,0,8.117478137137368e-05,0
0,3,0.00082345648077235,0,0.0,0,0.0001465653913328424,0,6.125814278010464e-05,0,0.00013956313255871058,0,3.704046685015783e-05,0,5.11081307195127e-05,0
0,1,1.766838089803942e-08,0,0.0,0,1.193373350361071e-06,0,2.0787260736622884e-05,0,2.292776701026962e-07,0,2.593315912235994e-05,0,3.999311229563318e-05,0
0,1,0.002831966252468159,0,0.0,0,1.3598404621006921e-05,0,2.0828347327588844e-05,0,1.25117018016381e-07,0,2.593315912235994e-05,0,3.999311229563318e-05,0
0,5,1.3382387483475388e-06,0,0.0,0,5.042563770984998e-06,0,1.9847464830472014e-05,0,2.4308488439911934e-07,0,3.1497904274147004e-05,0,3.999311229563318e-05,0
0,1,0.25300937492384035,0,0.02,0,0.00019558366329874843,0,0.0001477795378323592,0,0.0009310884457518314,0,5.240965765551664e-05,0,6.941860920051113e-05,0
0,5,0.4975840258272212,0,0.01,0,9.592104470357299e-05,0,4.067022561220522e-05,0,9.284932299635287e-06,0,5.824730033054948e-05,0,4.023151268484071e-05,0
0,1,0.06354591487635945,0,0.01,0,0.0007396875298582017,0,0.0009969535532615,0,0.3566963695977983,1,3.149025360471569e-05,0,6.93964830134064e-05,0
0,5,0.0001952379883641507,0,0.0,0,5.737455467169639e-06,0,1.9698411557170525e-05,0,5.3131026585706504e-06,0,3.1497904274147004e-05,0,3.999311229563318e-05,0
0,2,0.004560364875185135,0,0.0,0,6.21811750534107e-06,0,2.892785990518802e-05,0,1.2882700243251343e-05,0,3.448793358984403e-05,0,3.999311229563318e-05,0
0,4,0.022977336799411364,0,0.0,0,5.234563286649063e-05,0,0.00011376642852377901,0,0.04626143954643175,0,9.821183630265296e-05,0,0.00014781639038119465,0
0,5,1.576734294037438e-06,0,0.0,0,4.130451998207718e-06,0,1.965363916436152e-05,0,1.185083357336227e-06,0,3.156094317091629e-05,0,3.999311229563318e-05,0
0,2,0.0004581386923721648,0,0.0,0,1.101015823223861e-05,0,3.678720958316529e-05,0,5.660157782645987e-07,0,3.448793358984403e-05,0,3.999311229563318e-05,0
0,4,0.0001466629858647524,0,0.0,0,2.873036646633409e-05,0,7.799987733309565e-05,0,1.7035722705033153e-05,0,7.944804383441806e-05,0,3.999311229563318e-05,0
0,3,5.080505608073042e-07,0,0.0,0,1.12764464574866e-05,0,2.0303007417695156e-05,0,7.003316431070357e-07,0,3.1761519494466484e-05,0,3.999311229563318e-05,0
0,4,0.19801182110687252,0,0.03,0,0.00016100511129479855,0,0.00020306841225312312,0,0.004609766885402365,0,0.00010947194823529571,0,4.240688213030808e-05,0
0,3,0.48255792435603223,0,0.01,0,0.01272803358733654,0,0.0014577928907196585,0,0.029146911145650236,0,0.00030711290310136974,0,0.0005112997605465353,0
0,5,1.6614935284165647e-05,0,0.0,0,1.3389371815719642e-05,0,4.059885502922311e-05,0,0.0003733846087241395,0,3.1497904274147004e-05,0,3.999311229563318e-05,0
0,1,0.18894273308955334,0,0.11,1,0.009651889093220234,0,0.005774365704920955,0,0.38287243881012983,1,0.0001187575253425166,0,0.0001152978657046333,0
0,4,2.781280436302421e-06,0,0.0,0,1.0810784260684159e-05,0,2.4287018579791473e-05,0,4.141087617407302e-07,0,7.944804383441806e-05,0,3.999311229563318e-05,0
0,4,0.014731387151771948,0,0.02,0,4.486903708311729e-05,0,5.1060830687977784e-05,0,0.0001503467516909839,0,7.980564259923995e-05,0,3.999311229563318e-05,0
0,3,5.281195013072262e-06,0,0.0,0,2.4764862246229313e-05,0,2.887536837898906e-05,0,2.8792527809095558e-06,0,3.1761519494466484e-05,0,3.999311229563318e-05,0
0,1,0.0014705398170824554,0,0.0,0,1.2483550563047174e-05,0,5.128766738961948e-05,0,3.3074126309780077e-06,0,2.593315912235994e-05,0,3.999311229563318e-05,0
0,3,0.0006294415414660591,0,0.0,0,3.634426320786588e-05,0,3.935140126067936e-05,0,8.192769127995536e-06,0,3.1761519494466484e-05,0,3.999311229563318e-05,0
0,2,0.0003389637946759918,0,0.0,0,9.516511636320502e-05,0,2.188019106577297e-05,0,3.539851256379526e-06,0,3.448793358984403e-05,0,3.999311229563318e-05,0
0,2,0.003161339587877401,0,0.0,0,8.21054563857615e-05,0,7.631482776621621e-05,0,0.007131342783960962,0,4.991361856809817e-05,0,6.298250809777528e-05,0
0,4,0.2438825989751834,0,0.06,0,0.010820005089044571,0,0.000678490486526176,0,0.07344782846964801,0,0.0009157256572507322,0,0.0002095486270263791,0
0,1,0.004292377204711458,0,0.02,0,6.7756386670225766e-06,0,2.8614061531923654e-05,0,0.0007959570129071064,0,2.643061634444166e-05,0,8.527480531483889e-05,0
0,1,0.28014177567159176,0,0.01,0,0.0003411689540371299,0,3.740562275898084e-05,0,1.855275164946623e-05,0,2.727736864471808e-05,0,4.32114684372209e-05,0
0,1,0.3512436971134089,0,0.0,0,1.4011338862474076e-05,0,5.068156661746054e-05,0,0.00018906161726438397,0,8.81633604876697e-05,0,0.0002729950938373804,0
0,1,0.004078293343448742,0,0.0,0,0.00038450644933618605,0,5.129751030415881e-05,0,0.0008730256719951257,0,7.978393114171922e-05,0,4.272721707820892e-05,0
0,1,0.5255035868363835,0,0.03,0,0.00016047678946051747,0,5.215659837900601e-05,0,0.001463819906412183,0,6.638442573603243e-05,0,0.00013943576777819544,0
0,1,2.263572131935138e-06,0,0.0,0,4.461293428903446e-06,0,2.4968394338718938e-05,0,1.069908540055729e-06,0,2.593315912235994e-05,0,3.999311229563318e-05,0
0,2,4.197505716370377e-07,0,0.0,0,9.790388503461145e-06,0,4.476903635637971e-05,0,4.0589654929821693e-07,0,3.448793358984403e-05,0,3.999311229563318e-05,0
0,1,0.0001812737771452484,0,0.0,0,2.151087755919434e-06,0,4.216732514124632e-05,0,9.95360722614309e-06,0,4.8822905228007585e-05,0,0.00010393519187346101,0
0,4,0.00030815836163914116,0,0.0,0,8.140474528772756e-05,0,2.7399599876449292e-05,0,3.829039183227769e-05,0,0.00011073196947108954,0,5.413973121903837e-05,0
0,1,0.08710185262185043,0,0.01,0,0.00014659250155091286,0,6.389966177471743e-05,0,6.91060628006439e-06,0,2.6216066544293426e-05,0,4.051461291965097e-05,0
0,5,2.3529898326291878e-08,0,0.0,0,3.0008195608388633e-05,0,2.752029082430771e-05,0,7.546288916833088e-07,0,3.1497904274147004e-05,0,3.999311229563318e-05,0
0,2,0.000805462331797976,0,0.0,0,8.001151581993327e-05,0,0.00014586283965553303,0,0.002834799765818917,0,4.33293025707826e-05,0,0.00011349335545673966,0
0,5,7.622211633062805e-05,0,0.02,0,0.00014781886420678347,0,6.575700530436987e-05,0,3.0473144289898582e-06,0,3.182204454788007e-05,0,4.090945367352106e-05,0
0,4,0.0035181204170168278,0,0.03,0,5.2500752644846216e-05,0,4.0512171868368944e-05,0,0.0004784871514143615,0,0.00011362179066054523,0,4.690657806349918e-05,0
0,2,0.0029201035543008212,0,0.01,0,6.372361531248316e-05,0,6.688976857145477e-05,0,1.1222336301166086e-05,0,3.448793358984403e-05,0,3.999311229563318e-05,0
0,5,1.2713732620663753e-10,0,0.01,0,4.3541717786865775e-06,0,4.322685709455977e-05,0,1.1833445697716205e-06,0,3.1497904274147004e-05,0,3.999311229563318e-05,0
0,2,0.024038620850598415,0,0.01,0,7.679512054892257e-05,0,5.06199131591226e-05,0,7.703818257836911e-05,0,3.449053838266991e-05,0,3.999311229563318e-05,0
0,1,9.599848773506156e-06,0,0.0,0,1.5889227142906748e-05,0,3.580494980648827e-05,0,0.00012172236340369423,0,2.655236494319979e-05,0,3.999311229563318e-05,0
0,1,0.0007119025841458324,0,0.0,0,3.989628021372482e-05,0,2.4118778126415236e-05,0,1.4363427222668587e-06,0,2.593315912235994e-05,0,3.999311229563318e-05,0
0,3,0.1251764871598887,0,0.01,0,0.0033762515522539616,0,0.0001993378042432397,0,0.0024216108943870556,0,0.0001407552044838667,0,0.00020084084826521575,0
0,1,0.01282471074645671,0,0.02,0,4.0180391806643456e-05,0,3.427971897153811e-05,0,1.071536444167302e-06,0,2.6633320885594003e-05,0,4.158738738624379e-05,0
0,4,0.5920737835209805,0,0.0,0,3.8606023736065254e-05,0,2.1217796009932767e-05,0,2.7468255841304226e-05,0,9.034282265929505e-05,0,0.0001298813003813848,0
0,1,0.17373340148694236,0,0.0,0,8.244619675679132e-05,0,2.9275224879251905e-05,0,0.00011094608828064967,0,3.738141822395846e-05,0,5.033307388657704e-05,0
0,1,0.9984838821440017,1,0.02,0,0.0054886420257389545,0,0.00012485730415942123,0,0.0001431955209078855,0,0.016894519329071045,0,0.03811383247375488,0
0,4,2.778168837730724e-06,0,0.0,0,1.089909619622631e-05,0,2.062956170140809e-05,0,1.0503259307234727e-07,0,7.944804383441806e-05,0,3.999311229563318e-05,0
0,3,2.8260593865123446e-05,0,0.0,0,7.370173989329487e-05,0,1.6618531506629886e-05,0,4.535955443646894e-06,0,3.31709670717828e-05,0,4.2019481043098494e-05,0
0,2,0.0006133193490249443,0,0.0,0,5.361557850847021e-05,0,3.0331071072908838e-05,0,9.464696722031145e-07,0,3.448793358984403e-05,0,3.999311229563318e-05,0
0,2,2.691656128718332e-05,0,0.0,0,0.00010163312981603667,0,2.4952083210392472e-05,0,1.6625724422191096e-06,0,3.448793358984403e-05,0,3.999311229563318e-05,0
0,5,0.00021325367713222236,0,0.0,0,5.719233740819618e-05,0,4.9388592148490644e-05,0,1.4354887449343807e-07,0,3.369271144038066e-05,0,4.832935519516468e-05,0
0,1,0.15435059988575675,0,0.03,0,0.0004213687789160758,0,0.0003203251045949059,0,3.078310232061348e-05,0,4.41935371782165e-05,0,4.372551484266296e-05,0
0,4,1.5116667667192255e-05,0,0.0,0,1.6903108189580962e-05,0,2.0688591685116273e-05,0,7.769707534467185e-07,0,7.944804383441806e-05,0,3.999311229563318e-05,0
0,3,4.604344525302147e-06,0,0.02,0,2.316332029295154e-05,0,4.878027090279719e-05,0,1.8903150244794936e-05,0,3.1761519494466484e-05,0,3.999311229563318e-05,0
0,4,3.7953798027427676e-05,0,0.03,0,9.778112143976614e-05,0,1.5989791198010356e-05,0,2.0423273678326093e-05,0,8.131677168421447e-05,0,4.47013953817077e-05,0
0,1,2.151481922497039e-05,0,0.0,0,6.223479431355372e-05,0,2.1827195366190486e-05,0,2.576183957866249e-06,0,2.593315912235994e-05,0,3.999311229563318e-05,0
0,3,0.20921542117734138,0,0.01,0,0.019775187596678734,0,0.00019914879297846223,0,0.06952044400883363,0,7.106643897714093e-05,0,0.00016599173250142485,0
0,2,0.1308452709213621,0,0.0,0,6.575130828423426e-05,0,5.025713681207546e-05,0,0.00057840834091471,0,5.7035205827560276e-05,0,9.231608419213444e-05,0
0,4,0.015261463065506568,0,0.01,0,1.7029669834300876e-05,0,2.7480768404465522e-05,0,1.3870953667631977e-05,0,7.944804383441806e-05,0,3.999311229563318e-05,0
0,3,0.0004412253639324549,0,0.05,0,7.483916851924732e-05,0,0.00010743485357166219,0,0.0006871294407773498,0,0.00010961345833493397,0,5.998077540425584e-05,0
0,4,0.13524705859427452,0,0.02,0,9.707439312478527e-05,0,0.0005544693924921216,0,0.00014135833337409497,0,0.00015240909124258906,0,0.00011828920833067968,0
0,1,3.414529482596787e-05,0,0.01,0,3.3205233194166794e-05,0,4.10303799816063e-05,0,0.00014582574377607727,0,2.593315912235994e-05,0,3.999311229563318e-05,0
0,1,0.3303094080252531,0,0.01,0,0.0003999238833785057,0,8.820249657121261e-05,0,0.03641554503446309,0,3.107597876805812e-05,0,5.343254451872781e-05,0
0,5,3.62993444325736e-06,0,0.0,0,8.528971193300094e-06,0,1.9969724134527706e-05,0,5.973549704585176e-07,0,3.1497904274147004e-05,0,3.999311229563318e-05,0
0,1,0.00020218250343284592,0,0.01,0,4.538154826150276e-05,0,2.8869558984923132e-05,0,1.4534009946637077e-07,0,2.593315912235994e-05,0,3.999311229563318e-05,0
0,3,0.00124419453105232,0,0.0,0,2.389872179264785e-06,0,1.9852136388000177e-05,0,1.4244630460120453e-06,0,3.1761519494466484e-05,0,3.999311229563318e-05,0
0,3,0.0021109681379059752,0,0.01,0,0.00052237743511796,0,4.1481754923374476e-05,0,4.812626747698423e-05,0,3.183143780915998e-05,0,3.999311229563318e-05,0
0,2,3.979274618216401e-05,0,0.01,0,0.0011792256264016032,0,0.0004702633937786747,0,0.001089234796517593,0,0.00013502476213034242,0,4.9223053792957217e-05,0
0,3,1.1112177589153327e-05,0,0.0,0,6.971052698645508e-06,0,3.029764541986879e-05,0,4.905672105555169e-06,0,3.206031760782935e-05,0,3.999311229563318e-05,0
0,4,0.01687204430121512,0,0.0,0,3.665089752757922e-05,0,4.827245496858921e-05,0,1.0376173909670522e-05,0,8.992695802589878e-05,0,4.287623960408382e-05,0
0,2,0.0001222719788488004,0,0.0,0,3.0939361749915406e-05,0,2.0588785145137358e-05,0,4.027762708206323e-07,0,3.448793358984403e-05,0,3.999311229563318e-05,0
0,3,0.0033291025599129984,0,0.01,0,6.385611050063744e-05,0,3.7676745480258724e-05,0,8.500220187952171e-05,0,4.29514329880476e-05,0,3.999311229563318e-05,0
0,3,0.005622290455060307,0,0.03,0,0.00874429289251566,0,0.008827414218670074,0,0.0005344120964469374,0,0.00017597836267668754,0,7.983231625985354e-05,0
0,5,0.0016230749665435268,0,0.03,0,8.045727736316621e-05,0,3.0468054943675173e-05,0,8.861908904219231e-07,0,3.1616600608685985e-05,0,3.999311229563318e-05,0
0,4,0.011002303896203056,0,0.02,0,6.660845974693075e-05,0,4.683289393164165e-05,0,6.592828201543315e-06,0,7.944804383441806e-05,0,3.999311229563318e-05,0
0,2,0.0019685130734757132,0,0.02,0,0.0025046588853001595,0,0.0001671835914948664,0,0.0005279856061766912,0,4.432561399880797e-05,0,6.40473299426958e-05,0
0,5,0.011203382769549939,0,0.01,0,3.274166147093638e-06,0,4.2138445858267504e-05,0,4.400112430756418e-05,0,4.0113420254783705e-05,0,4.031346179544926e-05,0
0,5,0.05862196841769822,0,0.0,0,4.3670606828527525e-05,0,3.3641489355975316e-05,0,2.5173094028017303e-06,0,3.2343850762117654e-05,0,3.999311229563318e-05,0
0,1,0.2796250712110396,0,0.02,0,0.00292422017082572,0,0.0007289749752543645,0,0.002234831998741944,0,8.043861453188583e-05,0,4.990873276256025e-05,0
0,5,0.012563813268192102,0,0.0,0,7.550467125838622e-05,0,1.8688928917770014e-05,0,0.00038458711170200787,0,6.933517579454929e-05,0,5.736567254643887e-05,0
0,2,0.003963325012460206,0,0.02,0,3.307556107756682e-05,0,2.463554372611441e-05,0,6.631813487015752e-05,0,3.6544101021718234e-05,0,4.423208156367764e-05,0
0,1,0.0008905303285637625,0,0.0,0,6.327660958049819e-05,0,2.5061039698094322e-05,0,0.00038855708472504207,0,2.7066869733971544e-05,0,3.999311229563318e-05,0
0,3,0.0004510320145518726,0,0.0,0,0.00020728119125124067,0,0.0002763475442951725,0,0.0020189764871950937,0,0.00011232608812861145,0,4.8299567424692214e-05,0
0,1,9.231720658246464e-06,0,0.01,0,1.1169651770615019e-05,0,3.724365415994146e-05,0,0.00012215531264264467,0,2.593315912235994e-05,0,3.999311229563318e-05,0
0,3,1.8749900155511763e-07,0,0.02,0,6.769185802113498e-06,0,4.9914293856306486e-05,0,5.800619425150819e-07,0,3.194141390849836e-05,0,3.999311229563318e-05,0
0,5,0.01699035129757704,0,0.0,0,9.823712389334105e-06,0,6.444916056701199e-05,0,0.0011609684387119618,0,8.33165249787271e-05,0,0.00015186832752078772,0
0,5,0.9520729259437786,0,0.16,1,0.06773971766233444,0,0.008345550437831068,0,0.24309152488679459,1,0.00039213174022734165,0,0.0004389523237477988,0
0,3,0.0005635739392809259,0,0.01,0,0.00017569027841091156,0,0.00035131857272200604,0,0.0008495779860727802,0,4.0249931771541014e-05,0,4.6645698603242636e-05,0
0,5,0.00032221629754428403,0,0.0,0,1.4029496014700271e-05,0,2.3700032506700866e-05,0,0.00010738033837683888,0,3.152275166939944e-05,0,3.999311229563318e-05,0
0,1,0.0006985215224969618,0,0.02,0,3.6128010833635926e-05,0,0.00019404123613584582,0,0.00018109020333293807,0,3.247377753723413e-05,0,4.3449810618767515e-05,0
0,1,0.018184863656439204,0,0.08,0,0.007680048700422049,0,0.0048966871932470055,0,0.014957844977669063,0,4.3973323045065627e-05,0,3.999311229563318e-05,0
0,2,0.00040930940868229374,0,0.0,0,2.12925788218854e-05,0,4.2850574445067575e-05,0,2.7112226645566946e-06,0,3.448793358984403e-05,0,3.999311229563318e-05,0
0,5,0.0005490185694994909,0,0.01,0,1.0724004823714495e-05,0,2.130657877833546e-05,0,5.604828401929085e-06,0,3.3314525353489444e-05,0,3.999311229563318e-05,0
0,3,0.40054790447487965,0,0.03,0,0.0009349741158075631,0,0.001747089676116557,0,0.008326482940599969,0,0.00017093111819121987,0,7.010223635006696e-05,0
0,1,8.167404538036242e-09,0,0.0,0,2.4916923848650185e-06,0,4.2779761678869734e-05,0,1.146597228902256e-07,0,2.87282164208591e-05,0,3.999311229563318e-05,0
0,4,0.6097090970513481,0,0.02,0,0.003797683399170637,0,0.00041667045356591357,0,0.021626904488410238,0,0.000491217477247119,0,0.0019726406317204237,0
0,1,0.13030196453147047,0,0.11,1,0.00039711297722533345,0,0.00012969604765835944,0,0.006856745437250546,0,5.236303331912495e-05,0,0.00010401128383819014,0
0,1,4.19976866871484e-06,0,0.0,0,1.9130168311676243e-06,0,2.1007131214231257e-05,0,3.9153659039574754e-05,0,2.865657370421104e-05,0,3.999311229563318e-05,0
0,4,0.004746447052518438,0,0.0,0,7.89152763900347e-05,0,2.572115334861008e-05,0,1.708121997691181e-05,0,7.944804383441806e-05,0,3.999311229563318e-05,0
0,1,0.01111977259273973,0,0.0,0,0.00017170983483083546,0,3.461782528733396e-05,0,8.394721761850654e-07,0,2.6550223992671818e-05,0,3.999311229563318e-05,0
0,5,0.00022062947109902732,0,0.01,0,6.307851435849443e-05,0,4.344413291992236e-05,0,4.4672292274059935e-06,0,3.1497904274147004e-05,0,3.999311229563318e-05,0
0,5,0.00012798277403558984,0,0.0,0,1.404898921464337e-05,0,2.8931304120956033e-05,0,1.8393799510883967e-06,0,3.1497904274147004e-05,0,3.999311229563318e-05,0
0,5,3.1383934073220784e-07,0,0.0,0,4.453696874406887e-06,0,2.8911052413363056e-05,0,1.3375568218488078e-06,0,3.1497904274147004e-05,0,3.999311229563318e-05,0
0,2,2.620283551110228e-06,0,0.0,0,2.191376916016452e-05,0,2.4731274498173162e-05,0,7.074133336706906e-07,0,3.448793358984403e-05,0,3.999311229563318e-05,0
0,1,2.7562285899853306e-05,0,0.01,0,1.566711148370814e-06,0,2.8906897570409687e-05,0,1.9339231061237725e-05,0,2.593315912235994e-05,0,3.999311229563318e-05,0
0,1,8.594142106193673e-07,0,0.0,0,9.404557204106823e-05,0,2.0863794225013623e-05,0,6.262454073202278e-07,0,2.593315912235994e-05,0,3.999311229563318e-05,0
0,2,0.0030106793329131385,0,0.02,0,9.263651008950546e-05,0,2.6235836681532842e-05,0,6.863424476403877e-07,0,3.448793358984403e-05,0,3.999311229563318e-05,0
0,1,0.012595302521918749,0,0.0,0,1.3421511539490893e-05,0,0.00028080367527511907,0,0.00013675685882013356,0,2.7963273169007152e-05,0,7.131401798687875e-05,0
0,4,3.0836064878847135e-05,0,0.03,0,5.148260697751539e-06,0,1.7253154984641297e-05,0,7.620532166291647e-07,0,0.00010015729640144855,0,3.999311229563318e-05,0
0,1,1.3133487564208525e-07,0,0.0,0,4.457091563381255e-06,0,2.4838256724432533e-05,0,5.832676105285583e-07,0,2.593315912235994e-05,0,3.999311229563318e-05,0
0,2,0.018246305242141655,0,0.02,0,0.0002420245873508975,0,8.00390794582574e-05,0,8.591051096809365e-06,0,3.448793358984403e-05,0,3.999311229563318e-05,0
0,5,0.10533937061557636,0,0.09,0,0.00043845645268447697,0,0.0008431503503997914,0,0.015018796557986948,0,3.1970292184269056e-05,0,4.0417762647848576e-05,0
0,4,4.077430500375001e-05,0,0.01,0,0.0006323728593997657,0,4.6652611488292815e-05,0,1.0231251258497904e-06,0,0.00010650432523107156,0,3.999311229563318e-05,0
0,4,0.08480041284057799,0,0.1,0,0.007082468364387751,0,0.0010469214378479306,0,0.10784475781848309,0,0.00012729749141726643,0,4.7546975110890344e-05,0
0,5,0.07296782663716646,0,0.0,0,0.0002318448678124696,0,0.00016429804008906155,0,0.0013224523459473565,0,0.00010061372449854389,0,4.797926885657944e-05,0
0,2,7.456526863795974e-05,0,0.01,0,0.00019647505541797727,0,3.688778842508589e-05,0,1.1051732961582612e-05,0,3.448793358984403e-05,0,3.999311229563318e-05,0
0,3,0.011849991909186581,0,0.02,0,0.0018320445669814944,0,3.533505969333636e-05,0,0.0012830054961196317,0,0.0024364623241126537,0,0.003535010851919651,0
0,4,0.01913327248890929,0,0.0,0,0.0007764613255858421,0,2.0999122092465813e-05,0,0.0002959738193216445,0,8.47925984999165e-05,0,4.236218228470534e-05,0
0,2,0.00021797401141362212,0,0.0,0,3.23192507494241e-05,0,2.408322735948534e-05,0,2.0728919901553527e-06,0,3.448793358984403e-05,0,3.999311229563318e-05,0
0,5,0.7510842950302485,0,0.03,0,0.0019137475173920393,0,0.0011997359663003635,0,0.00491128200464091,0,0.0010242910357192159,0,0.0016515228198841214,0
0,3,1.9833086156644467e-06,0,0.0,0,4.69090491606039e-06,0,2.3193646759280595e-05,0,5.514389574468552e-07,0,3.1761519494466484e-05,0,3.999311229563318e-05,0
0,3,2.653142094985247e-05,0,0.02,0,1.1924033060495276e-05,0,3.2754873241871213e-05,0,4.731738485531882e-06,0,3.1761519494466484e-05,0,3.999311229563318e-05,0
0,2,0.000575100734352163,0,0.02,0,5.770115603809245e-05,0,4.0549787359862524e-05,0,3.34992076039105e-07,0,3.448793358984403e-05,0,3.999311229563318e-05,0
0,2,1.5445695156969865e-05,0,0.0,0,4.17804812968825e-06,0,2.466786901190429e-05,0,3.139859729341469e-06,0,3.448793358984403e-05,0,3.999311229563318e-05,0
0,5,0.03402832934130122,0,0.01,0,0.0012423984007909894,0,0.00025493557375200047,0,0.0720649920841645,0,0.0002145334437955171,0,0.00017516239313408732,0
0,5,0.006846534731705571,0,0.03,0,0.00012604404764715582,0,1.7286953613047547e-05,0,2.9196807247345473e-05,0,3.9086156903067604e-05,0,4.365100176073611e-05,0
0,2,0.02227519613578728,0,0.02,0,0.0016997437924146652,0,0.0015091414643505377,0,0.0009994528448212124,0,0.00022364550386555493,0,0.0006543062627315521,0
0,1,0.002697316266149173,0,0.0,0,6.258742359932512e-05,0,0.00010986563094955656,0,0.0007539082437693871,0,2.7805021090898663e-05,0,4.032091237604618e-05,0
0,1,0.026125990626703743,0,0.02,0,0.0002546475734561682,0,3.6536595357352526e-05,0,0.0006945871201278153,0,6.355798541335389e-05,0,0.0002028843155130744,0
0,4,0.033027832282294056,0,0.07,0,0.0034936717711389065,0,0.004806817911731065,0,0.0023434652668732994,0,0.00012865052849519998,0,4.040286148665473e-05,0
0,2,0.13889093751078535,0,0.02,0,0.0012546511134132743,0,0.0008323141865715285,0,0.013447516257570683,0,4.039606574224308e-05,0,4.573691330733709e-05,0
0,1,0.012219380706178598,0,0.02,0,5.7449131418252364e-05,0,3.776360235880039e-05,0,0.004783652548231913,0,0.00029743710183538496,0,9.810553456190974e-05,0
0,4,0.003036716960133087,0,0.01,0,5.3619984100805596e-05,0,4.0832373591585325e-05,0,0.0004347636131301063,0,9.423044684808701e-05,0,0.00010999731603078544,0
0,2,0.008054368921544862,0,0.06,0,0.0007174808997660875,0,0.004325580529001208,0,0.0034695105712336982,0,4.2927571485051885e-05,0,4.049970448249951e-05,0
0,4,0.7646935199358992,0,0.07,0,0.07728767395019531,0,0.00016185809209818408,0,0.029949332685901504,0,0.00020805482927244157,0,0.000344981875969097,0
0,4,4.603633888164129e-07,0,0.01,0,8.069215255090967e-05,0,3.8769821248127365e-05,0,1.6888063944472575e-06,0,7.944804383441806e-05,0,3.999311229563318e-05,0
0,1,0.8350065815301667,0,0.33,1,0.795601487159729,1,0.7836528922254975,1,0.7580419276358353,1,0.00038949574809521437,0,0.0030764250550419092,0
0,4,0.00012023933217787353,0,0.08,0,0.0448601171374321,0,0.00016876734385217994,0,8.753327088565575e-05,0,0.0010112185264006257,0,0.0007198915118351579,0
0,3,2.234795255919815e-09,0,0.0,0,1.0710390597523656e-05,0,2.0105703305646904e-05,0,5.037418330819487e-07,0,3.1761519494466484e-05,0,3.999311229563318e-05,0
0,3,0.9930524941701209,1,0.03,0,0.012857125140726566,0,0.0006328619299047476,0,0.01757401174057034,0,0.0023017453495413065,0,0.0004221116250846535,0
0,4,0.0006533787929867354,0,0.0,0,0.0004921528161503375,0,4.2653842423955125e-05,0,2.802597873591353e-06,0,7.944804383441806e-05,0,4.006761446362361e-05,0
0,5,0.020382065915167048,0,0.06,0,0.003576949704438448,0,0.001776130709955416,0,0.023985050991903602,0,0.00012596357555594295,0,0.00012728807632811368,0
0,3,0.0002042851478173809,0,0.0,0,2.7838090318255126e-05,0,2.3294961635111612e-05,0,8.512390598948811e-07,0,3.3912478102138266e-05,0,3.999311229563318e-05,0
0,3,0.008339255224555352,0,0.01,0,1.6053127183113247e-05,0,3.190298135352482e-05,0,0.0004799281381370412,0,4.042038199258968e-05,0,4.1438401240156963e-05,0
0,3,7.89515530844972e-07,0,0.0,0,5.6629225582582876e-05,0,2.3730187299550708e-05,0,4.70648448381434e-06,0,3.1761519494466484e-05,0,3.999311229563318e-05,0
0,1,0.0005951478001217009,0,0.02,0,0.0029015045147389174,0,0.004682380468626897,0,0.001362627226370009,0,0.000106334853626322,0,4.891803109785542e-05,0
0,4,0.0011349621218441212,0,0.0,0,8.553389488952234e-05,0,2.3492537011784092e-05,0,0.0002965171375409424,0,8.272996637970209e-05,0,4.4738564611179754e-05,0
0,2,1.785972955597231e-05,0,0.0,0,0.00015951550449244678,0,3.0200032216614016e-05,0,1.9327799889458312e-05,0,4.602220360538922e-05,0,4.1192546632373706e-05,0
0,1,2.5063241793072984e-05,0,0.01,0,0.00015636552416253835,0,5.0774208613076966e-05,0,3.266531002601498e-06,0,2.6145053197978996e-05,0,3.999311229563318e-05,0
0,1,0.010430941405341005,0,0.02,0,1.2320102541707456e-05,0,3.539294973930799e-05,0,0.0049968558838050375,0,2.7272119041299447e-05,0,4.263782102498226e-05,0
0,5,0.9424976807235227,0,0.01,0,4.449165135156363e-05,0,5.053502909123966e-05,0,6.453899204657935e-05,0,3.687539356178604e-05,0,4.064870881848037e-05,0
0,4,0.0008175881837287384,0,0.02,0,0.0006499332375824451,0,0.00014520308950835496,0,1.666463896234957e-05,0,8.12303987913765e-05,0,3.999311229563318e-05,0
0,5,5.471959231093262e-06,0,0.0,0,3.534371353453025e-05,0,3.458613568689479e-05,0,1.7040635613434413e-07,0,3.1497904274147004e-05,0,3.999311229563318e-05,0
0,4,0.05736619564990828,0,0.01,0,0.027444621548056602,0,0.00043911227241480395,0,0.0024323881428430084,0,9.221139043802395e-05,0,4.4187392632011324e-05,0
0,5,0.02623613168170651,0,0.08,0,5.248808884061873e-05,0,8.712650653942189e-05,0,0.008265618293817204,0,0.00015779567183926702,0,7.30284518795088e-05,0
0,1,1.0665856650576576e-05,0,0.03,0,8.868257282301784e-05,0,5.647041544687904e-05,0,1.3695108740720052e-06,0,2.593315912235994e-05,0,3.999311229563318e-05,0
0,4,0.4191487661436549,0,0.01,0,0.0025655825156718493,0,0.01060111695673706,0,0.017432210942814403,0,0.0017466307617723942,0,0.0012101730098947883,0
0,5,0.0001384895165629253,0,0.01,0,0.00014701146574225277,0,0.00010013031213546987,0,3.144938577944152e-05,0,3.1497904274147004e-05,0,3.999311229563318e-05,0
0,1,8.43738946478654e-06,0,0.04,0,0.0009555685101076961,0,0.0003421110863455945,0,8.41622969473641e-05,0,3.068703517783433e-05,0,3.999311229563318e-05,0
0,1,5.1988964046271514e-05,0,0.0,0,3.6126482427789597e-06,0,1.7972214046019156e-05,0,0.00026681464542426496,0,2.593315912235994e-05,0,3.999311229563318e-05,0
0,2,0.003534396631416792,0,0.0,0,6.63849277771078e-05,0,4.1256679382229814e-05,0,8.298519725430294e-07,0,3.448793358984403e-05,0,3.999311229563318e-05,0
0,5,4.119640871628167e-09,0,0.0,0,1.9838756998069584e-05,0,3.801906123961212e-05,0,1.262097815015459e-05,0,3.1497904274147004e-05,0,3.999311229563318e-05,0
0,2,0.0070927188449448645,0,0.01,0,0.00012751916074194014,0,2.4111059921213353e-05,0,1.9034017596202784e-06,0,3.448793358984403e-05,0,3.999311229563318e-05,0
0,5,0.10233887856206889,0,0.01,0,9.427223631064408e-06,0,3.9922675626385704e-05,0,1.6319389653290466e-05,0,8.09008561191149e-05,0,6.613375444430858e-05,0
0,3,0.004772893595785434,0,0.02,0,0.00012858782429248095,0,2.9177753658154953e-05,0,0.0005058031251990915,0,3.9952054066816345e-05,0,5.3022828069515526e-05,0
0,3,0.008302045977724163,0,0.0,0,5.008088191971183e-05,0,1.9820818217144537e-05,0,3.945610226747897e-05,0,3.909683437086642e-05,0,4.0477356378687546e-05,0
0,2,0.256928916742845,0,0.01,0,0.00015227140102069825,0,2.199140634200625e-05,0,0.0030085342601515706,0,3.71703936252743e-05,0,3.999311229563318e-05,0
0,4,8.739002405965667e-05,0,0.0,0,4.146321771258954e-06,0,2.0696130343312915e-05,0,1.0643329301581359e-07,0,7.944804383441806e-05,0,3.999311229563318e-05,0
0,1,0.005561232817858151,0,0.0,0,3.553685928636696e-06,0,2.919500320781629e-05,0,4.300766838300998e-05,0,3.243681203457527e-05,0,3.999311229563318e-05,0
0,3,0.18068092421031368,0,0.1,0,0.15525902807712555,0,0.28833168827375993,1,0.0032041560878801906,0,0.01895143836736679,0,0.04119931906461716,0
0,1,0.0025705565450063524,0,0.02,0,0.00199351878836751,0,6.010554379341965e-05,0,2.2941327695750526e-05,0,2.593315912235994e-05,0,3.999311229563318e-05,0
0,5,1.2616053464909248e-05,0,0.0,0,1.9861739929183386e-05,0,2.307658898525501e-05,0,8.112654863784035e-06,0,3.1497904274147004e-05,0,3.999311229563318e-05,0
0,5,0.18774071147352525,0,0.0,0,0.0001230627385666594,0,7.627867932713815e-05,0,4.742423159698759e-06,0,3.152426506858319e-05,0,3.999311229563318e-05,0
0,4,0.0007996528305112544,0,0.0,0,4.6214925532694906e-05,0,2.991432609195453e-05,0,9.490481023266285e-07,0,7.944804383441806e-05,0,3.999311229563318e-05,0
0,5,0.025028854859561106,0,0.04,0,0.0006852734950371087,0,0.0004986396746277996,0,0.0017963643946726144,0,7.427464151987806e-05,0,8.553879160899669e-05,0
0,4,0.0536216581016463,0,0.05,0,0.1803421974182129,0,0.02444158377661881,0,0.055248560142567835,0,0.0002187730569858104,0,7.687492325203493e-05,0
0,4,0.03461535250125473,0,0.01,0,0.00027150384266860783,0,0.001932825492886897,0,0.0020933093947529875,0,0.00014863251999486238,0,3.999311229563318e-05,0
0,4,0.04651709891745355,0,0.01,0,6.173207657411695e-05,0,6.650329878627138e-05,0,0.001412665365150224,0,8.02302747615613e-05,0,3.999311229563318e-05,0
0,2,0.8363438238488451,0,0.02,0,0.00017887439753394574,0,0.00024484429083999193,0,6.315363334241368e-05,0,6.386243330780417e-05,0,0.0002023977431235835,0
0,4,0.0021871591180737684,0,0.01,0,0.0010119780199602246,0,8.246373070404638e-05,0,0.00120443537232592,0,0.0001274504465982318,0,8.200289448723197e-05,0
0,5,9.68990282433413e-06,0,0.0,0,1.1973967048106715e-05,0,0.00018505800976870306,0,5.209075631605087e-06,0,3.225894397473894e-05,0,3.999311229563318e-05,0
0,1,0.018662117993608087,0,0.04,0,0.04361066222190857,0,0.009086568385104578,0,0.08521946919545148,0,3.4097374737029895e-05,0,0.0002524815499782562,0
0,4,0.044434237561936825,0,0.04,0,0.023235609754920006,0,0.0038697871845659944,0,0.0048367094917368975,0,0.0006630581920035183,0,0.0002714793663471937,0
0,2,1.523631909210022e-06,0,0.0,0,6.936330464668572e-05,0,2.8641494537396425e-05,0,4.510608431211868e-06,0,3.448793358984403e-05,0,3.999311229563318e-05,0
0,5,0.2973525478697306,0,0.05,0,0.00014094596554059535,0,6.601371697530232e-05,0,0.0004085127151735927,0,0.00023109649191610515,0,0.00019420609169173986,0
0,4,4.2221734069901905e-05,0,0.0,0,2.0417883206391707e-05,0,5.817260108346364e-05,0,5.8857091660513566e-05,0,7.944804383441806e-05,0,3.999311229563318e-05,0
0,5,7.178443461252492e-06,0,0.0,0,8.732135029276833e-06,0,3.886554498511762e-05,0,7.088801954196098e-07,0,3.1497904274147004e-05,0,3.999311229563318e-05,0
0,1,2.117513782809979e-06,0,0.0,0,4.183722467132611e-06,0,1.7948556221734383e-05,0,3.8095071799229894e-06,0,2.593315912235994e-05,0,3.999311229563318e-05,0
0,1,0.45251606752068096,0,0.0,0,0.0005938477115705609,0,9.080376243457232e-05,0,0.0003158226816466814,0,8.963639993453398e-05,0,6.570902769453824e-05,0
0,3,5.785815977123147e-05,0,0.0,0,0.0001569926826050505,0,3.7772506929961655e-05,0,4.826122395647631e-06,0,3.1761519494466484e-05,0,3.999311229563318e-05,0
0,3,4.195375632965736e-08,0,0.0,0,5.776358375442214e-05,0,3.6072815598238404e-05,0,3.4062205112716735e-07,0,3.636081964941695e-05,0,4.156503564445302e-05,0
0,5,9.226464743012565e-06,0,0.0,0,3.076949360547587e-05,0,5.091863236552747e-05,0,5.14966917075914e-05,0,3.1497904274147004e-05,0,3.999311229563318e-05,0
0,1,0.4159373885817131,0,0.08,0,0.0016115237958729267,0,0.0015810349244343611,0,0.06592589527394911,0,2.922806015703827e-05,0,4.0224062104243785e-05,0
0,2,0.9161002409926738,0,0.02,0,1.0302817827323452e-05,0,5.586501620895682e-05,0,7.183342842094493e-05,0,8.393301686737686e-05,0,0.00019355137192178518,0
0,5,1.4132234164458511e-06,0,0.0,0,2.9435068427119404e-05,0,1.9975133988441386e-05,0,1.2970931976697744e-06,0,3.1497904274147004e-05,0,3.999311229563318e-05,0
0,3,0.013900934978377018,0,0.02,0,0.0012744901468977332,0,0.00016604635790520484,0,0.001590132298065025,0,5.154610698809847e-05,0,5.5242664529941976e-05,0
0,3,0.002508244419020208,0,0.0,0,0.00024045963073149323,0,0.0001961777786708564,0,0.00012460212945631172,0,0.00012856698594987392,0,9.586993110133335e-05,0
0,1,0.019428823282577605,0,0.02,0,0.0003933330881409347,0,0.00015820321899782204,0,2.0025491356641415e-05,0,6.334049248835072e-05,0,3.999311229563318e-05,0
0,2,0.2916612569857624,0,0.0,0,0.0009000521386042237,0,0.00023462874723047342,0,0.000976611085766117,0,0.004502436146140099,0,0.0031804745085537434,0
0,3,6.627520479064878e-08,0,0.01,0,4.6410841605393216e-05,0,2.182691256708424e-05,0,2.100031577565537e-05,0,3.1761519494466484e-05,0,3.999311229563318e-05,0
0,4,0.00013178357830993454,0,0.01,0,7.520445069530979e-05,0,2.102135159513107e-05,0,4.846608478205456e-06,0,7.944804383441806e-05,0,3.999311229563318e-05,0
0,3,9.135609483836689e-06,0,0.01,0,4.5314689486986026e-05,0,0.00033462797112118373,0,0.00034758538995126,0,0.00012231858272571117,0,5.078779213363305e-05,0
0,2,0.0382370122372826,0,0.01,0,3.712961915880442e-05,0,0.0007666631825260137,0,7.31711358573646e-05,0,0.0010267933830618858,0,0.00012405740562826395,0
0,5,0.040114761187502984,0,0.01,0,1.9095490642939694e-05,0,6.497324341462268e-05,0,1.2903349232329824e-05,0,4.5176289859227836e-05,0,4.379254824016243e-05,0
0,1,0.47160732549379475,0,0.1,0,0.0072035822086036205,0,0.012565697871700738,0,0.9563279417629581,1,6.561433838214725e-05,0,6.382405990734696e-05,0
0,1,0.0036739671997505037,0,0.01,0,0.013673036359250546,0,0.01383588845591461,0,0.03391547091333096,0,5.53929312445689e-05,0,0.00027710103313438594,0
0,5,1.564524537217109e-05,0,0.0,0,5.330150088411756e-05,0,3.5304701562630316e-05,0,6.122249576465118e-07,0,9.306498395744711e-05,0,0.0001295269321417436,0
0,2,3.529020228233579e-05,0,0.01,0,1.643627001612913e-05,0,6.458277683478205e-05,0,0.0023891970056515296,0,6.603668589377776e-05,0,0.0005715626175515354,0
0,4,0.013341320231268128,0,0.03,0,0.000270122749498114,0,0.00010339287986346264,0,7.345321388900192e-05,0,0.00010498602932784706,0,7.509371789637953e-05,0
0,1,0.024985991936311243,0,0.02,0,9.769947064341977e-05,0,3.329654231483452e-05,0,0.008244990031365777,0,4.202397394692525e-05,0,0.00010894236038438976,0
0,3,0.0013323667883387985,0,0.01,0,6.584743823623285e-05,0,1.6754973180419296e-05,0,0.00033559532459720724,0,3.195222598151304e-05,0,4.015700687887147e-05,0
0,4,0.3591100787534257,0,0.11,0,0.00031366400071419775,0,0.00028507387954211427,0,0.0006095326932465245,0,0.0001974022015929222,0,7.163516420405358e-05,0
0,2,0.001097043468471055,0,0.0,0,4.519312824413646e-06,0,3.507620799031179e-05,0,0.0003894335497152052,0,3.4557182516437024e-05,0,4.371061368146911e-05,0
0,2,0.8677552084204192,0,0.19,1,0.26351192593574524,1,0.12325010152682582,0,0.4601018331882593,1,0.003819475183263421,0,0.005400112830102444,0
0,5,0.005787785904300365,0,0.01,0,0.0012242653174325824,0,6.070554786268132e-05,0,0.00012537267101816207,0,0.00040932890260592103,0,0.00013030317495577037,0
0,1,8.025323250522574e-08,0,0.0,0,6.935159035492688e-06,0,2.915668128038661e-05,0,1.3300598153980134e-06,0,2.593315912235994e-05,0,3.999311229563318e-05,0
0,2,0.004741162213523328,0,0.04,0,0.001650909660384059,0,0.00019044724027972288,0,0.0061813695574937785,0,0.00040535046719014645,0,9.845821477938443e-05,0
0,4,0.0003828775379743293,0,0.01,0,9.422654693480581e-05,0,0.00019057435925299958,0,0.00011394729686058123,0,8.007528231246397e-05,0,3.999311229563318e-05,0
0,5,4.271605544706565e-05,0,0.0,0,9.899732685880736e-05,0,1.9664291373845523e-05,0,2.06406378301759e-06,0,3.1497904274147004e-05,0,3.999311229563318e-05,0
0,1,1.597004547977065e-06,0,0.0,0,2.201340794272255e-05,0,0.00010868108008914046,0,1.22062861957144e-06,0,4.1859628254314885e-05,0,4.099885336472653e-05,0
0,4,0.08275722375828182,0,0.06,0,0.0058824485167860985,0,0.0020094603490738673,0,5.783585604633415e-05,0,0.0002685651124920696,0,0.0003534852003213018,0
0,3,5.444357554459919e-05,0,0.0,0,1.9092212824034505e-05,0,2.1450836283752283e-05,0,4.3271858157097333e-07,0,3.1761519494466484e-05,0,3.999311229563318e-05,0
0,3,1.7217009631648907e-08,0,0.0,0,4.727028681372758e-06,0,4.039814602791486e-05,0,8.59839452773873e-07,0,3.1761519494466484e-05,0,3.999311229563318e-05,0
0,5,3.0637926958246196e-05,0,0.0,0,6.766176375094801e-05,0,2.5674950889589628e-05,0,3.214401257378059e-06,0,3.1497904274147004e-05,0,3.999311229563318e-05,0
0,2,0.14721862754524526,0,0.0,0,1.8538767108111642e-05,0,2.3472978780216464e-05,0,4.9399383913958396e-05,0,3.4492259146645665e-05,0,3.999311229563318e-05,0
0,3,2.194326283032397e-10,0,0.0,0,7.920079042378347e-06,0,2.1437126477400965e-05,0,1.8448672969508737e-06,0,3.1761519494466484e-05,0,3.999311229563318e-05,0
0,1,0.0003659174236800646,0,0.01,0,0.00025051998090930283,0,4.5272099571319e-05,0,6.149731576228421e-06,0,2.593315912235994e-05,0,3.999311229563318e-05,0
0,3,1.4398535650932112e-07,0,0.0,0,4.75519300380256e-06,0,2.142153418451792e-05,0,3.062165366875319e-08,0,3.1761519494466484e-05,0,3.999311229563318e-05,0
0,3,0.0030966153662717543,0,0.01,0,2.2609174266108312e-05,0,3.778929226426424e-05,0,3.43607834291162e-05,0,4.044789602630772e-05,0,5.971094287815504e-05,0
0,2,0.0014882628084043222,0,0.02,0,0.00029802267090417445,0,0.00010026100003877616,0,0.0002574175708496257,0,3.819224366452545e-05,0,3.999311229563318e-05,0
0,3,1.3343517930781895e-05,0,0.0,0,2.5508477847324684e-05,0,1.9704073396979873e-05,0,1.9339472615087234e-06,0,3.1761519494466484e-05,0,3.999311229563318e-05,0
0,1,6.603431296144928e-05,0,0.0,0,2.344943641219288e-05,0,3.366233259783924e-05,0,1.951943351155565e-06,0,2.593315912235994e-05,0,3.999311229563318e-05,0
0,1,3.77594229512393e-08,0,0.0,0,3.096952787018381e-05,0,2.1043190047213794e-05,0,4.94662895243662e-08,0,2.593315912235994e-05,0,3.999311229563318e-05,0
0,1,0.011949486226060298,0,0.0,0,0.00018695362086873502,0,6.822519708034882e-05,0,0.002347098902837605,0,2.593315912235994e-05,0,3.999311229563318e-05,0
0,5,3.588367562876498e-08,0,0.0,0,5.582937319559278e-06,0,1.9930039815694345e-05,0,8.050853299298703e-07,0,3.1497904274147004e-05,0,3.999311229563318e-05,0
0,4,0.13704745568486668,0,0.01,0,0.00018773582996800542,0,7.0839012012013e-05,0,0.0001493876859209703,0,8.21835856186226e-05,0,4.5796474296366796e-05,0
0,4,0.0014570005526589693,0,0.01,0,2.8819440558436327e-05,0,5.5610116355869876e-05,0,1.2904539567847191e-05,0,7.986523996805772e-05,0,3.999311229563318e-05,0
0,3,0.00018768265150252394,0,0.0,0,2.5486931917839684e-05,0,4.1043024827777624e-05,0,1.7604700136880784e-06,0,3.1761519494466484e-05,0,3.999311229563318e-05,0
0,5,0.00019793562374147218,0,0.0,0,6.486316124210134e-06,0,2.2043602757683723e-05,0,2.3207112508821657e-07,0,3.1497904274147004e-05,0,3.999311229563318e-05,0
0,4,0.0003772979567477872,0,0.0,0,1.5627503671566956e-05,0,2.4661275495934933e-05,0,3.33515040858836e-06,0,7.944804383441806e-05,0,3.999311229563318e-05,0
0,4,0.0008673374894185358,0,0.01,0,0.00010741520236479118,0,2.133776281945187e-05,0,1.438812725941394e-06,0,7.944804383441806e-05,0,3.999311229563318e-05,0
0,2,0.03535984636566909,0,0.01,0,0.0006227134726941586,0,0.0004158090225019468,0,0.0001934757485927831,0,3.448793358984403e-05,0,4.44703982793726e-05,0
0,1,0.025553161729643184,0,0.0,0,1.3434650099952705e-05,0,2.5052292327681704e-05,0,5.6159013396419765e-05,0,2.6526657165959477e-05,0,3.999311229563318e-05,0
0,2,0.0004478625572109667,0,0.02,0,4.6076176658971235e-05,0,3.9310876360345743e-05,0,0.00024258701590637347,0,3.448793358984403e-05,0,5.555419920710847e-05,0
0,3,0.02189657595120205,0,0.01,0,4.814224666915834e-05,0,3.082259912179257e-05,0,2.1820669852029443e-05,0,4.102944876649417e-05,0,4.26899605372455e-05,0
0,4,0.0010900293039217332,0,0.0,0,1.2733649782603607e-05,0,7.073864195880252e-05,0,0.0005366683018508739,0,7.984139665495604e-05,0,3.999311229563318e-05,0
0,2,0.0020002233107331677,0,0.0,0,0.0009170516859740019,0,9.620827721211757e-05,0,2.5994974583472276e-05,0,3.448793358984403e-05,0,3.999311229563318e-05,0
0,4,0.00016146263790364312,0,0.01,0,4.595808786689304e-05,0,5.008899909849771e-05,0,3.500302681662407e-06,0,7.944804383441806e-05,0,3.999311229563318e-05,0
0,5,0.6068438432446286,0,0.01,0,7.867280510254204e-05,0,5.454866815437616e-05,0,0.005229950934645157,0,3.402890797588043e-05,0,3.999311229563318e-05,0
0,3,7.99218702511694e-05,0,0.0,0,3.3354458537360188e-06,0,2.851804274414612e-05,0,2.2187985893199868e-07,0,3.1761519494466484e-05,0,3.999311229563318e-05,0
0,1,7.418041987687734e-05,0,0.0,0,2.272757592436392e-05,0,4.3143993562891225e-05,0,0.00032420740663660717,0,2.6575209631118923e-05,0,3.999311229563318e-05,0
0,2,0.0018830999853557016,0,0.0,0,2.932445568148978e-05,0,2.0108623822432734e-05,0,9.458179358929916e-07,0,3.448793358984403e-05,0,3.999311229563318e-05,0
0,3,4.6412645906892705e-05,0,0.0,0,6.28987982054241e-05,0,2.098698057782734e-05,0,2.051710402658716e-06,0,3.1761519494466484e-05,0,3.999311229563318e-05,0
0,4,0.03280450927673341,0,0.0,0,1.6814055925351568e-05,0,4.005858796979642e-05,0,0.00019144101385126916,0,7.944804383441806e-05,0,3.999311229563318e-05,0
0,3,0.3624986965797192,0,0.0,0,5.7886609283741564e-05,0,8.559156286426469e-05,0,0.0001617107617462716,0,6.860074063297361e-05,0,5.1286806410644203e-05,0
0,4,0.0017222759735369593,0,0.0,0,8.701787737663835e-05,0,4.984109640575288e-05,0,2.2255285375566795e-05,0,7.94483203208074e-05,0,4.2794286855496466e-05,0
0,3,1.853732895739099e-05,0,0.0,0,5.732855242968071e-06,0,2.102603171720314e-05,0,1.018925801396756e-05,0,3.1761519494466484e-05,0,3.999311229563318e-05,0
0,1,0.02627975170743224,0,0.02,0,0.00015712238382548094,0,4.4524670430672684e-05,0,3.867015660018688e-06,0,2.9691947929677553e-05,0,3.999311229563318e-05,0
0,5,3.040918935849951e-09,0,0.0,0,1.498657638876466e-06,0,2.1523912690549755e-05,0,1.1738791321559548e-08,0,3.1497904274147004e-05,0,3.999311229563318e-05,0
0,4,6.777560296976409e-08,0,0.0,0,2.752102773229126e-06,0,2.1328882214547305e-05,0,9.826574508936339e-09,0,7.944804383441806e-05,0,3.999311229563318e-05,0
0,3,1.840374265297845e-06,0,0.0,0,1.9228431483497843e-05,0,2.109625107442725e-05,0,2.3972744289904876e-06,0,3.1761519494466484e-05,0,3.999311229563318e-05,0
0,4,0.025841255491218396,0,0.05,0,0.0004221290291752666,0,0.00021970588022643856,0,0.14563860816748084,0,9.47903172345832e-05,0,3.999311229563318e-05,0
0,3,0.0026595574697547172,0,0.0,0,0.00018437643302604556,0,3.41823437971888e-05,0,4.659524688356608e-06,0,6.919767474755645e-05,0,6.866590410936624e-05,0
0,1,0.08716677444098891,0,0.04,0,0.00011991490464424714,0,8.659196842229942e-05,0,0.0007881640866665062,0,3.336808367748745e-05,0,4.450773121789098e-05,0
0,5,0.00012066355617979931,0,0.0,0,1.3898074030294083e-05,0,2.1507024335457534e-05,0,1.7604994495414966e-07,0,3.1497904274147004e-05,0,3.999311229563318e-05,0
0,3,0.0061485826886236074,0,0.01,0,0.00015848351176828146,0,3.193837818956877e-05,0,5.65380581660707e-06,0,4.85675482195802e-05,0,4.902958607999608e-05,0
0,3,1.33389762426716e-08,0,0.01,0,5.520989361684769e-06,0,2.1520147854469727e-05,0,4.803526069138781e-08,0,3.1761519494466484e-05,0,3.999311229563318e-05,0
0,4,0.1891268852356672,0,0.01,0,0.00020545735605992377,0,0.00012124439418175681,0,4.666751530311654e-05,0,0.0001965449337149039,0,5.851274181623012e-05,0
0,2,9.149172975395287e-05,0,0.0,0,6.78716844504379e-07,0,2.029249939194061e-05,0,3.619429313338887e-08,0,3.448793358984403e-05,0,3.999311229563318e-05,0
0,2,1.319217979392902e-05,0,0.0,0,5.690672423952492e-06,0,2.1177977123286696e-05,0,4.9268405535741134e-08,0,3.448793358984403e-05,0,3.999311229563318e-05,0
0,5,0.001419642632679573,0,0.0,0,0.0001623970892978832,0,2.13148819842821e-05,0,1.8743258970657662e-05,0,3.1497904274147004e-05,0,3.999311229563318e-05,0
0,4,0.00011687578401158976,0,0.0,0,4.428123793331906e-05,0,9.396599662265124e-05,0,1.3078356079657899e-05,0,7.944804383441806e-05,0,3.999311229563318e-05,0
0,2,0.10809141586182501,0,0.0,0,2.53686448559165e-05,0,2.361002057453766e-05,0,0.00039906886043455865,0,3.448793358984403e-05,0,3.999311229563318e-05,0
0,1,0.009991334586025614,0,0.01,0,0.013448047451674938,0,0.0016915181083345884,0,0.0004625520913373172,0,2.7875697924173437e-05,0,4.048480332130566e-05,0
0,5,9.08651902703453e-07,0,0.0,0,3.946745709981769e-05,0,2.1287351848297688e-05,0,2.198418879418334e-07,0,3.1497904274147004e-05,0,3.999311229563318e-05,0
0,3,2.8934734190513197e-07,0,0.0,0,7.302448921109317e-06,0,2.4877284068394407e-05,0,1.1302345953984139e-07,0,3.1761519494466484e-05,0,3.999311229563318e-05,0
0,1,3.146914745222307e-07,0,0.0,0,7.0028363552410156e-06,0,2.1034976799978904e-05,0,1.72871981860093e-08,0,2.593315912235994e-05,0,3.999311229563318e-05,0
0,3,6.7095844398548e-07,0,0.01,0,2.528934601286892e-05,0,2.1427950283719105e-05,0,1.2610170854372254e-06,0,3.1761519494466484e-05,0,3.999311229563318e-05,0
0,4,0.07375836080073188,0,0.0,0,0.0003254745970480144,0,6.231149766792501e-05,0,0.0015141604366522795,0,8.035991049837321e-05,0,4.067851114086807e-05,0
0,4,0.001173928915082172,0,0.0,0,9.063249308383092e-05,0,2.7164766500884187e-05,0,0.010133185370870785,0,8.002453978406265e-05,0,4.097649798495695e-05,0
0,4,0.006120954297943073,0,0.02,0,0.00013846068759448826,0,2.2924534465860718e-05,0,1.3060648316158504e-07,0,0.00016168164438568056,0,0.00026747514493763447,0
0,3,0.0002625850429928509,0,0.0,0,1.2238201634318102e-05,0,2.1158110111620972e-05,0,2.761935254711922e-07,0,3.1761519494466484e-05,0,3.999311229563318e-05,0
0,1,2.5934333212980695e-05,0,0.0,0,8.979975063994061e-06,0,2.0834814523131588e-05,0,1.5812158126729952e-06,0,2.593315912235994e-05,0,5.390067963162437e-05,0
0,5,0.00022504742740551533,0,0.0,0,1.4993643162597436e-05,0,3.0764658052817355e-05,0,2.084972477129171e-05,0,3.1497904274147004e-05,0,3.999311229563318e-05,0
0,5,0.020712727157382847,0,0.0,0,5.169912401470356e-05,0,2.8621514925138552e-05,0,4.170819912442432e-06,0,3.2405107049271464e-05,0,3.999311229563318e-05,0
0,3,1.8157784801302323e-05,0,0.0,0,2.4258655685116537e-05,0,1.958948232197526e-05,0,1.2041388926904757e-06,0,3.1761519494466484e-05,0,3.999311229563318e-05,0
0,3,1.5962022554921737e-07,0,0.0,0,6.170028427732177e-06,0,2.1447885310773567e-05,0,1.7773340305302154e-07,0,3.1761519494466484e-05,0,3.999311229563318e-05,0
0,4,2.813718677292468e-08,0,0.01,0,1.5139309653022792e-05,0,3.954267381368334e-05,0,1.691960590016447e-05,0,7.944804383441806e-05,0,3.999311229563318e-05,0
0,3,7.834704900379596e-06,0,0.01,0,1.0401740837551188e-05,0,3.2215504202727356e-05,0,1.011985373887157e-06,0,3.5127704904880375e-05,0,4.601257387548685e-05,0
0,1,0.16417208435157618,0,0.03,0,0.00012059386062901467,0,0.0001637601007436979,0,0.0014706156286962966,0,2.7597270673140883e-05,0,4.238452311255969e-05,0
0,2,1.4506127887889872e-05,0,0.0,0,6.087552719691303e-06,0,2.042033970802632e-05,0,1.3340793302143991e-06,0,3.448793358984403e-05,0,3.999311229563318e-05,0
0,2,6.68152013217757e-05,0,0.0,0,5.014386624679901e-05,0,2.111309641321544e-05,0,4.538358999907214e-06,0,3.448793358984403e-05,0,3.999311229563318e-05,0
0,5,0.004728787089305112,0,0.0,0,9.411232895217836e-05,0,2.1434906726317983e-05,0,4.7619874626938813e-07,0,3.152082717861049e-05,0,3.999311229563318e-05,0
0,5,2.6830027274973362e-05,0,0.01,0,2.2004318452673033e-05,0,2.1583165772791388e-05,0,5.217485929593182e-07,0,3.1497904274147004e-05,0,3.999311229563318e-05,0
0,2,6.285391835226623e-07,0,0.0,0,2.8102665510232328e-06,0,2.005638400521068e-05,0,8.482055309762795e-07,0,3.448793358984403e-05,0,3.999311229563318e-05,0
0,2,8.464433505689233e-05,0,0.0,0,0.00044125711428932846,0,5.156193033394053e-05,0,1.354941534902217e-05,0,0.018093183636665344,0,0.09831994771957397,0
0,3,8.586750019844553e-07,0,0.0,0,3.460866992099909e-06,0,2.1191804987197795e-05,0,3.2026805835130415e-07,0,3.1761519494466484e-05,0,3.999311229563318e-05,0
0,5,0.0002698442448729525,0,0.0,0,2.660105792529066e-06,0,2.1225481380997134e-05,0,5.292927604284198e-08,0,3.1497904274147004e-05,0,3.999311229563318e-05,0
0,4,0.0002587595815970807,0,0.0,0,2.069507900159806e-06,0,2.0212534679594032e-05,0,9.50507207681986e-06,0,7.944804383441806e-05,0,3.999311229563318e-05,0
0,1,0.03398497849311079,0,0.02,0,0.002820664783939719,0,0.0018852217875898114,0,0.02591967826313755,0,2.667293847480323e-05,0,4.277191692381166e-05,0
0,5,0.032608522513635774,0,0.0,0,1.16251776489662e-05,0,4.4521201865308374e-05,0,0.00019857871746114066,0,3.1497904274147004e-05,0,3.999311229563318e-05,0
0,2,5.802669375968253e-05,0,0.0,0,0.00010835289867827669,0,5.5969168257941324e-05,0,8.854979247810875e-05,0,3.448793358984403e-05,0,5.402831084211357e-05,0
0,1,0.00042207220067927204,0,0.0,0,4.8653269004717e-06,0,2.3991774687374655e-05,0,3.951472284160836e-06,0,2.596169179014396e-05,0,3.999311229563318e-05,0
0,5,0.0010262454987153037,0,0.01,0,0.0001807478111004457,0,3.5015503475734346e-05,0,7.4391162603251e-07,0,3.561764242476784e-05,0,4.515584441833198e-05,0
0,3,0.00047261765033620063,0,0.0,0,1.2649615200643893e-05,0,5.927568100604049e-05,0,3.05771360931657e-05,0,3.2155312510440126e-05,0,4.024641020805575e-05,0
0,2,1.0014587846322123e-07,0,0.01,0,1.162571061286144e-05,0,2.1161909112662246e-05,0,2.9354077602765176e-08,0,3.448793358984403e-05,0,3.999311229563318e-05,0
0,5,6.834035002633414e-08,0,0.0,0,8.873825208866037e-06,0,2.1509837963860752e-05,0,8.74929094091512e-08,0,3.1497904274147004e-05,0,3.999311229563318e-05,0
0,4,0.7003286416355032,0,0.0,0,0.00019373578834347427,0,2.4022104516324165e-05,0,0.00012120328522346686,0,0.00017804934759624302,0,4.8873265768634155e-05,0
0,5,0.002699108297656149,0,0.0,0,2.3391095965052955e-05,0,3.740019910688157e-05,0,9.623389843878929e-07,0,3.384836236364208e-05,0,3.999311229563318e-05,0
0,1,0.0021859592880544773,0,0.04,0,0.0007402977789752185,0,6.24379883973572e-05,0,6.879927375466485e-05,0,0.0003449927025940269,0,0.00014636380365118384,0
0,5,0.0003523077119413893,0,0.01,0,0.00010418948659207672,0,2.557255964920879e-05,0,8.069053996482085e-06,0,3.6845518479822204e-05,0,3.999311229563318e-05,0
0,4,0.00045514912274015996,0,0.0,0,7.477110921172425e-05,0,2.887731483990427e-05,0,6.363067169199213e-07,0,7.944804383441806e-05,0,3.999311229563318e-05,0
0,1,0.007805710222220606,0,0.0,0,2.9575052394648083e-05,0,2.101220048422006e-05,0,9.210498832444315e-06,0,3.834981544059701e-05,0,4.450025880942121e-05,0
0,4,0.004431953107813585,0,0.0,0,7.189439202193171e-05,0,3.0751590965067834e-05,0,5.0577223358134906e-06,0,7.944804383441806e-05,0,3.999311229563318e-05,0
0,2,2.0749956933659856e-05,0,0.0,0,5.135173341841437e-05,0,2.6932793053829355e-05,0,1.574131517050884e-06,0,3.448793358984403e-05,0,3.999311229563318e-05,0
0,5,2.2623523606893964e-06,0,0.0,0,9.897815471049398e-05,0,2.1608424698488112e-05,0,2.730512748805249e-07,0,3.1497904274147004e-05,0,3.999311229563318e-05,0
0,3,3.7350362129921014e-05,0,0.02,0,0.000944582570809871,0,8.733676829387866e-05,0,1.9819532947379043e-05,0,3.1761519494466484e-05,0,3.999311229563318e-05,0
0,2,0.010214751081512546,0,0.0,0,0.00032616485259495676,0,0.0004803744109164353,0,0.00014213564277634405,0,6.394478987203911e-05,0,3.999311229563318e-05,0
0,1,0.6565785571499053,0,0.08,0,0.009085900150239468,0,0.002490729391940548,0,0.0004004109942367558,0,9.225721441907808e-05,0,7.703889423282817e-05,0
0,1,0.00011744106880564895,0,0.01,0,2.539791057643015e-05,0,2.484989191668668e-05,0,9.35907549063663e-06,0,2.597321326902602e-05,0,4.420966433826834e-05,0
0,5,0.0001399340006740947,0,0.0,0,3.0923401936888695e-05,0,2.1502425765407775e-05,0,2.710747960703904e-07,0,3.1497904274147004e-05,0,3.999311229563318e-05,0
0,2,3.374896741408389e-05,0,0.0,0,1.6350286387023516e-05,0,2.004497738100618e-05,0,4.013758514939113e-06,0,3.5133420169586316e-05,0,3.999311229563318e-05,0
0,5,0.00382849709018481,0,0.0,0,2.754829802142922e-05,0,2.415086054504317e-05,0,0.0013185433692409244,0,3.16583646053914e-05,0,4.046990943606943e-05,0
0,1,6.74389548154571e-07,0,0.0,0,1.089945999410702e-05,0,2.1733762536871262e-05,0,2.5182775830961624e-07,0,2.593315912235994e-05,0,3.999311229563318e-05,0
0,4,0.45005268302248197,0,0.03,0,0.002742503769695759,0,0.017869960035593397,0,0.04488403767220112,0,0.00457229046151042,0,0.0020644981414079666,0
0,4,0.0014684371494434957,0,0.0,0,9.732031685416587e-06,0,4.881326450571889e-05,0,1.130229978964967e-05,0,7.950317376526073e-05,0,3.999311229563318e-05,0
0,4,0.0775003121250939,0,0.02,0,6.38882047496736e-05,0,3.165698214057202e-05,0,3.73173238557479e-05,0,0.00015616719610989094,0,8.621730376034975e-05,0
0,3,0.0006094962058807495,0,0.02,0,0.0004064322274643928,0,0.0002245944114377263,0,0.003806588459072421,0,0.00010586772987153381,0,8.868625445757061e-05,0
0,1,0.12662553221240658,0,0.03,0,0.00028184024267829955,0,0.00020506078236156314,0,0.04900142172534453,0,3.344119977555238e-05,0,4.143094702158123e-05,0
0,1,0.047003395626481585,0,0.03,0,0.0009184613591060042,0,8.707472809033233e-05,0,0.0001500188584930463,0,6.651608418906108e-05,0,4.245904347044416e-05,0
0,1,0.815324115149682,0,0.01,0,0.00010540815856074914,0,2.4953984623892388e-05,0,4.801036227726319e-05,0,7.369822560576722e-05,0,4.1900282667484134e-05,0
0,1,2.7825891971384112e-05,0,0.0,0,0.0007125274860300124,0,6.220383476419474e-05,0,7.343636764661654e-05,0,2.593315912235994e-05,0,4.100630758330226e-05,0
0,4,5.52388681590113e-06,0,0.01,0,0.00019989049178548157,0,8.712402648477961e-05,0,3.497167600386307e-06,0,7.944804383441806e-05,0,3.999311229563318e-05,0
0,3,2.8464661908572064e-06,0,0.0,0,1.0631037184793968e-05,0,2.0961195712722715e-05,0,4.935563358112971e-07,0,3.1761519494466484e-05,0,3.999311229563318e-05,0
0,5,0.07622611795413314,0,0.03,0,4.609384268405847e-05,0,3.606246282039198e-05,0,0.008313924495256331,0,3.2682855817256495e-05,0,3.999311229563318e-05,0
0,2,0.08080283742235987,0,0.01,0,3.402121728868224e-05,0,4.804187586006659e-05,0,3.7306809184044143e-05,0,3.448793358984403e-05,0,3.999311229563318e-05,0
0,5,2.2505455092311037e-10,0,0.0,0,3.936408756999299e-05,0,2.151169021731503e-05,0,3.980239661732916e-08,0,3.1497904274147004e-05,0,3.999311229563318e-05,0
0,5,0.0011174407530965926,0,0.02,0,6.416045653168112e-05,0,3.416614811746324e-05,0,8.797910432328491e-05,0,3.1559797207592055e-05,0,3.999311229563318e-05,0
0,5,0.0009742265637605891,0,0.01,0,3.6648732930189e-05,0,2.3874499898968878e-05,0,4.128117755147314e-05,0,3.1497904274147004e-05,0,3.999311229563318e-05,0
0,4,0.007426770847043988,0,0.01,0,9.624483209336177e-05,0,2.4097164082499764e-05,0,6.637303501859828e-06,0,7.944804383441806e-05,0,3.999311229563318e-05,0
0,4,5.589454115229212e-07,0,0.02,0,3.825800013146363e-05,0,2.8560046411662132e-05,0,1.9448014800300983e-06,0,7.944804383441806e-05,0,3.999311229563318e-05,0
0,1,0.005089252556318456,0,0.0,0,2.3264603441930376e-05,0,4.1035033633475e-05,0,1.185819556075578e-06,0,2.593315912235994e-05,0,3.999311229563318e-05,0
0,3,1.0771468468378026e-08,0,0.0,0,9.132149716606364e-05,0,6.293130815133908e-05,0,6.607237722703375e-07,0,3.1761519494466484e-05,0,3.999311229563318e-05,0
0,5,0.20126227843607766,0,0.0,0,6.161038072605152e-06,0,2.1152255338886624e-05,0,3.33327339340765e-07,0,3.194197779521346e-05,0,3.999311229563318e-05,0
0,1,0.00033412595535887,0,0.0,0,4.172275112068746e-06,0,3.2949065111874164e-05,0,3.0014504304680126e-05,0,2.593315912235994e-05,0,3.999311229563318e-05,0
0,4,0.0003756919034923984,0,0.01,0,9.705328557174653e-05,0,8.133422906893277e-05,0,2.843836700706099e-05,0,7.944804383441806e-05,0,3.999311229563318e-05,0
0,4,0.0002931909512673026,0,0.04,0,1.5765939679113217e-05,0,6.44129690730678e-05,0,2.3736932144149538e-05,0,0.00011321999045321718,0,7.074450695654377e-05,0
0,5,0.004645432614479885,0,0.01,0,0.00038309910451062024,0,0.00020645601471256853,0,2.7968641641266e-05,0,0.00015687708219047636,0,0.0007071451400406659,0
0,1,0.21770280481383264,0,0.02,0,0.0009108060621656477,0,8.7793909608554e-05,0,1.3454364617648896e-05,0,0.00012598947796504945,0,3.999311229563318e-05,0
0,4,0.006144105398963373,0,0.0,0,1.208744834002573e-05,0,2.3274120423861964e-05,0,1.1955235696744943e-06,0,7.944804383441806e-05,0,3.999311229563318e-05,0
0,4,0.015864777183762998,0,0.0,0,2.261146073578857e-05,0,3.8635570833596705e-05,0,0.00015221951070354848,0,7.944804383441806e-05,0,3.999311229563318e-05,0
0,2,4.074802939815981e-08,0,0.0,0,6.046763883205131e-05,0,2.1151059155312113e-05,0,1.511958264693419e-08,0,3.448793358984403e-05,0,3.999311229563318e-05,0
0,2,1.2280451764555922e-05,0,0.0,0,1.1076548616983928e-05,0,2.1161909112662246e-05,0,1.2344967637742473e-08,0,3.448793358984403e-05,0,3.999311229563318e-05,0
0,4,0.21029633968581382,0,0.01,0,0.0010368890361860394,0,9.929141886431097e-05,0,0.00202257456523862,0,8.475661161355674e-05,0,4.008251562481746e-05,0
0,1,1.7856278351573504e-05,0,0.0,0,2.4725522962398827e-05,0,3.4633991729260446e-05,0,2.285023812617761e-06,0,2.593315912235994e-05,0,3.999311229563318e-05,0
0,4,6.036733699614824e-08,0,0.0,0,6.9476914177357685e-06,0,2.1325925425390256e-05,0,2.643084642159781e-08,0,7.944804383441806e-05,0,3.999311229563318e-05,0
0,3,0.0002544282126255377,0,0.0,0,5.961236183793517e-06,0,2.136044535823596e-05,0,5.089078045377151e-07,0,3.1761519494466484e-05,0,3.999311229563318e-05,0
0,4,0.0005028402190599645,0,0.01,0,1.0155052223126404e-05,0,2.051971819958956e-05,0,1.9879441464175922e-05,0,8.548032201360911e-05,0,3.999311229563318e-05,0
0,1,2.023322064753962e-07,0,0.0,0,8.515007721143775e-06,0,2.1231837551900163e-05,0,5.622207134843026e-08,0,2.593315912235994e-05,0,3.999311229563318e-05,0
0,5,0.05638047880332184,0,0.01,0,2.4183009372791275e-05,0,2.5522432453739574e-05,0,5.001209397579706e-07,0,3.1497904274147004e-05,0,3.999311229563318e-05,0
0,4,6.58601719731052e-05,0,0.0,0,1.1910838111361954e-05,0,2.8505247468463906e-05,0,1.0531080371058224e-05,0,0.00020074436906725168,0,4.158739830018021e-05,0
0,1,0.0008975829845784399,0,0.0,0,6.09735470789019e-05,0,4.533392611230342e-05,0,1.311170333470648e-06,0,2.593315912235994e-05,0,3.999311229563318e-05,0
0,5,1.831051081590394e-05,0,0.0,0,3.1141120416577905e-05,0,2.146233154871008e-05,0,5.278599575321832e-07,0,3.1497904274147004e-05,0,3.999311229563318e-05,0
0,5,0.00025250064413939006,0,0.01,0,9.6160511020571e-07,0,2.474280445557991e-05,0,3.096998862190084e-07,0,3.1497904274147004e-05,0,3.999311229563318e-05,0
0,3,0.008570941684470907,0,0.0,0,0.00015146206715144217,0,6.43643639396987e-05,0,0.00029184580007644053,0,3.672104503493756e-05,0,3.999311229563318e-05,0
0,3,2.721799673425436e-06,0,0.0,0,3.2490149806108093e-06,0,2.1515396271592844e-05,0,7.129723679827411e-08,0,3.1761519494466484e-05,0,3.999311229563318e-05,0
0,3,0.002417949321171329,0,0.0,0,6.938321894267574e-05,0,2.5261667810349392e-05,0,6.78732398518789e-05,0,3.221166116418317e-05,0,4.10286447731778e-05,0
0,4,3.507857413640784e-06,0,0.0,0,1.2647565199586097e-05,0,7.4441517305778e-05,0,0.00014695909358247808,0,0.0001115359045797959,0,3.999311229563318e-05,0
0,1,0.0030972208345241077,0,0.0,0,3.4621214126673294e-06,0,2.0676659608781935e-05,0,6.268950311159697e-07,0,2.593315912235994e-05,0,3.999311229563318e-05,0
0,1,0.012214006312964792,0,0.01,0,1.8268263374920934e-05,0,2.0931642248098975e-05,0,2.142498147838092e-05,0,2.593315912235994e-05,0,3.999311229563318e-05,0
0,5,0.9986287608859701,1,0.15,1,0.6778769493103027,1,0.40333423577122435,1,0.11002839252021548,0,0.00047719894791953266,0,0.00020708366355393082,0
0,3,0.0002231712617498255,0,0.01,0,0.00011616089614108205,0,5.332836647180611e-05,0,1.1259937472584686e-05,0,3.277269206591882e-05,0,3.999311229563318e-05,0
0,1,0.00020765965465238087,0,0.01,0,1.80721290234942e-05,0,2.221631166650581e-05,0,4.8784191136080364e-05,0,2.593315912235994e-05,0,3.999311229563318e-05,0
0,4,0.00022846076099667097,0,0.0,0,0.0001680017594480887,0,3.41684855579929e-05,0,5.911761714230826e-07,0,9.772398334462196e-05,0,3.999311229563318e-05,0
0,2,0.035190331263793506,0,0.0,0,1.3256775673653465e-05,0,2.0338169693176354e-05,0,6.875473904195074e-05,0,3.448793358984403e-05,0,3.999311229563318e-05,0
0,5,0.9834078152194209,0,0.0,0,0.0002458591479808092,0,9.520292291009592e-05,0,0.00981099131184552,0,6.534002750413492e-05,0,4.3852138333022594e-05,0
0,2,0.0017697536556063017,0,0.0,0,3.923894473700784e-05,0,2.4018838125542224e-05,0,3.7049413638111e-05,0,3.747466325876303e-05,0,4.920829087495804e-05,0
0,1,1.2371408043177714e-06,0,0.0,0,6.619748546654591e-06,0,2.9230916579091715e-05,0,7.023351987045821e-08,0,2.593315912235994e-05,0,3.999311229563318e-05,0
0,4,8.564346571676074e-05,0,0.02,0,1.654189509281423e-05,0,2.6159108331362576e-05,0,0.0002167173194685846,0,7.944804383441806e-05,0,3.999311229563318e-05,0
0,1,0.009834730218395338,0,0.02,0,0.00012742351100314409,0,6.608196866993726e-05,0,1.5567698630382254e-06,0,2.6767467716126703e-05,0,3.999311229563318e-05,0
0,4,5.484876685302071e-05,0,0.01,0,0.00012434256495907903,0,5.2086537487761264e-05,0,3.374332693566911e-07,0,7.944804383441806e-05,0,3.999311229563318e-05,0
0,1,0.11965757780168355,0,0.02,0,4.296161569072865e-05,0,3.203754808479655e-05,0,0.002949112980413286,0,2.648187364684418e-05,0,3.999311229563318e-05,0
0,5,0.850097417309715,0,0.01,0,0.003843597136437893,0,0.000287039315239996,0,0.04624227521236139,0,0.0005553109222091734,0,0.00014203164028003812,0
0,3,0.0017031581518467459,0,0.0,0,4.147557046962902e-05,0,3.863372182498869e-05,0,3.774731466330295e-05,0,3.2101313991006464e-05,0,4.5371831220109016e-05,0
0,3,0.0003253162251285,0,0.0,0,3.180962085025385e-05,0,2.4769261928427403e-05,0,1.8337948477551925e-07,0,3.1761519494466484e-05,0,3.999311229563318e-05,0
0,4,0.0016191593234189316,0,0.01,0,0.00040975803858600557,0,3.5355005973428244e-05,0,0.00034781403812085326,0,8.238595182774588e-05,0,4.095414624316618e-05,0
0,2,1.9041369604736245e-06,0,0.0,0,3.710653982125223e-05,0,2.4903604349309697e-05,0,6.187374404369005e-07,0,3.448793358984403e-05,0,3.999311229563318e-05,0
0,5,0.0018856814881773635,0,0.01,0,0.000904901884496212,0,6.215072588382606e-05,0,0.0002833264605075162,0,3.197639307472855e-05,0,3.999311229563318e-05,0
0,5,1.4304215504072555e-06,0,0.0,0,1.3376543392951135e-05,0,2.1527818031436096e-05,0,3.0965994077560994e-07,0,3.1497904274147004e-05,0,3.999311229563318e-05,0
0,5,1.006929447347358e-06,0,0.01,0,0.00017708016093820333,0,0.0005790712220831587,0,0.0006964772558957832,0,0.000241011381149292,0,0.000793320476077497,0
0,4,0.0011307687180290174,0,0.05,0,0.0019985930994153023,0,0.00012077967535509953,0,0.00016888832462141884,0,9.211010183207691e-05,0,4.558794171316549e-05,0
0,5,0.0063514927030877385,0,0.0,0,0.00017425548867322505,0,2.1595444084178043e-05,0,1.1973822367504681e-06,0,3.1497904274147004e-05,0,3.999311229563318e-05,0
0,5,4.85439366842472e-05,0,0.01,0,2.2725167582393624e-05,0,2.7833234247004317e-05,0,2.736052811466659e-05,0,3.1497904274147004e-05,0,3.999311229563318e-05,0
0,5,9.90842338379947e-10,0,0.0,0,1.2041691661579534e-05,0,2.1454347911623815e-05,0,3.1928283185986924e-07,0,3.1659244996262714e-05,0,3.999311229563318e-05,0
0,1,0.042862083794130194,0,0.0,0,2.8690172257483937e-05,0,2.1043757975845526e-05,0,3.749647171804866e-05,0,2.593315912235994e-05,0,3.999311229563318e-05,0
0,5,0.10219849872742366,0,0.02,0,0.00010292628576280549,0,4.951151511422274e-05,0,0.0003004983374540459,0,0.1487683802843094,0,0.03726346790790558,0
0,5,2.0231718993996942e-05,0,0.02,0,5.84510707994923e-05,0,5.7355488739209716e-05,0,1.6616084105315792e-05,0,3.1497904274147004e-05,0,3.999311229563318e-05,0
0,1,0.00016006648907917334,0,0.01,0,2.9734270356129855e-05,0,3.271260904178795e-05,0,1.372082596636026e-05,0,2.593315912235994e-05,0,3.999311229563318e-05,0
0,5,4.653227194394193e-05,0,0.0,0,0.00044438379700295627,0,0.00017460691742039855,0,0.0006215563127859302,0,3.191220821463503e-05,0,3.999311229563318e-05,0
0,4,3.1602490069992447e-06,0,0.0,0,3.1398831197293475e-06,0,2.477527769208059e-05,0,1.830146068421353e-07,0,7.944804383441806e-05,0,3.999311229563318e-05,0
0,1,3.421542103968052e-07,0,0.0,0,7.471451681340113e-06,0,3.457015903576727e-05,0,9.318148293154096e-08,0,2.593315912235994e-05,0,3.999311229563318e-05,0
0,2,0.32746885641141715,0,0.01,0,0.00038011642755009234,0,4.038608847566045e-05,0,0.0068043592528744855,0,3.5524488339433447e-05,0,4.292833909858018e-05,0
0,4,0.030767943989525398,0,0.01,0,0.00023282153415493667,0,0.005306591538408711,0,0.0013552046561617957,0,8.188469655578956e-05,0,3.999311229563318e-05,0
0,3,1.598612590435841e-06,0,0.01,0,1.0156456482945941e-05,0,3.1403607971573426e-05,0,3.2298815183532417e-07,0,3.1761519494466484e-05,0,3.999311229563318e-05,0
0,4,0.14942695964878644,0,0.02,0,1.007635273708729e-05,0,4.268117177200131e-05,0,0.0009542130551278546,0,0.00012606494419742376,0,4.198969327262603e-05,0
0,2,0.07325176741491067,0,0.0,0,0.0002950915659312159,0,6.111859115658994e-05,0,0.0005542334326854532,0,5.01925460412167e-05,0,3.999311229563318e-05,0
0,5,0.00036877897972356286,0,0.0,0,2.355493234063033e-05,0,2.9912897237099055e-05,0,7.967326232534812e-05,0,3.240835212636739e-05,0,4.7785521019250154e-05,0
0,3,2.7351485040916338e-06,0,0.0,0,3.6603844364435645e-06,0,2.147812565677769e-05,0,8.971398866841744e-08,0,3.1761519494466484e-05,0,3.999311229563318e-05,0
0,3,7.799844661673287e-07,0,0.0,0,1.1170813195349183e-05,0,2.5283333409607934e-05,0,1.4450623482122289e-07,0,3.1761519494466484e-05,0,3.999311229563318e-05,0
0,2,0.0020619575789199854,0,0.01,0,1.3162006325728726e-05,0,2.0302858275785895e-05,0,1.854645519583732e-05,0,3.448793358984403e-05,0,3.999311229563318e-05,0
0,2,8.067270115781138e-05,0,0.01,0,6.080446109990589e-05,0,2.1171896287085225e-05,0,2.8963666834108294e-07,0,3.448793358984403e-05,0,3.999311229563318e-05,0
0,4,0.0002305738589589475,0,0.0,0,2.406381827313453e-05,0,2.8393401121481548e-05,0,5.144449383252583e-05,0,7.944804383441806e-05,0,3.999311229563318e-05,0
0,4,0.004624703308267607,0,0.02,0,0.0026035653427243233,0,0.004025266785187174,0,0.0010996533347635649,0,0.0001593783963471651,0,7.150362216634676e-05,0
0,3,0.3216945556794289,0,0.0,0,0.00013666639279108495,0,2.4493817804884096e-05,0,5.361703879758248e-06,0,3.383678267709911e-05,0,4.876148159382865e-05,0
0,2,9.00572032500075e-08,0,0.0,0,2.1997122530592605e-05,0,2.1177977123286696e-05,0,9.020825087525532e-07,0,3.448793358984403e-05,0,3.999311229563318e-05,0
0,4,0.028845542542518685,0,0.0,0,9.850566857494414e-05,0,2.4194992392185094e-05,0,5.2844231762020265e-05,0,7.944804383441806e-05,0,3.999311229563318e-05,0
0,4,5.355213083838362e-07,0,0.0,0,2.756840331130661e-05,0,2.026568361227124e-05,0,1.5126410578529141e-05,0,7.944804383441806e-05,0,3.999311229563318e-05,0
0,4,9.603458044169038e-07,0,0.0,0,0.00014333461876958609,0,2.534340713006177e-05,0,3.957478389117576e-07,0,7.944804383441806e-05,0,3.999311229563318e-05,0
0,4,0.03794066038214783,0,0.0,0,1.2450023859855719e-05,0,4.0839446290727464e-05,0,7.812112739437502e-06,0,8.015576895559207e-05,0,3.999311229563318e-05,0
0,5,5.494990182106077e-06,0,0.0,0,3.59527584805619e-05,0,2.8448839883137355e-05,0,6.115242212102946e-07,0,3.1497904274147004e-05,0,3.999311229563318e-05,0
0,4,0.34143480667424925,0,0.02,0,0.0004778747970703989,0,3.6877730228901516e-05,0,6.25877748420277e-05,0,0.00012072388199158013,0,5.460206011775881e-05,0
0,1,0.00038539622190959116,0,0.0,0,3.225837417630828e-06,0,7.756651772650827e-05,0,5.220743773758306e-07,0,2.7491514629218727e-05,0,3.999311229563318e-05,0
0,3,0.00011212448474564355,0,0.0,0,1.2610289559233934e-05,0,2.5290648490537687e-05,0,4.613016961990173e-06,0,3.1761519494466484e-05,0,3.999311229563318e-05,0
0,5,1.289790093019007e-06,0,0.0,0,9.053789653989952e-06,0,2.139182397004862e-05,0,2.8889760523961315e-08,0,3.1497904274147004e-05,0,3.999311229563318e-05,0
0,1,7.072724016717938e-06,0,0.0,0,2.409941407677252e-05,0,2.5075993346354323e-05,0,4.0544922253076694e-07,0,2.593315912235994e-05,0,3.999311229563318e-05,0
0,4,4.391070903263071e-06,0,0.0,0,8.831881132209674e-06,0,2.131270620963335e-05,0,1.8757358400904207e-08,0,7.944804383441806e-05,0,3.999311229563318e-05,0
0,3,0.0023117350325396915,0,0.0,0,2.0337296518846415e-05,0,2.301833178862431e-05,0,6.660028717705618e-06,0,3.1761519494466484e-05,0,3.999311229563318e-05,0
0,4,0.2713974980964715,0,0.06,0,0.006156472023576498,0,0.06301592172517025,0,0.008949105932420487,0,0.0001352492399746552,0,0.0001843387435656041,0
0,3,3.017845235288789e-05,0,0.01,0,4.163932317169383e-05,0,4.418246214270725e-05,0,1.09957255262073e-05,0,3.210521026630886e-05,0,3.999311229563318e-05,0
0,1,0.0028729484581437505,0,0.0,0,2.353099625906907e-05,0,2.4721025039924228e-05,0,3.082112318853084e-05,0,2.593315912235994e-05,0,3.999311229563318e-05,0
0,2,0.0032294436222802536,0,0.0,0,0.00033855324727483094,0,2.3189362339278574e-05,0,9.902758086653338e-05,0,3.448793358984403e-05,0,3.999311229563318e-05,0
0,1,0.0003580537956069599,0,0.0,0,7.937311238492839e-06,0,2.6920357744015092e-05,0,1.048857064388236e-05,0,2.593315912235994e-05,0,3.999311229563318e-05,0
0,4,0.0005400618360488343,0,0.01,0,6.254399340832606e-05,0,2.0206344141684072e-05,0,5.648653622670816e-07,0,0.00010285895405104384,0,4.728643034468405e-05,0
0,5,3.424223987476696e-07,0,0.0,0,1.1056633411499206e-05,0,2.1607742155957347e-05,0,9.782299463546914e-08,0,3.1497904274147004e-05,0,3.999311229563318e-05,0
0,3,0.004173927145522584,0,0.01,0,6.113896233728155e-05,0,5.040628382432722e-05,0,3.3786945323269606e-05,0,4.490298670134507e-05,0,4.778557558893226e-05,0
0,5,0.0006788824756697796,0,0.0,0,0.0002635032287798822,0,4.3220295662161416e-05,0,4.757216426944103e-06,0,3.1497904274147004e-05,0,3.999311229563318e-05,0
0,3,0.3118093059219457,0,0.02,0,0.0005067496676929295,0,9.426908208774165e-05,0,0.0055503460650307744,0,6.856362597318366e-05,0,8.438238000962883e-05,0
0,1,0.00037215749428607764,0,0.0,0,2.877072438423056e-05,0,8.213096002899027e-05,0,4.088348895541738e-05,0,2.617565041873604e-05,0,3.999311229563318e-05,0
0,3,0.00011887815697055153,0,0.0,0,3.6459477996686473e-05,0,2.1126802331324887e-05,0,8.138630077084998e-07,0,3.1761519494466484e-05,0,3.999311229563318e-05,0
0,1,0.001104333606479363,0,0.0,0,7.163079317251686e-06,0,2.579487016371786e-05,0,1.8649603750112516e-06,0,2.7180272809346206e-05,0,4.52377789770253e-05,0
0,1,5.0019959049063164e-05,0,0.0,0,1.1757152606151067e-05,0,4.799695262556223e-05,0,1.0376039177880637e-06,0,2.593315912235994e-05,0,3.999311229563318e-05,0
0,4,1.916805689499012e-05,0,0.0,0,8.188627361960243e-06,0,3.699677964334045e-05,0,6.487170547673075e-07,0,7.944804383441806e-05,0,3.999311229563318e-05,0
0,5,1.3675069103773566e-07,0,0.0,0,0.00010479240154381841,0,4.152251653234886e-05,0,4.55009889044553e-05,0,3.670928708743304e-05,0,4.528239514911547e-05,0
0,5,0.002479430439754851,0,0.0,0,0.0003585725207813084,0,8.461004970015967e-05,0,5.7817038487320495e-06,0,3.9791626477381214e-05,0,4.3956388253718615e-05,0
0,4,5.0228143794193e-06,0,0.02,0,3.645176184363663e-05,0,2.4805440782784754e-05,0,4.494396732624618e-07,0,7.944804383441806e-05,0,3.999311229563318e-05,0
0,5,0.1446440940448923,0,0.01,0,0.0018987952498719096,0,0.00016681559794391317,0,2.1666474445109328e-05,0,0.00015750533202663064,0,8.605270704720169e-05,0
0,3,8.66302793512444e-06,0,0.0,0,2.9357670427998528e-05,0,2.1166358806325533e-05,0,5.44262732728633e-06,0,3.1761519494466484e-05,0,3.999311229563318e-05,0
0,2,5.2496654038212485e-05,0,0.0,0,1.9099805285804905e-05,0,2.1161909112662246e-05,0,6.060903423603942e-08,0,3.448793358984403e-05,0,3.999311229563318e-05,0
0,1,0.0015142564375743824,0,0.0,0,1.5985191566869617e-05,0,5.576869174888541e-05,0,2.3468654980201602e-05,0,2.6533905838732608e-05,0,3.999311229563318e-05,0
0,5,0.003656337467807488,0,0.0,0,9.417959518032148e-06,0,3.695365445053872e-05,0,8.164798442432271e-05,0,3.1497904274147004e-05,0,3.999311229563318e-05,0
0,3,0.0002465079432716081,0,0.0,0,1.2991396943107247e-05,0,2.8453458374566626e-05,0,5.0314780213433926e-05,0,3.225233740522526e-05,0,4.300284854252823e-05,0
0,1,0.009161643020793059,0,0.01,0,0.00013655098155140877,0,0.00018663099330296407,0,3.698258299557579e-05,0,2.593315912235994e-05,0,3.999311229563318e-05,0
0,4,0.001570115734266401,0,0.01,0,3.271590912845568e-06,0,2.051247991737544e-05,0,3.3490046949960154e-06,0,8.72067830641754e-05,0,7.967535202624276e-05,0
0,3,0.0008260839526565957,0,0.0,0,7.170891331043094e-05,0,2.09240084207593e-05,0,2.5949247835318716e-05,0,3.1761519494466484e-05,0,3.999311229563318e-05,0
0,3,0.0010019955086477332,0,0.0,0,3.466947964625433e-05,0,2.1172865191300564e-05,0,1.544017843282435e-05,0,3.1761519494466484e-05,0,3.999311229563318e-05,0
0,5,0.0012658216948885363,0,0.0,0,1.5866376998019405e-05,0,3.702701525804525e-05,0,8.178807860062587e-07,0,3.150610427837819e-05,0,3.999311229563318e-05,0
0,5,2.175808965163003e-05,0,0.0,0,2.9690378141822293e-05,0,2.1381589124952385e-05,0,2.677610568628807e-07,0,3.1497904274147004e-05,0,3.999311229563318e-05,0
0,4,0.03473363772082235,0,0.0,0,4.9169728299602866e-05,0,5.6370238379268714e-05,0,7.763439363696867e-06,0,7.944804383441806e-05,0,3.999311229563318e-05,0
0,3,5.211990391770572e-06,0,0.0,0,4.12702638641349e-06,0,2.8731257857153232e-05,0,4.068608855050786e-08,0,3.1761519494466484e-05,0,3.999311229563318e-05,0
0,3,0.0005781528041699782,0,0.02,0,0.0001285923644900322,0,3.595430410341796e-05,0,5.661147559623776e-07,0,3.1761519494466484e-05,0,3.999311229563318e-05,0
0,2,9.065094067590347e-06,0,0.0,0,1.1944732705160277e-06,0,2.002380376770153e-05,0,4.14484315631274e-07,0,3.448793358984403e-05,0,3.999311229563318e-05,0
0,2,8.119861851215384e-05,0,0.0,0,3.703493348439224e-06,0,2.1172979085313295e-05,0,1.1985540686743171e-08,0,3.448793358984403e-05,0,3.999311229563318e-05,0
0,3,0.017207014071280308,0,0.0,0,2.5602257665013894e-05,0,2.7306013281390235e-05,0,5.31737745220108e-06,0,3.212087176507339e-05,0,3.999311229563318e-05,0
0,3,0.17698589048981545,0,0.0,0,8.752435678616166e-05,0,4.73224015432612e-05,0,3.7515734895172975e-06,0,3.7292513297870755e-05,0,5.171865996089764e-05,0
0,3,0.02117146308355071,0,0.0,0,3.551785630406812e-05,0,2.1167587854431148e-05,0,2.1144323030937763e-06,0,3.1761519494466484e-05,0,3.999311229563318e-05,0
0,1,0.5927133073510382,0,0.07,0,0.0926179438829422,0,0.000504219286893462,0,0.07756021587625357,0,3.6215475120116025e-05,0,4.9960784963332117e-05,0
0,4,0.09300406168351559,0,0.01,0,0.0010741292499005795,0,5.604862055465418e-05,0,0.0038246177362766137,0,0.00012727759894914925,0,5.928039172431454e-05,0
0,2,1.4398098446181674e-05,0,0.0,0,2.723834586504381e-05,0,2.814699094487836e-05,0,8.014244256500354e-07,0,0.0001247374020749703,0,3.999311229563318e-05,0
0,3,0.004131398697079932,0,0.0,0,9.209175186697394e-05,0,3.0998230034131456e-05,0,4.647347785658921e-05,0,3.1761519494466484e-05,0,3.999311229563318e-05,0
0,3,6.915457456628839e-09,0,0.0,0,4.129290118726203e-06,0,2.1313415405186975e-05,0,3.362047326180676e-08,0,3.1761519494466484e-05,0,3.999311229563318e-05,0
0,1,0.09936780188364717,0,0.02,0,0.00010043980728369206,0,0.00010234994136361093,0,1.9861018586964885e-05,0,2.6642930606612936e-05,0,3.999311229563318e-05,0
0,1,0.218338702914852,0,0.01,0,6.645593384746462e-05,0,2.5447231217556615e-05,0,1.0769525502940306e-06,0,2.593315912235994e-05,0,3.999311229563318e-05,0
0,2,0.002414199964124799,0,0.0,0,0.0006213937303982675,0,5.003841603509926e-05,0,6.442773768954347e-05,0,3.502703839330934e-05,0,3.999311229563318e-05,0
0,1,6.117058477680645e-06,0,0.0,0,2.7959222279605456e-05,0,6.428293787439835e-05,0,3.841593359428721e-06,0,2.593315912235994e-05,0,3.999311229563318e-05,0
0,2,0.8374586910362042,0,0.07,0,0.04266705363988876,0,0.025824843974067528,0,0.5990203160596612,1,0.00048822793178260326,0,8.667077054269612e-05,0
0,2,0.0020176171745210497,0,0.0,0,2.2048625396564603e-06,0,3.566863983401506e-05,0,8.077126381276201e-07,0,3.448793358984403e-05,0,3.999311229563318e-05,0
0,3,2.4555049284721864e-05,0,0.0,0,4.0391343645751476e-05,0,2.865245080495102e-05,0,2.7073501858787477e-06,0,3.2272546377498657e-05,0,3.999311229563318e-05,0
0,5,0.7521104343442757,0,0.12,0,0.002280274173244834,0,0.001264700325222267,0,0.008216581252456058,0,0.00026015701587311924,0,0.00042584590846672654,0
0,2,0.007776802866232873,0,0.01,0,3.3373740734532475e-05,0,5.600788441107151e-05,0,4.805890856215824e-07,0,3.7301870179362595e-05,0,4.227275712764822e-05,0
0,4,0.00024968560109276723,0,0.0,0,2.1058489437564276e-05,0,2.4787131702382966e-05,0,7.63656552138126e-06,0,7.944804383441806e-05,0,3.999311229563318e-05,0
0,4,0.03340564007324261,0,0.02,0,3.388393088243902e-05,0,5.2698485664583944e-05,0,2.680424058014026e-06,0,0.0006234378088265657,0,0.0002720306802075356,0
0,3,4.128377693248365e-09,0,0.0,0,3.960695721616503e-06,0,2.131455776353088e-05,0,7.90338277838319e-08,0,3.1761519494466484e-05,0,3.999311229563318e-05,0
0,4,0.0008103859976654361,0,0.0,0,6.507494163088268e-06,0,2.7750864661876682e-05,0,0.0002173813218415414,0,7.944804383441806e-05,0,3.999311229563318e-05,0
0,2,0.031254078415604604,0,0.01,0,0.0001288626663153991,0,0.00012162478840597504,0,0.00016422619083129479,0,3.616544927353971e-05,0,3.999311229563318e-05,0
0,4,1.2024498503681214e-05,0,0.0,0,5.40365326742176e-05,0,2.3994552705999764e-05,0,1.0283057791693357e-06,0,7.944804383441806e-05,0,4.087220804649405e-05,0
0,3,1.190782347620457e-09,0,0.0,0,7.3000751399376895e-06,0,2.1423997263015265e-05,0,1.0413408618474035e-07,0,3.1761519494466484e-05,0,3.999311229563318e-05,0
0,2,0.0006189017568553146,0,0.01,0,0.0005637400900013745,0,3.513445056962967e-05,0,3.589360064301998e-05,0,3.5349414247320965e-05,0,3.999311229563318e-05,0
0,3,3.0232004197635228e-06,0,0.01,0,0.00039755122270435095,0,4.899966288464944e-05,0,0.00035698136860846816,0,3.502710023894906e-05,0,3.999311229563318e-05,0
0,3,2.663928526922262e-07,0,0.0,0,3.3296962556050858e-06,0,2.3195328873940715e-05,0,5.183029105819083e-06,0,3.1761519494466484e-05,0,3.999311229563318e-05,0
0,1,0.6616513911841807,0,0.03,0,0.008123095147311687,0,0.03937507724954611,0,0.008316134046856695,0,5.023890480515547e-05,0,7.347571954596788e-05,0
0,3,2.523792829497293e-05,0,0.0,0,1.7229798686457798e-05,0,2.307503919422407e-05,0,3.7459100077189916e-06,0,3.214971366105601e-05,0,3.999311229563318e-05,0
0,4,0.0004206313343114704,0,0.0,0,1.423623052687617e-05,0,8.629588104364688e-05,0,8.093959988743935e-06,0,7.944804383441806e-05,0,3.999311229563318e-05,0
0,4,0.003400580753637497,0,0.05,0,0.011145559139549732,0,9.553968276864014e-05,0,0.0022870636446137597,0,9.887881606118754e-05,0,4.1810879338299856e-05,0
0,2,2.7866725828561383e-06,0,0.0,0,3.6362280297908e-06,0,3.6548851302987105e-05,0,3.8769415044877877e-07,0,3.448793358984403e-05,0,3.999311229563318e-05,0
0,2,2.779085356088026e-07,0,0.0,0,2.6040218017442385e-06,0,2.0281485645261203e-05,0,7.842199228121847e-07,0,3.448793358984403e-05,0,3.999311229563318e-05,0
0,3,5.894104248172459e-06,0,0.0,0,1.239071752934251e-05,0,2.96349841792987e-05,0,1.0016437887547204e-06,0,3.295305941719562e-05,0,3.999311229563318e-05,0
0,3,0.039359077401575106,0,0.02,0,0.00023493704793509096,0,4.5409762847601675e-05,0,1.8663749424139232e-05,0,3.337455200380646e-05,0,3.999311229563318e-05,0
0,3,6.745591725394848e-08,0,0.0,0,1.2404810149746481e-05,0,2.1431627981789933e-05,0,1.491709072704653e-07,0,3.1761519494466484e-05,0,3.999311229563318e-05,0
0,2,0.0008299998913453508,0,0.0,0,1.0000837391999085e-05,0,2.3795032386943105e-05,0,1.3901967051389755e-05,0,3.448793358984403e-05,0,3.999311229563318e-05,0
0,5,0.0005890956744029565,0,0.0,0,4.248205732437782e-05,0,2.4885261644715174e-05,0,9.417315358642972e-06,0,3.1497904274147004e-05,0,3.999311229563318e-05,0
0,5,4.214396897183632e-10,0,0.0,0,1.614429129404016e-05,0,2.1486076818863676e-05,0,1.0642883945256854e-08,0,3.1497904274147004e-05,0,3.999311229563318e-05,0
0,3,4.737753662414294e-07,0,0.01,0,5.943780251982389e-06,0,2.5073689272069253e-05,0,1.2861627904638204e-07,0,3.1761519494466484e-05,0,3.999311229563318e-05,0
0,1,0.006615322791219724,0,0.0,0,3.8048459828132764e-05,0,3.2408596619851165e-05,0,0.00022706810853079468,0,3.101201946265064e-05,0,4.4991982576902956e-05,0
0,3,9.067284062868752e-08,0,0.0,0,3.7536265153903514e-05,0,4.583578336479969e-05,0,1.465301319266403e-06,0,3.1761519494466484e-05,0,3.999311229563318e-05,0
0,2,1.1372912423523227e-08,0,0.0,0,2.632737732710666e-06,0,2.1152093712190985e-05,0,4.167123593531506e-08,0,3.448793358984403e-05,0,3.999311229563318e-05,0
0,5,0.0033833799508871908,0,0.0,0,4.329116200096905e-05,0,2.4717559973292105e-05,0,1.388861434560416e-06,0,3.4304761356906965e-05,0,4.1676794353406876e-05,0
0,1,7.787733484017078e-07,0,0.0,0,5.460546617541695e-06,0,2.4500462109731278e-05,0,5.0598229572300925e-08,0,2.593315912235994e-05,0,3.999311229563318e-05,0
0,4,0.0006464402034201805,0,0.0,0,0.016331937164068222,0,0.0011706741374296246,0,0.001937122718829597,0,0.0003781305276788771,0,4.378508674562909e-05,0
0,5,0.0003147443076457026,0,0.0,0,1.5441966070284252e-06,0,2.1488582600305437e-05,0,2.4499521591439254e-08,0,3.1497904274147004e-05,0,3.999311229563318e-05,0
0,3,0.00018503403051076437,0,0.0,0,1.498419533163542e-05,0,4.345237493463969e-05,0,2.7971389056556706e-07,0,3.1761519494466484e-05,0,3.999311229563318e-05,0
0,4,1.587145571853892e-05,0,0.0,0,2.380475780228153e-05,0,2.1318822601249766e-05,0,1.1481925767664033e-07,0,7.944804383441806e-05,0,3.999311229563318e-05,0
0,3,6.0795473147356754e-05,0,0.01,0,0.00033735603210516274,0,4.140956073685042e-05,0,1.6404363804035045e-05,0,3.1761519494466484e-05,0,3.999311229563318e-05,0
0,5,0.0022670384829296844,0,0.02,0,0.0001560380042064935,0,2.6715439235345125e-05,0,1.6105507028062462e-05,0,3.2343850762117654e-05,0,3.999311229563318e-05,0
0,3,0.0014227903498075466,0,0.0,0,5.9452624554978684e-05,0,2.8311833525451863e-05,0,6.648039289785994e-07,0,3.546498192008585e-05,0,4.12521549151279e-05,0
0,4,0.018353664442281734,0,0.0,0,6.097534787841141e-05,0,2.400759058776709e-05,0,0.00018797845693848352,0,8.376639743801206e-05,0,5.2434181270655245e-05,0
0,1,0.00011530211386250695,0,0.0,0,3.341896808706224e-05,0,2.0468375070936696e-05,0,2.493936290230892e-07,0,2.6236575649818406e-05,0,3.999311229563318e-05,0
0,2,3.552215351680611e-05,0,0.01,0,7.607599400216714e-05,0,2.5537490358858234e-05,0,2.8408294141403e-06,0,4.189322135061957e-05,0,3.999311229563318e-05,0
0,5,7.949929970369629e-05,0,0.01,0,0.0002313268487341702,0,2.539297479270398e-05,0,0.00014850123785384732,0,5.368069469113834e-05,0,4.1565039282431826e-05,0
0,5,0.9927762570368804,1,0.13,1,0.137616828083992,0,0.0015664694906168234,0,0.0524701712333282,0,0.003792715026065707,0,0.0020427959971129894,0
0,4,0.0003792525670145693,0,0.0,0,1.2248185157659464e-05,0,4.965730406555903e-05,0,7.772506273042497e-06,0,8.361662912648171e-05,0,3.999311229563318e-05,0
0,2,3.3460980651479076e-05,0,0.01,0,0.0006122167105786502,0,1.718464791508845e-05,0,4.991298046832097e-06,0,3.448793358984403e-05,0,3.999311229563318e-05,0
0,2,0.0036878046613999646,0,0.01,0,1.30146108858753e-05,0,0.00010375485657934571,0,0.0010613137095417532,0,0.00026453088503330946,0,0.0001852872665040195,0
0,4,0.0009746786198017562,0,0.01,0,0.0011643569450825453,0,4.8199974117324026e-05,0,1.920698082496368e-06,0,7.944804383441806e-05,0,3.999311229563318e-05,0
0,4,1.529215166266531e-05,0,0.02,0,5.169045107322745e-05,0,3.726787427594194e-05,0,3.2842637702663413e-07,0,8.86589550646022e-05,0,4.026130773127079e-05,0
0,5,5.123605149750772e-06,0,0.01,0,7.206672307802364e-06,0,3.0403154966061532e-05,0,4.64712633168074e-07,0,3.1497904274147004e-05,0,3.999311229563318e-05,0
0,3,0.0015565065356011791,0,0.01,0,0.0011869672453030944,0,0.0001947835998094045,0,0.0002179331161446589,0,3.197530531906523e-05,0,4.119999357499182e-05,0
0,2,7.222040675297323e-05,0,0.0,0,3.366160672158003e-05,0,2.067495525571573e-05,0,8.063334405609263e-06,0,3.448793358984403e-05,0,3.999311229563318e-05,0
0,5,3.2617382392785004e-09,0,0.0,0,2.3139960831031203e-05,0,3.208712485483702e-05,0,1.936749048474529e-07,0,3.1497904274147004e-05,0,3.999311229563318e-05,0
0,5,1.4601650060601653e-05,0,0.02,0,0.00024371685867663473,0,2.937654528550762e-05,0,1.689566462315641e-07,0,3.2241525332210585e-05,0,3.999311229563318e-05,0
0,3,2.027942905942357e-09,0,0.01,0,2.4976996428449638e-05,0,2.977900454316097e-05,0,2.9927739817382016e-07,0,3.1819508876651525e-05,0,3.999311229563318e-05,0
0,2,0.00011968618929525953,0,0.01,0,4.501388957578456e-06,0,2.8955443219213406e-05,0,4.713081641777491e-07,0,3.448793358984403e-05,0,3.999311229563318e-05,0
0,1,9.393568558857417e-06,0,0.0,0,1.3100719115755055e-05,0,3.208183935008739e-05,0,1.134755345596047e-07,0,2.593315912235994e-05,0,3.999311229563318e-05,0
0,2,3.176587142611033e-07,0,0.01,0,3.0909217457519844e-05,0,2.8095452469071594e-05,0,1.6966399842782194e-07,0,3.448793358984403e-05,0,3.999311229563318e-05,0
0,4,2.0696570209767228e-07,0,0.0,0,8.556695320294239e-06,0,4.027616241032395e-05,0,1.6464019105048661e-06,0,7.944804383441806e-05,0,3.999311229563318e-05,0
0,3,8.787428705248383e-07,0,0.01,0,4.916649413644336e-05,0,5.3446499296614094e-05,0,9.117055860471117e-07,0,3.177521284669638e-05,0,3.999311229563318e-05,0
0,3,3.7932701510776086e-10,0,0.0,0,1.197459550894564e-05,0,2.147288603257831e-05,0,4.968278842207537e-07,0,3.1761519494466484e-05,0,3.999311229563318e-05,0
0,2,0.06971187585511236,0,0.09,0,0.003258468583226204,0,0.0035690671241902093,0,0.014563564677470895,0,7.034816371742636e-05,0,0.0001410000113537535,0
0,1,0.06929544205433424,0,0.0,0,0.0012265887344256043,0,0.00010278208513835448,0,0.0022091626885828116,0,0.0002527123433537781,0,0.0002402555401204154,0
0,5,1.2857729245686356e-10,0,0.0,0,4.40493840869749e-06,0,2.1527355181421884e-05,0,4.092862112576417e-08,0,3.1497904274147004e-05,0,3.999311229563318e-05,0
0,3,0.9999524611629887,1,0.05,0,0.0029872963204979897,0,0.0020568863134857195,0,0.00044289845157989663,0,0.0013835012214258313,0,0.00042297813342884183,0
0,1,6.423981006240667e-05,0,0.0,0,4.2190564272459596e-05,0,5.8650303787950324e-05,0,1.7588322254929813e-06,0,2.691751069505699e-05,0,3.999311229563318e-05,0
0,4,0.06796494568958063,0,0.01,0,5.683757262886502e-05,0,8.118950496170335e-05,0,0.00012032985979420403,0,9.851020149653777e-05,0,5.755216261604801e-05,0
0,2,7.251629158471853e-09,0,0.0,0,1.1656016795313917e-05,0,2.9671601923498235e-05,0,1.7313757101889716e-08,0,3.448793358984403e-05,0,3.999311229563318e-05,0
0,5,3.865798262125997e-06,0,0.01,0,1.2667964256252162e-05,0,1.976092647559929e-05,0,8.065430708159986e-07,0,3.15115976263769e-05,0,3.999311229563318e-05,0
0,2,0.00013988133194135657,0,0.01,0,2.18642544496106e-05,0,4.466211226033978e-05,0,7.905916806552825e-05,0,3.448793358984403e-05,0,3.999311229563318e-05,0
0,2,0.061103075518331315,0,0.02,0,0.01160767488181591,0,0.1473593543433024,0,0.005836224825828176,0,0.0004971222369931638,0,8.535401138942689e-05,0
0,2,0.00034952761783813176,0,0.0,0,8.16195552033605e-06,0,2.0296819699718648e-05,0,2.058451230775534e-06,0,3.448793358984403e-05,0,3.999311229563318e-05,0
0,5,0.018977034660499496,0,0.0,0,1.0953718629025389e-05,0,3.524711276769317e-05,0,7.835817944844631e-05,0,3.1591858714818954e-05,0,3.999311229563318e-05,0
0,5,0.18483047827511281,0,0.03,0,0.0007472880533896387,0,4.173077240704754e-05,0,0.0001954119746673564,0,0.0001414565631421283,0,4.963310493621975e-05,0
0,1,4.933571824051815e-05,0,0.0,0,1.2492888345150277e-05,0,9.10173976706482e-05,0,1.1617702485678885e-06,0,2.597718412289396e-05,0,3.999311229563318e-05,0
0,1,4.59454691374346e-08,0,0.0,0,3.859880962409079e-06,0,2.1044136980787584e-05,0,1.5503980883445526e-07,0,2.593315912235994e-05,0,3.999311229563318e-05,0
0,5,0.3743496039140645,0,0.0,0,0.00010458286124048755,0,0.0001513820225993646,0,4.725011407121669e-05,0,0.00011758047912735492,0,0.0002331235009478405,0
0,2,1.2125812402320268e-07,0,0.0,0,2.963330643979134e-06,0,2.1125344222072448e-05,0,4.4843692163146085e-08,0,3.448793358984403e-05,0,3.999311229563318e-05,0
0,3,1.0859430402009479e-05,0,0.0,0,7.295016075659078e-06,0,2.4984390882302796e-05,0,1.893170794509326e-07,0,3.1761519494466484e-05,0,3.999311229563318e-05,0
0,1,0.06843905466712383,0,0.06,0,0.4327929615974426,1,0.10450310668644931,1,0.019636673879729862,0,0.002201473107561469,0,0.0013603208353742957,0
0,5,2.4834752180356547e-07,0,0.04,0,5.895320646231994e-05,0,2.498222388260738e-05,0,2.4523578831613706e-07,0,3.1497904274147004e-05,0,3.999311229563318e-05,0
0,3,0.01738925924264836,0,0.01,0,9.489435615250841e-05,0,1.954885636385401e-05,0,0.0009463142265341404,0,7.018158794380724e-05,0,4.195988003630191e-05,0
0,3,0.004503213964604027,0,0.0,0,0.0005469805910252035,0,8.717027594429997e-05,0,0.0011362801910012094,0,3.645398828666657e-05,0,4.901480861008167e-05,0
0,1,0.2575131873444914,0,0.01,0,0.0006968798115849495,0,0.0002594181100694765,0,0.004478938984095421,0,5.345400495571084e-05,0,6.169262633193284e-05,0
0,1,0.0036253008333369694,0,0.0,0,2.92805543722352e-05,0,0.00011052896207006838,0,1.2034525389207612e-05,0,2.965039311675355e-05,0,4.418734533828683e-05,0
0,1,0.014926873863063834,0,0.01,0,3.830063360510394e-05,0,0.00016145591363812408,0,0.0002841909448272692,0,3.050489249289967e-05,0,4.160228490945883e-05,0
0,5,0.0025576545259381675,0,0.0,0,2.4566911633883137e-06,0,2.567898370546887e-05,0,7.583752988858243e-08,0,3.1497904274147004e-05,0,3.999311229563318e-05,0
0,1,0.0001657571624035692,0,0.01,0,0.00016713576042093337,0,4.757531216135491e-05,0,1.5830618520618396e-06,0,4.089058711542748e-05,0,6.271216261666268e-05,0
0,1,0.005701855876411816,0,0.0,0,3.527458102325909e-05,0,2.7966690204319936e-05,0,3.1110036491700854e-05,0,3.698018190334551e-05,0,4.100630758330226e-05,0
0,1,0.00018189725216843277,0,0.0,0,9.298992154072039e-06,0,3.846316633645377e-05,0,9.293583204119338e-07,0,2.6466239432920702e-05,0,3.999311229563318e-05,0
0,3,0.2582645749141641,0,0.01,0,0.0006531040417030454,0,0.0008968881890191262,0,0.000852815085334681,0,9.122336632572114e-05,0,5.146547482581809e-05,0
0,5,4.0358071050551477e-07,0,0.0,0,3.391134669072926e-05,0,4.858618733175389e-05,0,7.026922738151933e-07,0,3.1497904274147004e-05,0,3.999311229563318e-05,0
0,2,3.190550569312706e-05,0,0.0,0,7.61846749810502e-05,0,3.435571766250705e-05,0,5.964097472656288e-07,0,3.448793358984403e-05,0,3.999311229563318e-05,0
0,3,1.930540275916986e-08,0,0.0,0,3.4188451536465436e-05,0,2.5104532886253938e-05,0,2.595829431678758e-07,0,3.17856902256608e-05,0,3.999311229563318e-05,0
0,1,1.564258853890101e-06,0,0.0,0,4.599486601364333e-06,0,2.8206017311765974e-05,0,7.360068026411959e-08,0,2.593315912235994e-05,0,3.999311229563318e-05,0
0,2,0.0005162324331857419,0,0.0,0,1.7805868992581964e-05,0,0.00019044269011832526,0,9.955023812916803e-07,0,4.315921978559345e-05,0,3.999311229563318e-05,0
0,3,1.2430098510939657e-06,0,0.0,0,1.136392165790312e-05,0,2.9043286303205752e-05,0,4.207260570629403e-07,0,3.1761519494466484e-05,0,3.999311229563318e-05,0
0,4,0.001203889037778815,0,0.0,0,1.287055874854559e-05,0,2.4168939049266945e-05,0,5.975636031558608e-06,0,8.079944382188842e-05,0,4.298050771467388e-05,0
0,3,4.456250639580251e-06,0,0.01,0,5.153407983016223e-05,0,3.414507246695598e-05,0,3.7344680368492204e-05,0,3.2263891625916585e-05,0,3.999311229563318e-05,0
0,4,0.00016824374164273458,0,0.01,0,0.0003418839769437909,0,0.0001253699421765849,0,4.731765876090259e-05,0,8.50330907269381e-05,0,3.999311229563318e-05,0
0,4,4.665150387040899e-06,0,0.01,0,4.2024123104056343e-05,0,7.382614863660219e-05,0,4.0339159413698855e-06,0,8.271009573945776e-05,0,4.2228068195981905e-05,0
0,3,1.761483821733429e-07,0,0.0,0,6.638809736614348e-06,0,2.7691456144874324e-05,0,2.1365925684199702e-07,0,3.1761519494466484e-05,0,3.999311229563318e-05,0
0,2,2.190779704876844e-06,0,0.0,0,9.293229231843725e-05,0,2.1162944200231352e-05,0,5.712108633202519e-08,0,3.448793358984403e-05,0,3.999311229563318e-05,0
0,5,1.4585746689022918e-05,0,0.01,0,0.0001920990616781637,0,7.185599011598643e-05,0,7.4808389030597105e-06,0,4.629621253116056e-05,0,4.044756497023627e-05,0
0,3,0.00012791417294724962,0,0.0,0,3.2263793400488794e-05,0,5.1722105852465584e-05,0,6.613869284867021e-06,0,3.248473512940109e-05,0,3.999311229563318e-05,0
0,3,0.0038968286356542907,0,0.01,0,4.2208353988826275e-05,0,0.00035577441910507746,0,0.0005464592441690465,0,3.654017928056419e-05,0,4.0000562876230106e-05,0
0,5,0.0015246280010204382,0,0.01,0,0.0007372497348114848,0,7.989524782027692e-05,0,2.3054132835680166e-05,0,4.800168608198874e-05,0,4.4619417167268693e-05,0
0,2,2.7942614307919266e-05,0,0.0,0,1.53606688400032e-05,0,2.8259123033020314e-05,0,1.6608426887877312e-06,0,0.0005578648997470737,0,0.0007659811526536942,0
0,4,0.4200267773092345,0,0.06,0,0.0028947582468390465,0,0.0001882321852806866,0,0.024733841391500557,0,0.0030352952890098095,0,0.00015466728655155748,0
0,4,9.660511793672221e-06,0,0.0,0,6.108586967457086e-05,0,4.083805586948198e-05,0,8.941052134268581e-06,0,7.944804383441806e-05,0,4.017935862066224e-05,0
0,5,0.7259814245199866,0,0.01,0,0.00021842315618414432,0,0.0002189848473652959,0,0.00950255088972226,0,0.00013921060599386692,0,0.00015482315211556852,0
0,3,0.00012193154930362831,0,0.01,0,0.02048403024673462,0,0.00292525688172746,0,0.004159740471106344,0,5.296498056850396e-05,0,5.9613725170493126e-05,0
0,2,0.0013725872670395747,0,0.01,0,5.123643859406002e-05,0,3.6842471327942974e-05,0,6.296936677945109e-05,0,3.448793358984403e-05,0,3.999311229563318e-05,0
0,4,0.03659885055153567,0,0.01,0,7.223064312711358e-05,0,2.0488784938542083e-05,0,5.4615071896318164e-08,0,7.944804383441806e-05,0,3.999311229563318e-05,0
0,2,0.00041866386980579965,0,0.03,0,0.00012107710062991828,0,9.384428045663549e-05,0,2.0743233766451035e-05,0,3.579252734198235e-05,0,4.1192546632373706e-05,0
0,3,1.177916401620072e-05,0,0.0,0,5.932482508796966e-06,0,1.988878768401344e-05,0,9.49020343509454e-07,0,3.1761519494466484e-05,0,3.999311229563318e-05,0
0,5,1.853416361123928e-09,0,0.0,0,4.748712399305077e-06,0,2.8153302889833514e-05,0,1.6332358105299614e-08,0,3.1497904274147004e-05,0,3.999311229563318e-05,0
0,3,0.8530537834622424,0,0.01,0,0.0008992544026114047,0,4.6870003809379634e-05,0,0.0028474689315875316,0,0.00011969633487751707,0,0.00017485377611592412,0
0,4,0.0001951530787387133,0,0.0,0,5.3350828238762915e-05,0,4.727629968468399e-05,0,3.3139402268109525e-06,0,7.944804383441806e-05,0,3.999311229563318e-05,0
0,2,0.12336802556889787,0,0.04,0,0.0005130236386321485,0,0.00045712819599243057,0,0.008414957038751369,0,9.199562919093296e-05,0,7.808904774719849e-05,0
0,5,0.00251491619762171,0,0.0,0,1.4075865692575462e-05,0,1.9087963948569927e-05,0,0.0006474778891747695,0,6.396249227691442e-05,0,5.8288707805331796e-05,0
0,3,0.0006591030737565896,0,0.0,0,2.2412341422750615e-05,0,7.026554278419775e-05,0,5.38165040933528e-06,0,3.332406049594283e-05,0,4.1870483983075246e-05,0
0,2,7.964165982214533e-05,0,0.0,0,3.6243196518626064e-05,0,2.1174014714333946e-05,0,3.0511761521050315e-07,0,3.448793358984403e-05,0,3.999311229563318e-05,0
0,5,0.0008681983315688495,0,0.0,0,0.0001250678178621456,0,0.00012103951320052471,0,0.00021707543130068094,0,3.6798432120122015e-05,0,4.3099695176351815e-05,0
0,1,0.03280674015206472,0,0.01,0,8.072424679994583e-05,0,3.900689091407358e-05,0,2.0238753869717696e-06,0,0.00011047125008190051,0,6.428608321584761e-05,0
0,1,0.017152388467119917,0,0.01,0,2.4677843612153083e-05,0,0.00022298146837086512,0,0.0010545524718707261,0,2.703993050090503e-05,0,3.999311229563318e-05,0
0,2,0.00025896872089238414,0,0.0,0,2.4160073735401966e-05,0,1.9836654880102313e-05,0,3.0347907638871702e-06,0,3.448793358984403e-05,0,3.999311229563318e-05,0
0,4,3.784917251752554e-05,0,0.0,0,9.14238698896952e-05,0,2.529985357719234e-05,0,1.9475932297134535e-05,0,0.0001291595835937187,0,3.999311229563318e-05,0
0,4,0.9583766162150812,0,0.06,0,0.004337115678936243,0,0.0027149738550483506,0,0.030129004256598396,0,0.0009671482839621603,0,0.00041092769242823124,0
0,1,0.01112501485370175,0,0.0,0,1.0488562111277133e-05,0,2.082998640988107e-05,0,0.00017630321233064896,0,0.00015039514983072877,0,0.00015024608001112938,0
0,2,0.00216546906427776,0,0.0,0,4.894326411886141e-05,0,2.400474910227884e-05,0,5.154999911280211e-06,0,3.448793358984403e-05,0,3.999311229563318e-05,0
0,2,0.00023694714288004584,0,0.01,0,5.208421862334944e-05,0,5.025992744229297e-05,0,9.191071660700608e-07,0,4.782106407219544e-05,0,4.0440107113681734e-05,0
0,5,0.03150792393965268,0,0.0,0,0.0006672727758996189,0,2.4039645305124492e-05,0,3.124234544144034e-05,0,4.5364628022070974e-05,0,4.5111119106877595e-05,0
0,5,3.821088955097913e-06,0,0.0,0,9.13343028514646e-05,0,2.4251519794787472e-05,0,1.3688987039220422e-07,0,3.1570478313369676e-05,0,3.999311229563318e-05,0
0,3,3.619533003780312e-05,0,0.01,0,4.028913099318743e-05,0,2.6281405120176563e-05,0,1.9543042055184102e-07,0,3.183499211445451e-05,0,3.999311229563318e-05,0
0,4,0.6419624165296441,0,0.04,0,0.01655842550098896,0,0.003780288829875505,0,0.0016914185538424108,0,0.000183320720680058,0,4.4053271267330274e-05,0
0,5,0.0004972855485621381,0,0.01,0,5.996313120704144e-05,0,7.20734454825747e-05,0,0.00024515389194143343,0,6.761858094250783e-05,0,5.199461884330958e-05,0
0,4,0.5148733180974565,0,0.02,0,0.0010730548528954387,0,0.0001293888704107905,0,0.006669485677298,0,0.00014080754772294313,0,4.864239599555731e-05,0
0,5,0.002436923552284411,0,0.01,0,4.3785701564047486e-05,0,8.130946841219692e-05,0,1.994680386606222e-06,0,3.1497904274147004e-05,0,3.999311229563318e-05,0
0,3,0.275956494835042,0,0.01,0,0.0083916075527668,0,0.0020566034459508723,0,0.0019704479563388013,0,4.414846989675425e-05,0,4.418735625222325e-05,0
0,1,0.9970044388978847,1,0.09,0,0.748930037021637,1,0.3997469761531146,1,0.3014858820474782,1,0.23831117153167725,0,0.06919364631175995,0
0,2,0.00010895326509857673,0,0.0,0,7.617682422278449e-05,0,2.0973810879809087e-05,0,2.0496125364514944e-05,0,3.448793358984403e-05,0,3.999311229563318e-05,0
0,1,0.1861961257388495,0,0.0,0,7.814710443199147e-06,0,1.967624482174429e-05,0,6.2691093945094325e-06,0,2.712644709390588e-05,0,4.645961234928109e-05,0
0,4,0.9696851932171017,0,0.12,0,0.101000115275383,0,0.17301479404550757,1,0.4206613983911202,1,0.0005938649992458522,0,0.00011991382052656263,0
0,3,0.2374251282387197,0,0.0,0,0.0016505442326888442,0,4.225897627615524e-05,0,0.00011251309377871998,0,3.2390122214565054e-05,0,5.600205258815549e-05,0
0,5,1.0267577421974737e-07,0,0.01,0,7.104700216586934e-06,0,2.1491327550358813e-05,0,1.207599894038393e-07,0,3.1497904274147004e-05,0,3.999311229563318e-05,0
0,1,9.757200695139987e-07,0,0.0,0,4.886279384663794e-06,0,2.0715484543875933e-05,0,1.348952721244365e-07,0,2.8895527066197246e-05,0,3.999311229563318e-05,0
0,1,0.004118414758265847,0,0.0,0,5.911979314987548e-05,0,2.9897902121130952e-05,0,9.437169581082617e-05,0,3.345422010170296e-05,0,4.052951044286601e-05,0
0,1,0.0011913917402489819,0,0.01,0,6.207618298503803e-06,0,3.645127088569388e-05,0,7.115052589701584e-06,0,2.593315912235994e-05,0,3.999311229563318e-05,0
0,1,0.00013448287245053874,0,0.0,0,6.4993319028872065e-06,0,3.749515139906056e-05,0,5.414738513661764e-07,0,2.593315912235994e-05,0,3.999311229563318e-05,0
0,3,1.778720482050784e-05,0,0.0,0,0.0001066379263647832,0,2.8821230186612637e-05,0,8.17021299627084e-06,0,3.6025900044478476e-05,0,3.999311229563318e-05,0
0,2,0.0126449584825966,0,0.01,0,0.0019035257864743471,0,8.039755846666012e-05,0,4.404486337291853e-05,0,4.204530705465004e-05,0,4.007506140624173e-05,0
0,3,0.00010919270357223921,0,0.01,0,3.4762019822665025e-06,0,1.9402715572933744e-05,0,1.3977358020909738e-05,0,3.1761519494466484e-05,0,4.002290734206326e-05,0
0,4,0.16559123910018736,0,0.01,0,0.0012781601399183273,0,0.0016243436928922354,0,0.0027535141430510353,0,0.0002798787027131766,0,4.3792570068035275e-05,0
0,5,0.0001812386025843445,0,0.0,0,3.943961564800702e-05,0,4.126812532449825e-05,0,8.669930459424135e-06,0,3.187494439771399e-05,0,3.999311229563318e-05,0
0,3,8.454272193302846e-08,0,0.0,0,1.464312390453415e-05,0,2.5110658650624823e-05,0,3.8710442037636624e-07,0,3.1761519494466484e-05,0,3.999311229563318e-05,0
0,5,4.043283676012358e-08,0,0.0,0,2.048772785201436e-06,0,2.1516055025706026e-05,0,1.9132447360956227e-08,0,3.1497904274147004e-05,0,3.999311229563318e-05,0
0,3,3.458554220985358e-06,0,0.01,0,3.1531788408756256e-05,0,4.0679018167401036e-05,0,7.3099419240450445e-06,0,5.1806204282911494e-05,0,7.680118142161518e-05,0
0,3,0.21284972443210465,0,0.0,0,9.938331641023979e-05,0,6.875026495516935e-05,0,0.0001221451194506267,0,0.0032856573816388845,0,0.0001629895850783214,0
0,3,0.3084861069400306,0,0.04,0,0.00982578657567501,0,0.023704854985778998,0,0.00908442886731456,0,4.765787525684573e-05,0,5.438544394564815e-05,0
0,2,0.0008888169955518615,0,0.05,0,8.917662489693612e-05,0,3.7231941370702754e-05,0,0.0002555300782145474,0,3.98037263948936e-05,0,4.073810123372823e-05,0
0,2,0.06640809936109496,0,0.0,0,8.174538379535079e-05,0,5.866145004760671e-05,0,0.0002945874945182707,0,4.381976032163948e-05,0,4.61242780147586e-05,0
0,5,2.01610736171009e-07,0,0.01,0,9.830553608480841e-06,0,2.13622283359461e-05,0,5.5749294071806986e-08,0,8.223181794164702e-05,0,4.781520692631602e-05,0
0,4,0.0017476648848571113,0,0.0,0,1.8666622054297477e-05,0,8.1149363509285e-05,0,4.345418174396884e-06,0,7.988067955011502e-05,0,3.999311229563318e-05,0
0,3,0.6485309326441048,0,0.06,0,0.12944340705871582,0,0.003909805953939284,0,0.12219388646266158,0,0.0017363243969157338,0,0.00011032112524844706,0
0,1,0.00038301975653090147,0,0.01,0,6.124791252659634e-05,0,2.0153317991441184e-05,0,8.653313364267821e-06,0,2.593315912235994e-05,0,3.999311229563318e-05,0
0,4,0.06556112840225234,0,0.05,0,0.40072864294052124,1,0.014356643545022548,0,0.0021644549997170124,0,0.0008190887747332454,0,7.003645441727713e-05,0
0,4,0.0019479103599788514,0,0.0,0,2.9247259590192698e-05,0,6.802604218807804e-05,0,0.0010505659919097796,0,0.0001120733140851371,0,4.146818901062943e-05,0
0,5,1.3512132048045082e-05,0,0.0,0,3.1668550946051255e-06,0,2.9804489362812217e-05,0,3.452535724161372e-07,0,3.3052259823307395e-05,0,3.999311229563318e-05,0
0,2,0.006793092431667654,0,0.03,0,0.000439257564721629,0,7.624690662762748e-05,0,0.0004196154243360855,0,4.8593490646453574e-05,0,4.045501191285439e-05,0
0,1,0.1374819846493628,0,0.02,0,0.0011852240422740579,0,0.00015397592268595378,0,0.002537637754862586,0,2.5989760615630075e-05,0,4.0037815779214725e-05,0
0,5,6.464559598768272e-07,0,0.0,0,1.5372010011560633e-06,0,4.480176068942697e-05,0,1.4118193733938098e-06,0,3.1497904274147004e-05,0,3.999311229563318e-05,0
0,1,3.724048805119265e-08,0,0.0,0,3.282308898633346e-05,0,2.5025227841482594e-05,0,1.4566373651450314e-08,0,2.593315912235994e-05,0,3.999311229563318e-05,0
0,5,0.2852901346097413,0,0.06,0,0.0027528952341526747,0,6.423830518660153e-05,0,0.005542366199829359,0,0.00048358752974309027,0,0.00022270498448051512,0
0,2,7.509376739795774e-05,0,0.0,0,2.754565684881527e-06,0,2.0065799826922817e-05,0,3.6370565258325945e-06,0,3.448793358984403e-05,0,3.999311229563318e-05,0
0,4,0.9964667729318994,1,0.07,0,0.017413783818483353,0,0.001830194510584335,0,0.024675224493355692,0,0.018310021609067917,0,0.038251012563705444,0
0,1,1.3059858750427082e-06,0,0.01,0,0.00019972074369434267,0,2.92531457535188e-05,0,2.164853377466626e-06,0,2.5994435418397188e-05,0,3.999311229563318e-05,0
0,2,0.009567135787672605,0,0.0,0,0.0001525508560007438,0,7.206352337542123e-05,0,2.0252561135511045e-05,0,6.491086242021993e-05,0,4.111060479772277e-05,0
0,3,0.00037932971972060774,0,0.04,0,3.3419473766116425e-05,0,3.981137413125116e-05,0,1.6254019409244015e-05,0,3.1888521334622055e-05,0,3.999311229563318e-05,0
0,1,0.005386969061196253,0,0.0,0,0.00011445270502008498,0,5.0382634857624594e-05,0,4.353723611007953e-05,0,2.712050081754569e-05,0,3.999311229563318e-05,0
0,5,7.4471140902157294e-06,0,0.0,0,4.515603359322995e-05,0,2.142403182663417e-05,0,8.021311026355505e-06,0,3.1497904274147004e-05,0,3.999311229563318e-05,0
0,1,0.0004493148347467608,0,0.0,0,2.2369849830283783e-05,0,0.00012033375069418649,0,3.52025531021298e-05,0,3.6562061723088846e-05,0,4.128194268560037e-05,0
0,2,0.007137602998775508,0,0.0,0,0.0012654104502871633,0,0.0015976945150164383,0,0.0005362992089055535,0,0.00408053956925869,0,4.318912033340894e-05,0
0,4,2.736744637831513e-09,0,0.0,0,2.5829317564785015e-06,0,2.131799827064079e-05,0,4.741650465722603e-08,0,7.944804383441806e-05,0,3.999311229563318e-05,0
0,4,1.7550257582876925e-07,0,0.0,0,7.812497642589733e-06,0,2.130343957089857e-05,0,1.1794266537747501e-07,0,7.944804383441806e-05,0,3.999311229563318e-05,0
0,5,0.0007529338785269459,0,0.0,0,1.160747433459619e-05,0,3.744308904499518e-05,0,8.175141036547262e-07,0,3.17156154778786e-05,0,3.999311229563318e-05,0
0,4,0.00040928165183787865,0,0.01,0,2.891855183406733e-05,0,2.1296789337962486e-05,0,2.299293252587428e-08,0,7.944804383441806e-05,0,3.999311229563318e-05,0
0,5,0.00021584543408068371,0,0.09,0,0.0010301474248990417,0,9.116709980427201e-05,0,1.2222316110478257e-05,0,0.0073965867049992085,0,0.01656656339764595,0
0,3,0.8747961358017727,0,0.02,0,6.255496555240825e-05,0,5.6558336545932476e-05,0,9.58386687677214e-05,0,4.786517456523143e-05,0,4.9893587856786326e-05,0
0,5,0.2856116745572455,0,0.02,0,0.00024837354430928826,0,5.096591218381252e-05,0,0.0001301649353375746,0,4.2963234591297805e-05,0,3.999311229563318e-05,0
0,3,0.00521417651408976,0,0.0,0,0.0008059335523284972,0,8.733373692293527e-05,0,0.0004217729071146865,0,4.209589314996265e-05,0,4.070830618729815e-05,0
0,4,0.10791862410970522,0,0.01,0,0.015004427172243595,0,0.0003598371727558653,0,0.024236272614615518,0,0.00021135872520972043,0,8.9241613750346e-05,0
0,3,0.0026828596592844544,0,0.0,0,0.0001049004786182195,0,1.807745270182976e-05,0,1.3426028297344268e-05,0,0.0001102997048292309,0,4.826244548894465e-05,0
0,4,0.0005970380208302205,0,0.02,0,7.239683327497914e-05,0,0.00015344676014508618,0,1.1971913261815287e-05,0,8.060408435994759e-05,0,4.096160046174191e-05,0
0,1,3.228893314397622e-06,0,0.0,0,1.761070052452851e-05,0,3.896303744538148e-05,0,7.32953183033996e-07,0,2.593315912235994e-05,0,3.999311229563318e-05,0
0,3,0.008631229371240515,0,0.0,0,5.514651638804935e-05,0,2.122916026602708e-05,0,1.4254702595332608e-06,0,3.1761519494466484e-05,0,3.999311229563318e-05,0
0,3,1.599209436408878e-07,0,0.0,0,1.2764373423124198e-05,0,3.0412830179450598e-05,0,3.053160626810279e-07,0,3.1761519494466484e-05,0,3.999311229563318e-05,0
0,4,0.0001519381579706563,0,0.0,0,6.957927689654753e-05,0,4.65022493624144e-05,0,2.2335439812221264e-06,0,7.947369886096567e-05,0,3.999311229563318e-05,0
0,5,4.780083679399864e-06,0,0.0,0,9.39655365073122e-06,0,2.142060414351806e-05,0,1.2700192328199866e-07,0,3.1497904274147004e-05,0,3.999311229563318e-05,0
0,5,0.004430960051281908,0,0.01,0,0.000797309388872236,0,0.0005587029631899654,0,0.0006466305264179636,0,0.0001513148017693311,0,8.871758473105729e-05,0
0,5,3.742528253913414e-08,0,0.0,0,6.358479731716216e-05,0,3.342786326264925e-05,0,6.247202459297002e-07,0,0.00014426039706449956,0,0.00017627363558858633,0
0,2,0.0003540180187809971,0,0.01,0,0.00010828658560058102,0,2.7864280166357934e-05,0,4.5651488569828495e-07,0,3.448793358984403e-05,0,3.999311229563318e-05,0
0,2,8.354244955061053e-05,0,0.01,0,3.937477686122293e-06,0,2.3566789800297975e-05,0,2.497250327925188e-07,0,3.448793358984403e-05,0,3.999311229563318e-05,0
0,3,0.0004972559970932283,0,0.0,0,6.858415872557089e-05,0,4.209416562256613e-05,0,2.869191668660225e-06,0,3.1761519494466484e-05,0,3.999311229563318e-05,0
0,2,1.2388997671706752e-07,0,0.0,0,1.8491638911655173e-05,0,2.1179012996770044e-05,0,1.355873586684797e-07,0,3.448793358984403e-05,0,3.999311229563318e-05,0
0,2,3.998191029859408e-06,0,0.0,0,0.0002968421613331884,0,0.00010333638059377098,0,5.511229108629188e-07,0,3.448793358984403e-05,0,3.999311229563318e-05,0
0,3,0.00041612608322224713,0,0.0,0,1.4338830624183174e-05,0,7.495497141489017e-05,0,1.984935504596687e-05,0,3.208750786143355e-05,0,4.1967330616898835e-05,0
0,3,3.742487398295477e-08,0,0.0,0,3.859766366076656e-06,0,3.0377329381055157e-05,0,4.93626418793278e-08,0,3.1761519494466484e-05,0,3.999311229563318e-05,0
0,4,3.121425160248705e-07,0,0.0,0,7.697305591136683e-06,0,2.051773824857378e-05,0,2.4236036554684046e-08,0,7.944804383441806e-05,0,3.999311229563318e-05,0
0,2,5.0516156608932665e-08,0,0.0,0,1.718072235235013e-05,0,2.1162944200231352e-05,0,1.224980335750125e-07,0,3.4955457522301e-05,0,3.999311229563318e-05,0
0,4,4.243111254041507e-06,0,0.0,0,1.136823630076833e-05,0,2.7510549387236932e-05,0,1.0660582819572028e-07,0,7.944804383441806e-05,0,3.999311229563318e-05,0
0,4,0.9707768795655185,1,0.02,0,0.0004639540275093168,0,6.636570021435253e-05,0,3.0923803196334246e-05,0,0.00014545756857842207,0,4.178109156782739e-05,0
0,3,0.0005859663732090661,0,0.0,0,0.0004981449455954134,0,5.256413036552009e-05,0,4.8871814412356564e-05,0,3.180012572556734e-05,0,3.999311229563318e-05,0
0,2,0.0024861159299098753,0,0.02,0,0.0003612639266066253,0,7.519827846566442e-05,0,9.875030274581327e-05,0,3.448793358984403e-05,0,3.999311229563318e-05,0
0,3,0.0010365856382360344,0,0.04,0,6.634651072090492e-05,0,0.0004981500834534259,0,8.117015055456992e-05,0,4.7000867198221385e-05,0,4.397127850097604e-05,0
0,1,0.0007904793394758992,0,0.0,0,0.0003811318601947278,0,7.929153484661865e-05,0,9.415739770161451e-07,0,2.5945651941583492e-05,0,3.999311229563318e-05,0
0,1,2.615722971083486e-07,0,0.0,0,2.0985156879760325e-05,0,2.1026048734442312e-05,0,5.653449491333406e-08,0,2.593315912235994e-05,0,3.999311229563318e-05,0
0,2,2.7498684822780382e-05,0,0.0,0,6.0865481827931944e-06,0,2.868226024600064e-05,0,9.21144953938367e-07,0,3.448793358984403e-05,0,3.999311229563318e-05,0
0,2,3.093918688112894e-08,0,0.0,0,4.1117054934147745e-06,0,2.117293186314434e-05,0,1.0994124972481317e-08,0,3.448793358984403e-05,0,3.999311229563318e-05,0
0,5,3.662538203754816e-07,0,0.0,0,0.0006839148118160665,0,0.0020004199962578174,0,1.0703415167093573e-06,0,3.652636951301247e-05,0,3.999311229563318e-05,0
0,4,0.6962193323934011,0,0.05,0,0.009449532255530357,0,0.002503426633282191,0,0.0060701365333828755,0,0.000794473453424871,0,0.0001346750505035743,0
0,1,0.002511012755534253,0,0.03,0,0.00042360235238447785,0,0.000149907130252623,0,4.620843405455896e-05,0,3.746173024410382e-05,0,4.786001954926178e-05,0
0,3,0.00011548500566279037,0,0.0,0,1.916016572067747e-06,0,1.0465343436559882e-05,0,3.843250748631385e-05,0,3.2399075280409306e-05,0,3.999311229563318e-05,0
0,1,0.0014285492092613794,0,0.0,0,2.749975010374328e-06,0,2.302169775529164e-05,0,6.99958959705427e-07,0,2.593315912235994e-05,0,3.999311229563318e-05,0
0,1,4.7217167887452196e-05,0,0.01,0,0.00027173873968422413,0,3.909604284102123e-05,0,3.5132117337198317e-06,0,2.6236575649818406e-05,0,3.999311229563318e-05,0
0,2,4.819246982115398e-05,0,0.0,0,1.89454440260306e-05,0,2.375924637612083e-05,0,2.3033957754678615e-06,0,3.448793358984403e-05,0,3.999311229563318e-05,0
0,4,2.5002559588244616e-07,0,0.0,0,2.8364268018776784e-06,0,2.538848771659616e-05,0,1.170383842019691e-08,0,7.944804383441806e-05,0,3.999311229563318e-05,0
0,3,0.001078391090007477,0,0.0,0,0.0033355008345097303,0,6.470213968714751e-05,0,8.803441488388605e-05,0,3.497188299661502e-05,0,4.1162751585943624e-05,0
0,2,8.01836566670572e-06,0,0.0,0,3.6355388147057965e-05,0,2.1179012996770044e-05,0,5.889939797935094e-07,0,3.448793358984403e-05,0,3.999311229563318e-05,0
0,1,3.584634871300354e-06,0,0.0,0,2.3253521703736624e-06,0,3.621707158534214e-05,0,1.8742251275392667e-06,0,2.593315912235994e-05,0,3.999311229563318e-05,0
0,5,6.189598012072263e-12,0,0.0,0,2.1274554455885664e-05,0,6.0454465764736825e-05,0,1.0987275457284941e-06,0,3.1497904274147004e-05,0,4.15575887018349e-05,0
0,3,1.3144993540438192e-07,0,0.0,0,2.3771790438331664e-06,0,2.5080817453196652e-05,0,8.56729980269465e-08,0,3.1761519494466484e-05,0,3.999311229563318e-05,0
0,5,1.3737813730650542e-05,0,0.01,0,3.0217395760701038e-05,0,6.753011162985517e-05,0,1.6095996000901875e-05,0,9.061516175279394e-05,0,4.3002826714655384e-05,0
0,3,2.6936893982363963e-06,0,0.0,0,9.805338777368888e-06,0,2.1243456139246603e-05,0,5.329096378287576e-08,0,3.2613079383736476e-05,0,3.999311229563318e-05,0
0,5,8.339088157484249e-07,0,0.01,0,6.693899194942787e-05,0,3.913259869449058e-05,0,7.976936238128113e-08,0,3.1497904274147004e-05,0,3.999311229563318e-05,0
0,2,0.0022761290931790244,0,0.05,0,0.0008828102727420628,0,0.0003465396073268966,0,0.003666451454746976,0,0.0011444349074736238,0,0.00014253176050260663,0
0,2,0.03349605851619157,0,0.01,0,0.00017227497301064432,0,0.00010837719843356596,0,0.00016400047017640972,0,6.195274909259751e-05,0,4.6839515562169254e-05,0
0,3,0.00021215971413933533,0,0.0,0,2.9356016966630705e-05,0,3.4350996838268385e-05,0,1.694594886873349e-06,0,3.1761519494466484e-05,0,3.999311229563318e-05,0
0,2,0.0010260372847478076,0,0.01,0,5.5773973144823685e-05,0,0.0006154955979512417,0,0.0006035105997254776,0,0.00021136469149496406,0,8.129904745146632e-05,0
0,1,1.872853478314232e-05,0,0.01,0,4.5491691707866266e-05,0,5.334915243632633e-05,0,9.818345943322616e-06,0,2.7217427486903034e-05,0,5.028855593991466e-05,0
0,1,0.00032073663590889787,0,0.0,0,5.8663154050009325e-06,0,2.1030785175210877e-05,0,8.476236153615543e-09,0,2.593315912235994e-05,0,3.999311229563318e-05,0
0,5,3.7538018506025514e-05,0,0.0,0,5.435752882476663e-06,0,2.1272463709567817e-05,0,9.317210037567498e-08,0,3.1497904274147004e-05,0,3.999311229563318e-05,0
0,3,0.003561143128478594,0,0.0,0,0.00015759321104269475,0,0.00022981260637761625,0,0.00030171286549721615,0,3.819702033069916e-05,0,4.061145591549575e-05,0
0,2,0.00034250798337331364,0,0.01,0,0.00038009247509762645,0,0.0005329422910694051,0,0.0170292158304244,0,0.00010099004430230707,0,9.763851994648576e-05,0
0,5,1.367746084159377e-07,0,0.0,0,5.400147529144306e-06,0,3.0911322556639164e-05,0,6.84147988296218e-08,0,3.1497904274147004e-05,0,3.999311229563318e-05,0
0,4,0.0027386583176818744,0,0.0,0,5.8865851315204054e-05,0,2.4028400883691237e-05,0,8.140768800031662e-06,0,7.944804383441806e-05,0,3.999311229563318e-05,0
0,5,8.438334356322197e-07,0,0.0,0,8.18874377728207e-06,0,2.1486076818863676e-05,0,3.883903564378706e-08,0,3.1497904274147004e-05,0,3.999311229563318e-05,0
0,1,1.3040092625853329e-06,0,0.0,0,6.64294520902331e-06,0,2.874818984880865e-05,0,5.470993607105647e-08,0,2.593315912235994e-05,0,3.999311229563318e-05,0
0,3,2.6448494797302004e-07,0,0.0,0,1.2672218872467056e-05,0,2.131124718637275e-05,0,1.485907128837555e-07,0,3.1761519494466484e-05,0,3.999311229563318e-05,0
0,4,0.011842360029860373,0,0.01,0,0.00018423952860757709,0,7.716724591675631e-05,0,0.0001610062892092359,0,7.944804383441806e-05,0,3.999311229563318e-05,0
0,5,0.00016653594713922983,0,0.0,0,5.1039714890066534e-05,0,2.9547473925262102e-05,0,1.9347672406501434e-06,0,3.1497904274147004e-05,0,3.999311229563318e-05,0
0,2,0.01381145774774358,0,0.0,0,5.78040862819762e-06,0,1.985969902218885e-05,0,1.0556631476000828e-06,0,3.448793358984403e-05,0,3.999311229563318e-05,0
0,5,0.0006735271081716059,0,0.01,0,0.00013878241588827223,0,6.990116401249484e-05,0,3.104845810717246e-05,0,5.038144445279613e-05,0,6.223764648893848e-05,0
0,1,0.028775146958571893,0,0.01,0,0.00021181344345677644,0,3.9658452436287964e-05,0,6.251315196615927e-06,0,2.593315912235994e-05,0,3.999311229563318e-05,0
0,3,0.03872322260188777,0,0.0,0,0.00020722232875414193,0,3.118003386445936e-05,0,4.86587897308257e-05,0,3.6780995287699625e-05,0,3.999311229563318e-05,0
0,1,3.444184640093623e-06,0,0.0,0,5.9115678595844656e-05,0,2.3882373941001413e-05,0,9.53816817265938e-08,0,2.593315912235994e-05,0,3.999311229563318e-05,0
0,2,0.00013543114691330803,0,0.0,0,3.3177660952787846e-05,0,2.1170534315795045e-05,0,1.7705008421290498e-06,0,3.448793358984403e-05,0,3.999311229563318e-05,0
0,2,0.0030577435620350486,0,0.0,0,4.368077134131454e-05,0,2.4300246409429405e-05,0,1.6678678339827992e-06,0,3.537108568707481e-05,0,3.999311229563318e-05,0
0,1,0.003551467659534489,0,0.02,0,0.00036547431955114007,0,6.464019762250117e-05,0,6.304859047779121e-05,0,2.593315912235994e-05,0,3.999311229563318e-05,0
0,5,4.394830753242399e-07,0,0.0,0,2.760358938758145e-06,0,2.152309436883634e-05,0,2.952921072230172e-08,0,3.1497904274147004e-05,0,3.999311229563318e-05,0
0,5,2.9748233647081305e-06,0,0.0,0,1.1815714060503524e-05,0,2.1495990026920935e-05,0,3.220274884159534e-08,0,3.1497904274147004e-05,0,3.999311229563318e-05,0
0,2,0.6313979224529684,0,0.03,0,0.0032842704094946384,0,0.0015878709484960438,0,0.003282855724141995,0,0.001722433720715344,0,0.000703586614690721,0
0,3,4.3041321514471185e-05,0,0.02,0,0.00011781581270042807,0,4.312209709330391e-05,0,4.622429784902541e-05,0,3.287643994553946e-05,0,3.999311229563318e-05,0
0,1,0.8605441207073292,0,0.05,0,0.0001494669559178874,0,5.517032206726566e-05,0,4.4822687814531044e-05,0,0.0008460421813651919,0,0.0001817835436668247,0
0,5,2.208711272390459e-06,0,0.0,0,5.146748662809841e-06,0,2.523518203155775e-05,0,1.2229194487635002e-08,0,3.1497904274147004e-05,0,3.999311229563318e-05,0
0,3,0.0002910544853590218,0,0.0,0,2.6191513825324364e-05,0,2.9599273620430715e-05,0,9.942545172809505e-07,0,3.1761519494466484e-05,0,3.999311229563318e-05,0
0,4,4.143777539133929e-05,0,0.0,0,3.3210235415026546e-05,0,2.019041240235867e-05,0,2.949069262028501e-07,0,7.944804383441806e-05,0,3.999311229563318e-05,0
0,5,9.226036493992216e-06,0,0.0,0,1.1723234365490498e-06,0,2.116652041904999e-05,0,2.7153294779570792e-06,0,3.1497904274147004e-05,0,3.999311229563318e-05,0
0,3,0.9799682047603825,1,0.14,1,0.5577822327613831,1,0.5881584062577677,1,0.8872532682802368,1,0.0019597727805376053,0,0.0002672091359272599,0
0,1,3.305017650391002e-05,0,0.0,0,4.605029971571639e-05,0,4.546935462184445e-05,0,6.195219326079523e-08,0,2.593315912235994e-05,0,3.999311229563318e-05,0
0,3,7.411204865545574e-07,0,0.0,0,6.355715595418587e-05,0,2.3433364396828844e-05,0,9.96382111858449e-06,0,3.1761519494466484e-05,0,3.999311229563318e-05,0
0,5,0.007971142285913684,0,0.06,0,0.001741402200423181,0,7.888715739854729e-05,0,7.060506915583104e-05,0,3.321091571706347e-05,0,4.06934050261043e-05,0
0,5,0.033942623224904094,0,0.03,0,9.43542254390195e-05,0,0.00035423482346027033,0,0.00024171255996782931,0,0.0004639877879526466,0,0.0003168746770825237,0
0,2,1.8994894650666606e-07,0,0.0,0,3.3454773529228987e-06,0,2.276943786009925e-05,0,1.0281567564745204e-07,0,3.448793358984403e-05,0,3.999311229563318e-05,0
0,5,0.09821678174983574,0,0.01,0,2.646307257236913e-05,0,2.3857343554010787e-05,0,5.729297923249128e-05,0,4.587767762131989e-05,0,3.999311229563318e-05,0
0,1,0.005016877588446241,0,0.0,0,4.866775270784274e-06,0,2.099991135329927e-05,0,2.3147894439157848e-05,0,2.700576624192763e-05,0,4.20194846810773e-05,0
0,3,0.04722988197134971,0,0.0,0,0.00016159447841346264,0,3.144148347809102e-05,0,7.704002691088734e-05,0,3.81528734578751e-05,0,4.52749191026669e-05,0
0,1,0.065887913518611,0,0.07,0,0.0007425909861922264,0,0.0025905330276837753,0,0.0326445769602135,0,3.356575689394958e-05,0,4.120745143154636e-05,0
0,3,0.00037024389425500915,0,0.0,0,5.5933225667104125e-05,0,3.490065719007411e-05,0,9.777164692964055e-07,0,3.1761519494466484e-05,0,3.999311229563318e-05,0
0,3,0.00012025644563577228,0,0.0,0,0.00047157020890153944,0,3.394387027532385e-05,0,5.309572939600299e-05,0,3.262048994656652e-05,0,3.999311229563318e-05,0
0,2,0.0018522270662119258,0,0.02,0,0.00012054040416842327,0,6.81645936986598e-05,0,1.1511301673188487e-05,0,3.448793358984403e-05,0,3.999311229563318e-05,0
0,1,0.0014878227458204032,0,0.0,0,1.67753933055792e-05,0,2.0792035449066348e-05,0,1.4679141343906086e-06,0,3.5492779716150835e-05,0,4.3323219870217144e-05,0
0,3,0.010505368915089524,0,0.01,0,0.00021371345792431384,0,3.203554029023804e-05,0,0.00024892530885698235,0,0.00033908835030160844,0,0.0008057584054768085,0
0,4,0.0025974516063045463,0,0.01,0,0.0002128897758666426,0,0.006546765376318326,0,0.0011664950232118693,0,0.00018970838573295623,0,9.492804383626208e-05,0
0,4,5.749400982101252e-06,0,0.11,0,0.051884036511182785,0,0.17044496491539918,1,0.0008432531186446121,0,0.0002447307051625103,0,6.759954703738913e-05,0
0,2,0.00017658327053045366,0,0.01,0,3.9486320019932464e-05,0,4.492347867241119e-05,0,0.00013289575193260958,0,0.00012614023580681533,0,0.00019586786220315844,0
0,4,4.314610216639928e-07,0,0.0,0,1.2148084351792932e-05,0,3.350266586751815e-05,0,5.842506152773789e-09,0,7.944804383441806e-05,0,3.999311229563318e-05,0
0,5,0.007793151793117983,0,0.01,0,0.0005052858032286167,0,5.86219315265522e-05,0,0.008727433608186614,0,6.0757338360417634e-05,0,0.00010961489897454157,0
0,4,0.0003126297397230339,0,0.0,0,2.861014763766434e-05,0,2.1317291677168925e-05,0,6.72894463437204e-08,0,7.944804383441806e-05,0,3.999311229563318e-05,0
0,2,0.00027230105898919083,0,0.01,0,3.4886979847215116e-05,0,2.082758111585827e-05,0,2.45243608787486e-06,0,3.448793358984403e-05,0,3.999311229563318e-05,0
0,4,0.0027857345275509797,0,0.0,0,2.0385645257192664e-05,0,4.505959179007625e-05,0,1.8002115288097626e-05,0,0.0001182001069537364,0,4.258564513293095e-05,0
0,2,9.283374621868299e-06,0,0.0,0,2.6491828975849785e-05,0,2.0603745693730924e-05,0,1.003696805106234e-06,0,3.448793358984403e-05,0,3.999311229563318e-05,0
0,5,0.00020198346568821296,0,0.0,0,2.6794925361173227e-05,0,2.1630512882135607e-05,0,1.3588384570796e-06,0,3.1497904274147004e-05,0,3.999311229563318e-05,0
0,5,4.0862343085353756e-05,0,0.03,0,0.0008125896565616131,0,8.740553545008543e-05,0,2.255480752884654e-06,0,3.222579834982753e-05,0,3.999311229563318e-05,0
0,4,0.333078453203498,0,0.06,0,0.006174619309604168,0,0.001960470683609795,0,0.013093014116677662,0,0.00016468662943225354,0,6.878583371872082e-05,0
0,3,0.00898337616963218,0,0.01,0,0.0023827485274523497,0,0.00022576631930857477,0,0.0013763664937790354,0,3.327257218188606e-05,0,3.999311229563318e-05,0
0,5,3.487458359156982e-08,0,0.0,0,5.066955964139197e-06,0,2.152309436883634e-05,0,4.563818083208771e-08,0,3.1497904274147004e-05,0,3.999311229563318e-05,0
0,2,2.5538848619927468e-05,0,0.0,0,1.0946221664198674e-05,0,3.499966062776427e-05,0,1.1360277610234921e-07,0,3.448793358984403e-05,0,3.999311229563318e-05,0
0,5,5.57314792348865e-05,0,0.01,0,0.002148890867829323,0,0.0007077544244263618,0,0.0034090753385573524,0,3.871637090924196e-05,0,5.35961844434496e-05,0
0,3,1.484050186959227e-05,0,0.0,0,5.561426587519236e-05,0,2.152394333096693e-05,0,2.519150349807069e-07,0,3.212189403711818e-05,0,3.999311229563318e-05,0
0,1,0.025388313224930424,0,0.0,0,9.837649849941954e-05,0,2.0918429801737104e-05,0,0.0003151737696994583,0,2.593315912235994e-05,0,4.187048034509644e-05,0
0,1,0.00035963747447527965,0,0.03,0,5.901536496821791e-05,0,0.0004509669679769903,0,0.0044031833750601225,0,3.744041168829426e-05,0,4.6504061174346134e-05,0
0,1,0.12065570974695947,0,0.02,0,0.0017015929333865643,0,0.0025314726213183244,0,0.010026247015303599,0,2.6007721317000687e-05,0,3.999311229563318e-05,0
0,5,0.0007764446712896491,0,0.04,0,0.0003715450002346188,0,0.0006845650200128443,0,1.41117974700208e-05,0,0.0002775734756141901,0,4.4433218135964125e-05,0
0,2,0.14629282099877877,0,0.01,0,0.001079848618246615,0,0.0004859261785760156,0,4.074344946239665e-06,0,3.448793358984403e-05,0,3.999311229563318e-05,0
0,2,8.940950174857221e-05,0,0.0,0,1.2265812074474525e-05,0,3.4464639243333194e-05,0,6.709326672010454e-07,0,3.448793358984403e-05,0,3.999311229563318e-05,0
0,1,0.00044225986368327434,0,0.02,0,2.960149140562862e-05,0,0.0005658838638593629,0,8.029599335451526e-05,0,2.593315912235994e-05,0,4.023151268484071e-05,0
0,5,0.05986368524450971,0,0.08,0,0.009584276005625725,0,0.004354943136066257,0,0.1439319220754968,0,3.879700307152234e-05,0,0.0001608132297405973,0
0,2,8.791019529207121e-05,0,0.0,0,1.952232742041815e-05,0,2.401681991572704e-05,0,2.518812075899337e-06,0,3.448793358984403e-05,0,3.999311229563318e-05,0
0,4,0.00034086618235730374,0,0.0,0,3.748514427570626e-05,0,2.809067012753803e-05,0,2.162241668870746e-08,0,7.944804383441806e-05,0,3.999311229563318e-05,0
0,2,0.3805330399018052,0,0.23,1,0.23672200739383698,1,0.013356782286468733,0,0.39185099185030436,1,6.329145980998874e-05,0,5.247060471447185e-05,0
0,2,0.13153541369845603,0,0.03,0,9.491245145909488e-05,0,2.8960480018504604e-05,0,0.0021743227739564504,0,3.679961082525551e-05,0,3.999311229563318e-05,0
0,1,0.0015342249655729287,0,0.05,0,0.0005671443068422377,0,0.00022187130796049676,0,0.009799214168317515,0,4.629422619473189e-05,0,4.959544457960874e-05,0
0,1,0.013917001869354446,0,0.02,0,0.0019213275518268347,0,2.7647800756657676e-05,0,1.5220934548767285e-05,0,8.805290417512879e-05,0,4.6914006816223264e-05,0
0,5,0.05917250940689205,0,0.0,0,5.406310265243519e-06,0,3.383099952735885e-05,0,8.456051373502905e-06,0,5.0685695896390826e-05,0,7.733792153885588e-05,0
0,4,0.020462375765860446,0,0.01,0,0.003812923328951001,0,4.245558115478814e-05,0,9.194201883951843e-05,0,7.944804383441806e-05,0,4.245156378601678e-05,0
0,5,0.140104295848267,0,0.05,0,0.0006738859810866416,0,4.9698378491586825e-05,0,0.0004486543645728416,0,3.498314617900178e-05,0,4.191517655272037e-05,0
0,5,0.9877140333359241,0,0.01,0,0.00030265410896390676,0,0.00010025561347310783,0,7.318402174721961e-07,0,0.0002760567585937679,0,0.0002471314219292253,0
0,4,0.00012547809199920878,0,0.0,0,0.0018428574549034238,0,4.806083989976246e-05,0,1.3231889028930123e-05,0,9.111140388995409e-05,0,3.999311229563318e-05,0
0,5,7.809475600679073e-05,0,0.0,0,3.9476476558775175e-06,0,2.1440262046347354e-05,0,3.3509399526915556e-08,0,3.150248812744394e-05,0,3.999311229563318e-05,0
0,4,0.00011779121871625572,0,0.0,0,6.307322473730892e-05,0,2.3182854143624647e-05,0,4.031281368675256e-06,0,7.993973849806935e-05,0,3.999311229563318e-05,0
0,1,0.18163920062095265,0,0.0,0,1.826924017223064e-05,0,5.249468537453727e-05,0,0.0003754360129407021,0,2.7470172426546924e-05,0,3.999311229563318e-05,0
0,5,2.4233715444638957e-05,0,0.0,0,7.594560429424746e-06,0,2.5370476879933626e-05,0,1.0087764083478358e-08,0,3.1497904274147004e-05,0,3.999311229563318e-05,0
0,3,0.2301357298876669,0,0.11,0,0.009686216711997986,0,0.0015052221300837759,0,0.03780373506174082,0,0.00019839947344735265,0,0.00010874130384763703,0
0,3,0.13098831282726106,0,0.01,0,0.0012925065821036696,0,4.298902640578619e-05,0,0.00014624133150410113,0,3.858608761220239e-05,0,3.999311229563318e-05,0
0,2,0.016421415268012517,0,0.01,0,0.00019891229749191552,0,0.00011639630346379595,0,0.001161556962805002,0,0.00012786440493073314,0,3.999311229563318e-05,0
0,4,1.873288503578758e-06,0,0.0,0,0.00024808483431115746,0,3.0086073910029274e-05,0,4.0849572906038345e-07,0,7.944804383441806e-05,0,3.999311229563318e-05,0
0,4,0.0013145515262670123,0,0.01,0,7.441786146955565e-05,0,2.7383238109060072e-05,0,1.9630560785184525e-05,0,9.142111230175942e-05,0,3.999311229563318e-05,0
0,2,0.05779612657325478,0,0.02,0,0.00012427096953615546,0,3.115054718283707e-05,0,4.909819455900874e-05,0,3.448793358984403e-05,0,3.999311229563318e-05,0
0,2,0.3528049342900662,0,0.0,0,6.91280365572311e-05,0,0.00023451153805206971,0,0.015182063249418376,0,0.0001575136702740565,0,0.00016903957293834537,0
0,2,5.626999356210857e-05,0,0.0,0,7.2613038355484605e-06,0,2.1173930822115806e-05,0,9.765432645718409e-08,0,3.448793358984403e-05,0,3.999311229563318e-05,0
0,5,9.974079726865979e-05,0,0.01,0,0.0014916870277374983,0,9.934819679842658e-05,0,0.00024038100860219598,0,3.151015698676929e-05,0,3.999311229563318e-05,0
0,1,0.012565321854237659,0,0.0,0,9.371541818836704e-05,0,3.21119047879197e-05,0,5.65227539254417e-06,0,2.728530853346456e-05,0,3.999311229563318e-05,0
0,2,1.167875564621355e-07,0,0.0,0,3.870747605105862e-06,0,2.4867491004737815e-05,0,3.716716485317435e-08,0,3.448793358984403e-05,0,3.999311229563318e-05,0
0,1,1.8132829102447162e-06,0,0.01,0,3.011193712154636e-06,0,2.063116375247448e-05,0,8.312961010148515e-08,0,2.593315912235994e-05,0,3.999311229563318e-05,0
0,5,0.01825848472802419,0,0.01,0,6.809264505136525e-06,0,2.4181543821122568e-05,0,4.292101005586221e-06,0,3.193020529579371e-05,0,3.999311229563318e-05,0
0,2,2.1123470650896157e-07,0,0.0,0,2.478038368280977e-05,0,2.0389077143710905e-05,0,1.503744080791302e-07,0,3.448793358984403e-05,0,3.999311229563318e-05,0
0,2,0.00023220823888086653,0,0.0,0,0.00028234696947038174,0,6.624462260266635e-05,0,1.6069995350784007e-06,0,3.448793358984403e-05,0,3.999311229563318e-05,0
0,4,1.8579768326013008e-09,0,0.0,0,5.903175406274386e-06,0,2.1322852542848424e-05,0,2.7611852260408562e-08,0,7.944804383441806e-05,0,3.999311229563318e-05,0
0,3,2.4993564149414943e-06,0,0.0,0,7.154518971219659e-05,0,3.630108270126743e-05,0,1.0783129321055355e-06,0,3.1761519494466484e-05,0,3.999311229563318e-05,0
0,4,0.004882720126351816,0,0.0,0,2.332335861865431e-05,0,1.9907209987930782e-05,0,2.038105679621658e-06,0,7.95583036961034e-05,0,3.999311229563318e-05,0
0,2,0.004649769130227724,0,0.0,0,5.885973223485053e-06,0,2.008177347880776e-05,0,6.27506226203029e-07,0,5.898973540752195e-05,0,3.999311229563318e-05,0
0,2,1.2909550872860245e-05,0,0.0,0,8.342751243617386e-05,0,2.1139506253208973e-05,0,9.899193757102365e-08,0,3.448793358984403e-05,0,3.999311229563318e-05,0
0,3,2.3044280842121648e-05,0,0.0,0,3.925536020688014e-06,0,2.152278587770006e-05,0,1.7688676271905937e-07,0,3.1761519494466484e-05,0,3.999311229563318e-05,0
0,3,0.004858999006007876,0,0.01,0,0.00013587830471806228,0,2.1116663843862648e-05,0,1.7752385336453816e-06,0,3.1884745112620294e-05,0,3.999311229563318e-05,0
0,2,7.718850364930833e-06,0,0.0,0,0.0004549393488559872,0,0.0002682083486602821,0,7.114906490012857e-05,0,3.448793358984403e-05,0,3.999311229563318e-05,0
0,2,9.585472895627572e-07,0,0.0,0,9.512167707725894e-06,0,2.10135069018086e-05,0,6.33437247445538e-07,0,3.448793358984403e-05,0,3.999311229563318e-05,0
0,4,0.13139816903957277,0,0.01,0,0.0002415623894194141,0,0.0006465508556614205,0,0.0009087572024627171,0,9.456743282498792e-05,0,0.0001459541526855901,0
0,4,0.00011291124337851736,0,0.01,0,0.001075654523447156,0,0.00024001552031714164,0,0.0008077934867350239,0,8.516941306879744e-05,0,4.0276212530443445e-05,0
0,3,0.9999824578238767,1,0.1,0,0.42858636379241943,1,0.05926080940446876,0,0.23487672156489017,1,0.48431551456451416,1,0.4067360460758209,1
0,1,1.614331653440951e-05,0,0.0,0,1.0364410627516918e-05,0,5.0881093984454614e-05,0,2.293719542185034e-07,0,2.593315912235994e-05,0,3.999311229563318e-05,0
0,5,0.00039628288577421984,0,0.03,0,0.00048810598673298955,0,2.81467656509938e-05,0,0.000376410028734077,0,3.821952122962102e-05,0,4.2175943235633895e-05,0
0,1,0.037014351842481204,0,0.03,0,0.0018703395035117865,0,7.544745675154239e-05,0,0.011030797214231646,0,8.829967555357143e-05,0,7.94227235019207e-05,0
0,2,2.8202750967558086e-05,0,0.0,0,0.0010285098105669022,0,2.690267292636059e-05,0,2.4327274369473937e-05,0,3.448793358984403e-05,0,3.999311229563318e-05,0
0,4,0.00010881276491726518,0,0.0,0,8.546026947442442e-05,0,3.570184971311138e-05,0,5.541131731814112e-06,0,7.944804383441806e-05,0,3.999311229563318e-05,0
0,3,9.402443624060988e-06,0,0.01,0,7.96171480033081e-06,0,2.112228988780853e-05,0,9.365413497992543e-07,0,3.1761519494466484e-05,0,3.999311229563318e-05,0
0,3,2.5105183941549286e-06,0,0.0,0,8.067658200161532e-06,0,1.552071087985173e-05,0,2.248779728733413e-06,0,3.407464828342199e-05,0,3.999311229563318e-05,0
0,2,3.051847734262246e-07,0,0.0,0,3.5957113141193986e-05,0,2.1162944200231352e-05,0,6.041275433428139e-08,0,3.448793358984403e-05,0,3.999311229563318e-05,0
0,3,1.2519648465465508e-05,0,0.0,0,6.706300155201461e-06,0,2.1181954737270385e-05,0,8.765618972583795e-06,0,3.1761519494466484e-05,0,3.999311229563318e-05,0
0,2,0.0005927185302217619,0,0.0,0,0.000792067963629961,0,0.00011146077863531961,0,7.296688581921937e-05,0,4.428815736901015e-05,0,4.739067662740126e-05,0
0,4,0.0002161245983522636,0,0.01,0,7.968970749061555e-06,0,3.238738930601346e-05,0,6.098793897380164e-05,0,7.944804383441806e-05,0,4.03283593186643e-05,0
0,4,0.00034655548088806203,0,0.0,0,0.0001535700139356777,0,4.2357211472688896e-05,0,0.0001448090029020817,0,7.974603795446455e-05,0,4.343490581959486e-05,0
0,3,0.10510744524702394,0,0.0,0,0.010961044579744339,0,9.684372751249408e-05,0,0.0007428303235936715,0,3.466766429482959e-05,0,4.2473919165786356e-05,0
0,5,2.6692086668752376e-05,0,0.0,0,1.892578075057827e-05,0,2.1426467296608782e-05,0,1.993602456204282e-07,0,3.1876126740826294e-05,0,3.999311229563318e-05,0
0,4,2.632163884034594e-06,0,0.0,0,5.789594524685526e-06,0,2.1318822601249766e-05,0,1.683536508290013e-07,0,7.944804383441806e-05,0,3.999311229563318e-05,0
0,1,0.0002010396322103057,0,0.0,0,4.6161938371369615e-05,0,6.343100018006856e-05,0,1.4382470810369387e-06,0,2.593315912235994e-05,0,3.999311229563318e-05,0
0,4,9.393142795833012e-06,0,0.02,0,0.0002397126954747364,0,6.658837757088975e-05,0,4.44237146532206e-06,0,7.944804383441806e-05,0,3.999311229563318e-05,0
0,3,3.355812296966777e-06,0,0.01,0,2.8525691959657706e-05,0,2.1103353342153714e-05,0,3.631635730943545e-07,0,3.1761519494466484e-05,0,3.999311229563318e-05,0
0,1,2.1477277730258536e-06,0,0.0,0,2.8505987756943796e-06,0,2.8279521059629825e-05,0,7.475345773982054e-05,0,2.593315912235994e-05,0,3.999311229563318e-05,0
0,2,1.1571038957635837e-05,0,0.0,0,6.525951175717637e-05,0,2.9771640884966204e-05,0,6.295108969403156e-07,0,3.448793358984403e-05,0,3.999311229563318e-05,0
0,3,8.572029834283644e-05,0,0.0,0,0.00010334919352317229,0,6.719307825749454e-05,0,1.2142273811522788e-05,0,5.069381950306706e-05,0,4.9714770284481347e-05,0
0,5,8.990229508926824e-06,0,0.0,0,0.00023304317437577993,0,2.536613788088188e-05,0,1.8367409296242297e-07,0,3.1497904274147004e-05,0,3.999311229563318e-05,0
0,5,0.007443253565528047,0,0.01,0,9.6526273409836e-05,0,2.4421660685682103e-05,0,2.9418147203157336e-06,0,3.1497904274147004e-05,0,3.999311229563318e-05,0
0,1,4.185247854398448e-07,0,0.0,0,6.321268756437348e-06,0,2.060892204797147e-05,0,6.042874631589137e-08,0,2.593315912235994e-05,0,3.999311229563318e-05,0
0,5,8.025109482310665e-06,0,0.0,0,3.442525485297665e-05,0,2.383492671825258e-05,0,2.6249638778059577e-05,0,3.1497904274147004e-05,0,3.999311229563318e-05,0
0,5,4.549650307933026e-06,0,0.0,0,4.800845999852754e-06,0,2.5238777516599306e-05,0,1.870137977072948e-07,0,3.1979136110749096e-05,0,3.999311229563318e-05,0
0,2,2.0999961686459372e-05,0,0.01,0,1.2016396794933826e-05,0,2.0305471976572574e-05,0,1.1893895115190697e-07,0,3.448793358984403e-05,0,3.999311229563318e-05,0
0,5,0.005311341660328211,0,0.01,0,1.981181776500307e-05,0,3.142260582542807e-05,0,0.00010511339592412731,0,4.4124622945673764e-05,0,4.1043553210329264e-05,0
0,1,3.944197541509609e-08,0,0.0,0,1.5551324395346455e-05,0,3.403060815583645e-05,0,1.226375433062554e-07,0,2.593315912235994e-05,0,3.999311229563318e-05,0
0,4,1.2940809779046132e-05,0,0.0,0,1.3402466720435768e-05,0,3.579722000131802e-05,0,7.895039318804743e-08,0,7.944804383441806e-05,0,3.999311229563318e-05,0
0,3,0.2712428225294678,0,0.02,0,0.0056640454567968845,0,5.5977903085704975e-05,0,0.0008021449350463274,0,0.00020021451928187162,0,4.7249108320102096e-05,0
0,3,1.1362221841403954e-08,0,0.01,0,1.0996160199283622e-05,0,2.115324062381255e-05,0,3.552986482600797e-07,0,3.199979619239457e-05,0,3.999311229563318e-05,0
0,4,0.00044273708631101515,0,0.0,0,6.68326101731509e-05,0,2.1310757204489476e-05,0,2.2810568653852905e-06,0,7.944804383441806e-05,0,3.999311229563318e-05,0
0,4,0.003105623405724649,0,0.0,0,3.478035068837926e-05,0,3.936636884329482e-05,0,1.6509759564396207e-05,0,8.201821765396744e-05,0,4.335296034696512e-05,0
0,4,0.00242316726220769,0,0.0,0,9.518265869701281e-06,0,3.486563750843609e-05,0,1.2892329737488946e-05,0,7.944804383441806e-05,0,3.999311229563318e-05,0
0,5,1.909218247310789e-05,0,0.01,0,0.0010144844418391585,0,0.0001309131296665138,0,4.162225989025257e-05,0,3.217018092982471e-05,0,3.999311229563318e-05,0
0,5,9.051490946429177e-07,0,0.05,0,0.0007645119330845773,0,0.0004742506668248684,0,0.0007030297721805003,0,3.7691061152145267e-05,0,6.213066080817953e-05,0
0,3,2.434812029979923e-08,0,0.0,0,1.3575405318988487e-05,0,2.8525128647731156e-05,0,5.214889729488655e-07,0,3.1761519494466484e-05,0,3.999311229563318e-05,0
0,2,9.540420051220966e-05,0,0.0,0,4.9141559429699555e-05,0,0.00033804668894289,0,1.628660203163228e-05,0,3.481844032648951e-05,0,4.0291110053658485e-05,0
0,5,0.0004187934737854037,0,0.01,0,6.8978129093011376e-06,0,8.90974655207824e-05,0,2.3373871468423908e-05,0,3.180506973876618e-05,0,3.999311229563318e-05,0
0,2,0.0026458286422799504,0,0.01,0,5.6651530030649155e-05,0,3.4022212814520543e-05,0,7.13673311355076e-05,0,6.945893255760893e-05,0,3.999311229563318e-05,0
0,3,0.0005578845427389528,0,0.0,0,1.8085653437083238e-06,0,1.9959402006596204e-05,0,1.5578248128017442e-07,0,3.1761519494466484e-05,0,3.999311229563318e-05,0
0,3,0.011141805762846931,0,0.0,0,0.0015792963095009327,0,3.365126456997937e-05,0,0.0005319088914986372,0,0.0005647025536745787,0,0.0002614878467284143,0
0,3,0.1263234530420037,0,0.0,0,1.2853765838372055e-05,0,2.0984822549656992e-05,0,1.697115065532151e-05,0,3.508543159114197e-05,0,4.564757546177134e-05,0
0,4,0.0005706541187976606,0,0.0,0,4.1443490772508085e-06,0,1.9771523033129097e-05,0,1.583316428306087e-07,0,7.944804383441806e-05,0,3.999311229563318e-05,0
0,1,0.02324451043265429,0,0.0,0,2.2122272639535367e-05,0,3.536508448081443e-05,0,1.0234494945457437e-05,0,3.370522244949825e-05,0,4.225788507028483e-05,0
0,3,0.001773001133466906,0,0.0,0,2.4929327992140315e-05,0,2.5118937847737268e-05,0,1.4729575585754868e-06,0,3.204333916073665e-05,0,3.999311229563318e-05,0
0,4,2.13214111045726e-06,0,0.01,0,0.0002115294773830101,0,6.547209316035446e-05,0,9.207245344156173e-06,0,8.173605601768941e-05,0,3.999311229563318e-05,0
0,1,0.8395317837521011,0,0.06,0,0.00042444877908565104,0,0.00010181306153035564,0,0.0761713022286937,0,0.00014697703591082245,0,6.207385013112798e-05,0
0,1,1.053723081843845e-06,0,0.0,0,4.448514118848834e-06,0,2.100903767413947e-05,0,1.996944518617168e-07,0,2.593315912235994e-05,0,3.999311229563318e-05,0
0,4,0.010108960761003816,0,0.0,0,2.6076322683366016e-05,0,2.4271297798749275e-05,0,1.3727854017015227e-06,0,7.944804383441806e-05,0,3.999311229563318e-05,0
0,2,0.0002088692028400476,0,0.0,0,2.0682015019701794e-05,0,2.0071433509804488e-05,0,6.531244578391572e-07,0,3.658620698843151e-05,0,4.0157014154829085e-05,0
0,1,0.00202855929016637,0,0.02,0,0.0010538026690483093,0,0.0001012833383730402,0,5.430496128884311e-05,0,2.5998362616519444e-05,0,3.999311229563318e-05,0
0,4,0.15313151174203057,0,0.04,0,0.001972202444449067,0,0.0006964942731970549,0,0.00015655606155856318,0,0.0003878784482367337,0,0.00029643913148902357,0
0,4,0.0002350201821811402,0,0.0,0,1.1723732313839719e-05,0,2.5472023778285303e-05,0,8.719584938846465e-06,0,9.129388490691781e-05,0,4.4857861212221906e-05,0
0,1,0.2569146310094355,0,0.01,0,0.0014014584012329578,0,6.982047317715613e-05,0,0.001742210887789765,0,7.783601176925004e-05,0,4.5073906221659854e-05,0
0,1,0.13282237617092713,0,0.07,0,0.013052773661911488,0,0.003811229909378409,0,0.002440902740729587,0,0.00011581287981243804,0,0.00011490941687952727,0
0,1,0.0018512291549964254,0,0.0,0,1.6644136167087709e-06,0,2.0360410625521116e-05,0,4.788744950387944e-06,0,2.593315912235994e-05,0,3.999311229563318e-05,0
0,4,0.002532355248837532,0,0.01,0,0.00018122790788765997,0,0.000104967120690906,0,0.0007568616133459618,0,0.0002630524686537683,0,5.7654928241390735e-05,0
0,2,0.39925419045181226,0,0.02,0,0.00045500200940296054,0,0.0042719025754366854,0,0.004679700931809679,0,9.245974069926888e-05,0,6.0479425883386284e-05,0
0,5,9.792746365405548e-07,0,0.0,0,8.960812920122407e-06,0,3.6329618993464386e-05,0,3.409323517661279e-07,0,3.1497904274147004e-05,0,3.999311229563318e-05,0
0,5,6.541530005558691e-05,0,0.0,0,1.77832644112641e-05,0,2.1409824310342052e-05,0,1.159637142618115e-07,0,3.154514342895709e-05,0,3.999311229563318e-05,0
0,3,8.477360347380197e-08,0,0.0,0,1.0462787031428888e-05,0,2.1338323787365654e-05,0,1.1520058669312769e-07,0,3.1761519494466484e-05,0,3.999311229563318e-05,0
0,5,1.8695364523638752e-05,0,0.0,0,1.4048199773242231e-05,0,2.123533156587308e-05,0,1.9306607011550785e-07,0,3.1497904274147004e-05,0,3.999311229563318e-05,0
0,3,3.552992789088087e-07,0,0.0,0,1.1760482266254257e-05,0,2.0161964958772195e-05,0,2.714596701867758e-06,0,3.1761519494466484e-05,0,3.999311229563318e-05,0
0,1,0.013215957541819088,0,0.0,0,4.4514886212709825e-06,0,6.807240259371067e-05,0,1.763845675932335e-05,0,2.593315912235994e-05,0,3.999311229563318e-05,0
0,3,0.10781003428770838,0,0.0,0,0.00022349943174049258,0,2.4953175090075508e-05,0,9.554903375982134e-07,0,3.667327473522164e-05,0,4.1274506656918675e-05,0
0,4,0.999353818442594,1,0.12,0,0.10984574258327484,0,0.26614333993942035,1,0.09666401166160055,0,0.0012535253772512078,0,0.0007003211067058146,0
0,4,0.13278192842229858,0,0.02,0,0.003953386563807726,0,0.00013307798227460242,0,0.0759150275954465,0,0.00011380567593732849,0,5.6285331083927304e-05,0
0,5,2.006488996001436e-05,0,0.0,0,1.286401766265044e-05,0,2.1397124956655258e-05,0,8.181845757348527e-08,0,3.1497904274147004e-05,0,3.999311229563318e-05,0
0,3,0.00011732403846406687,0,0.0,0,1.8014776287600398e-05,0,2.1047455222928746e-05,0,3.2317535086023243e-06,0,3.1761519494466484e-05,0,3.999311229563318e-05,0
0,5,0.014792684943286477,0,0.0,0,2.3251050151884556e-05,0,2.4759824581356976e-05,0,1.0791272614905637e-06,0,3.159355037496425e-05,0,3.999311229563318e-05,0
0,2,0.012967527085551721,0,0.0,0,8.662703294248786e-06,0,1.987360121491445e-05,0,2.293661881178492e-05,0,3.448793358984403e-05,0,4.033581353724003e-05,0
0,4,9.312904648830682e-07,0,0.0,0,4.634093329514144e-06,0,2.1269181239205243e-05,0,3.610134891118106e-08,0,7.944804383441806e-05,0,3.999311229563318e-05,0
0,4,0.00013951337796476134,0,0.0,0,5.581723598879762e-06,0,1.6414223454537703e-05,0,1.8528566986986906e-07,0,8.105891174636781e-05,0,4.584865382639691e-05,0
0,3,0.39984742939717977,0,0.0,0,5.539756239159033e-05,0,9.708949720583422e-05,0,3.978863220272706e-06,0,8.470017201034352e-05,0,0.00024912389926612377,0
0,4,0.04939146238676256,0,0.01,0,0.0005034836358390749,0,5.0529281762910675e-05,0,0.003176297228860848,0,8.936178346630186e-05,0,6.13802476436831e-05,0
0,2,5.632104924182461e-05,0,0.0,0,3.6325691326055676e-05,0,1.749008971250061e-05,0,1.6589443220301704e-07,0,3.448793358984403e-05,0,3.999311229563318e-05,0
0,3,2.2907203514633084e-07,0,0.0,0,1.2601416528923437e-05,0,2.5713917628767283e-05,0,2.0022802162431295e-07,0,3.1761519494466484e-05,0,3.999311229563318e-05,0
0,4,0.003261961905067109,0,0.0,0,2.612297066661995e-06,0,2.057451277479005e-05,0,3.8077335158870677e-05,0,7.944804383441806e-05,0,3.999311229563318e-05,0
0,5,0.4429558633790033,0,0.02,0,0.000504679570440203,0,0.00046900523701207266,0,0.00019821573657600292,0,0.0011389505816623569,0,0.0006926310015842319,0
0,2,0.007958410030656117,0,0.02,0,0.00028549370472319424,0,2.5818283224478378e-05,0,5.6228462226241844e-05,0,3.448793358984403e-05,0,3.999311229563318e-05,0
0,1,0.0007838908728252162,0,0.01,0,4.0047874790616333e-05,0,5.123341415396641e-05,0,2.7799780375402766e-05,0,4.2313593439757824e-05,0,6.940618914086372e-05,0
0,4,0.007448564307658888,0,0.02,0,0.0006266103009693325,0,4.3727045074230606e-05,0,1.527669632090476e-05,0,8.536028326489031e-05,0,4.006761446362361e-05,0
0,1,2.6727535967183874e-07,0,0.0,0,9.664621529736905e-07,0,2.428881510794419e-05,0,9.832582969495189e-08,0,2.593315912235994e-05,0,3.999311229563318e-05,0
0,5,2.352180928868933e-06,0,0.0,0,7.000639470788883e-06,0,2.150337023339064e-05,0,5.702342560033785e-08,0,3.1497904274147004e-05,0,3.999311229563318e-05,0
0,1,8.473240350025934e-08,0,0.02,0,6.249456782825291e-05,0,0.0001973348801066821,0,1.933971920430242e-05,0,3.693667895277031e-05,0,6.333748024189845e-05,0
0,3,0.1149065503929017,0,0.03,0,7.664036274945829e-06,0,2.45390159489987e-05,0,2.088347076447684e-06,0,3.858097261399962e-05,0,4.1982228140113875e-05,0
0,4,0.00010055309312003437,0,0.0,0,4.9456310080131516e-05,0,2.0369707325238437e-05,0,6.117338495354841e-05,0,7.944804383441806e-05,0,3.999311229563318e-05,0
0,5,7.627598375068769e-06,0,0.01,0,0.0001465472305426374,0,2.2158893714683304e-05,0,5.970766553045396e-07,0,0.00011921114491997287,0,4.528996578301303e-05,0
0,2,0.035794628505223636,0,0.04,0,0.7810906171798706,1,0.41426494866592534,1,0.7326328943744858,1,0.003418614389374852,0,0.0005938499234616756,0
0,1,2.2041854336160228e-07,0,0.0,0,1.0556715324128163e-06,0,2.0979068050473e-05,0,9.746477354336677e-09,0,2.593315912235994e-05,0,3.999311229563318e-05,0
0,3,6.065851475453586e-06,0,0.0,0,9.925082849804312e-05,0,3.568059408426379e-05,0,9.527143131471481e-05,0,3.1761519494466484e-05,0,3.999311229563318e-05,0
0,2,0.007020549500059309,0,0.0,0,0.00012019755376968533,0,0.00014988407188314804,0,0.00019280734309989997,0,3.616212779888883e-05,0,3.999311229563318e-05,0
0,3,1.6276042837122655e-05,0,0.0,0,3.161043059662916e-05,0,3.9556063831728374e-05,0,2.4209473817323487e-06,0,3.1761519494466484e-05,0,3.999311229563318e-05,0
0,4,0.0008631863282094544,0,0.01,0,0.00013309242785908282,0,7.021111843440227e-05,0,2.500010644562942e-05,0,8.451080793747678e-05,0,3.999311229563318e-05,0
0,4,0.35697757609170677,0,0.0,0,0.0001483454107074067,0,5.5761669036532104e-05,0,0.0005157523507542708,0,7.987566641531885e-05,0,3.999311229563318e-05,0
0,5,0.6860978332472357,0,0.04,0,0.018341394141316414,0,0.013784067369643058,0,0.0015722541564240921,0,0.0002597513375803828,0,0.00010856305743800476,0
0,3,0.00014960982072109523,0,0.0,0,0.00013806068454869092,0,2.867190982597575e-05,0,6.820420277378965e-05,0,3.183722583344206e-05,0,4.29655920015648e-05,0
0,5,2.9171213456812074e-07,0,0.0,0,4.175388676230796e-05,0,1.928852177854397e-05,0,1.8193750603812462e-06,0,3.1497904274147004e-05,0,3.999311229563318e-05,0
0,5,8.343495012752114e-08,0,0.0,0,0.0002429248415865004,0,2.6121603724087107e-05,0,1.0026215158833918e-06,0,3.1497904274147004e-05,0,3.999311229563318e-05,0
0,2,0.0003744628068463694,0,0.0,0,0.0015136603033170104,0,4.9604330256599494e-05,0,0.0002774619290279751,0,3.448793358984403e-05,0,3.999311229563318e-05,0
0,5,0.0002503239138250249,0,0.01,0,0.0002353895251872018,0,0.00013383072402514378,0,0.00012819820018923958,0,3.710535020218231e-05,0,3.999311229563318e-05,0
0,3,3.5213321508560335e-07,0,0.01,0,0.0012011800426989794,0,0.0002230355180013619,0,1.5635688179801317e-05,0,3.192544318153523e-05,0,3.999311229563318e-05,0
0,3,1.19354237179471e-05,0,0.0,0,1.0473419024492614e-05,0,6.791026387103686e-05,0,2.951851850565288e-07,0,3.274760820204392e-05,0,3.999311229563318e-05,0
0,3,1.2131062728105125e-06,0,0.0,0,2.0397079424583353e-05,0,2.1391463029587998e-05,0,2.3468598457014448e-07,0,3.1761519494466484e-05,0,3.999311229563318e-05,0
0,5,0.21195913878392642,0,0.04,0,0.00013983820099383593,0,2.948124768163815e-05,0,6.431940192745365e-05,0,5.144829992786981e-05,0,4.911171708954498e-05,0
0,4,0.02826387983292267,0,0.02,0,2.2415464627556503e-05,0,4.0717571366052754e-05,0,1.957794111426014e-06,0,9.354150824947283e-05,0,4.904458546661772e-05,0
0,3,1.7227993431705953e-05,0,0.0,0,3.6573665056494065e-06,0,2.1302618894814873e-05,0,7.189123594777277e-08,0,3.1761519494466484e-05,0,3.999311229563318e-05,0
0,4,0.001876425597722114,0,0.0,0,8.48665786179481e-06,0,1.9334942185625293e-05,0,1.7362725663046336e-05,0,9.324038546765223e-05,0,3.999311229563318e-05,0
0,5,7.764546439844231e-08,0,0.0,0,3.37714736815542e-05,0,2.5346314845442517e-05,0,7.038121364093709e-08,0,3.1497904274147004e-05,0,3.999311229563318e-05,0
0,4,0.2231238228632841,0,0.03,0,0.005286358762532473,0,0.024957373084835123,0,0.004045401846837458,0,0.0007150027668103576,0,0.000503771414514631,0
0,4,1.1964676627221857e-06,0,0.0,0,5.711516132578254e-05,0,3.0010225271094505e-05,0,2.1793209798732223e-07,0,7.945034303702414e-05,0,5.7677520089782774e-05,0
0,3,0.9680202672174639,1,0.02,0,0.000447759754024446,0,0.0035381632347361272,0,0.01138062438569285,0,0.00045657643931917846,0,0.0011477482039481401,0
0,4,0.00664905369751874,0,0.05,0,0.0007528777350671589,0,0.00026375376745418634,0,0.00012535861228550027,0,8.322155190398917e-05,0,3.999311229563318e-05,0
0,2,0.06204537695113564,0,0.01,0,6.901981396367773e-05,0,2.8119342989037044e-05,0,0.00017579687082546364,0,3.4510110708652064e-05,0,3.999311229563318e-05,0
0,5,9.71152690309736e-07,0,0.0,0,1.46975651205139e-06,0,1.9787030719191888e-05,0,2.8821749874410645e-08,0,3.1497904274147004e-05,0,3.999311229563318e-05,0
0,4,0.0010141708246689382,0,0.01,0,0.00018553578411228955,0,6.146644700834803e-05,0,4.115831875412688e-05,0,7.944804383441806e-05,0,3.999311229563318e-05,0
0,3,0.3929771928514983,0,0.0,0,0.0007910500862635672,0,0.00011309508794656321,0,0.0009831720266414567,0,0.00010843679046956822,0,9.067051723832265e-05,0
0,1,0.000398149047745402,0,0.02,0,0.0008898297674022615,0,0.0006634948391386184,0,0.006417318841475254,0,7.58796522859484e-05,0,8.682560292072594e-05,0
0,2,2.7086717755083176e-05,0,0.02,0,2.2890037143952213e-05,0,6.839689863364909e-05,0,3.093031411684335e-05,0,4.662504943553358e-05,0,4.1706603951752186e-05,0
0,4,0.00016880785337670772,0,0.05,0,0.0004627722955774516,0,0.0014362923196192085,0,0.00017966067308049314,0,0.003976902924478054,0,0.021819395944476128,0
0,4,0.0299438842545681,0,0.01,0,9.180188499158248e-05,0,2.7569215458210433e-05,0,5.0956240264410944e-05,0,8.199194417102262e-05,0,4.1915180190699175e-05,0
0,5,0.9643126261265919,0,0.11,0,0.1980963796377182,1,0.04477846673988014,0,0.6847524515729979,1,0.002303148852661252,0,0.0007330803200602531,0
0,4,0.7714250808982995,0,0.07,0,0.017200341448187828,0,0.001437763120046879,0,0.03813730865354282,0,0.002207841956987977,0,0.0009565946529619396,0
0,1,4.8434588056303404e-05,0,0.0,0,2.6050076940009603e-06,0,2.0584676763919978e-05,0,2.847377272353575e-08,0,2.593315912235994e-05,0,3.999311229563318e-05,0
0,3,0.00023993139149461616,0,0.0,0,3.297021976322867e-05,0,2.2713302522342024e-05,0,1.430720721016469e-06,0,3.1761519494466484e-05,0,3.999311229563318e-05,0
0,1,0.0005304743773969965,0,0.03,0,1.3266171663417481e-05,0,4.4519531172508097e-05,0,0.0008225464063264034,0,4.1680785216158256e-05,0,5.9988047723891214e-05,0
0,2,1.846718451760658e-06,0,0.0,0,0.0001347741053905338,0,2.4927370066585252e-05,0,8.182586351996322e-07,0,3.448793358984403e-05,0,3.999311229563318e-05,0
0,2,0.0010539462943895887,0,0.0,0,0.00013295456301420927,0,2.3768376436927565e-05,0,5.156633222498169e-07,0,3.448793358984403e-05,0,3.999311229563318e-05,0
0,1,0.20333029618596324,0,0.03,0,0.00010556900087976828,0,6.896984066225572e-05,0,0.0012201076288581541,0,2.5950685085263103e-05,0,3.999311229563318e-05,0
0,2,1.5379342585994804e-07,0,0.01,0,2.950018460978754e-05,0,0.0001886646960229297,0,9.011622243595784e-07,0,0.00040524525684304535,0,0.000454214692581445,0
0,2,0.013587227504121871,0,0.01,0,0.0005818989593535662,0,3.588169737315543e-05,0,2.5884806965260974e-06,0,3.448793358984403e-05,0,3.999311229563318e-05,0
0,3,6.221305573830394e-05,0,0.01,0,8.869610610418022e-05,0,2.1088838815246384e-05,0,2.1133868681188958e-05,0,3.1761519494466484e-05,0,3.999311229563318e-05,0
0,1,0.0002352796472050133,0,0.0,0,4.246567641530419e-06,0,2.090055030282036e-05,0,3.8420028674284434e-08,0,2.593315912235994e-05,0,3.999311229563318e-05,0
0,1,1.4673688934993126e-06,0,0.0,0,5.094817424833309e-06,0,2.050937092059189e-05,0,5.752602891012395e-06,0,2.617565041873604e-05,0,4.038796032546088e-05,0
0,5,2.718044360069018e-05,0,0.0,0,1.364760464639403e-05,0,4.071721145728462e-05,0,5.827547260885706e-05,0,3.264771294197999e-05,0,4.0417762647848576e-05,0
0,4,0.00039802931672487657,0,0.01,0,1.730965777824167e-05,0,3.593122941637301e-05,0,7.93200804931371e-06,0,8.027590956771746e-05,0,4.03656049456913e-05,0
0,1,0.07766448196999083,0,0.0,0,4.238443125359481e-06,0,3.243448827088913e-05,0,9.307584615639648e-06,0,2.593315912235994e-05,0,3.999311229563318e-05,0
0,1,1.6145263901191314e-05,0,0.0,0,0.00021726997510995716,0,0.00032985533793525974,0,1.0539612758313852e-05,0,2.593315912235994e-05,0,3.999311229563318e-05,0
0,5,0.021349109969636897,0,0.0,0,3.494595148367807e-05,0,2.046469714670775e-05,0,8.024712517700829e-06,0,3.162699067615904e-05,0,3.999311229563318e-05,0
0,5,0.07402850546387577,0,0.01,0,0.00020155594393145293,0,0.0001466613035895721,0,0.00018613889813862337,0,0.00015862828877288848,0,9.087743819691241e-05,0
0,1,1.7246969756715937e-06,0,0.0,0,1.19391529551649e-06,0,2.0653912504617085e-05,0,2.5965770541703797e-07,0,2.593315912235994e-05,0,3.999311229563318e-05,0
0,5,0.000690465687072035,0,0.0,0,0.004012604244053364,0,5.915889188106218e-05,0,3.8743741290959385e-06,0,3.4119755582651123e-05,0,5.0474893214413896e-05,0
0,5,0.011718112458908693,0,0.0,0,1.5192055798252113e-05,0,2.3326903251554115e-05,0,8.77727689776445e-05,0,3.1571929866913706e-05,0,3.999311229563318e-05,0
0,5,0.005887506144926325,0,0.0,0,3.960503818234429e-05,0,6.337105916638765e-05,0,0.00044169822978157563,0,0.0006010935176163912,0,0.0006200851057656109,0
0,1,0.1841129197940515,0,0.0,0,8.666145845381834e-07,0,2.0454068749760975e-05,0,8.108005336746898e-05,0,2.766102261375636e-05,0,3.999311229563318e-05,0
0,1,3.895858231167682e-07,0,0.0,0,4.326653652242385e-06,0,3.37595081837602e-05,0,4.860896604960139e-08,0,2.593315912235994e-05,0,3.999311229563318e-05,0
0,1,0.0003369614746405244,0,0.0,0,0.00014687849034089595,0,6.534024170483744e-05,0,6.4144282434284e-08,0,2.932034112745896e-05,0,3.999311229563318e-05,0
0,3,9.254181576008965e-05,0,0.01,0,6.424481398425996e-05,0,3.523652224782015e-05,0,6.040843581603809e-07,0,3.204234235454351e-05,0,3.999311229563318e-05,0
0,4,0.18550514523231526,0,0.04,0,0.009207282215356827,0,0.012827896971413427,0,0.024108950896714988,0,0.0009261374361813068,0,0.00011379869101801887,0
0,3,5.108264179766545e-07,0,0.0,0,1.8493014067644253e-05,0,2.1504546396019466e-05,0,5.742040639699358e-08,0,3.1761519494466484e-05,0,3.999311229563318e-05,0
0,3,6.864302365527738e-07,0,0.01,0,2.8543681764858775e-05,0,2.131210726682813e-05,0,1.746777012965558e-07,0,3.1761519494466484e-05,0,3.999311229563318e-05,0
0,4,0.0005650219417372988,0,0.01,0,0.0002824199036695063,0,5.82074287828896e-05,0,0.00035697371585900257,0,8.225348574342206e-05,0,4.5967710320837796e-05,0
0,2,9.97257833288788e-05,0,0.0,0,1.5541376342298463e-05,0,2.1151059155312113e-05,0,1.9002651021692713e-07,0,3.448793358984403e-05,0,3.999311229563318e-05,0
0,2,1.2826294580593642e-06,0,0.0,0,1.2717011486529373e-05,0,2.1177977123286696e-05,0,2.829240324425234e-07,0,3.448793358984403e-05,0,3.999311229563318e-05,0
0,4,0.010042110019059662,0,0.0,0,6.136320007499307e-05,0,3.333910781825523e-05,0,2.0028160261756924e-05,0,8.031223114812747e-05,0,3.999311229563318e-05,0
0,1,2.6459929122941228e-05,0,0.0,0,0.00015922251623123884,0,2.4237209154684622e-05,0,1.672381783150068e-07,0,2.593315912235994e-05,0,3.999311229563318e-05,0
0,4,1.6461083989989335e-07,0,0.0,0,7.99567442300031e-06,0,2.1303881246984056e-05,0,3.08156747366606e-08,0,7.944804383441806e-05,0,3.999311229563318e-05,0
0,4,0.339650559666516,0,0.0,0,2.396707895968575e-05,0,2.5076764801578342e-05,0,0.00018246103330254,0,8.726027590455487e-05,0,3.999311229563318e-05,0
0,5,0.0070043838505695595,0,0.0,0,9.498180588707328e-05,0,2.8188299161560293e-05,0,9.850083097467755e-06,0,3.1497904274147004e-05,0,3.999311229563318e-05,0
0,1,2.4331906309565907e-06,0,0.01,0,4.7712579544167966e-05,0,4.2976172558106425e-05,0,5.6790012620586755e-06,0,2.593315912235994e-05,0,3.999311229563318e-05,0
0,2,0.1255401003228981,0,0.0,0,0.0003597347531467676,0,0.0001902076885498396,0,0.0005194154824334878,0,0.00013992507592774928,0,0.00011370927677489817,0
0,3,0.005398988897170374,0,0.02,0,0.0006522120675072074,0,0.0001786517368741762,0,0.0002077769821805011,0,3.8405301893362775e-05,0,4.079770951648243e-05,0
0,2,0.04270971121921698,0,0.0,0,0.001681443420238793,0,0.000459720461390141,0,0.021849853749022225,0,0.00016640470130369067,0,0.0005227432120591402,0
0,1,1.3494714975099348e-06,0,0.0,0,4.8568390411674045e-06,0,2.1029094171167038e-05,0,7.19485195201183e-08,0,2.593315912235994e-05,0,3.999311229563318e-05,0
0,3,7.853140542857401e-05,0,0.02,0,4.565939434542088e-06,0,3.066216722795223e-05,0,6.287755278937376e-07,0,3.1761519494466484e-05,0,3.999311229563318e-05,0
0,5,1.334420796504645e-09,0,0.0,0,2.173059101551189e-06,0,2.1453150765247562e-05,0,5.435154216014758e-08,0,3.1497904274147004e-05,0,3.999311229563318e-05,0
0,4,0.7129258676278539,0,0.02,0,0.014783441089093685,0,0.00168392896431908,0,0.04351299527661508,0,0.0021891798824071884,0,0.0019115293398499489,0
0,3,0.8734480075183181,0,0.01,0,0.0002612107200548053,0,6.733205664911008e-05,0,2.5401632950270653e-05,0,3.548790482454933e-05,0,4.167680162936449e-05,0
0,5,0.023243601994240713,0,0.01,0,0.00040345947491005063,0,4.575651684812778e-05,0,9.409767837944853e-05,0,4.3555697629926726e-05,0,4.461938806343824e-05,0
0,5,4.7869926500525435e-06,0,0.0,0,6.57832933939062e-05,0,2.3370957615585236e-05,0,3.348010243804071e-06,0,3.1497904274147004e-05,0,3.999311229563318e-05,0
0,3,0.17847848394008348,0,0.08,0,0.01425162237137556,0,0.00043667300306532176,0,0.0017920221399687223,0,5.2821422286797315e-05,0,3.999311229563318e-05,0
0,1,7.203772882771324e-05,0,0.0,0,1.8538554286351427e-05,0,3.8151749880826984e-05,0,1.693696219407569e-05,0,2.681088517419994e-05,0,3.999311229563318e-05,0
0,3,4.772928655692047e-08,0,0.01,0,1.0916103747149464e-05,0,2.431956359688109e-05,0,4.517040887930864e-07,0,3.1761519494466484e-05,0,3.999311229563318e-05,0
0,2,0.0001801821888563213,0,0.01,0,0.00015247116971295327,0,9.895113795312072e-05,0,0.009261274909854667,0,5.2628758567152545e-05,0,5.620380397886038e-05,0
0,1,8.979639675251175e-08,0,0.0,0,0.0001900116039905697,0,4.590034884152539e-05,0,2.1332764166718166e-05,0,2.593315912235994e-05,0,4.832909689866938e-05,0
0,3,0.9522825992544076,1,0.03,0,0.00034409016370773315,0,5.136766391856983e-05,0,0.0008510389873672075,0,0.00017652343376539648,0,0.00035315638524480164,0
0,5,0.18184070236761293,0,0.02,0,0.007858364842832088,0,7.305847375800066e-05,0,0.0004814336811408627,0,3.80511446564924e-05,0,4.100630758330226e-05,0
0,4,7.601891946565747e-09,0,0.0,0,4.934932348987786e-06,0,2.4816283919280916e-05,0,1.161022369364241e-08,0,7.944804383441806e-05,0,3.999311229563318e-05,0
0,1,3.208196896723067e-05,0,0.0,0,5.933945794822648e-05,0,4.731613113857996e-05,0,6.654729514020742e-08,0,2.593315912235994e-05,0,3.999311229563318e-05,0
0,4,0.8878877953394995,0,0.1,0,0.04293389618396759,0,0.006332563609469546,0,0.011752021836622075,0,0.0009219821076840162,0,9.512611723039299e-05,0
0,2,0.00033810819524005703,0,0.0,0,8.425258420174941e-05,0,2.040673389136369e-05,0,1.5519327932218565e-06,0,3.448793358984403e-05,0,3.999311229563318e-05,0
0,3,0.0005089815096007721,0,0.0,0,5.245506690698676e-05,0,2.0983309816701972e-05,0,1.3266295376535332e-05,0,3.185816603945568e-05,0,3.999311229563318e-05,0
0,1,4.372730043901943e-05,0,0.0,0,2.2907115635462105e-05,0,2.923739354564289e-05,0,5.312626519000607e-08,0,2.5950597773771733e-05,0,3.999311229563318e-05,0
0,3,0.0019653321180580427,0,0.0,0,6.555561412824318e-06,0,2.1123573940997695e-05,0,6.274043797178117e-06,0,3.1761519494466484e-05,0,4.087965135113336e-05,0
0,2,0.00017767266668105683,0,0.01,0,9.013935596158262e-06,0,2.4075391156251946e-05,0,1.0419644701745769e-06,0,3.585121521609835e-05,0,3.999311229563318e-05,0
0,3,0.07054987717389688,0,0.03,0,5.4644384363200516e-05,0,5.923398138642756e-05,0,0.001113542713667107,0,4.655610246118158e-05,0,5.5092434195103124e-05,0
0,5,1.0718045482173027e-06,0,0.0,0,1.5174275176832452e-05,0,2.1509837963860752e-05,0,2.793701345159971e-07,0,3.1497904274147004e-05,0,3.999311229563318e-05,0
0,5,0.9982465516599051,1,0.03,0,0.003845339175313711,0,0.0019475921646334795,0,0.003598686831394684,0,0.0013083162484690547,0,0.0005013385089114308,0
0,4,0.009470873092054403,0,0.01,0,2.69870770353009e-06,0,6.33903849665287e-05,0,1.7395910029693012e-05,0,0.00010114255564985797,0,6.561199552379549e-05,0
0,3,0.12159676301624371,0,0.01,0,0.0004429300024639815,0,3.6048582320499666e-05,0,0.001904491888944729,0,0.000325160042848438,0,6.640213541686535e-05,0
0,2,2.995035671272258e-07,0,0.0,0,3.937663132091984e-05,0,2.1169498856998387e-05,0,6.217098374501828e-08,0,3.448793358984403e-05,0,3.999311229563318e-05,0
0,1,0.5179035814323854,0,0.06,0,0.2181454598903656,1,0.5560798480611316,1,0.05272311920924343,0,0.00015418697148561478,0,0.0003824210725724697,0
0,2,0.0003716820120547677,0,0.02,0,0.0005761244683526456,0,4.293835992341546e-05,0,0.0007891221506917913,0,3.448793358984403e-05,0,3.999311229563318e-05,0
0,3,0.00012000015447397005,0,0.0,0,1.483814230596181e-05,0,2.1122644726972604e-05,0,4.1556309478181205e-06,0,3.420502980588935e-05,0,3.999311229563318e-05,0
0,1,0.009451139351601417,0,0.0,0,4.981695019523613e-05,0,1.8907051936972915e-05,0,4.4003159692232025e-05,0,2.7770796805270948e-05,0,4.045501191285439e-05,0
0,4,7.37158262718106e-07,0,0.0,0,2.0124933143961243e-05,0,2.130317512141655e-05,0,4.877122834428351e-08,0,7.944804383441806e-05,0,3.999311229563318e-05,0
0,4,1.339094697794428e-07,0,0.0,0,2.0810597561649047e-05,0,2.445452722984525e-05,0,1.5137934890321795e-05,0,0.00012687260459642857,0,7.144309347495437e-05,0
0,5,0.005868946887042973,0,0.02,0,0.004449665546417236,0,0.001263971770239211,0,0.06408656966164765,0,0.00035959278466179967,0,0.00029075355269014835,0
0,3,0.17186486703861642,0,0.01,0,0.0005556271644309163,0,7.475233541078253e-05,0,9.694311916141469e-05,0,4.639337203116156e-05,0,3.999311229563318e-05,0
0,1,0.006522301722746881,0,0.0,0,1.1673961125779897e-05,0,1.6908216913962244e-05,0,0.00031765985762307957,0,2.646033317432739e-05,0,4.01644610974472e-05,0
0,3,0.0010296775765475533,0,0.01,0,0.0001971297460841015,0,4.9414428509605686e-05,0,0.00014035282807076148,0,3.1761519494466484e-05,0,3.999311229563318e-05,0
0,1,0.07831203607159194,0,0.01,0,0.00018601777264848351,0,7.893308580176184e-05,0,0.025916974675627414,0,2.643061634444166e-05,0,4.1334100387757644e-05,0
0,2,1.6646750067851643e-06,0,0.01,0,3.981258851126768e-05,0,4.023794291669858e-05,0,1.5067055472047416e-05,0,3.448793358984403e-05,0,3.999311229563318e-05,0
0,1,1.0661769043381361e-07,0,0.0,0,1.4458746591117233e-05,0,2.506002893284331e-05,0,1.5956745584415762e-08,0,2.593315912235994e-05,0,3.999311229563318e-05,0
0,5,8.452971932529119e-05,0,0.01,0,3.8115081224532332e-06,0,3.846981207847418e-05,0,2.3291055805268817e-05,0,3.1497904274147004e-05,0,4.363610059954226e-05,0
0,1,9.723689102114206e-06,0,0.01,0,4.279983841115609e-06,0,3.4190088752821935e-05,0,9.719429976195945e-05,0,2.593315912235994e-05,0,3.999311229563318e-05,0
0,5,0.21829523097330983,0,0.02,0,0.0031678907107561827,0,0.00232618207771026,0,0.010333705719675935,0,6.422448495868593e-05,0,0.0002937118406407535,0
0,1,0.006493721670999286,0,0.01,0,0.00039059214759618044,0,0.0021200223422480724,0,0.00033402841277233974,0,2.6305842766305432e-05,0,3.999311229563318e-05,0
0,4,0.0028883208348836503,0,0.0,0,0.00033001898555085063,0,9.158641258198186e-05,0,1.2306323078205504e-05,0,8.031178003875539e-05,0,4.0052713302429765e-05,0
0,5,0.01864364439726507,0,0.05,0,0.00045719495392404497,0,6.31141615341683e-05,0,7.144907240979738e-05,0,0.00020002566452603787,0,9.548827802063897e-05,0
0,2,3.170740888174881e-05,0,0.0,0,4.465211168280803e-05,0,2.1171103119756645e-05,0,5.924768791146771e-07,0,3.448793358984403e-05,0,3.999311229563318e-05,0
0,3,0.0022657204020310497,0,0.0,0,2.686408333829604e-05,0,2.5592562134873628e-05,0,2.0766121986148397e-05,0,3.1761519494466484e-05,0,4.110315421712585e-05,0
0,5,4.323679128504423e-05,0,0.0,0,2.1597543309326284e-05,0,2.290321033036725e-05,0,1.2501480159484011e-05,0,3.154121441184543e-05,0,3.999311229563318e-05,0
0,2,3.9196079937338505e-07,0,0.0,0,1.5615853044437245e-05,0,2.4937940759510574e-05,0,3.067358123938718e-07,0,3.448793358984403e-05,0,3.999311229563318e-05,0
0,3,8.704448906535054e-05,0,0.0,0,1.1411380910431035e-05,0,2.5933120418349348e-05,0,1.773408031385731e-07,0,3.1761519494466484e-05,0,3.999311229563318e-05,0
0,3,4.501786167590289e-05,0,0.01,0,0.0002705395163502544,0,3.455760793286044e-05,0,0.00012806247013441251,0,3.227777051506564e-05,0,3.999311229563318e-05,0
0,2,0.003988472167855694,0,0.0,0,1.802735641831532e-05,0,2.9565228036585243e-05,0,7.570793407128222e-05,0,3.448793358984403e-05,0,3.999311229563318e-05,0
0,1,0.06746436820157972,0,0.03,0,0.0024059114512056112,0,0.0008130152510401587,0,0.0010962835487407592,0,0.00028500109328888357,0,0.000234079867368564,0
0,4,3.564361001983385e-05,0,0.01,0,0.00036022771382704377,0,2.057533918520898e-05,0,1.1972744040191215e-05,0,0.00011088776227552444,0,7.056159665808082e-05,0
0,5,0.03634864099438736,0,0.0,0,7.797105354256928e-05,0,4.226321741404853e-05,0,9.292797171198991e-05,0,3.162833672831766e-05,0,4.16916846006643e-05,0
0,5,0.08404620129521442,0,0.02,0,0.021117260679602623,0,0.010555519974861668,0,0.002066927013337684,0,0.000236145977396518,0,0.0003744451969396323,0
0,1,1.0642422331220433e-07,0,0.0,0,3.596184615162201e-05,0,2.1233784703883328e-05,0,1.1301332588705232e-07,0,2.6251964300172403e-05,0,3.999311229563318e-05,0
0,4,0.000221541072172993,0,0.0,0,0.0004435510782059282,0,6.942701821020369e-05,0,0.00012254424913362634,0,8.276263542938977e-05,0,4.014210935565643e-05,0
0,5,6.131836860449031e-07,0,0.02,0,1.6417283404734917e-05,0,5.550034316647247e-05,0,2.6887864535676135e-07,0,3.151738928863779e-05,0,3.999311229563318e-05,0
0,1,0.002151558605905103,0,0.0,0,8.625839109299704e-05,0,2.4068559882999016e-05,0,0.00017643359893889746,0,2.593315912235994e-05,0,3.999311229563318e-05,0
0,1,0.0022289377222288486,0,0.01,0,8.963241270976141e-06,0,7.858111946248945e-05,0,1.7905490457498896e-05,0,4.237894245306961e-05,0,5.523515210370533e-05,0
0,4,0.006398666640811937,0,0.02,0,0.0011803066590800881,0,0.001623468860637207,0,9.100088467231643e-05,0,0.0010820945026353002,0,0.007231010589748621,0
0,3,1.4934131033966488e-06,0,0.0,0,0.00012080562009941787,0,2.0098257853102056e-05,0,2.378681912850906e-06,0,3.1761519494466484e-05,0,3.999311229563318e-05,0
0,1,0.129232158711302,0,0.01,0,2.1462217773660086e-05,0,2.7578487425447663e-05,0,0.0003472088949675358,0,2.593315912235994e-05,0,4.0618910134071484e-05,0
0,4,7.635760821190037e-05,0,0.0,0,0.001046837423928082,0,3.340729775046545e-05,0,1.696442503765669e-05,0,7.944804383441806e-05,0,3.999311229563318e-05,0
0,2,0.00726314902748805,0,0.0,0,0.0004401358892209828,0,8.614874616157029e-05,0,0.00025174229530149837,0,0.00020354337175376713,0,3.999311229563318e-05,0
0,2,0.1743898302560599,0,0.03,0,0.00017272168770432472,0,4.073192641526709e-05,0,1.5936702927860185e-06,0,4.59781258541625e-05,0,3.999311229563318e-05,0
0,4,0.007342611062119344,0,0.0,0,1.2575221262522973e-05,0,2.8543730810063755e-05,0,4.1088467728104894e-05,0,7.944804383441806e-05,0,3.999311229563318e-05,0
0,5,0.0026374468567802053,0,0.01,0,2.9549933969974518e-05,0,6.71906448456968e-05,0,2.875630204336508e-06,0,4.323991743149236e-05,0,6.78898868500255e-05,0
0,1,0.025598202240283613,0,0.03,0,0.0020138744730502367,0,0.0003293148127273307,0,0.02200202421123303,0,0.00013478484470397234,0,0.00015772534243296832,0
0,5,0.02238770447753018,0,0.05,0,0.003605104982852936,0,9.73812385331998e-05,0,5.3409075454347594e-05,0,3.1597723136655986e-05,0,4.520790753304027e-05,0
0,3,0.0053168462530708725,0,0.01,0,2.3264336050488055e-05,0,2.3848954790343315e-05,0,6.819499705331444e-05,0,3.463605389697477e-05,0,3.999311229563318e-05,0
0,5,0.2277963726381237,0,0.04,0,0.08932988345623016,0,0.009798537665929245,0,0.20118500713536414,0,0.0004047800903208554,0,0.0004970900481566787,0
0,5,0.3619089811838576,0,0.03,0,8.103924483293667e-05,0,1.8698940117891395e-05,0,1.2081058810865905e-05,0,3.329231185489334e-05,0,4.0157014154829085e-05,0
0,5,0.0002559598648682603,0,0.0,0,0.00010817935253726318,0,1.9909673774199603e-05,0,1.7703300456895296e-06,0,3.1497904274147004e-05,0,3.999311229563318e-05,0
0,2,2.2995986138212666e-05,0,0.0,0,2.8625267077586614e-05,0,2.1172979085313295e-05,0,2.5255253493227912e-08,0,3.448793358984403e-05,0,3.999311229563318e-05,0
0,2,1.0162924716661141e-06,0,0.0,0,1.118619638873497e-05,0,2.1172979085313295e-05,0,4.629568604999628e-08,0,3.448793358984403e-05,0,3.999311229563318e-05,0
0,4,0.0005652032550027828,0,0.0,0,7.434217695845291e-05,0,2.9005423519245377e-05,0,4.0333095354460474e-05,0,0.0001250615605385974,0,4.0760460251476616e-05,0
0,2,3.9084812364938524e-06,0,0.01,0,0.00016395485727116466,0,4.056847279419463e-05,0,1.2947718860340219e-06,0,4.018490290036425e-05,0,3.999311229563318e-05,0
0,5,7.498689302350645e-07,0,0.02,0,2.0985018636565655e-05,0,3.124311654936033e-05,0,1.7965281767247125e-06,0,3.159222978865728e-05,0,4.1542698454577476e-05,0
0,1,0.026231316929459732,0,0.0,0,1.1053123671445064e-05,0,1.9976255702094704e-05,0,9.050516163344418e-06,0,2.7135742129758e-05,0,3.999311229563318e-05,0
0,4,0.461340549143752,0,0.03,0,0.0008027855074033141,0,3.7182994437876355e-05,0,0.0004201059566488899,0,0.00010525028483243659,0,4.0760460251476616e-05,0
0,1,0.002832971096578244,0,0.01,0,1.711785444058478e-05,0,2.4687524402870953e-05,0,8.831522017124155e-07,0,2.593315912235994e-05,0,3.999311229563318e-05,0
0,4,3.866293573980987e-06,0,0.0,0,6.0713955463143066e-05,0,2.0586359318278194e-05,0,1.9779644440066496e-07,0,7.944804383441806e-05,0,3.999311229563318e-05,0
0,4,4.944188857734122e-05,0,0.0,0,1.4643891518062446e-05,0,2.1303310826482356e-05,0,4.0634822411502525e-08,0,7.944804383441806e-05,0,3.999311229563318e-05,0
0,3,0.00016177853095769712,0,0.03,0,0.0001298654096899554,0,7.428463732538194e-05,0,1.548765885155307e-05,0,3.1761519494466484e-05,0,3.999311229563318e-05,0
0,4,0.002010245933637949,0,0.01,0,0.00031381534063257277,0,3.3619419902852877e-05,0,3.3504413789550614e-05,0,7.944804383441806e-05,0,3.999311229563318e-05,0
0,5,0.03947350658229071,0,0.01,0,8.882475958671421e-05,0,1.3064185699795528e-05,0,2.8693525443412846e-06,0,3.864278914988972e-05,0,3.999311229563318e-05,0
0,3,0.00011408101647940278,0,0.0,0,8.513554348610342e-06,0,2.1449201783017688e-05,0,1.1472207912194417e-07,0,3.1761519494466484e-05,0,3.999311229563318e-05,0
0,3,5.4126219375586486e-05,0,0.01,0,1.898883783724159e-05,0,3.157483243381121e-05,0,1.2534377858216113e-06,0,3.1934079743223265e-05,0,3.999311229563318e-05,0
0,1,1.3000922320095395e-06,0,0.0,0,4.310172244004207e-06,0,2.068214049208616e-05,0,7.585873881151827e-08,0,2.593315912235994e-05,0,3.999311229563318e-05,0
0,3,0.9135845170709298,0,0.05,0,0.005316749680787325,0,0.0006422606319265153,0,0.006789122393401129,0,0.0019921574275940657,0,0.01737438142299652,0
0,4,0.0003207877498204614,0,0.0,0,7.009791715972824e-06,0,2.2733864046904335e-05,0,2.0293324735442059e-07,0,7.944804383441806e-05,0,3.999311229563318e-05,0
0,1,3.8074723231420195e-05,0,0.0,0,3.397966565898969e-06,0,2.4501655039256097e-05,0,1.1291304572295484e-07,0,2.593315912235994e-05,0,3.999311229563318e-05,0
0,4,0.00026556033634395494,0,0.0,0,1.1305864063615445e-05,0,2.8733613258833395e-05,0,3.3048298336575527e-06,0,0.00010519867646507919,0,4.2697392927948385e-05,0
0,5,0.0002842172163172347,0,0.02,0,0.0006466598133556545,0,7.867665368496524e-05,0,6.810524409478792e-05,0,0.00043534705764614046,0,4.674262163462117e-05,0
0,2,0.525988359025911,0,0.03,0,0.007853477261960506,0,0.007891771028441184,0,0.0004980892381553851,0,0.0019986634142696857,0,0.00018335897766519338,0
0,2,2.67590642194566e-07,0,0.0,0,1.3136838788341265e-05,0,2.1149315812729477e-05,0,4.195933987978668e-08,0,3.448793358984403e-05,0,3.999311229563318e-05,0
0,5,2.3376003030702274e-05,0,0.01,0,4.0610877476865426e-05,0,4.611932415048242e-05,0,6.915716441407479e-07,0,3.1497904274147004e-05,0,3.999311229563318e-05,0
0,5,0.2013524705647836,0,0.08,0,0.03749167546629906,0,0.00848379953157675,0,0.6060974683344086,1,0.0007482329965569079,0,0.0001632743515074253,0
0,4,0.0021546648444153516,0,0.01,0,0.0007691045175306499,0,9.780464524879302e-05,0,0.0002850354313318942,0,8.54512327350676e-05,0,4.163954145042226e-05,0
0,2,1.1932319865424967e-08,0,0.01,0,6.421780562959611e-05,0,7.587686390467001e-05,0,6.577499907387683e-07,0,0.00013430527178570628,0,0.00011798548803199083,0
0,4,0.0004730692329750471,0,0.0,0,0.0006712551112286747,0,7.98689905006935e-05,0,2.277270021061715e-05,0,8.01595306256786e-05,0,5.1197515858802944e-05,0
0,5,0.001618200908344329,0,0.0,0,0.00011141973664052784,0,2.0615278413939593e-05,0,9.249033513745636e-06,0,3.268880391260609e-05,0,4.18555828218814e-05,0
0,2,0.0001709597849810987,0,0.0,0,1.3853968084731605e-05,0,2.4031938408380872e-05,0,2.4657662932379606e-05,0,3.448793358984403e-05,0,3.999311229563318e-05,0
0,3,0.045542152472896405,0,0.06,0,0.022595597431063652,0,0.0033060742576378126,0,0.02778865961665821,0,5.781253639725037e-05,0,0.0002006132563110441,0
0,2,0.011762439341774308,0,0.01,0,0.00011776918836403638,0,2.6542610990693353e-05,0,0.00021711047200148395,0,3.4822671295842156e-05,0,3.999311229563318e-05,0
0,4,8.299358654720904e-06,0,0.01,0,6.0730217228410766e-06,0,5.293826010134212e-05,0,1.1871862506988188e-05,0,9.050079097505659e-05,0,3.999311229563318e-05,0
0,3,0.0077008833193528085,0,0.01,0,0.0019922356586903334,0,0.0018292967668484383,0,0.0006490977197493744,0,3.181387000950053e-05,0,3.999311229563318e-05,0
0,5,0.009025398344620423,0,0.0,0,2.1933921743766405e-05,0,2.475467566074481e-05,0,6.305571778982337e-05,0,3.1497904274147004e-05,0,3.999311229563318e-05,0
0,4,0.053345070799330305,0,0.0,0,7.2952221671585e-05,0,4.508500274390539e-05,0,3.2561762633055714e-05,0,8.170272485585883e-05,0,3.999311229563318e-05,0
0,5,0.012280001088961618,0,0.04,0,0.00012578578025568277,0,0.0003388834216413681,0,1.2771895810730294e-05,0,4.636887751985341e-05,0,6.0412327002268285e-05,0
0,4,0.5427222794130901,0,0.05,0,3.5462519008433446e-05,0,6.32373316827237e-05,0,0.0011541003011598444,0,0.0002842360991053283,0,7.293473754543811e-05,0
0,3,0.0006718109712772663,0,0.01,0,0.000569273775909096,0,1.341686279164555e-05,0,0.00015801164554538576,0,5.306976891006343e-05,0,5.0236474635312334e-05,0
0,4,0.005210510675061648,0,0.0,0,1.1896341675310396e-05,0,2.065429846089993e-05,0,9.682492419232334e-06,0,7.944804383441806e-05,0,3.999311229563318e-05,0
0,5,0.00017960270424672125,0,0.03,0,0.01651768572628498,0,0.2856375064867463,1,0.0012158723604178045,0,0.00029502162942662835,0,4.721193909063004e-05,0
0,1,0.2575486144322471,0,0.05,0,0.03897508606314659,0,0.01519387451034351,0,0.04686624825265793,0,4.8970385250868276e-05,0,6.041910091880709e-05,0
0,1,0.0005725249823114093,0,0.0,0,8.981284918263555e-05,0,2.4526097185532634e-05,0,5.631321059675553e-07,0,2.6954105123877525e-05,0,3.999311229563318e-05,0
0,4,0.014770312700726899,0,0.0,0,0.00019070968846790493,0,3.3009725675798364e-05,0,5.4254722227212894e-06,0,8.624196925666183e-05,0,3.999311229563318e-05,0
0,4,0.00012359978734713072,0,0.03,0,0.0006179322954267263,0,0.00020729547632535982,0,0.00033370736386599813,0,0.00013651094923261553,0,8.349822019226849e-05,0
0,2,0.00015827431007740513,0,0.0,0,1.919717396958731e-05,0,2.4359123099522883e-05,0,9.177648522169681e-07,0,3.448793358984403e-05,0,3.999311229563318e-05,0
0,5,0.9654887033631105,0,0.14,1,0.028255315497517586,0,0.023371603681637987,0,0.06550414717253564,0,0.0010033044964075089,0,0.00016671208140905946,0
0,5,7.355295823214174e-05,0,0.01,0,0.00021070697403047234,0,3.371657706982004e-05,0,2.2126548007781326e-05,0,3.2326362997991964e-05,0,3.999311229563318e-05,0
0,3,5.592046935752132e-06,0,0.0,0,4.660987997340271e-06,0,2.1134768362008426e-05,0,2.0491356083310836e-06,0,3.1761519494466484e-05,0,3.999311229563318e-05,0
0,2,0.9753836063496479,1,0.05,0,0.012064964510500431,0,0.0037258385720819664,0,0.25368277709428283,1,0.09074048697948456,0,0.00027580204186961055,0
0,3,0.0003067777503266157,0,0.0,0,9.357334056403488e-05,0,2.7634742944871012e-05,0,3.7594912247111286e-05,0,3.496754652587697e-05,0,4.166188955423422e-05,0
0,1,0.9171556161315875,1,0.05,0,0.0014758657198399305,0,0.00017214324999100845,0,0.04505353703849816,0,0.00015262194210663438,0,0.0002113015070790425,0
0,2,0.00033604030789051675,0,0.0,0,1.5977249859133735e-05,0,2.0308288449260306e-05,0,6.705440258128717e-07,0,3.448793358984403e-05,0,3.999311229563318e-05,0
0,2,0.0011632824309435487,0,0.0,0,0.00011271018593106419,0,2.0289144777584484e-05,0,4.891398850391083e-06,0,3.448793358984403e-05,0,3.999311229563318e-05,0
0,3,0.002354141012066969,0,0.0,0,1.0269044651067816e-05,0,2.1316474824714216e-05,0,8.218236875122371e-07,0,3.2155850931303576e-05,0,4.061890649609268e-05,0
0,4,0.0018293053680584663,0,0.0,0,1.1960979463765398e-05,0,4.803583439129164e-05,0,4.966862192806719e-06,0,8.133731898851693e-05,0,4.020171400043182e-05,0
0,1,0.03061699466947633,0,0.03,0,1.3866909284843132e-05,0,0.00019721924310939624,0,6.75947779802597e-05,0,3.306690268800594e-05,0,5.254597635939717e-05,0
0,2,9.24745530345636e-05,0,0.0,0,1.4785030543862376e-05,0,5.8502397554205556e-05,0,3.199488846023969e-06,0,4.994585469830781e-05,0,7.55193323129788e-05,0
0,2,0.0017554428267277085,0,0.01,0,0.00042056216625496745,0,0.0002102799708260247,0,0.0006384186513918513,0,3.928011210518889e-05,0,3.999311229563318e-05,0
0,3,0.11456032450094729,0,0.01,0,0.00016803780454210937,0,3.607132848871446e-05,0,0.0001487260072134193,0,0.010928856208920479,0,0.0012320271926000714,0
0,1,0.00010383051463880066,0,0.0,0,2.0591842257999815e-05,0,2.3324296631837748e-05,0,1.2933383540008441e-07,0,2.593315912235994e-05,0,3.999311229563318e-05,0
0,2,0.00017361749332433628,0,0.01,0,1.2887655429949518e-05,0,2.1151059155312113e-05,0,1.3832834705920216e-07,0,3.448793358984403e-05,0,3.999311229563318e-05,0
0,3,0.00369956383580787,0,0.02,0,1.755521589075215e-05,0,2.135836804658327e-05,0,4.340413147503938e-07,0,3.188538903486915e-05,0,3.999311229563318e-05,0
0,4,0.13853814827239386,0,0.02,0,0.0017487643053755164,0,0.0018922425467251124,0,0.006372523597105744,0,0.00015173046267591417,0,4.9208570999326184e-05,0
0,5,0.45265327640071784,0,0.1,0,0.0017964080907404423,0,0.0007111683399282901,0,0.002136536324525481,0,0.001977537525817752,0,0.0015693746972829103,0
0,2,5.533185540196867e-07,0,0.0,0,0.00016629196761641651,0,2.1161909112662246e-05,0,3.5436992665119275e-07,0,3.448793358984403e-05,0,3.999311229563318e-05,0
0,4,6.910524929161282e-06,0,0.0,0,6.928112725290703e-06,0,2.7861102440180334e-05,0,1.602898041682877e-07,0,7.944804383441806e-05,0,3.999311229563318e-05,0
0,1,0.00035569149268593826,0,0.0,0,4.296095994504867e-06,0,2.104888037023789e-05,0,6.596920976085758e-08,0,2.593315912235994e-05,0,3.999311229563318e-05,0
0,4,0.007880966346296306,0,0.02,0,8.298239117721096e-05,0,2.9419725485859786e-05,0,1.777782090948263e-06,0,0.0001292163215111941,0,5.0973918405361474e-05,0
0,2,9.211047822242352e-09,0,0.0,0,2.6039197109639645e-05,0,2.1177977123286696e-05,0,3.295851068210815e-08,0,3.448793358984403e-05,0,3.999311229563318e-05,0
0,1,3.6584432751347993e-06,0,0.0,0,5.861371391802095e-06,0,2.417880027003463e-05,0,3.9508276125888236e-07,0,2.593315912235994e-05,0,3.999311229563318e-05,0
0,3,0.018007898351986178,0,0.0,0,0.00014393613673746586,0,2.063032076971654e-05,0,3.83275999278364e-06,0,3.785063381656073e-05,0,5.7686189393280074e-05,0
0,3,1.8025223233707064e-05,0,0.03,0,0.011732741259038448,0,0.0002991904710188153,0,0.0045697398144971466,0,0.0002736186725087464,0,8.137532131513581e-05,0
0,5,0.0005242314011708014,0,0.0,0,7.108658792276401e-06,0,2.1440773794164518e-05,0,6.084378524546729e-08,0,3.1497904274147004e-05,0,3.999311229563318e-05,0
0,1,3.7803262758744224e-06,0,0.0,0,7.427837317663943e-06,0,2.078273641524658e-05,0,1.9545407617928316e-07,0,2.7191230401513167e-05,0,3.999311229563318e-05,0
0,5,6.839446111930992e-07,0,0.03,0,0.000631854054518044,0,6.950959192771839e-05,0,6.514773902961895e-05,0,5.618328941636719e-05,0,4.1997125663328916e-05,0
0,5,0.0007427524644688683,0,0.01,0,3.862660832965048e-06,0,5.046016486523454e-05,0,9.703193774634128e-08,0,3.1497904274147004e-05,0,3.999311229563318e-05,0
0,4,8.870530623153997e-08,0,0.01,0,0.0002745583187788725,0,0.00010893640364181876,0,4.071543286363679e-05,0,0.00012958790466655046,0,6.575912266271189e-05,0
0,1,0.0051254095503434636,0,0.0,0,3.6093300877837464e-05,0,4.868147945625873e-05,0,2.7872097654470925e-05,0,2.692405178095214e-05,0,5.0548849685583264e-05,0
0,4,0.012155855601716085,0,0.0,0,5.036206130171195e-05,0,2.4620909216800063e-05,0,9.984325839114818e-06,0,7.944804383441806e-05,0,3.999311229563318e-05,0
0,2,2.32516552918841e-06,0,0.0,0,2.0027138816658407e-05,0,2.7862243674716945e-05,0,1.418449034130972e-06,0,3.962416303693317e-05,0,3.999311229563318e-05,0
0,3,1.5368899109524994e-05,0,0.0,0,1.224505376740126e-05,0,2.8570471635930152e-05,0,8.816717413252572e-06,0,3.1761519494466484e-05,0,3.999311229563318e-05,0
0,2,4.6015068573769836e-07,0,0.0,0,4.2903968278551474e-05,0,2.0855806424332808e-05,0,5.811389398661422e-07,0,3.448793358984403e-05,0,3.999311229563318e-05,0
0,4,4.565211918368951e-06,0,0.0,0,7.14127418177668e-06,0,3.256112748396423e-05,0,1.6311185241397298e-05,0,8.516360685462132e-05,0,3.999311229563318e-05,0
0,1,0.025177519477495663,0,0.0,0,9.70625569607364e-06,0,2.3898677237527597e-05,0,6.325184108550254e-05,0,2.6030131266452372e-05,0,3.999311229563318e-05,0
0,5,0.031956097731151094,0,0.0,0,4.484259625314735e-05,0,3.0975808513643135e-05,0,2.4507547722321935e-06,0,4.358197111287154e-05,0,4.064870881848037e-05,0
0,5,0.005103938451455024,0,0.01,0,0.00012873407104052603,0,0.00012242866269224955,0,1.7628220912275287e-05,0,3.232148810639046e-05,0,3.999311229563318e-05,0
0,3,2.701363817643545e-05,0,0.0,0,1.3126306839694735e-05,0,2.1125134311513505e-05,0,1.3847149957165985e-06,0,3.904776895069517e-05,0,4.3248728616163135e-05,0
0,1,0.05983411314426937,0,0.0,0,1.2961745596840046e-05,0,4.401577905318946e-05,0,0.0007304502503441472,0,2.595490514067933e-05,0,3.999311229563318e-05,0
0,5,0.03814630982738216,0,0.0,0,2.1648413166985847e-05,0,0.00011787480792396178,0,6.879240526145842e-06,0,0.00015442020958289504,0,7.616088259965181e-05,0
0,3,2.98495832825805e-06,0,0.03,0,0.000126328130136244,0,7.911197541768248e-05,0,2.027151791540068e-06,0,3.1761519494466484e-05,0,3.999311229563318e-05,0
0,4,7.405122752983573e-07,0,0.0,0,3.3537896797497524e-06,0,2.1327544530376465e-05,0,6.193349100200847e-08,0,7.944804383441806e-05,0,3.999311229563318e-05,0
0,2,0.0027860779322243295,0,0.0,0,7.716871550655924e-06,0,2.6661369291441354e-05,0,6.297484693745917e-07,0,3.448793358984403e-05,0,3.999311229563318e-05,0
0,4,2.5324694878359453e-05,0,0.01,0,2.5467690647928976e-05,0,2.062360985081132e-05,0,7.571662396343263e-06,0,8.606966730440035e-05,0,3.999311229563318e-05,0
0,4,4.4290645847781334e-05,0,0.01,0,0.0005796296754851937,0,0.00013696616286602563,0,1.076641595962766e-05,0,8.284812065539882e-05,0,4.119255390833132e-05,0
0,2,0.0070095088281297135,0,0.01,0,0.0004531485610641539,0,4.2622384728656484e-05,0,0.00019799025040929884,0,3.8388967368518934e-05,0,4.2354709876235574e-05,0
0,5,0.006760010995794726,0,0.0,0,3.9706501411274076e-05,0,2.1367166895838662e-05,0,5.314341870283305e-08,0,3.2955314964056015e-05,0,3.999311229563318e-05,0
0,2,0.027687543346778924,0,0.0,0,0.00049992447020486,0,2.2473708274102843e-05,0,0.00010835072068152813,0,0.00011735747830243781,0,8.46073089633137e-05,0
0,4,8.338752039813429e-05,0,0.0,0,0.00016637903172522783,0,3.4655902234959865e-05,0,0.00010593974319018321,0,8.80054067238234e-05,0,3.999311229563318e-05,0
0,4,0.049625535989528916,0,0.0,0,0.00013079424388706684,0,4.249333485204789e-05,0,0.0009459453824532716,0,0.00013129273429512978,0,4.376269498607144e-05,0
0,5,0.0019089661090704697,0,0.03,0,0.004994235932826996,0,0.01225560653004844,0,0.00861740856612212,0,5.9987356507917866e-05,0,7.840924808988348e-05,0
0,4,0.0006184129587615061,0,0.0,0,2.860199128917884e-05,0,4.231114838562073e-05,0,3.916611202936832e-06,0,7.944804383441806e-05,0,3.999311229563318e-05,0
0,4,0.8023985073007747,0,0.0,0,5.946821693214588e-05,0,4.7061519268011974e-05,0,7.819601506921505e-05,0,8.130156493280083e-05,0,3.999311229563318e-05,0
0,2,4.197842346514331e-05,0,0.02,0,7.169653690652922e-05,0,6.623356956377555e-05,0,1.9615433268980183e-07,0,3.5576977097662166e-05,0,3.999311229563318e-05,0
0,1,0.00023681977717301942,0,0.03,0,9.331973706139252e-05,0,3.4503273380838676e-05,0,0.005735282172553628,0,2.597767706902232e-05,0,4.106590131414123e-05,0
0,5,3.368455883498125e-06,0,0.0,0,8.472869922115933e-06,0,2.1507322774986866e-05,0,1.6007689240116447e-06,0,3.1497904274147004e-05,0,3.999311229563318e-05,0
0,4,0.8393772777923929,0,0.08,0,0.38458240032196045,1,0.2765174000464318,1,0.22074069007508368,1,0.03510243818163872,0,0.06239646300673485,0
0,5,0.053726208589683175,0,0.09,0,0.0015960376476868987,0,0.005982960174855355,0,0.08532989580969703,0,0.00010545255645411089,0,7.164439011830837e-05,0
0,5,9.54132917326536e-07,0,0.01,0,2.707761495912564e-06,0,2.9398636313827298e-05,0,2.6247081410350454e-06,0,3.8150905311340466e-05,0,4.019425978185609e-05,0
0,1,1.8557291583820967e-05,0,0.0,0,1.3344881153898314e-05,0,2.9739542000578077e-05,0,4.817081105283987e-06,0,2.593315912235994e-05,0,3.999311229563318e-05,0
0,2,0.00031447780043010633,0,0.0,0,4.714931856142357e-05,0,2.9298518297841606e-05,0,4.533616522697748e-06,0,3.448793358984403e-05,0,3.999311229563318e-05,0
0,3,0.7220853892404221,0,0.06,0,0.05690554901957512,0,0.012159471887595684,0,0.1984757266871887,1,0.00019992055604234338,0,0.00018673407612368464,0
0,4,9.745470969811103e-05,0,0.0,0,6.083119660615921e-05,0,0.00019214494976010872,0,8.596324496902424e-05,0,9.62215635809116e-05,0,4.026130409329198e-05,0
0,2,0.019572465095622417,0,0.02,0,0.00024392282648477703,0,4.5746953752861165e-05,0,0.0029752330585564647,0,6.531141843879595e-05,0,4.591566539602354e-05,0
0,3,0.0015423375852729971,0,0.02,0,3.1154278985923156e-05,0,4.4655634529251826e-05,0,3.934800523958279e-05,0,7.934872701298445e-05,0,9.544249769533053e-05,0
0,4,0.00010082092596443318,0,0.0,0,0.00010520259820623323,0,2.5983161718389766e-05,0,9.267186750227884e-06,0,8.404313120990992e-05,0,4.1617189708631486e-05,0
0,3,0.0004198653497591851,0,0.0,0,5.288017200655304e-05,0,7.941324547565863e-05,0,5.4330168877549094e-05,0,3.6791789170820266e-05,0,4.3434964027255774e-05,0
0,2,0.008833369965655287,0,0.04,0,0.0021164061035960913,0,0.0004340440292036359,0,0.01897730398359792,0,4.5161243178881705e-05,0,5.484027133206837e-05,0
0,2,0.0035554655869704513,0,0.04,0,0.00020512637274805456,0,1.9225059329306194e-05,0,0.0008683751383578298,0,4.858566535403952e-05,0,3.999311229563318e-05,0
0,5,0.00013489031806175294,0,0.01,0,0.001168001675978303,0,3.7870622011946807e-05,0,3.738084485303477e-05,0,3.251568341511302e-05,0,3.999311229563318e-05,0
0,5,0.0002663783427510875,0,0.01,0,0.05981634557247162,0,0.00019914943932360717,0,2.285006582432422e-05,0,5.377096385927871e-05,0,4.2727227992145345e-05,0
0,4,0.0021860583175741847,0,0.0,0,1.049548609444173e-05,0,4.910084695325986e-05,0,9.101219344515213e-07,0,0.00018357681983616203,0,7.631339394720271e-05,0
0,5,0.7074697558282722,0,0.02,0,0.000858785177115351,0,0.00022749157223095755,0,0.00011524785004750491,0,3.499922240735032e-05,0,3.999311229563318e-05,0
0,3,0.021688452360219882,0,0.02,0,0.00011026344873243943,0,2.527018440347062e-05,0,4.3213643479150355e-06,0,3.26819863403216e-05,0,4.282406371203251e-05,0
0,4,2.215610539897575e-05,0,0.0,0,3.0195213184924796e-05,0,2.3518589544702957e-05,0,1.7631686308781729e-06,0,7.944804383441806e-05,0,3.999311229563318e-05,0
0,2,0.023171023789311903,0,0.0,0,8.696632903593127e-06,0,7.969400215650943e-05,0,3.596739538825961e-05,0,3.448793358984403e-05,0,4.528252611635253e-05,0
0,3,0.0004609037573071656,0,0.01,0,0.00033113715471699834,0,0.00013897839757932308,0,0.001770550092507791,0,3.257000571466051e-05,0,3.999311229563318e-05,0
0,3,0.00010412246073108919,0,0.0,0,0.00042000348912552,0,6.738651180417869e-05,0,2.747770896821413e-05,0,3.686743730213493e-05,0,4.3204032408539206e-05,0
0,4,0.29674120701130857,0,0.0,0,0.00021988817024976015,0,5.1879779026905704e-05,0,0.000202095376673235,0,0.00014483545965049416,0,4.753971006721258e-05,0
0,4,1.1840083760196534e-06,0,0.05,0,0.04184101149439812,0,0.0016233199635837963,0,0.008688751458563784,0,0.0003619836352299899,0,5.051198968430981e-05,0
0,2,1.629200493398814e-05,0,0.01,0,4.085216914972989e-06,0,2.1151059155312113e-05,0,1.5425539117705436e-08,0,3.448793358984403e-05,0,3.999311229563318e-05,0
0,2,2.2710734299875883e-05,0,0.0,0,1.823865204642061e-05,0,1.9869250001251047e-05,0,3.078097686368722e-07,0,3.448793358984403e-05,0,3.999311229563318e-05,0
0,5,1.1992599169467163e-07,0,0.0,0,3.0489557047985727e-06,0,2.4991328668798098e-05,0,7.488247312463307e-08,0,3.1497904274147004e-05,0,3.999311229563318e-05,0
0,4,0.08138610087968627,0,0.06,0,6.572591519216076e-05,0,0.00023762145665331077,0,0.0027966815809442463,0,0.00017483216652181,0,6.331050826702267e-05,0
0,2,0.02821308666734737,0,0.01,0,1.8747830836218782e-05,0,0.00017071258878242153,0,1.1355149640385185e-05,0,3.9252787246368825e-05,0,5.3476767789106816e-05,0
0,2,9.597773422598422e-05,0,0.04,0,0.00013543732347898185,0,4.736941891583459e-05,0,3.3417351075956464e-06,0,3.7163383240113035e-05,0,3.999311229563318e-05,0
0,5,0.0016126349432392787,0,0.01,0,0.00014215953706298023,0,3.909921889428112e-05,0,4.491639056827978e-05,0,3.1497904274147004e-05,0,3.999311229563318e-05,0
0,1,5.605972708838248e-06,0,0.0,0,4.978294964530505e-05,0,2.1875769376622904e-05,0,3.8102664853963276e-06,0,2.593315912235994e-05,0,3.999311229563318e-05,0
0,3,9.180070169292723e-05,0,0.01,0,0.00016036130546126515,0,4.917339940447103e-05,0,1.6550330775639784e-05,0,3.316137008368969e-05,0,3.999311229563318e-05,0
0,1,0.0064723334151901455,0,0.0,0,1.2999377759115305e-05,0,2.9600054049400394e-05,0,3.356925684239132e-05,0,2.6197341867373325e-05,0,3.999311229563318e-05,0
0,2,0.1333230776417866,0,0.0,0,0.00019921656348742545,0,0.00015220563648889746,0,0.00036240497842754903,0,4.53908542112913e-05,0,4.889570118393749e-05,0
0,1,1.556283606270712e-05,0,0.01,0,0.0001268600026378408,0,0.000780003065914375,0,5.561719443625033e-05,0,2.8544698579935357e-05,0,3.999311229563318e-05,0
0,5,5.986773210737267e-08,0,0.0,0,4.6833436499582604e-05,0,1.9856695102071145e-05,0,1.535790162999849e-07,0,3.1497904274147004e-05,0,3.999311229563318e-05,0
0,1,4.598380284669137e-08,0,0.0,0,5.36181414645398e-06,0,2.1218624859766166e-05,0,4.738443750974759e-08,0,2.593315912235994e-05,0,3.999311229563318e-05,0
0,5,0.0011038791350326353,0,0.02,0,0.00011701804760377854,0,3.235848308092746e-05,0,1.4542568530842468e-06,0,3.2431136787636206e-05,0,3.999311229563318e-05,0
0,1,4.671185687432669e-06,0,0.0,0,2.36909108934924e-05,0,2.104924023438918e-05,0,1.5902451818131492e-08,0,2.593315912235994e-05,0,3.999311229563318e-05,0
0,2,0.007571577728642358,0,0.0,0,5.596304981736466e-05,0,4.2059401571163466e-05,0,7.817702707434481e-05,0,3.448793358984403e-05,0,3.999311229563318e-05,0
0,4,0.009893209911704497,0,0.0,0,1.9834351405734196e-05,0,5.44571870186915e-05,0,0.00015454048472171407,0,7.944804383441806e-05,0,3.999311229563318e-05,0
0,3,4.872843006928606e-05,0,0.01,0,0.001200730912387371,0,0.00015764922108777062,0,0.00028277942448189623,0,0.00010511706932447851,0,4.1654442611616105e-05,0
0,2,0.0007013750873075396,0,0.01,0,6.520470833493164e-06,0,2.0779059324762403e-05,0,1.8743820626740484e-06,0,3.448793358984403e-05,0,3.999311229563318e-05,0
0,3,0.0006289751214763858,0,0.0,0,6.9902089308016e-05,0,2.9399877472662467e-05,0,2.894095681578744e-07,0,3.1761519494466484e-05,0,3.999311229563318e-05,0
0,3,6.500065515332763e-07,0,0.0,0,0.000670882873237133,0,8.992415980897224e-05,0,0.00016798793963529945,0,4.268596603651531e-05,0,4.316676495363936e-05,0
0,1,0.10910577499047468,0,0.0,0,1.1794695637945551e-05,0,3.626049041772697e-05,0,0.00039301535031277025,0,2.6025269107776694e-05,0,4.607946902979165e-05,0
0,4,0.002014767995289296,0,0.01,0,0.00014751542767044157,0,0.0008845713189699762,0,6.390512958529558e-05,0,9.93315625237301e-05,0,4.046990943606943e-05,0
0,3,0.752979241049029,0,0.02,0,0.0020224505569785833,0,0.0012694741836897416,0,0.011752301215787487,0,9.895329276332632e-05,0,9.604800288798288e-05,0
0,5,1.3890601222880952e-05,0,0.0,0,3.086156357312575e-05,0,2.156440045035352e-05,0,2.6273475282705252e-08,0,3.1497904274147004e-05,0,3.999311229563318e-05,0
0,4,0.0007589425497936354,0,0.01,0,0.00022523307416122407,0,2.0056259694243092e-05,0,6.896409617631513e-05,0,9.15309356059879e-05,0,4.497704503592104e-05,0
0,5,0.002084598199871909,0,0.01,0,1.4399727660929784e-05,0,3.7228429980273985e-05,0,0.00012110856771856509,0,3.1497904274147004e-05,0,3.999311229563318e-05,0
0,1,5.904456605791538e-07,0,0.01,0,1.0827292499016039e-05,0,1.4217357393922855e-05,0,2.691460212052149e-06,0,2.8270735128899105e-05,0,3.999311229563318e-05,0
0,4,0.009933859426712046,0,0.01,0,0.00012561211769934744,0,4.2183797576191885e-05,0,5.343901495024892e-05,0,7.944804383441806e-05,0,3.999311229563318e-05,0
0,3,0.0910149866424481,0,0.0,0,5.20114554092288e-05,0,2.116112378020145e-05,0,2.9048655097281638e-05,0,3.181197462254204e-05,0,3.999311229563318e-05,0
0,4,4.059237359049771e-05,0,0.01,0,4.2486517486395314e-05,0,3.5897413515798763e-05,0,4.38489859089075e-06,0,7.944804383441806e-05,0,3.999311229563318e-05,0
0,5,0.8666469099174875,0,0.03,0,0.003994246944785118,0,0.0012816564185697179,0,0.007982197844241073,0,0.00011114266817457974,0,9.805258741835132e-05,0
0,5,0.0028830333423399686,0,0.02,0,6.243804091354832e-05,0,5.248062512541392e-05,0,3.568976934177745e-05,0,0.00014264821948017925,0,0.0016266050515696406,0
0,1,0.00043858362782301535,0,0.0,0,4.36339132647845e-06,0,5.237391779668438e-05,0,6.525956683256254e-05,0,2.593315912235994e-05,0,3.999311229563318e-05,0
0,2,0.00212948124916426,0,0.0,0,6.679516900476301e-06,0,2.7928058996810164e-05,0,1.1612820121735104e-06,0,3.448793358984403e-05,0,3.999311229563318e-05,0
0,3,7.259816469813091e-07,0,0.0,0,0.00048071128549054265,0,2.0989619599094845e-05,0,4.3786269406304364e-05,0,3.198450576746836e-05,0,3.999311229563318e-05,0
0,2,2.7497124025324475e-06,0,0.0,0,9.47468652157113e-06,0,2.111057931068629e-05,0,1.0084264846631663e-06,0,3.448793358984403e-05,0,3.999311229563318e-05,0
0,3,0.0005822066951173213,0,0.0,0,3.982967882620869e-06,0,2.1162491949871988e-05,0,9.943542877483977e-07,0,3.1761519494466484e-05,0,3.999311229563318e-05,0
0,1,0.001512839466819305,0,0.0,0,0.00010703371663112193,0,2.786287239282369e-05,0,0.00014551673468165153,0,2.593315912235994e-05,0,3.999311229563318e-05,0
0,4,0.0003875846037039673,0,0.0,0,1.862259887275286e-05,0,2.4564192780451322e-05,0,4.380045921762494e-07,0,7.944804383441806e-05,0,3.999311229563318e-05,0
0,3,0.012265285890177112,0,0.0,0,0.00045906842569820583,0,3.7701901676443346e-05,0,0.006908068769116579,0,8.50270880619064e-05,0,6.585010851267725e-05,0
0,1,3.9060176593951775e-06,0,0.0,0,2.0705560928035993e-06,0,0.00011289109439999395,0,3.9431895156527586e-07,0,2.6546918888925575e-05,0,3.999311229563318e-05,0
0,1,7.920242777831307e-09,0,0.0,0,4.376489869173383e-06,0,2.3845226779462105e-05,0,1.6999516684318912e-08,0,2.593315912235994e-05,0,3.999311229563318e-05,0
0,5,1.718461236780109e-07,0,0.0,0,6.864594524813583e-06,0,1.9658840012504363e-05,0,6.716210474801688e-08,0,3.1497904274147004e-05,0,3.999311229563318e-05,0
0,4,0.19759513421523797,0,0.01,0,0.00016852078260853887,0,0.00014000620483500405,0,0.00011677852247234134,0,0.0002862202818505466,0,3.999311229563318e-05,0
0,5,0.006586107886433275,0,0.01,0,3.7207264540484175e-06,0,2.715214900959876e-05,0,0.00045051652594523244,0,3.7134162994334474e-05,0,4.031346179544926e-05,0
0,2,0.00017498797112221507,0,0.0,0,9.593760296411347e-06,0,4.9406703625698783e-05,0,2.1946158395563034e-06,0,3.972888953285292e-05,0,4.0447561332257465e-05,0
0,1,0.016277106358288766,0,0.05,0,0.00012682237138506025,0,6.96544704883982e-05,0,0.0001348661435799869,0,3.14292628900148e-05,0,4.5319706259761006e-05,0
0,1,0.011100814747464821,0,0.01,0,0.0004444013466127217,0,5.135315713635443e-05,0,0.0008077831210574654,0,0.00010020562331192195,0,5.368520942283794e-05,0
0,1,3.272436629171313e-05,0,0.02,0,0.00028901229961775243,0,3.675640369928067e-05,0,0.00011097983145352664,0,2.593315912235994e-05,0,3.999311229563318e-05,0
0,2,0.4036231650538008,0,0.04,0,0.006522366311401129,0,0.031223237232350657,0,0.009693855913817401,0,0.00015163693751674145,0,4.578161679091863e-05,0
0,4,0.0029533752377329915,0,0.0,0,6.406232569133863e-05,0,2.0357475922115016e-05,0,7.997312217318153e-06,0,8.472800982417539e-05,0,3.999311229563318e-05,0
0,5,0.31092787459096044,0,0.0,0,0.000287149305222556,0,0.0020427093277556813,0,2.607417515313646e-05,0,9.350119944429025e-05,0,3.999311229563318e-05,0
0,4,0.0013184245791488275,0,0.02,0,0.0003063093463424593,0,5.933991103730702e-05,0,5.719479852934131e-05,0,0.00015878287376835942,0,5.3596457291860133e-05,0
0,5,0.0012483189878645569,0,0.0,0,5.065770892542787e-05,0,5.966773671890556e-05,0,2.2878980815267628e-07,0,3.507951623760164e-05,0,9.10543676582165e-05,0
0,1,0.0011609945372458965,0,0.0,0,3.1217355171975214e-06,0,2.1030711021406e-05,0,3.1137547262564544e-07,0,2.593315912235994e-05,0,3.999311229563318e-05,0
0,2,1.5392034484989221e-06,0,0.01,0,0.00018375022045802325,0,2.982022204102688e-05,0,1.3688668517995968e-06,0,3.448793358984403e-05,0,3.999311229563318e-05,0
0,5,7.385344529249934e-08,0,0.0,0,1.0475036106072366e-05,0,2.7384955134829793e-05,0,5.784810436203279e-07,0,3.1497904274147004e-05,0,3.999311229563318e-05,0
0,1,2.321796968380456e-05,0,0.0,0,5.5511158279841766e-05,0,2.9704706468473998e-05,0,5.899500114195099e-08,0,2.593315912235994e-05,0,3.999311229563318e-05,0
0,5,8.701756064815987e-05,0,0.0,0,1.8634839307196671e-06,0,2.3495825439840396e-05,0,1.035740280382613e-05,0,3.1497904274147004e-05,0,3.999311229563318e-05,0
0,2,0.0003282179694597056,0,0.0,0,1.622838681214489e-05,0,5.845732960137222e-05,0,4.044514736135785e-06,0,3.5813023714581504e-05,0,3.999311229563318e-05,0
0,4,0.39869660556655023,0,0.03,0,2.5473471396253444e-05,0,5.242632068065752e-05,0,4.561092997639464e-05,0,9.249505819752812e-05,0,9.004236926557496e-05,0
0,3,1.4300429712731749e-05,0,0.0,0,1.4446522072830703e-05,0,2.5611358670839122e-05,0,2.764140019105788e-06,0,3.1761519494466484e-05,0,3.999311229563318e-05,0
0,4,0.0013990674151484264,0,0.01,0,0.0004976034397259355,0,0.0015610303410579839,0,8.820620903687638e-05,0,8.051765325944871e-05,0,3.999311229563318e-05,0
0,2,0.000449799424883566,0,0.01,0,0.00028661213582381606,0,4.6727356569226404e-05,0,1.070458566943497e-05,0,4.5843909902032465e-05,0,6.429883796954527e-05,0
0,4,0.004002161159878237,0,0.0,0,0.00020447476708795875,0,0.0001200266633080449,0,3.586545951214402e-06,0,0.0002017291117226705,0,5.5972664995351806e-05,0
0,4,0.0004731838445597308,0,0.01,0,3.5612480132840574e-05,0,8.706658762381375e-05,0,0.0003481071675475355,0,9.554574353387579e-05,0,5.055695874034427e-05,0
0,2,0.13688680212347593,0,0.03,0,0.0008219601586461067,0,0.01121979217891187,0,0.04281119681717559,0,5.03892770211678e-05,0,4.1259594581788406e-05,0
0,2,0.001536709832361784,0,0.01,0,0.0005003754631616175,0,8.433356624980237e-05,0,0.0007749469853954367,0,4.1794970456976444e-05,0,6.213325832504779e-05,0
0,4,0.0996002111460455,0,0.02,0,0.0006439310382120311,0,0.00018543681225071916,0,0.011343540737147636,0,8.542979048797861e-05,0,8.266365330200642e-05,0
0,1,4.559797800802474e-06,0,0.0,0,1.6534608221263625e-05,0,2.1172154375021233e-05,0,3.943385658987989e-07,0,2.593315912235994e-05,0,3.999311229563318e-05,0
0,4,0.0004807836609507479,0,0.01,0,0.00019169067672919482,0,0.00013855238120035046,0,0.00024572606175603267,0,0.0015701897209510207,0,6.400108395610005e-05,0
0,1,0.00059532325573874,0,0.01,0,0.0005110939382575452,0,0.00018456463360475993,0,0.0014547350630572428,0,5.2467581554083154e-05,0,6.217751069925725e-05,0
0,3,0.0001509185309560218,0,0.0,0,5.5660642829025164e-05,0,2.1347305845719177e-05,0,0.00013734308705396148,0,3.1761519494466484e-05,0,3.999311229563318e-05,0
0,2,0.8008378159788382,0,0.02,0,0.0001559859374538064,0,0.000226977715870247,0,0.005614452474918857,0,8.535315282642841e-05,0,6.450225919252262e-05,0
0,2,0.8525001305447983,0,0.08,0,0.01877106912434101,0,0.010342518128034299,0,0.07411556273409445,0,0.012667453847825527,0,0.0004311547090765089,0
0,3,0.0043779292024120455,0,0.04,0,0.0005216355784796178,0,6.824140410592553e-05,0,0.0006977253774583638,0,3.1805011531105265e-05,0,3.999311229563318e-05,0
0,3,2.3303211111262163e-05,0,0.0,0,3.4055658034048975e-05,0,2.1273732609071157e-05,0,3.2625928345330154e-07,0,3.1761519494466484e-05,0,3.999311229563318e-05,0
0,3,4.625851282979893e-05,0,0.0,0,7.59678368922323e-05,0,2.9810965260560895e-05,0,5.479890533695977e-07,0,3.1761519494466484e-05,0,3.999311229563318e-05,0
0,1,0.005089315266281418,0,0.0,0,0.000264152477029711,0,0.00019040185304764208,0,3.369376772473746e-05,0,2.593315912235994e-05,0,3.999311229563318e-05,0
0,3,0.2610832944192186,0,0.01,0,9.837715333560482e-05,0,2.1406985601513098e-05,0,6.980517380144572e-07,0,3.273106267442927e-05,0,3.999311229563318e-05,0
0,3,0.0005400185723615849,0,0.0,0,1.911950676003471e-05,0,2.100210211206779e-05,0,8.228863624516445e-05,0,3.3925574825843796e-05,0,4.033581353724003e-05,0
0,1,0.009252606185623407,0,0.08,0,0.0013041184283792973,0,0.00025379029243250757,0,0.0003802282613714873,0,2.6310231987736188e-05,0,3.999311229563318e-05,0
0,3,0.00041211881402847337,0,0.0,0,5.797501216875389e-06,0,2.1014098953109933e-05,0,4.102277883473722e-06,0,3.1761519494466484e-05,0,3.999311229563318e-05,0
0,3,1.0854726786243116e-06,0,0.0,0,2.1853624275536276e-05,0,2.1338323787365654e-05,0,2.661448202702686e-07,0,3.1761519494466484e-05,0,3.999311229563318e-05,0
0,1,4.4501876984651714e-05,0,0.0,0,2.722780300246086e-05,0,2.0666335761489062e-05,0,2.4372557376468564e-06,0,2.593315912235994e-05,0,3.999311229563318e-05,0
0,4,0.003241610333885916,0,0.02,0,2.88674946204992e-05,0,3.476717591366986e-05,0,6.742855771029065e-07,0,7.999094668775797e-05,0,3.999311229563318e-05,0
0,4,1.0654869954849313e-05,0,0.0,0,2.2612388420384377e-05,0,9.239670423323398e-05,0,1.123433954932709e-05,0,8.577940752729774e-05,0,3.999311229563318e-05,0
0,4,0.0001548256460193797,0,0.02,0,3.879454015986994e-05,0,2.6275635139104503e-05,0,1.3028634641336991e-06,0,7.944804383441806e-05,0,3.999311229563318e-05,0
0,2,0.008804204825957824,0,0.01,0,0.0004710409848485142,0,0.00012834423495050362,0,0.011837822601797502,0,0.001090844045393169,0,3.999311229563318e-05,0
0,2,1.9450734615443114e-05,0,0.01,0,2.0950523321516812e-05,0,3.0424938863412773e-05,0,6.994884976505722e-06,0,3.620469942688942e-05,0,4.3837240809807554e-05,0
0,2,6.730829657245606e-07,0,0.0,0,2.5580389774404466e-05,0,3.672896433288946e-05,0,6.673637132528212e-08,0,3.448793358984403e-05,0,3.999311229563318e-05,0
0,5,0.00036752653508570265,0,0.0,0,2.3564121875097044e-05,0,3.392518090676826e-05,0,5.173315447413798e-08,0,3.2563995773671195e-05,0,3.999311229563318e-05,0
0,3,3.2585673428340714e-05,0,0.0,0,3.3480053389212117e-05,0,7.195569275993626e-05,0,1.1391286039148361e-07,0,3.209049464203417e-05,0,3.999311229563318e-05,0
0,3,1.4366231645683011e-09,0,0.0,0,5.741982022300363e-06,0,2.129912187713396e-05,0,9.341364923216841e-08,0,3.180000567226671e-05,0,3.999311229563318e-05,0
0,1,0.1200256805235788,0,0.01,0,2.3088887246558443e-05,0,3.410414053641124e-05,0,0.0004582588241125458,0,9.25875865505077e-05,0,4.947656998410821e-05,0
0,2,0.001743845155676024,0,0.0,0,1.799152778403368e-05,0,4.1991177541742184e-05,0,4.299098895584654e-05,0,3.5399749322095886e-05,0,3.999311229563318e-05,0
0,1,0.047482388695885405,0,0.01,0,0.001408919459208846,0,6.040563475964139e-05,0,0.0049851084106938585,0,5.4858814110048115e-05,0,5.681306356564164e-05,0
0,3,0.009306247518194026,0,0.0,0,0.0003049256338272244,0,3.3218183755808434e-05,0,8.984151644230443e-05,0,4.1908951970981434e-05,0,4.227275712764822e-05,0
0,3,1.2119572280946034e-05,0,0.0,0,7.430146979459096e-06,0,2.1447885310773567e-05,0,1.4541090037993508e-07,0,3.187598122167401e-05,0,3.999311229563318e-05,0
0,3,7.313703686844055e-05,0,0.02,0,6.143563223304227e-05,0,3.0326652443824e-05,0,3.6005475896220303e-06,0,3.480072336969897e-05,0,4.466421887627803e-05,0
0,2,0.03507208737546928,0,0.05,0,0.0024678853806108236,0,6.949320460385386e-05,0,2.2692702237163576e-05,0,3.6525223549688235e-05,0,3.999311229563318e-05,0
0,1,0.0013239834289941724,0,0.02,0,0.003037033835425973,0,0.0002779354513353837,0,0.0010568885363570054,0,2.722803947108332e-05,0,4.1900282667484134e-05,0
0,3,2.371092688410608e-10,0,0.04,0,0.0005366997793316841,0,0.00023332938562607038,0,8.057729599083566e-06,0,0.0006027909694239497,0,0.00011603238090174273,0
0,5,0.0001856153526847619,0,0.0,0,0.0002481387637089938,0,9.001042737975898e-05,0,2.9043184698417236e-07,0,3.3629487006692216e-05,0,3.999311229563318e-05,0
0,5,0.042170028880292316,0,0.0,0,0.0002318136830581352,0,0.00011329010994337687,0,7.645733178048367e-06,0,3.346420271554962e-05,0,4.3881886085728183e-05,0
0,4,2.3420551538979123e-05,0,0.01,0,5.372695522964932e-05,0,2.4397919717087588e-05,0,8.371305253093461e-06,0,7.944804383441806e-05,0,4.011975761386566e-05,0
0,5,5.809469590906719e-07,0,0.0,0,9.827307803789154e-05,0,0.0029299786324952022,0,2.4679515126988365e-07,0,3.3465734304627404e-05,0,3.999311229563318e-05,0
0,2,0.0032606571666693182,0,0.01,0,0.00011861127859447151,0,0.001598085674109142,0,1.2094548357960153e-06,0,5.217431316850707e-05,0,3.999311229563318e-05,0
0,5,0.03782373145961407,0,0.0,0,2.023810156970285e-05,0,3.4113757791605436e-05,0,1.2664325798595186e-06,0,0.00011214681580895558,0,4.0469913074048236e-05,0
0,3,0.00085951557031052,0,0.01,0,0.00011582807928789407,0,3.266850178894767e-05,0,6.140225890885684e-06,0,3.186622052453458e-05,0,3.999311229563318e-05,0
0,3,3.032150199647188e-06,0,0.0,0,7.198282401077449e-05,0,3.1404219529674386e-05,0,4.672664038012697e-07,0,6.577186286449432e-05,0,4.014210935565643e-05,0
0,1,0.0011575177991066498,0,0.0,0,9.026642146636732e-06,0,2.0832753826829307e-05,0,3.041479565133483e-05,0,3.053177351830527e-05,0,4.3472213292261586e-05,0
0,2,1.3867605884011774e-06,0,0.03,0,0.00017714363639242947,0,0.00018067084777164102,0,0.00015351283278527373,0,5.554456583922729e-05,0,5.147323463461362e-05,0
0,1,0.6043926644611411,0,0.01,0,0.0013185705756768584,0,0.00018980248012821874,0,1.2077434453391426e-05,0,5.8241912483936176e-05,0,3.999311229563318e-05,0
0,3,0.003184196831017373,0,0.01,0,0.00041893438901752234,0,6.514248391266328e-05,0,4.985571133151086e-05,0,8.413310570176691e-05,0,6.130387919256464e-05,0
0,4,0.0007703649492342438,0,0.01,0,0.0006561301997862756,0,0.00023611441281007694,0,0.001005017082837517,0,0.000139226860483177,0,4.1430943383602425e-05,0
0,4,0.0007111703508706646,0,0.0,0,6.796723482693778e-06,0,3.409418269522068e-05,0,1.666886585753699e-05,0,0.000308340007904917,0,4.006016388302669e-05,0
0,5,0.19468541134594844,0,0.05,0,0.002122245030477643,0,0.0016881836539409654,0,0.08493479546981564,0,0.0004779413575306535,0,0.0003966869553551078,0
0,1,1.6852972640917095e-06,0,0.0,0,1.585802783665713e-05,0,2.4269216889778423e-05,0,8.520949316023487e-06,0,3.137905878247693e-05,0,3.999311229563318e-05,0
0,4,0.00028473863936009453,0,0.0,0,2.395832780166529e-05,0,0.00010892747800438455,0,5.397664647406685e-06,0,8.770658314460889e-05,0,3.999311229563318e-05,0
0,4,0.009014962835830828,0,0.02,0,0.00018081796588376164,0,4.6675202218222733e-05,0,0.00016692778015747653,0,0.00023722952755633742,0,3.999311229563318e-05,0
0,1,3.38471954339826e-08,0,0.0,0,6.891113116580527e-06,0,3.300734515854735e-05,0,8.352121161357637e-07,0,2.5943192667909898e-05,0,3.999311229563318e-05,0
1,1,0.905113461694082,1,0.25,1,0.9812219738960266,1,0.996913173707213,1,0.9905020755774467,1,0.9859656691551208,1,0.9975692629814148,1
1,1,0.9955219758163255,1,0.36,1,0.9955278038978577,1,0.9984468031245198,1,0.99909470543434,1,0.9976733326911926,1,0.9988747239112854,1
1,2,0.9897086365044148,1,0.12,1,0.02640274167060852,0,0.00974279714097226,0,0.1505413017833526,0,0.8535539507865906,1,0.9949652552604675,1
1,2,0.9999998022249601,1,0.27,1,0.9872276782989502,1,0.9753739655385876,1,0.9998277954661897,1,0.999914824962616,1,0.9999483823776245,1
1,2,0.8501603355499562,0,0.29,1,0.8472176790237427,1,0.4586048673192228,1,0.24120866887039435,1,0.8620383739471436,1,0.9048073887825012,1
1,3,0.9999766114706085,1,0.29,1,0.9895225167274475,1,0.9927554698252256,1,0.962553937430257,1,0.9842411279678345,1,0.9982807636260986,1
1,5,0.9999746794311496,1,0.25,1,0.9620604515075684,1,0.8683217164970572,1,0.7905193207799013,1,0.6446970105171204,1,0.8928571939468384,1
1,1,0.017156831073989017,0,0.18,1,0.44698429107666016,1,0.6551827825852786,1,0.4586026008043285,1,0.9431279301643372,1,0.9588509202003479,1
1,4,0.9999999609589547,1,0.13,1,0.5000251531600952,1,0.17763540599413255,1,0.8731712854712068,1,0.9472523927688599,1,0.928229570388794,1
1,1,0.33222899087744473,0,0.04,0,0.012346590869128704,0,0.0025307363921550905,0,0.0008367321364903731,0,0.14926941692829132,0,0.36217010021209717,1
1,2,0.9327346671948267,0,0.01,0,0.000545638962648809,0,0.0012040149575955818,0,0.0005355305548640092,0,0.5879729986190796,1,0.8299960494041443,1
1,1,0.0001706122869187144,0,0.1,0,0.7303501963615417,1,0.04908751858438198,0,0.599012884200214,1,0.714569628238678,1,0.9297580718994141,1
1,1,0.03535064895044053,0,0.12,1,0.9864636659622192,1,0.893806863499413,1,0.1277452844058311,1,0.5047510266304016,1,0.4047175347805023,1
1,4,0.018066476371072827,0,0.05,0,0.2101232409477234,0,0.034533711038043334,0,0.3331664862844251,1,0.6607936024665833,1,0.7624126672744751,1
1,2,0.1215334084245707,0,0.0,0,2.4042830773396417e-05,0,2.993736832269057e-05,0,4.92753013958402e-06,0,0.20587532222270966,0,0.07432699203491211,0
1,2,0.06938873951950057,0,0.19,1,0.905584454536438,1,0.8766512162803356,1,0.8757726522009449,1,0.7608674764633179,1,0.8529278039932251,1
1,4,0.74265873095846,0,0.09,0,0.9297196269035339,1,0.30933648685775395,1,0.7916913505794435,1,0.984879732131958,1,0.9030542373657227,1
1,2,0.5680827303136687,0,0.02,0,2.21355239773402e-05,0,7.516187342595959e-05,0,0.00034520520881417907,0,0.01089321356266737,0,0.021371662616729736,0
1,3,0.0007093568354267338,0,0.0,0,5.5388409236911684e-06,0,0.0001015734668497006,0,0.0007204882564969568,0,0.038147952407598495,0,0.006611863616853952,0
1,3,0.9983756548208956,1,0.08,0,0.6944030523300171,1,0.08055519744969182,1,0.9379481549871734,1,0.9983670711517334,1,0.9990671277046204,1
1,3,0.9382715109702251,0,0.08,0,0.018785499036312103,0,0.07358621308376326,1,0.2044051887424078,1,0.900359570980072,1,0.853787362575531,1
1,2,0.9806847546569553,1,0.17,1,0.9926924705505371,1,0.9964388711834378,1,0.9625242143447595,1,0.8793215155601501,1,0.912965714931488,1
1,5,0.9914043684090271,1,0.0,0,0.004662440158426762,0,0.010758883547850371,0,0.0023751877103774127,0,0.5406163334846497,1,0.7748652100563049,1
1,3,0.9916140793482073,1,0.09,0,0.00480503449216485,0,0.006269836941915093,0,0.04847705169363225,0,0.5887460708618164,1,0.5989806652069092,1
1,4,0.9996216970401757,1,0.29,1,0.9917513728141785,1,0.9982769534526431,1,0.9913922315473389,1,0.996402382850647,1,0.9989819526672363,1
1,2,0.9964497312238982,1,0.27,1,0.2590025067329407,1,0.604967181506349,1,0.8828860866758065,1,0.8520870208740234,1,0.8373515009880066,1
1,4,0.5988417961086117,0,0.09,0,0.6408651471138,1,0.2568377406945674,1,0.7701112252385152,1,0.7914257049560547,1,0.5539219975471497,1
1,4,0.980956928715531,1,0.05,0,0.31728917360305786,1,0.04932449889750477,0,0.19160393348827268,1,0.7313611507415771,1,0.6258907318115234,1
1,5,0.5099685627468169,0,0.03,0,0.0013203469570726156,0,0.0005744346886766496,0,4.252390197850595e-05,0,0.8750752806663513,1,0.8359150886535645,1
1,2,0.7342098672025542,0,0.1,1,0.0012085536727681756,0,0.0008396401749836597,0,0.014561692661177936,0,0.2970026135444641,0,0.4813807010650635,1
1,5,0.9781547766311078,0,0.3,1,0.6789728999137878,1,0.9220872344677411,1,0.8043562633611228,1,0.9950640201568604,1,0.9687714576721191,1
1,4,0.9961912760987639,1,0.15,1,0.5827775001525879,1,0.7158110811651566,1,0.9747805931767999,1,0.8621789216995239,1,0.8886725902557373,1
1,2,0.2570541564674914,0,0.06,0,0.6192063093185425,1,0.7594782644457209,1,0.5835085803825419,1,0.9900246858596802,1,0.9987488985061646,1
1,5,0.01725191702453633,0,0.02,0,2.55192080658162e-05,0,5.689980722226624e-05,0,0.0017718433361203218,0,0.3121364712715149,1,0.021394897252321243,0
1,3,0.5532219121871877,0,0.21,1,0.5059652328491211,1,0.1017961674465548,1,0.7197427081247155,1,0.8350788950920105,1,0.9847089052200317,1
1,3,0.01482157533391306,0,0.01,0,3.438643761910498e-05,0,0.00017886455752699927,0,0.00012902420178660976,0,0.3777577877044678,0,0.47603854537010193,1
1,4,0.926790337145054,0,0.02,0,0.17036108672618866,0,0.14575308774799436,1,0.0017475065480767036,0,0.6588056087493896,1,0.5351675748825073,1
1,1,0.03194579567342914,0,0.04,0,0.002968312008306384,0,0.0020666510910908415,0,0.04283756019041904,0,0.8346837759017944,1,0.9958750009536743,1
1,2,0.9942265672583591,1,0.1,1,0.9739296436309814,1,0.9217142468995171,1,0.2379537254082722,1,0.9348089098930359,1,0.9951450228691101,1
1,3,0.9565893056537761,1,0.12,1,0.9913234710693359,1,0.9756645091795236,1,0.6064041091390692,1,0.9961703419685364,1,0.9905409812927246,1
1,1,0.9855352951425109,1,0.01,0,0.470085084438324,1,0.11563974054113162,1,0.4449171483486016,1,0.75149005651474,1,0.7649258971214294,1
1,2,0.12344590014622236,0,0.03,0,0.03973717615008354,0,0.004001387848991222,0,0.05458587256812086,0,0.9833821654319763,1,0.9949896931648254,1
1,4,0.49448385739845707,0,0.07,0,0.0010746839689090848,0,0.00023379183401173507,0,0.006794538656807383,0,0.5920562744140625,1,0.7088393568992615,1
1,5,0.9687360163711759,0,0.2,1,0.9995505213737488,1,0.5287912808608084,1,0.9573315844110902,1,0.9989715218544006,1,0.9994330406188965,1
1,5,0.703759725192532,0,0.14,1,0.5894510746002197,1,0.002288672838893905,0,0.005224626504226083,0,0.8471825122833252,1,0.991936445236206,1
1,5,0.0013238509435734922,0,0.15,1,0.21902737021446228,1,0.5062644194072115,1,0.17387668854245159,0,0.8944104909896851,1,0.7745456099510193,1
1,1,0.9992117828788744,1,0.28,1,0.9975650310516357,1,0.9981150774558075,1,0.9998146487486396,1,0.9991830587387085,1,0.9998488426208496,1
1,3,0.16260125590813762,0,0.23,1,0.9936394095420837,1,0.9812454911662335,1,0.9589495706150322,1,0.7837526202201843,1,0.5704774856567383,1
1,1,0.9947801112236877,1,0.02,0,0.7905474901199341,1,0.06864519939163634,0,0.28688513938829596,1,0.8602108359336853,1,0.9238048195838928,1
1,4,0.9999691628591475,1,0.14,1,0.9882768988609314,1,0.9631905657409834,1,0.9762677618077861,1,0.9913938641548157,1,0.9897095561027527,1
1,2,0.9915788494607631,1,0.1,1,0.8540757894515991,1,0.8756767222692731,1,0.7267964770848402,1,0.9907488226890564,1,0.949182391166687,1
1,5,0.7316803630706492,0,0.13,1,0.3044033944606781,1,0.11778575879093404,1,0.8510156015091856,1,0.9044902324676514,1,0.9275781512260437,1
1,4,0.999126563251135,1,0.31,1,0.9996767044067383,1,0.9985653136242697,1,0.9958510723197046,1,0.9946905970573425,1,0.9927704930305481,1
1,3,0.6374846381493031,0,0.19,1,0.8450003862380981,1,0.7349782762299303,1,0.967258600539293,1,0.9943513870239258,1,0.9995028376579285,1
1,4,0.8390635555899026,0,0.03,0,0.0029828331898897886,0,0.00979187372043468,0,0.0018074638759940922,0,0.4981594383716583,1,0.5036321878433228,1
1,3,0.9877032539714518,1,0.08,0,0.6861938238143921,1,0.4899567529662734,1,0.6551497812361838,1,0.9927142858505249,1,0.988826334476471,1
1,3,0.0328087656918791,0,0.03,0,0.0007296642870642245,0,0.00037889603375825117,0,0.0051985981367229355,0,0.8599812984466553,1,0.594025731086731,1
1,5,0.9999921358900798,1,0.12,0,0.9726483821868896,1,0.701957891782821,1,0.9260435557204988,1,0.9874799251556396,1,0.9438362717628479,1
1,1,0.47043643023187665,0,0.14,1,0.7967869639396667,1,0.5723408527434737,1,0.08650040058968864,0,0.7582960724830627,1,0.8118640184402466,1
1,5,0.9995721005941216,1,0.09,0,0.011599521152675152,0,0.016013782601230618,0,0.0005338476093469816,0,0.88006591796875,1,0.9634758234024048,1
1,1,0.21417860658288915,0,0.15,1,0.9189810752868652,1,0.6127923072131443,1,0.27211981440927707,1,0.9881836771965027,1,0.9988983273506165,1
1,5,0.9996937754308288,1,0.08,0,0.03904704004526138,0,0.05763499222180927,0,0.1707126547728758,0,0.3053962290287018,1,0.5131274461746216,0
1,5,0.7890827094072322,0,0.19,1,0.051703426986932755,0,0.024182175654062697,0,0.07936572374299827,0,0.8655849099159241,1,0.6495256423950195,1
1,5,0.9860961913061108,0,0.04,0,0.002425732323899865,0,0.0003982766349237383,0,0.02061719219264159,0,0.9679471850395203,1,0.8050234913825989,1
1,1,0.07932032338372967,0,0.01,0,0.00024618260795250535,0,0.0005891637349756117,0,0.03497230187635575,0,0.24231551587581635,0,0.24573785066604614,0
1,3,0.5270880195739833,0,0.2,1,0.1818663626909256,0,0.17632739309125986,1,0.48441399524179635,1,0.7733971476554871,1,0.5398283004760742,1
1,4,0.13456434742635057,0,0.11,0,0.9962931275367737,1,0.8913314793162774,1,0.2981469967659492,1,0.9287827014923096,1,0.8204448223114014,1
1,4,0.9734636239043559,1,0.1,0,0.7832648754119873,1,0.5929019889041933,1,0.40313999572330367,1,0.9000917077064514,1,0.6550989747047424,1
1,2,0.5013168685050707,0,0.12,1,0.9041300415992737,1,0.9939739581262359,1,0.8574486968815964,1,0.9971134662628174,1,0.9982499480247498,1
1,5,0.842393709147835,0,0.21,1,0.9728059768676758,1,0.9857540116195829,1,0.08944504843580178,0,0.6453390717506409,1,0.8794954419136047,1
1,1,0.9644321524626647,1,0.11,1,0.9900059103965759,1,0.8905388969940328,1,0.8835263820927001,1,0.937586784362793,1,0.8336805105209351,1
1,4,0.023441508342140874,0,0.07,0,0.016797393560409546,0,0.00721683161073319,0,0.016606765068751406,0,0.7174202799797058,1,0.816345751285553,1
1,3,0.9993069154026984,1,0.11,0,0.5327841639518738,1,0.09654663189592867,1,0.8997823176227193,1,0.6807066202163696,1,0.8755569458007812,1
1,4,0.8444559383542595,0,0.18,1,0.9643945693969727,1,0.06989350865298657,0,0.14375385359744206,0,0.9700537323951721,1,0.9801419973373413,1
1,1,0.9978128632390791,1,0.3,1,0.9888578653335571,1,0.8738755618698868,1,0.8529279536461962,1,0.6752790212631226,1,0.7458100318908691,1
1,5,0.9999363636844597,1,0.26,1,0.9797220230102539,1,0.9635198049016112,1,0.8724018397658625,1,0.839398980140686,1,0.9025442004203796,1
1,2,0.9928901004894349,1,0.22,1,0.6860781311988831,1,0.3322539444136051,1,0.8726793877640985,1,0.8475213646888733,1,0.975479245185852,1
1,3,0.9949553535212589,1,0.11,0,0.11594957113265991,0,0.004148736856155852,0,0.4185432066656705,1,0.8453801274299622,1,0.8918368220329285,1
1,5,0.9985254431787647,1,0.22,1,0.9824126958847046,1,0.9474839018772513,1,0.8059543282576085,1,0.6672759056091309,1,0.6161240339279175,1
1,3,0.6824213934472688,0,0.11,0,0.9684593677520752,1,0.21474091936025977,1,0.9051658164725119,1,0.9981316924095154,1,0.9997450113296509,1
1,1,0.3804360855972285,0,0.06,0,0.5448811650276184,1,0.3713496206729467,1,0.6196521745588704,1,0.9129262566566467,1,0.9422155618667603,1
1,3,0.17793817978430854,0,0.0,0,0.000752519816160202,0,0.003551607863729085,0,0.004242491573827832,0,0.830899178981781,1,0.40993010997772217,1
1,4,0.9996073676684049,1,0.13,1,0.9739412665367126,1,0.7219140999302591,1,0.9874280438140886,1,0.8535891175270081,1,0.6747959852218628,1
1,3,0.005105460359213757,0,0.0,0,0.002259117318317294,0,0.0008179380314788498,0,0.007846618083390988,0,0.5529069900512695,1,0.7505784034729004,1
1,5,0.002300302239836233,0,0.14,1,0.04335769638419151,0,0.7864351599150492,1,0.47011223398491886,1,0.9613362550735474,1,0.8818363547325134,1
1,2,0.5924504170269446,0,0.14,1,0.23352324962615967,0,0.41407724284940917,1,0.12222234921916143,0,0.5358157753944397,1,0.6562016010284424,1
1,1,0.41838759702367523,0,0.17,1,0.8061228394508362,1,0.5218614512430879,1,0.012240632750477395,0,0.923250138759613,1,0.9928326606750488,1
1,2,0.1933987125706055,0,0.19,1,0.26054349541664124,1,0.8263050475239615,1,0.9221601570984029,1,0.6662187576293945,1,0.8860698342323303,1
1,4,0.8496039598088521,0,0.12,0,0.38764098286628723,1,0.23656419291239755,1,0.8464076598473022,1,0.9839721918106079,1,0.9988197684288025,1
1,5,0.9874257045625976,0,0.11,0,0.9918630123138428,1,0.8750641962735096,1,0.920060438330348,1,0.9860483407974243,1,0.9896312952041626,1
1,1,0.9864749623275155,1,0.24,1,0.9374288320541382,1,0.988487942348036,1,0.8559723493603117,1,0.9874189496040344,1,0.9817954897880554,1
1,4,0.9987422162445839,1,0.09,0,0.6861869096755981,1,0.8461732582990014,1,0.9077073198584241,1,0.64644855260849,1,0.7364994883537292,1
